[2026-05-31T10:21:02.978+0000] {processor.py:161} INFO - Started process (PID=50) to work on /opt/airflow/dags/main.py
[2026-05-31T10:21:02.979+0000] {processor.py:830} INFO - Processing file /opt/airflow/dags/main.py for tasks to queue
[2026-05-31T10:21:02.981+0000] {logging_mixin.py:188} INFO - [2026-05-31T10:21:02.981+0000] {dagbag.py:545} INFO - Filling up the DagBag from /opt/airflow/dags/main.py
[2026-05-31T10:21:03.171+0000] {processor.py:840} INFO - DAG(s) 'update_db', 'produce_json' retrieved from /opt/airflow/dags/main.py
[2026-05-31T10:21:03.338+0000] {logging_mixin.py:188} INFO - [2026-05-31T10:21:03.337+0000] {override.py:1829} INFO - Created Permission View: can delete on DAG:update_db
[2026-05-31T10:21:03.346+0000] {logging_mixin.py:188} INFO - [2026-05-31T10:21:03.346+0000] {override.py:1829} INFO - Created Permission View: can read on DAG:update_db
[2026-05-31T10:21:03.352+0000] {logging_mixin.py:188} INFO - [2026-05-31T10:21:03.352+0000] {override.py:1829} INFO - Created Permission View: can edit on DAG:update_db
[2026-05-31T10:21:03.362+0000] {logging_mixin.py:188} INFO - [2026-05-31T10:21:03.362+0000] {dag.py:3096} INFO - Sync 2 DAGs
[2026-05-31T10:21:03.372+0000] {logging_mixin.py:188} INFO - [2026-05-31T10:21:03.372+0000] {dag.py:3118} INFO - Creating ORM DAG for update_db
[2026-05-31T10:21:03.380+0000] {logging_mixin.py:188} INFO - [2026-05-31T10:21:03.380+0000] {dag.py:3954} INFO - Setting next_dagrun for produce_json to 2026-05-29 11:00:00+00:00, run_after=2026-05-30 11:00:00+00:00
[2026-05-31T10:21:03.384+0000] {logging_mixin.py:188} INFO - [2026-05-31T10:21:03.384+0000] {dag.py:3954} INFO - Setting next_dagrun for update_db to 2026-05-29 12:00:00+00:00, run_after=2026-05-30 12:00:00+00:00
[2026-05-31T10:21:03.405+0000] {processor.py:183} INFO - Processing /opt/airflow/dags/main.py took 0.432 seconds
[2026-05-31T10:21:33.538+0000] {processor.py:161} INFO - Started process (PID=57) to work on /opt/airflow/dags/main.py
[2026-05-31T10:21:33.539+0000] {processor.py:830} INFO - Processing file /opt/airflow/dags/main.py for tasks to queue
[2026-05-31T10:21:33.541+0000] {logging_mixin.py:188} INFO - [2026-05-31T10:21:33.541+0000] {dagbag.py:545} INFO - Filling up the DagBag from /opt/airflow/dags/main.py
[2026-05-31T10:21:33.603+0000] {processor.py:840} INFO - DAG(s) 'produce_json', 'update_db' retrieved from /opt/airflow/dags/main.py
[2026-05-31T10:21:33.629+0000] {logging_mixin.py:188} INFO - [2026-05-31T10:21:33.629+0000] {dag.py:3096} INFO - Sync 2 DAGs
[2026-05-31T10:21:33.644+0000] {logging_mixin.py:188} INFO - [2026-05-31T10:21:33.644+0000] {dag.py:3954} INFO - Setting next_dagrun for produce_json to 2026-05-30 11:00:00+00:00, run_after=2026-05-31 11:00:00+00:00
[2026-05-31T10:21:33.648+0000] {logging_mixin.py:188} INFO - [2026-05-31T10:21:33.648+0000] {dag.py:3954} INFO - Setting next_dagrun for update_db to 2026-05-29 12:00:00+00:00, run_after=2026-05-30 12:00:00+00:00
[2026-05-31T10:21:33.670+0000] {processor.py:183} INFO - Processing /opt/airflow/dags/main.py took 0.137 seconds
[2026-05-31T10:22:04.123+0000] {processor.py:161} INFO - Started process (PID=64) to work on /opt/airflow/dags/main.py
[2026-05-31T10:22:04.125+0000] {processor.py:830} INFO - Processing file /opt/airflow/dags/main.py for tasks to queue
[2026-05-31T10:22:04.127+0000] {logging_mixin.py:188} INFO - [2026-05-31T10:22:04.126+0000] {dagbag.py:545} INFO - Filling up the DagBag from /opt/airflow/dags/main.py
[2026-05-31T10:22:04.195+0000] {processor.py:840} INFO - DAG(s) 'produce_json', 'update_db' retrieved from /opt/airflow/dags/main.py
[2026-05-31T10:22:04.219+0000] {logging_mixin.py:188} INFO - [2026-05-31T10:22:04.219+0000] {dag.py:3096} INFO - Sync 2 DAGs
[2026-05-31T10:22:04.236+0000] {logging_mixin.py:188} INFO - [2026-05-31T10:22:04.236+0000] {dag.py:3954} INFO - Setting next_dagrun for produce_json to 2026-05-30 11:00:00+00:00, run_after=2026-05-31 11:00:00+00:00
[2026-05-31T10:22:04.239+0000] {logging_mixin.py:188} INFO - [2026-05-31T10:22:04.239+0000] {dag.py:3954} INFO - Setting next_dagrun for update_db to 2026-05-29 12:00:00+00:00, run_after=2026-05-30 12:00:00+00:00
[2026-05-31T10:22:04.255+0000] {processor.py:183} INFO - Processing /opt/airflow/dags/main.py took 0.137 seconds
[2026-05-31T10:22:35.035+0000] {processor.py:161} INFO - Started process (PID=71) to work on /opt/airflow/dags/main.py
[2026-05-31T10:22:35.036+0000] {processor.py:830} INFO - Processing file /opt/airflow/dags/main.py for tasks to queue
[2026-05-31T10:22:35.038+0000] {logging_mixin.py:188} INFO - [2026-05-31T10:22:35.037+0000] {dagbag.py:545} INFO - Filling up the DagBag from /opt/airflow/dags/main.py
[2026-05-31T10:22:35.107+0000] {processor.py:840} INFO - DAG(s) 'produce_json', 'update_db' retrieved from /opt/airflow/dags/main.py
[2026-05-31T10:22:35.131+0000] {logging_mixin.py:188} INFO - [2026-05-31T10:22:35.131+0000] {dag.py:3096} INFO - Sync 2 DAGs
[2026-05-31T10:22:35.150+0000] {logging_mixin.py:188} INFO - [2026-05-31T10:22:35.150+0000] {dag.py:3954} INFO - Setting next_dagrun for produce_json to 2026-05-30 11:00:00+00:00, run_after=2026-05-31 11:00:00+00:00
[2026-05-31T10:22:35.154+0000] {logging_mixin.py:188} INFO - [2026-05-31T10:22:35.154+0000] {dag.py:3954} INFO - Setting next_dagrun for update_db to 2026-05-29 12:00:00+00:00, run_after=2026-05-30 12:00:00+00:00
[2026-05-31T10:22:35.174+0000] {processor.py:183} INFO - Processing /opt/airflow/dags/main.py took 0.144 seconds
[2026-05-31T10:23:05.882+0000] {processor.py:161} INFO - Started process (PID=78) to work on /opt/airflow/dags/main.py
[2026-05-31T10:23:05.883+0000] {processor.py:830} INFO - Processing file /opt/airflow/dags/main.py for tasks to queue
[2026-05-31T10:23:05.885+0000] {logging_mixin.py:188} INFO - [2026-05-31T10:23:05.884+0000] {dagbag.py:545} INFO - Filling up the DagBag from /opt/airflow/dags/main.py
[2026-05-31T10:23:05.943+0000] {processor.py:840} INFO - DAG(s) 'produce_json', 'update_db' retrieved from /opt/airflow/dags/main.py
[2026-05-31T10:23:05.964+0000] {logging_mixin.py:188} INFO - [2026-05-31T10:23:05.964+0000] {dag.py:3096} INFO - Sync 2 DAGs
[2026-05-31T10:23:05.980+0000] {logging_mixin.py:188} INFO - [2026-05-31T10:23:05.979+0000] {dag.py:3954} INFO - Setting next_dagrun for produce_json to 2026-05-30 11:00:00+00:00, run_after=2026-05-31 11:00:00+00:00
[2026-05-31T10:23:05.983+0000] {logging_mixin.py:188} INFO - [2026-05-31T10:23:05.983+0000] {dag.py:3954} INFO - Setting next_dagrun for update_db to 2026-05-30 12:00:00+00:00, run_after=2026-05-31 12:00:00+00:00
[2026-05-31T10:23:06.005+0000] {processor.py:183} INFO - Processing /opt/airflow/dags/main.py took 0.127 seconds
[2026-05-31T10:23:36.824+0000] {processor.py:161} INFO - Started process (PID=85) to work on /opt/airflow/dags/main.py
[2026-05-31T10:23:36.825+0000] {processor.py:830} INFO - Processing file /opt/airflow/dags/main.py for tasks to queue
[2026-05-31T10:23:36.827+0000] {logging_mixin.py:188} INFO - [2026-05-31T10:23:36.827+0000] {dagbag.py:545} INFO - Filling up the DagBag from /opt/airflow/dags/main.py
[2026-05-31T10:23:36.898+0000] {processor.py:840} INFO - DAG(s) 'produce_json', 'update_db' retrieved from /opt/airflow/dags/main.py
[2026-05-31T10:23:36.921+0000] {logging_mixin.py:188} INFO - [2026-05-31T10:23:36.921+0000] {dag.py:3096} INFO - Sync 2 DAGs
[2026-05-31T10:23:36.938+0000] {logging_mixin.py:188} INFO - [2026-05-31T10:23:36.937+0000] {dag.py:3954} INFO - Setting next_dagrun for produce_json to 2026-05-30 11:00:00+00:00, run_after=2026-05-31 11:00:00+00:00
[2026-05-31T10:23:36.942+0000] {logging_mixin.py:188} INFO - [2026-05-31T10:23:36.942+0000] {dag.py:3954} INFO - Setting next_dagrun for update_db to 2026-05-30 12:00:00+00:00, run_after=2026-05-31 12:00:00+00:00
[2026-05-31T10:23:36.965+0000] {processor.py:183} INFO - Processing /opt/airflow/dags/main.py took 0.146 seconds
[2026-05-31T10:24:07.696+0000] {processor.py:161} INFO - Started process (PID=92) to work on /opt/airflow/dags/main.py
[2026-05-31T10:24:07.697+0000] {processor.py:830} INFO - Processing file /opt/airflow/dags/main.py for tasks to queue
[2026-05-31T10:24:07.698+0000] {logging_mixin.py:188} INFO - [2026-05-31T10:24:07.698+0000] {dagbag.py:545} INFO - Filling up the DagBag from /opt/airflow/dags/main.py
[2026-05-31T10:24:07.817+0000] {processor.py:840} INFO - DAG(s) 'update_db', 'produce_json' retrieved from /opt/airflow/dags/main.py
[2026-05-31T10:24:07.841+0000] {logging_mixin.py:188} INFO - [2026-05-31T10:24:07.841+0000] {dag.py:3096} INFO - Sync 2 DAGs
[2026-05-31T10:24:07.857+0000] {logging_mixin.py:188} INFO - [2026-05-31T10:24:07.857+0000] {dag.py:3954} INFO - Setting next_dagrun for produce_json to 2026-05-30 11:00:00+00:00, run_after=2026-05-31 11:00:00+00:00
[2026-05-31T10:24:07.862+0000] {logging_mixin.py:188} INFO - [2026-05-31T10:24:07.862+0000] {dag.py:3954} INFO - Setting next_dagrun for update_db to 2026-05-30 12:00:00+00:00, run_after=2026-05-31 12:00:00+00:00
[2026-05-31T10:24:07.884+0000] {processor.py:183} INFO - Processing /opt/airflow/dags/main.py took 0.194 seconds
[2026-05-31T10:24:38.727+0000] {processor.py:161} INFO - Started process (PID=99) to work on /opt/airflow/dags/main.py
[2026-05-31T10:24:38.728+0000] {processor.py:830} INFO - Processing file /opt/airflow/dags/main.py for tasks to queue
[2026-05-31T10:24:38.730+0000] {logging_mixin.py:188} INFO - [2026-05-31T10:24:38.729+0000] {dagbag.py:545} INFO - Filling up the DagBag from /opt/airflow/dags/main.py
[2026-05-31T10:24:38.801+0000] {processor.py:840} INFO - DAG(s) 'produce_json', 'update_db' retrieved from /opt/airflow/dags/main.py
[2026-05-31T10:24:38.827+0000] {logging_mixin.py:188} INFO - [2026-05-31T10:24:38.827+0000] {dag.py:3096} INFO - Sync 2 DAGs
[2026-05-31T10:24:38.846+0000] {logging_mixin.py:188} INFO - [2026-05-31T10:24:38.846+0000] {dag.py:3954} INFO - Setting next_dagrun for produce_json to 2026-05-30 11:00:00+00:00, run_after=2026-05-31 11:00:00+00:00
[2026-05-31T10:24:38.850+0000] {logging_mixin.py:188} INFO - [2026-05-31T10:24:38.850+0000] {dag.py:3954} INFO - Setting next_dagrun for update_db to 2026-05-30 12:00:00+00:00, run_after=2026-05-31 12:00:00+00:00
[2026-05-31T10:24:38.867+0000] {processor.py:183} INFO - Processing /opt/airflow/dags/main.py took 0.145 seconds
[2026-05-31T10:25:10.752+0000] {processor.py:161} INFO - Started process (PID=106) to work on /opt/airflow/dags/main.py
[2026-05-31T10:25:10.753+0000] {processor.py:830} INFO - Processing file /opt/airflow/dags/main.py for tasks to queue
[2026-05-31T10:25:10.755+0000] {logging_mixin.py:188} INFO - [2026-05-31T10:25:10.755+0000] {dagbag.py:545} INFO - Filling up the DagBag from /opt/airflow/dags/main.py
[2026-05-31T10:25:10.813+0000] {processor.py:840} INFO - DAG(s) 'update_db', 'produce_json' retrieved from /opt/airflow/dags/main.py
[2026-05-31T10:25:10.834+0000] {logging_mixin.py:188} INFO - [2026-05-31T10:25:10.834+0000] {dag.py:3096} INFO - Sync 2 DAGs
[2026-05-31T10:25:10.848+0000] {logging_mixin.py:188} INFO - [2026-05-31T10:25:10.848+0000] {dag.py:3954} INFO - Setting next_dagrun for produce_json to 2026-05-30 11:00:00+00:00, run_after=2026-05-31 11:00:00+00:00
[2026-05-31T10:25:10.851+0000] {logging_mixin.py:188} INFO - [2026-05-31T10:25:10.851+0000] {dag.py:3954} INFO - Setting next_dagrun for update_db to 2026-05-30 12:00:00+00:00, run_after=2026-05-31 12:00:00+00:00
[2026-05-31T10:25:10.864+0000] {processor.py:183} INFO - Processing /opt/airflow/dags/main.py took 0.116 seconds
[2026-05-31T10:25:41.015+0000] {processor.py:161} INFO - Started process (PID=113) to work on /opt/airflow/dags/main.py
[2026-05-31T10:25:41.016+0000] {processor.py:830} INFO - Processing file /opt/airflow/dags/main.py for tasks to queue
[2026-05-31T10:25:41.017+0000] {logging_mixin.py:188} INFO - [2026-05-31T10:25:41.017+0000] {dagbag.py:545} INFO - Filling up the DagBag from /opt/airflow/dags/main.py
[2026-05-31T10:25:41.078+0000] {processor.py:840} INFO - DAG(s) 'produce_json', 'update_db' retrieved from /opt/airflow/dags/main.py
[2026-05-31T10:25:41.099+0000] {logging_mixin.py:188} INFO - [2026-05-31T10:25:41.099+0000] {dag.py:3096} INFO - Sync 2 DAGs
[2026-05-31T10:25:41.115+0000] {logging_mixin.py:188} INFO - [2026-05-31T10:25:41.115+0000] {dag.py:3954} INFO - Setting next_dagrun for produce_json to 2026-05-30 11:00:00+00:00, run_after=2026-05-31 11:00:00+00:00
[2026-05-31T10:25:41.119+0000] {logging_mixin.py:188} INFO - [2026-05-31T10:25:41.119+0000] {dag.py:3954} INFO - Setting next_dagrun for update_db to 2026-05-30 12:00:00+00:00, run_after=2026-05-31 12:00:00+00:00
[2026-05-31T10:25:41.141+0000] {processor.py:183} INFO - Processing /opt/airflow/dags/main.py took 0.131 seconds
[2026-05-31T10:26:12.041+0000] {processor.py:161} INFO - Started process (PID=120) to work on /opt/airflow/dags/main.py
[2026-05-31T10:26:12.042+0000] {processor.py:830} INFO - Processing file /opt/airflow/dags/main.py for tasks to queue
[2026-05-31T10:26:12.043+0000] {logging_mixin.py:188} INFO - [2026-05-31T10:26:12.043+0000] {dagbag.py:545} INFO - Filling up the DagBag from /opt/airflow/dags/main.py
[2026-05-31T10:26:12.101+0000] {processor.py:840} INFO - DAG(s) 'produce_json', 'update_db' retrieved from /opt/airflow/dags/main.py
[2026-05-31T10:26:12.120+0000] {logging_mixin.py:188} INFO - [2026-05-31T10:26:12.119+0000] {dag.py:3096} INFO - Sync 2 DAGs
[2026-05-31T10:26:12.134+0000] {logging_mixin.py:188} INFO - [2026-05-31T10:26:12.134+0000] {dag.py:3954} INFO - Setting next_dagrun for produce_json to 2026-05-30 11:00:00+00:00, run_after=2026-05-31 11:00:00+00:00
[2026-05-31T10:26:12.138+0000] {logging_mixin.py:188} INFO - [2026-05-31T10:26:12.137+0000] {dag.py:3954} INFO - Setting next_dagrun for update_db to 2026-05-30 12:00:00+00:00, run_after=2026-05-31 12:00:00+00:00
[2026-05-31T10:26:12.152+0000] {processor.py:183} INFO - Processing /opt/airflow/dags/main.py took 0.114 seconds
[2026-05-31T10:26:42.974+0000] {processor.py:161} INFO - Started process (PID=127) to work on /opt/airflow/dags/main.py
[2026-05-31T10:26:42.975+0000] {processor.py:830} INFO - Processing file /opt/airflow/dags/main.py for tasks to queue
[2026-05-31T10:26:42.976+0000] {logging_mixin.py:188} INFO - [2026-05-31T10:26:42.976+0000] {dagbag.py:545} INFO - Filling up the DagBag from /opt/airflow/dags/main.py
[2026-05-31T10:26:43.047+0000] {processor.py:840} INFO - DAG(s) 'update_db', 'produce_json' retrieved from /opt/airflow/dags/main.py
[2026-05-31T10:26:43.067+0000] {logging_mixin.py:188} INFO - [2026-05-31T10:26:43.067+0000] {dag.py:3096} INFO - Sync 2 DAGs
[2026-05-31T10:26:43.081+0000] {logging_mixin.py:188} INFO - [2026-05-31T10:26:43.081+0000] {dag.py:3954} INFO - Setting next_dagrun for produce_json to 2026-05-30 11:00:00+00:00, run_after=2026-05-31 11:00:00+00:00
[2026-05-31T10:26:43.085+0000] {logging_mixin.py:188} INFO - [2026-05-31T10:26:43.085+0000] {dag.py:3954} INFO - Setting next_dagrun for update_db to 2026-05-30 12:00:00+00:00, run_after=2026-05-31 12:00:00+00:00
[2026-05-31T10:26:43.099+0000] {processor.py:183} INFO - Processing /opt/airflow/dags/main.py took 0.130 seconds
[2026-05-31T10:27:13.937+0000] {processor.py:161} INFO - Started process (PID=134) to work on /opt/airflow/dags/main.py
[2026-05-31T10:27:13.938+0000] {processor.py:830} INFO - Processing file /opt/airflow/dags/main.py for tasks to queue
[2026-05-31T10:27:13.940+0000] {logging_mixin.py:188} INFO - [2026-05-31T10:27:13.939+0000] {dagbag.py:545} INFO - Filling up the DagBag from /opt/airflow/dags/main.py
[2026-05-31T10:27:14.015+0000] {processor.py:840} INFO - DAG(s) 'update_db', 'produce_json' retrieved from /opt/airflow/dags/main.py
[2026-05-31T10:27:14.039+0000] {logging_mixin.py:188} INFO - [2026-05-31T10:27:14.039+0000] {dag.py:3096} INFO - Sync 2 DAGs
[2026-05-31T10:27:14.055+0000] {logging_mixin.py:188} INFO - [2026-05-31T10:27:14.055+0000] {dag.py:3954} INFO - Setting next_dagrun for produce_json to 2026-05-30 11:00:00+00:00, run_after=2026-05-31 11:00:00+00:00
[2026-05-31T10:27:14.059+0000] {logging_mixin.py:188} INFO - [2026-05-31T10:27:14.059+0000] {dag.py:3954} INFO - Setting next_dagrun for update_db to 2026-05-30 12:00:00+00:00, run_after=2026-05-31 12:00:00+00:00
[2026-05-31T10:27:14.085+0000] {processor.py:183} INFO - Processing /opt/airflow/dags/main.py took 0.154 seconds
[2026-05-31T10:27:44.874+0000] {processor.py:161} INFO - Started process (PID=141) to work on /opt/airflow/dags/main.py
[2026-05-31T10:27:44.875+0000] {processor.py:830} INFO - Processing file /opt/airflow/dags/main.py for tasks to queue
[2026-05-31T10:27:44.877+0000] {logging_mixin.py:188} INFO - [2026-05-31T10:27:44.876+0000] {dagbag.py:545} INFO - Filling up the DagBag from /opt/airflow/dags/main.py
[2026-05-31T10:27:44.957+0000] {processor.py:840} INFO - DAG(s) 'produce_json', 'update_db' retrieved from /opt/airflow/dags/main.py
[2026-05-31T10:27:44.980+0000] {logging_mixin.py:188} INFO - [2026-05-31T10:27:44.979+0000] {dag.py:3096} INFO - Sync 2 DAGs
[2026-05-31T10:27:44.996+0000] {logging_mixin.py:188} INFO - [2026-05-31T10:27:44.996+0000] {dag.py:3954} INFO - Setting next_dagrun for produce_json to 2026-05-30 11:00:00+00:00, run_after=2026-05-31 11:00:00+00:00
[2026-05-31T10:27:45.000+0000] {logging_mixin.py:188} INFO - [2026-05-31T10:27:45.000+0000] {dag.py:3954} INFO - Setting next_dagrun for update_db to 2026-05-30 12:00:00+00:00, run_after=2026-05-31 12:00:00+00:00
[2026-05-31T10:27:45.015+0000] {processor.py:183} INFO - Processing /opt/airflow/dags/main.py took 0.146 seconds
[2026-05-31T10:28:15.872+0000] {processor.py:161} INFO - Started process (PID=148) to work on /opt/airflow/dags/main.py
[2026-05-31T10:28:15.873+0000] {processor.py:830} INFO - Processing file /opt/airflow/dags/main.py for tasks to queue
[2026-05-31T10:28:15.874+0000] {logging_mixin.py:188} INFO - [2026-05-31T10:28:15.874+0000] {dagbag.py:545} INFO - Filling up the DagBag from /opt/airflow/dags/main.py
[2026-05-31T10:28:15.936+0000] {processor.py:840} INFO - DAG(s) 'update_db', 'produce_json' retrieved from /opt/airflow/dags/main.py
[2026-05-31T10:28:15.957+0000] {logging_mixin.py:188} INFO - [2026-05-31T10:28:15.957+0000] {dag.py:3096} INFO - Sync 2 DAGs
[2026-05-31T10:28:15.973+0000] {logging_mixin.py:188} INFO - [2026-05-31T10:28:15.973+0000] {dag.py:3954} INFO - Setting next_dagrun for produce_json to 2026-05-30 11:00:00+00:00, run_after=2026-05-31 11:00:00+00:00
[2026-05-31T10:28:15.976+0000] {logging_mixin.py:188} INFO - [2026-05-31T10:28:15.976+0000] {dag.py:3954} INFO - Setting next_dagrun for update_db to 2026-05-30 12:00:00+00:00, run_after=2026-05-31 12:00:00+00:00
[2026-05-31T10:28:15.991+0000] {processor.py:183} INFO - Processing /opt/airflow/dags/main.py took 0.125 seconds
[2026-05-31T10:28:46.134+0000] {processor.py:161} INFO - Started process (PID=155) to work on /opt/airflow/dags/main.py
[2026-05-31T10:28:46.135+0000] {processor.py:830} INFO - Processing file /opt/airflow/dags/main.py for tasks to queue
[2026-05-31T10:28:46.137+0000] {logging_mixin.py:188} INFO - [2026-05-31T10:28:46.136+0000] {dagbag.py:545} INFO - Filling up the DagBag from /opt/airflow/dags/main.py
[2026-05-31T10:28:46.221+0000] {processor.py:840} INFO - DAG(s) 'produce_json', 'update_db' retrieved from /opt/airflow/dags/main.py
[2026-05-31T10:28:46.246+0000] {logging_mixin.py:188} INFO - [2026-05-31T10:28:46.246+0000] {dag.py:3096} INFO - Sync 2 DAGs
[2026-05-31T10:28:46.262+0000] {logging_mixin.py:188} INFO - [2026-05-31T10:28:46.262+0000] {dag.py:3954} INFO - Setting next_dagrun for produce_json to 2026-05-30 11:00:00+00:00, run_after=2026-05-31 11:00:00+00:00
[2026-05-31T10:28:46.266+0000] {logging_mixin.py:188} INFO - [2026-05-31T10:28:46.266+0000] {dag.py:3954} INFO - Setting next_dagrun for update_db to 2026-05-30 12:00:00+00:00, run_after=2026-05-31 12:00:00+00:00
[2026-05-31T10:28:46.280+0000] {processor.py:183} INFO - Processing /opt/airflow/dags/main.py took 0.152 seconds
[2026-05-31T10:29:16.403+0000] {processor.py:161} INFO - Started process (PID=162) to work on /opt/airflow/dags/main.py
[2026-05-31T10:29:16.405+0000] {processor.py:830} INFO - Processing file /opt/airflow/dags/main.py for tasks to queue
[2026-05-31T10:29:16.406+0000] {logging_mixin.py:188} INFO - [2026-05-31T10:29:16.406+0000] {dagbag.py:545} INFO - Filling up the DagBag from /opt/airflow/dags/main.py
[2026-05-31T10:29:16.476+0000] {processor.py:840} INFO - DAG(s) 'produce_json', 'update_db' retrieved from /opt/airflow/dags/main.py
[2026-05-31T10:29:16.499+0000] {logging_mixin.py:188} INFO - [2026-05-31T10:29:16.499+0000] {dag.py:3096} INFO - Sync 2 DAGs
[2026-05-31T10:29:16.516+0000] {logging_mixin.py:188} INFO - [2026-05-31T10:29:16.516+0000] {dag.py:3954} INFO - Setting next_dagrun for produce_json to 2026-05-30 11:00:00+00:00, run_after=2026-05-31 11:00:00+00:00
[2026-05-31T10:29:16.519+0000] {logging_mixin.py:188} INFO - [2026-05-31T10:29:16.519+0000] {dag.py:3954} INFO - Setting next_dagrun for update_db to 2026-05-30 12:00:00+00:00, run_after=2026-05-31 12:00:00+00:00
[2026-05-31T10:29:16.534+0000] {processor.py:183} INFO - Processing /opt/airflow/dags/main.py took 0.136 seconds
[2026-05-31T10:29:46.565+0000] {processor.py:161} INFO - Started process (PID=169) to work on /opt/airflow/dags/main.py
[2026-05-31T10:29:46.566+0000] {processor.py:830} INFO - Processing file /opt/airflow/dags/main.py for tasks to queue
[2026-05-31T10:29:46.568+0000] {logging_mixin.py:188} INFO - [2026-05-31T10:29:46.567+0000] {dagbag.py:545} INFO - Filling up the DagBag from /opt/airflow/dags/main.py
[2026-05-31T10:29:46.631+0000] {processor.py:840} INFO - DAG(s) 'update_db', 'produce_json' retrieved from /opt/airflow/dags/main.py
[2026-05-31T10:29:46.654+0000] {logging_mixin.py:188} INFO - [2026-05-31T10:29:46.654+0000] {dag.py:3096} INFO - Sync 2 DAGs
[2026-05-31T10:29:46.668+0000] {logging_mixin.py:188} INFO - [2026-05-31T10:29:46.668+0000] {dag.py:3954} INFO - Setting next_dagrun for produce_json to 2026-05-30 11:00:00+00:00, run_after=2026-05-31 11:00:00+00:00
[2026-05-31T10:29:46.672+0000] {logging_mixin.py:188} INFO - [2026-05-31T10:29:46.672+0000] {dag.py:3954} INFO - Setting next_dagrun for update_db to 2026-05-30 12:00:00+00:00, run_after=2026-05-31 12:00:00+00:00
[2026-05-31T10:29:46.693+0000] {processor.py:183} INFO - Processing /opt/airflow/dags/main.py took 0.134 seconds
[2026-05-31T10:30:17.626+0000] {processor.py:161} INFO - Started process (PID=176) to work on /opt/airflow/dags/main.py
[2026-05-31T10:30:17.627+0000] {processor.py:830} INFO - Processing file /opt/airflow/dags/main.py for tasks to queue
[2026-05-31T10:30:17.628+0000] {logging_mixin.py:188} INFO - [2026-05-31T10:30:17.628+0000] {dagbag.py:545} INFO - Filling up the DagBag from /opt/airflow/dags/main.py
[2026-05-31T10:30:17.681+0000] {processor.py:840} INFO - DAG(s) 'produce_json', 'update_db' retrieved from /opt/airflow/dags/main.py
[2026-05-31T10:30:17.702+0000] {logging_mixin.py:188} INFO - [2026-05-31T10:30:17.702+0000] {dag.py:3096} INFO - Sync 2 DAGs
[2026-05-31T10:30:17.716+0000] {logging_mixin.py:188} INFO - [2026-05-31T10:30:17.716+0000] {dag.py:3954} INFO - Setting next_dagrun for produce_json to 2026-05-30 11:00:00+00:00, run_after=2026-05-31 11:00:00+00:00
[2026-05-31T10:30:17.719+0000] {logging_mixin.py:188} INFO - [2026-05-31T10:30:17.719+0000] {dag.py:3954} INFO - Setting next_dagrun for update_db to 2026-05-30 12:00:00+00:00, run_after=2026-05-31 12:00:00+00:00
[2026-05-31T10:30:17.739+0000] {processor.py:183} INFO - Processing /opt/airflow/dags/main.py took 0.117 seconds
[2026-05-31T10:30:47.948+0000] {processor.py:161} INFO - Started process (PID=183) to work on /opt/airflow/dags/main.py
[2026-05-31T10:30:47.949+0000] {processor.py:830} INFO - Processing file /opt/airflow/dags/main.py for tasks to queue
[2026-05-31T10:30:47.950+0000] {logging_mixin.py:188} INFO - [2026-05-31T10:30:47.950+0000] {dagbag.py:545} INFO - Filling up the DagBag from /opt/airflow/dags/main.py
[2026-05-31T10:30:48.015+0000] {processor.py:840} INFO - DAG(s) 'produce_json', 'update_db' retrieved from /opt/airflow/dags/main.py
[2026-05-31T10:30:48.034+0000] {logging_mixin.py:188} INFO - [2026-05-31T10:30:48.034+0000] {dag.py:3096} INFO - Sync 2 DAGs
[2026-05-31T10:30:48.048+0000] {logging_mixin.py:188} INFO - [2026-05-31T10:30:48.048+0000] {dag.py:3954} INFO - Setting next_dagrun for produce_json to 2026-05-30 11:00:00+00:00, run_after=2026-05-31 11:00:00+00:00
[2026-05-31T10:30:48.051+0000] {logging_mixin.py:188} INFO - [2026-05-31T10:30:48.051+0000] {dag.py:3954} INFO - Setting next_dagrun for update_db to 2026-05-30 12:00:00+00:00, run_after=2026-05-31 12:00:00+00:00
[2026-05-31T10:30:48.072+0000] {processor.py:183} INFO - Processing /opt/airflow/dags/main.py took 0.129 seconds
[2026-05-31T10:31:18.442+0000] {processor.py:161} INFO - Started process (PID=190) to work on /opt/airflow/dags/main.py
[2026-05-31T10:31:18.442+0000] {processor.py:830} INFO - Processing file /opt/airflow/dags/main.py for tasks to queue
[2026-05-31T10:31:18.444+0000] {logging_mixin.py:188} INFO - [2026-05-31T10:31:18.444+0000] {dagbag.py:545} INFO - Filling up the DagBag from /opt/airflow/dags/main.py
[2026-05-31T10:31:18.501+0000] {processor.py:840} INFO - DAG(s) 'produce_json', 'update_db' retrieved from /opt/airflow/dags/main.py
[2026-05-31T10:31:18.522+0000] {logging_mixin.py:188} INFO - [2026-05-31T10:31:18.522+0000] {dag.py:3096} INFO - Sync 2 DAGs
[2026-05-31T10:31:18.535+0000] {logging_mixin.py:188} INFO - [2026-05-31T10:31:18.535+0000] {dag.py:3954} INFO - Setting next_dagrun for produce_json to 2026-05-30 11:00:00+00:00, run_after=2026-05-31 11:00:00+00:00
[2026-05-31T10:31:18.539+0000] {logging_mixin.py:188} INFO - [2026-05-31T10:31:18.539+0000] {dag.py:3954} INFO - Setting next_dagrun for update_db to 2026-05-30 12:00:00+00:00, run_after=2026-05-31 12:00:00+00:00
[2026-05-31T10:31:18.562+0000] {processor.py:183} INFO - Processing /opt/airflow/dags/main.py took 0.124 seconds
[2026-05-31T10:31:48.989+0000] {processor.py:161} INFO - Started process (PID=197) to work on /opt/airflow/dags/main.py
[2026-05-31T10:31:48.990+0000] {processor.py:830} INFO - Processing file /opt/airflow/dags/main.py for tasks to queue
[2026-05-31T10:31:48.991+0000] {logging_mixin.py:188} INFO - [2026-05-31T10:31:48.991+0000] {dagbag.py:545} INFO - Filling up the DagBag from /opt/airflow/dags/main.py
[2026-05-31T10:31:49.064+0000] {processor.py:840} INFO - DAG(s) 'update_db', 'produce_json' retrieved from /opt/airflow/dags/main.py
[2026-05-31T10:31:49.085+0000] {logging_mixin.py:188} INFO - [2026-05-31T10:31:49.085+0000] {dag.py:3096} INFO - Sync 2 DAGs
[2026-05-31T10:31:49.100+0000] {logging_mixin.py:188} INFO - [2026-05-31T10:31:49.100+0000] {dag.py:3954} INFO - Setting next_dagrun for produce_json to 2026-05-30 11:00:00+00:00, run_after=2026-05-31 11:00:00+00:00
[2026-05-31T10:31:49.104+0000] {logging_mixin.py:188} INFO - [2026-05-31T10:31:49.104+0000] {dag.py:3954} INFO - Setting next_dagrun for update_db to 2026-05-30 12:00:00+00:00, run_after=2026-05-31 12:00:00+00:00
[2026-05-31T10:31:49.125+0000] {processor.py:183} INFO - Processing /opt/airflow/dags/main.py took 0.142 seconds
[2026-05-31T10:32:19.381+0000] {processor.py:161} INFO - Started process (PID=204) to work on /opt/airflow/dags/main.py
[2026-05-31T10:32:19.382+0000] {processor.py:830} INFO - Processing file /opt/airflow/dags/main.py for tasks to queue
[2026-05-31T10:32:19.383+0000] {logging_mixin.py:188} INFO - [2026-05-31T10:32:19.383+0000] {dagbag.py:545} INFO - Filling up the DagBag from /opt/airflow/dags/main.py
[2026-05-31T10:32:19.459+0000] {processor.py:840} INFO - DAG(s) 'produce_json', 'update_db' retrieved from /opt/airflow/dags/main.py
[2026-05-31T10:32:19.482+0000] {logging_mixin.py:188} INFO - [2026-05-31T10:32:19.482+0000] {dag.py:3096} INFO - Sync 2 DAGs
[2026-05-31T10:32:19.497+0000] {logging_mixin.py:188} INFO - [2026-05-31T10:32:19.497+0000] {dag.py:3954} INFO - Setting next_dagrun for produce_json to 2026-05-30 11:00:00+00:00, run_after=2026-05-31 11:00:00+00:00
[2026-05-31T10:32:19.500+0000] {logging_mixin.py:188} INFO - [2026-05-31T10:32:19.500+0000] {dag.py:3954} INFO - Setting next_dagrun for update_db to 2026-05-30 12:00:00+00:00, run_after=2026-05-31 12:00:00+00:00
[2026-05-31T10:32:19.512+0000] {processor.py:183} INFO - Processing /opt/airflow/dags/main.py took 0.136 seconds
[2026-05-31T10:32:49.937+0000] {processor.py:161} INFO - Started process (PID=211) to work on /opt/airflow/dags/main.py
[2026-05-31T10:32:49.938+0000] {processor.py:830} INFO - Processing file /opt/airflow/dags/main.py for tasks to queue
[2026-05-31T10:32:49.939+0000] {logging_mixin.py:188} INFO - [2026-05-31T10:32:49.939+0000] {dagbag.py:545} INFO - Filling up the DagBag from /opt/airflow/dags/main.py
[2026-05-31T10:32:49.999+0000] {processor.py:840} INFO - DAG(s) 'produce_json', 'update_db' retrieved from /opt/airflow/dags/main.py
[2026-05-31T10:32:50.019+0000] {logging_mixin.py:188} INFO - [2026-05-31T10:32:50.019+0000] {dag.py:3096} INFO - Sync 2 DAGs
[2026-05-31T10:32:50.034+0000] {logging_mixin.py:188} INFO - [2026-05-31T10:32:50.034+0000] {dag.py:3954} INFO - Setting next_dagrun for produce_json to 2026-05-30 11:00:00+00:00, run_after=2026-05-31 11:00:00+00:00
[2026-05-31T10:32:50.038+0000] {logging_mixin.py:188} INFO - [2026-05-31T10:32:50.038+0000] {dag.py:3954} INFO - Setting next_dagrun for update_db to 2026-05-30 12:00:00+00:00, run_after=2026-05-31 12:00:00+00:00
[2026-05-31T10:32:50.050+0000] {processor.py:183} INFO - Processing /opt/airflow/dags/main.py took 0.118 seconds
[2026-05-31T10:33:20.709+0000] {processor.py:161} INFO - Started process (PID=218) to work on /opt/airflow/dags/main.py
[2026-05-31T10:33:20.709+0000] {processor.py:830} INFO - Processing file /opt/airflow/dags/main.py for tasks to queue
[2026-05-31T10:33:20.711+0000] {logging_mixin.py:188} INFO - [2026-05-31T10:33:20.710+0000] {dagbag.py:545} INFO - Filling up the DagBag from /opt/airflow/dags/main.py
[2026-05-31T10:33:20.791+0000] {processor.py:840} INFO - DAG(s) 'update_db', 'produce_json' retrieved from /opt/airflow/dags/main.py
[2026-05-31T10:33:20.812+0000] {logging_mixin.py:188} INFO - [2026-05-31T10:33:20.812+0000] {dag.py:3096} INFO - Sync 2 DAGs
[2026-05-31T10:33:20.829+0000] {logging_mixin.py:188} INFO - [2026-05-31T10:33:20.829+0000] {dag.py:3954} INFO - Setting next_dagrun for produce_json to 2026-05-30 11:00:00+00:00, run_after=2026-05-31 11:00:00+00:00
[2026-05-31T10:33:20.833+0000] {logging_mixin.py:188} INFO - [2026-05-31T10:33:20.833+0000] {dag.py:3954} INFO - Setting next_dagrun for update_db to 2026-05-30 12:00:00+00:00, run_after=2026-05-31 12:00:00+00:00
[2026-05-31T10:33:20.848+0000] {processor.py:183} INFO - Processing /opt/airflow/dags/main.py took 0.144 seconds
[2026-05-31T10:33:51.374+0000] {processor.py:161} INFO - Started process (PID=219) to work on /opt/airflow/dags/main.py
[2026-05-31T10:33:51.375+0000] {processor.py:830} INFO - Processing file /opt/airflow/dags/main.py for tasks to queue
[2026-05-31T10:33:51.377+0000] {logging_mixin.py:188} INFO - [2026-05-31T10:33:51.377+0000] {dagbag.py:545} INFO - Filling up the DagBag from /opt/airflow/dags/main.py
[2026-05-31T10:33:51.441+0000] {processor.py:840} INFO - DAG(s) 'update_db', 'produce_json' retrieved from /opt/airflow/dags/main.py
[2026-05-31T10:33:51.464+0000] {logging_mixin.py:188} INFO - [2026-05-31T10:33:51.464+0000] {dag.py:3096} INFO - Sync 2 DAGs
[2026-05-31T10:33:51.481+0000] {logging_mixin.py:188} INFO - [2026-05-31T10:33:51.481+0000] {dag.py:3954} INFO - Setting next_dagrun for produce_json to 2026-05-30 11:00:00+00:00, run_after=2026-05-31 11:00:00+00:00
[2026-05-31T10:33:51.486+0000] {logging_mixin.py:188} INFO - [2026-05-31T10:33:51.485+0000] {dag.py:3954} INFO - Setting next_dagrun for update_db to 2026-05-30 12:00:00+00:00, run_after=2026-05-31 12:00:00+00:00
[2026-05-31T10:33:51.502+0000] {processor.py:183} INFO - Processing /opt/airflow/dags/main.py took 0.133 seconds
[2026-05-31T10:34:22.165+0000] {processor.py:161} INFO - Started process (PID=226) to work on /opt/airflow/dags/main.py
[2026-05-31T10:34:22.166+0000] {processor.py:830} INFO - Processing file /opt/airflow/dags/main.py for tasks to queue
[2026-05-31T10:34:22.168+0000] {logging_mixin.py:188} INFO - [2026-05-31T10:34:22.167+0000] {dagbag.py:545} INFO - Filling up the DagBag from /opt/airflow/dags/main.py
[2026-05-31T10:34:22.232+0000] {processor.py:840} INFO - DAG(s) 'produce_json', 'update_db' retrieved from /opt/airflow/dags/main.py
[2026-05-31T10:34:22.254+0000] {logging_mixin.py:188} INFO - [2026-05-31T10:34:22.254+0000] {dag.py:3096} INFO - Sync 2 DAGs
[2026-05-31T10:34:22.269+0000] {logging_mixin.py:188} INFO - [2026-05-31T10:34:22.269+0000] {dag.py:3954} INFO - Setting next_dagrun for produce_json to 2026-05-30 11:00:00+00:00, run_after=2026-05-31 11:00:00+00:00
[2026-05-31T10:34:22.272+0000] {logging_mixin.py:188} INFO - [2026-05-31T10:34:22.272+0000] {dag.py:3954} INFO - Setting next_dagrun for update_db to 2026-05-30 12:00:00+00:00, run_after=2026-05-31 12:00:00+00:00
[2026-05-31T10:34:22.286+0000] {processor.py:183} INFO - Processing /opt/airflow/dags/main.py took 0.125 seconds
[2026-05-31T10:34:53.840+0000] {processor.py:161} INFO - Started process (PID=233) to work on /opt/airflow/dags/main.py
[2026-05-31T10:34:53.842+0000] {processor.py:830} INFO - Processing file /opt/airflow/dags/main.py for tasks to queue
[2026-05-31T10:34:53.843+0000] {logging_mixin.py:188} INFO - [2026-05-31T10:34:53.843+0000] {dagbag.py:545} INFO - Filling up the DagBag from /opt/airflow/dags/main.py
[2026-05-31T10:34:53.901+0000] {processor.py:840} INFO - DAG(s) 'update_db', 'produce_json' retrieved from /opt/airflow/dags/main.py
[2026-05-31T10:34:53.924+0000] {logging_mixin.py:188} INFO - [2026-05-31T10:34:53.924+0000] {dag.py:3096} INFO - Sync 2 DAGs
[2026-05-31T10:34:53.942+0000] {logging_mixin.py:188} INFO - [2026-05-31T10:34:53.941+0000] {dag.py:3954} INFO - Setting next_dagrun for produce_json to 2026-05-30 11:00:00+00:00, run_after=2026-05-31 11:00:00+00:00
[2026-05-31T10:34:53.945+0000] {logging_mixin.py:188} INFO - [2026-05-31T10:34:53.945+0000] {dag.py:3954} INFO - Setting next_dagrun for update_db to 2026-05-30 12:00:00+00:00, run_after=2026-05-31 12:00:00+00:00
[2026-05-31T10:34:53.968+0000] {processor.py:183} INFO - Processing /opt/airflow/dags/main.py took 0.132 seconds
[2026-05-31T10:35:24.128+0000] {processor.py:161} INFO - Started process (PID=239) to work on /opt/airflow/dags/main.py
[2026-05-31T10:35:24.128+0000] {processor.py:830} INFO - Processing file /opt/airflow/dags/main.py for tasks to queue
[2026-05-31T10:35:24.130+0000] {logging_mixin.py:188} INFO - [2026-05-31T10:35:24.130+0000] {dagbag.py:545} INFO - Filling up the DagBag from /opt/airflow/dags/main.py
[2026-05-31T10:35:24.191+0000] {processor.py:840} INFO - DAG(s) 'update_db', 'produce_json' retrieved from /opt/airflow/dags/main.py
[2026-05-31T10:35:24.213+0000] {logging_mixin.py:188} INFO - [2026-05-31T10:35:24.213+0000] {dag.py:3096} INFO - Sync 2 DAGs
[2026-05-31T10:35:24.229+0000] {logging_mixin.py:188} INFO - [2026-05-31T10:35:24.229+0000] {dag.py:3954} INFO - Setting next_dagrun for produce_json to 2026-05-30 11:00:00+00:00, run_after=2026-05-31 11:00:00+00:00
[2026-05-31T10:35:24.232+0000] {logging_mixin.py:188} INFO - [2026-05-31T10:35:24.232+0000] {dag.py:3954} INFO - Setting next_dagrun for update_db to 2026-05-30 12:00:00+00:00, run_after=2026-05-31 12:00:00+00:00
[2026-05-31T10:35:24.247+0000] {processor.py:183} INFO - Processing /opt/airflow/dags/main.py took 0.124 seconds
[2026-05-31T10:35:54.863+0000] {processor.py:161} INFO - Started process (PID=246) to work on /opt/airflow/dags/main.py
[2026-05-31T10:35:54.864+0000] {processor.py:830} INFO - Processing file /opt/airflow/dags/main.py for tasks to queue
[2026-05-31T10:35:54.865+0000] {logging_mixin.py:188} INFO - [2026-05-31T10:35:54.865+0000] {dagbag.py:545} INFO - Filling up the DagBag from /opt/airflow/dags/main.py
[2026-05-31T10:35:54.937+0000] {processor.py:840} INFO - DAG(s) 'produce_json', 'update_db' retrieved from /opt/airflow/dags/main.py
[2026-05-31T10:35:54.959+0000] {logging_mixin.py:188} INFO - [2026-05-31T10:35:54.959+0000] {dag.py:3096} INFO - Sync 2 DAGs
[2026-05-31T10:35:54.976+0000] {logging_mixin.py:188} INFO - [2026-05-31T10:35:54.976+0000] {dag.py:3954} INFO - Setting next_dagrun for produce_json to 2026-05-30 11:00:00+00:00, run_after=2026-05-31 11:00:00+00:00
[2026-05-31T10:35:54.980+0000] {logging_mixin.py:188} INFO - [2026-05-31T10:35:54.980+0000] {dag.py:3954} INFO - Setting next_dagrun for update_db to 2026-05-30 12:00:00+00:00, run_after=2026-05-31 12:00:00+00:00
[2026-05-31T10:35:55.002+0000] {processor.py:183} INFO - Processing /opt/airflow/dags/main.py took 0.143 seconds
[2026-05-31T10:36:25.711+0000] {processor.py:161} INFO - Started process (PID=253) to work on /opt/airflow/dags/main.py
[2026-05-31T10:36:25.712+0000] {processor.py:830} INFO - Processing file /opt/airflow/dags/main.py for tasks to queue
[2026-05-31T10:36:25.714+0000] {logging_mixin.py:188} INFO - [2026-05-31T10:36:25.713+0000] {dagbag.py:545} INFO - Filling up the DagBag from /opt/airflow/dags/main.py
[2026-05-31T10:36:25.787+0000] {processor.py:840} INFO - DAG(s) 'produce_json', 'update_db' retrieved from /opt/airflow/dags/main.py
[2026-05-31T10:36:25.811+0000] {logging_mixin.py:188} INFO - [2026-05-31T10:36:25.811+0000] {dag.py:3096} INFO - Sync 2 DAGs
[2026-05-31T10:36:25.824+0000] {logging_mixin.py:188} INFO - [2026-05-31T10:36:25.824+0000] {dag.py:3954} INFO - Setting next_dagrun for produce_json to 2026-05-30 11:00:00+00:00, run_after=2026-05-31 11:00:00+00:00
[2026-05-31T10:36:25.827+0000] {logging_mixin.py:188} INFO - [2026-05-31T10:36:25.827+0000] {dag.py:3954} INFO - Setting next_dagrun for update_db to 2026-05-30 12:00:00+00:00, run_after=2026-05-31 12:00:00+00:00
[2026-05-31T10:36:25.840+0000] {processor.py:183} INFO - Processing /opt/airflow/dags/main.py took 0.141 seconds
[2026-05-31T10:36:56.391+0000] {processor.py:161} INFO - Started process (PID=260) to work on /opt/airflow/dags/main.py
[2026-05-31T10:36:56.392+0000] {processor.py:830} INFO - Processing file /opt/airflow/dags/main.py for tasks to queue
[2026-05-31T10:36:56.394+0000] {logging_mixin.py:188} INFO - [2026-05-31T10:36:56.393+0000] {dagbag.py:545} INFO - Filling up the DagBag from /opt/airflow/dags/main.py
[2026-05-31T10:36:56.448+0000] {processor.py:840} INFO - DAG(s) 'update_db', 'produce_json' retrieved from /opt/airflow/dags/main.py
[2026-05-31T10:36:56.467+0000] {logging_mixin.py:188} INFO - [2026-05-31T10:36:56.467+0000] {dag.py:3096} INFO - Sync 2 DAGs
[2026-05-31T10:36:56.481+0000] {logging_mixin.py:188} INFO - [2026-05-31T10:36:56.480+0000] {dag.py:3954} INFO - Setting next_dagrun for produce_json to 2026-05-30 11:00:00+00:00, run_after=2026-05-31 11:00:00+00:00
[2026-05-31T10:36:56.484+0000] {logging_mixin.py:188} INFO - [2026-05-31T10:36:56.484+0000] {dag.py:3954} INFO - Setting next_dagrun for update_db to 2026-05-30 12:00:00+00:00, run_after=2026-05-31 12:00:00+00:00
[2026-05-31T10:36:56.497+0000] {processor.py:183} INFO - Processing /opt/airflow/dags/main.py took 0.110 seconds
[2026-05-31T10:37:27.186+0000] {processor.py:161} INFO - Started process (PID=267) to work on /opt/airflow/dags/main.py
[2026-05-31T10:37:27.187+0000] {processor.py:830} INFO - Processing file /opt/airflow/dags/main.py for tasks to queue
[2026-05-31T10:37:27.188+0000] {logging_mixin.py:188} INFO - [2026-05-31T10:37:27.188+0000] {dagbag.py:545} INFO - Filling up the DagBag from /opt/airflow/dags/main.py
[2026-05-31T10:37:27.246+0000] {processor.py:840} INFO - DAG(s) 'update_db', 'produce_json' retrieved from /opt/airflow/dags/main.py
[2026-05-31T10:37:27.264+0000] {logging_mixin.py:188} INFO - [2026-05-31T10:37:27.264+0000] {dag.py:3096} INFO - Sync 2 DAGs
[2026-05-31T10:37:27.277+0000] {logging_mixin.py:188} INFO - [2026-05-31T10:37:27.277+0000] {dag.py:3954} INFO - Setting next_dagrun for produce_json to 2026-05-30 11:00:00+00:00, run_after=2026-05-31 11:00:00+00:00
[2026-05-31T10:37:27.280+0000] {logging_mixin.py:188} INFO - [2026-05-31T10:37:27.280+0000] {dag.py:3954} INFO - Setting next_dagrun for update_db to 2026-05-30 12:00:00+00:00, run_after=2026-05-31 12:00:00+00:00
[2026-05-31T10:37:27.302+0000] {processor.py:183} INFO - Processing /opt/airflow/dags/main.py took 0.120 seconds
[2026-05-31T10:37:57.848+0000] {processor.py:161} INFO - Started process (PID=274) to work on /opt/airflow/dags/main.py
[2026-05-31T10:37:57.849+0000] {processor.py:830} INFO - Processing file /opt/airflow/dags/main.py for tasks to queue
[2026-05-31T10:37:57.850+0000] {logging_mixin.py:188} INFO - [2026-05-31T10:37:57.850+0000] {dagbag.py:545} INFO - Filling up the DagBag from /opt/airflow/dags/main.py
[2026-05-31T10:37:57.902+0000] {processor.py:840} INFO - DAG(s) 'produce_json', 'update_db' retrieved from /opt/airflow/dags/main.py
[2026-05-31T10:37:57.923+0000] {logging_mixin.py:188} INFO - [2026-05-31T10:37:57.922+0000] {dag.py:3096} INFO - Sync 2 DAGs
[2026-05-31T10:37:57.937+0000] {logging_mixin.py:188} INFO - [2026-05-31T10:37:57.937+0000] {dag.py:3954} INFO - Setting next_dagrun for produce_json to 2026-05-30 11:00:00+00:00, run_after=2026-05-31 11:00:00+00:00
[2026-05-31T10:37:57.940+0000] {logging_mixin.py:188} INFO - [2026-05-31T10:37:57.940+0000] {dag.py:3954} INFO - Setting next_dagrun for update_db to 2026-05-30 12:00:00+00:00, run_after=2026-05-31 12:00:00+00:00
[2026-05-31T10:37:57.954+0000] {processor.py:183} INFO - Processing /opt/airflow/dags/main.py took 0.110 seconds
[2026-05-31T10:38:28.612+0000] {processor.py:161} INFO - Started process (PID=281) to work on /opt/airflow/dags/main.py
[2026-05-31T10:38:28.613+0000] {processor.py:830} INFO - Processing file /opt/airflow/dags/main.py for tasks to queue
[2026-05-31T10:38:28.614+0000] {logging_mixin.py:188} INFO - [2026-05-31T10:38:28.614+0000] {dagbag.py:545} INFO - Filling up the DagBag from /opt/airflow/dags/main.py
[2026-05-31T10:38:28.683+0000] {processor.py:840} INFO - DAG(s) 'update_db', 'produce_json' retrieved from /opt/airflow/dags/main.py
[2026-05-31T10:38:28.708+0000] {logging_mixin.py:188} INFO - [2026-05-31T10:38:28.708+0000] {dag.py:3096} INFO - Sync 2 DAGs
[2026-05-31T10:38:28.726+0000] {logging_mixin.py:188} INFO - [2026-05-31T10:38:28.726+0000] {dag.py:3954} INFO - Setting next_dagrun for produce_json to 2026-05-30 11:00:00+00:00, run_after=2026-05-31 11:00:00+00:00
[2026-05-31T10:38:28.730+0000] {logging_mixin.py:188} INFO - [2026-05-31T10:38:28.730+0000] {dag.py:3954} INFO - Setting next_dagrun for update_db to 2026-05-30 12:00:00+00:00, run_after=2026-05-31 12:00:00+00:00
[2026-05-31T10:38:28.748+0000] {processor.py:183} INFO - Processing /opt/airflow/dags/main.py took 0.141 seconds
[2026-05-31T10:38:59.286+0000] {processor.py:161} INFO - Started process (PID=288) to work on /opt/airflow/dags/main.py
[2026-05-31T10:38:59.287+0000] {processor.py:830} INFO - Processing file /opt/airflow/dags/main.py for tasks to queue
[2026-05-31T10:38:59.289+0000] {logging_mixin.py:188} INFO - [2026-05-31T10:38:59.288+0000] {dagbag.py:545} INFO - Filling up the DagBag from /opt/airflow/dags/main.py
[2026-05-31T10:38:59.427+0000] {processor.py:840} INFO - DAG(s) 'update_db', 'produce_json' retrieved from /opt/airflow/dags/main.py
[2026-05-31T10:38:59.452+0000] {logging_mixin.py:188} INFO - [2026-05-31T10:38:59.452+0000] {dag.py:3096} INFO - Sync 2 DAGs
[2026-05-31T10:38:59.467+0000] {logging_mixin.py:188} INFO - [2026-05-31T10:38:59.467+0000] {dag.py:3954} INFO - Setting next_dagrun for produce_json to 2026-05-30 11:00:00+00:00, run_after=2026-05-31 11:00:00+00:00
[2026-05-31T10:38:59.471+0000] {logging_mixin.py:188} INFO - [2026-05-31T10:38:59.471+0000] {dag.py:3954} INFO - Setting next_dagrun for update_db to 2026-05-30 12:00:00+00:00, run_after=2026-05-31 12:00:00+00:00
[2026-05-31T10:38:59.492+0000] {processor.py:183} INFO - Processing /opt/airflow/dags/main.py took 0.212 seconds
[2026-05-31T10:39:32.099+0000] {processor.py:161} INFO - Started process (PID=295) to work on /opt/airflow/dags/main.py
[2026-05-31T10:39:32.100+0000] {processor.py:830} INFO - Processing file /opt/airflow/dags/main.py for tasks to queue
[2026-05-31T10:39:32.102+0000] {logging_mixin.py:188} INFO - [2026-05-31T10:39:32.102+0000] {dagbag.py:545} INFO - Filling up the DagBag from /opt/airflow/dags/main.py
[2026-05-31T10:39:32.174+0000] {processor.py:840} INFO - DAG(s) 'update_db', 'produce_json' retrieved from /opt/airflow/dags/main.py
[2026-05-31T10:39:32.200+0000] {logging_mixin.py:188} INFO - [2026-05-31T10:39:32.200+0000] {dag.py:3096} INFO - Sync 2 DAGs
[2026-05-31T10:39:32.216+0000] {logging_mixin.py:188} INFO - [2026-05-31T10:39:32.215+0000] {dag.py:3954} INFO - Setting next_dagrun for produce_json to 2026-05-30 11:00:00+00:00, run_after=2026-05-31 11:00:00+00:00
[2026-05-31T10:39:32.219+0000] {logging_mixin.py:188} INFO - [2026-05-31T10:39:32.219+0000] {dag.py:3954} INFO - Setting next_dagrun for update_db to 2026-05-30 12:00:00+00:00, run_after=2026-05-31 12:00:00+00:00
[2026-05-31T10:39:32.234+0000] {processor.py:183} INFO - Processing /opt/airflow/dags/main.py took 0.140 seconds
[2026-05-31T10:40:02.368+0000] {processor.py:161} INFO - Started process (PID=302) to work on /opt/airflow/dags/main.py
[2026-05-31T10:40:02.369+0000] {processor.py:830} INFO - Processing file /opt/airflow/dags/main.py for tasks to queue
[2026-05-31T10:40:02.371+0000] {logging_mixin.py:188} INFO - [2026-05-31T10:40:02.370+0000] {dagbag.py:545} INFO - Filling up the DagBag from /opt/airflow/dags/main.py
[2026-05-31T10:40:02.459+0000] {processor.py:840} INFO - DAG(s) 'produce_json', 'update_db' retrieved from /opt/airflow/dags/main.py
[2026-05-31T10:40:02.482+0000] {logging_mixin.py:188} INFO - [2026-05-31T10:40:02.482+0000] {dag.py:3096} INFO - Sync 2 DAGs
[2026-05-31T10:40:02.498+0000] {logging_mixin.py:188} INFO - [2026-05-31T10:40:02.498+0000] {dag.py:3954} INFO - Setting next_dagrun for produce_json to 2026-05-30 11:00:00+00:00, run_after=2026-05-31 11:00:00+00:00
[2026-05-31T10:40:02.501+0000] {logging_mixin.py:188} INFO - [2026-05-31T10:40:02.501+0000] {dag.py:3954} INFO - Setting next_dagrun for update_db to 2026-05-30 12:00:00+00:00, run_after=2026-05-31 12:00:00+00:00
[2026-05-31T10:40:02.516+0000] {processor.py:183} INFO - Processing /opt/airflow/dags/main.py took 0.153 seconds
[2026-05-31T10:40:32.937+0000] {processor.py:161} INFO - Started process (PID=309) to work on /opt/airflow/dags/main.py
[2026-05-31T10:40:32.938+0000] {processor.py:830} INFO - Processing file /opt/airflow/dags/main.py for tasks to queue
[2026-05-31T10:40:32.940+0000] {logging_mixin.py:188} INFO - [2026-05-31T10:40:32.940+0000] {dagbag.py:545} INFO - Filling up the DagBag from /opt/airflow/dags/main.py
[2026-05-31T10:40:32.999+0000] {processor.py:840} INFO - DAG(s) 'update_db', 'produce_json' retrieved from /opt/airflow/dags/main.py
[2026-05-31T10:40:33.019+0000] {logging_mixin.py:188} INFO - [2026-05-31T10:40:33.019+0000] {dag.py:3096} INFO - Sync 2 DAGs
[2026-05-31T10:40:33.033+0000] {logging_mixin.py:188} INFO - [2026-05-31T10:40:33.033+0000] {dag.py:3954} INFO - Setting next_dagrun for produce_json to 2026-05-30 11:00:00+00:00, run_after=2026-05-31 11:00:00+00:00
[2026-05-31T10:40:33.036+0000] {logging_mixin.py:188} INFO - [2026-05-31T10:40:33.036+0000] {dag.py:3954} INFO - Setting next_dagrun for update_db to 2026-05-30 12:00:00+00:00, run_after=2026-05-31 12:00:00+00:00
[2026-05-31T10:40:33.051+0000] {processor.py:183} INFO - Processing /opt/airflow/dags/main.py took 0.118 seconds
[2026-05-31T10:41:03.760+0000] {processor.py:161} INFO - Started process (PID=316) to work on /opt/airflow/dags/main.py
[2026-05-31T10:41:03.761+0000] {processor.py:830} INFO - Processing file /opt/airflow/dags/main.py for tasks to queue
[2026-05-31T10:41:03.762+0000] {logging_mixin.py:188} INFO - [2026-05-31T10:41:03.762+0000] {dagbag.py:545} INFO - Filling up the DagBag from /opt/airflow/dags/main.py
[2026-05-31T10:41:03.819+0000] {processor.py:840} INFO - DAG(s) 'produce_json', 'update_db' retrieved from /opt/airflow/dags/main.py
[2026-05-31T10:41:03.839+0000] {logging_mixin.py:188} INFO - [2026-05-31T10:41:03.838+0000] {dag.py:3096} INFO - Sync 2 DAGs
[2026-05-31T10:41:03.853+0000] {logging_mixin.py:188} INFO - [2026-05-31T10:41:03.853+0000] {dag.py:3954} INFO - Setting next_dagrun for produce_json to 2026-05-30 11:00:00+00:00, run_after=2026-05-31 11:00:00+00:00
[2026-05-31T10:41:03.857+0000] {logging_mixin.py:188} INFO - [2026-05-31T10:41:03.856+0000] {dag.py:3954} INFO - Setting next_dagrun for update_db to 2026-05-30 12:00:00+00:00, run_after=2026-05-31 12:00:00+00:00
[2026-05-31T10:41:03.878+0000] {processor.py:183} INFO - Processing /opt/airflow/dags/main.py took 0.122 seconds
[2026-05-31T10:41:34.411+0000] {processor.py:161} INFO - Started process (PID=323) to work on /opt/airflow/dags/main.py
[2026-05-31T10:41:34.412+0000] {processor.py:830} INFO - Processing file /opt/airflow/dags/main.py for tasks to queue
[2026-05-31T10:41:34.413+0000] {logging_mixin.py:188} INFO - [2026-05-31T10:41:34.413+0000] {dagbag.py:545} INFO - Filling up the DagBag from /opt/airflow/dags/main.py
[2026-05-31T10:41:34.494+0000] {processor.py:840} INFO - DAG(s) 'update_db', 'produce_json' retrieved from /opt/airflow/dags/main.py
[2026-05-31T10:41:34.518+0000] {logging_mixin.py:188} INFO - [2026-05-31T10:41:34.518+0000] {dag.py:3096} INFO - Sync 2 DAGs
[2026-05-31T10:41:34.533+0000] {logging_mixin.py:188} INFO - [2026-05-31T10:41:34.533+0000] {dag.py:3954} INFO - Setting next_dagrun for produce_json to 2026-05-30 11:00:00+00:00, run_after=2026-05-31 11:00:00+00:00
[2026-05-31T10:41:34.536+0000] {logging_mixin.py:188} INFO - [2026-05-31T10:41:34.536+0000] {dag.py:3954} INFO - Setting next_dagrun for update_db to 2026-05-30 12:00:00+00:00, run_after=2026-05-31 12:00:00+00:00
[2026-05-31T10:41:34.549+0000] {processor.py:183} INFO - Processing /opt/airflow/dags/main.py took 0.143 seconds
[2026-05-31T10:42:04.998+0000] {processor.py:161} INFO - Started process (PID=330) to work on /opt/airflow/dags/main.py
[2026-05-31T10:42:04.999+0000] {processor.py:830} INFO - Processing file /opt/airflow/dags/main.py for tasks to queue
[2026-05-31T10:42:05.000+0000] {logging_mixin.py:188} INFO - [2026-05-31T10:42:05.000+0000] {dagbag.py:545} INFO - Filling up the DagBag from /opt/airflow/dags/main.py
[2026-05-31T10:42:05.054+0000] {processor.py:840} INFO - DAG(s) 'produce_json', 'update_db' retrieved from /opt/airflow/dags/main.py
[2026-05-31T10:42:05.076+0000] {logging_mixin.py:188} INFO - [2026-05-31T10:42:05.076+0000] {dag.py:3096} INFO - Sync 2 DAGs
[2026-05-31T10:42:05.090+0000] {logging_mixin.py:188} INFO - [2026-05-31T10:42:05.090+0000] {dag.py:3954} INFO - Setting next_dagrun for produce_json to 2026-05-30 11:00:00+00:00, run_after=2026-05-31 11:00:00+00:00
[2026-05-31T10:42:05.093+0000] {logging_mixin.py:188} INFO - [2026-05-31T10:42:05.093+0000] {dag.py:3954} INFO - Setting next_dagrun for update_db to 2026-05-30 12:00:00+00:00, run_after=2026-05-31 12:00:00+00:00
[2026-05-31T10:42:05.106+0000] {processor.py:183} INFO - Processing /opt/airflow/dags/main.py took 0.112 seconds
[2026-05-31T10:42:35.732+0000] {processor.py:161} INFO - Started process (PID=337) to work on /opt/airflow/dags/main.py
[2026-05-31T10:42:35.733+0000] {processor.py:830} INFO - Processing file /opt/airflow/dags/main.py for tasks to queue
[2026-05-31T10:42:35.734+0000] {logging_mixin.py:188} INFO - [2026-05-31T10:42:35.734+0000] {dagbag.py:545} INFO - Filling up the DagBag from /opt/airflow/dags/main.py
[2026-05-31T10:42:35.817+0000] {processor.py:840} INFO - DAG(s) 'produce_json', 'update_db' retrieved from /opt/airflow/dags/main.py
[2026-05-31T10:42:35.841+0000] {logging_mixin.py:188} INFO - [2026-05-31T10:42:35.841+0000] {dag.py:3096} INFO - Sync 2 DAGs
[2026-05-31T10:42:35.855+0000] {logging_mixin.py:188} INFO - [2026-05-31T10:42:35.855+0000] {dag.py:3954} INFO - Setting next_dagrun for produce_json to 2026-05-30 11:00:00+00:00, run_after=2026-05-31 11:00:00+00:00
[2026-05-31T10:42:35.860+0000] {logging_mixin.py:188} INFO - [2026-05-31T10:42:35.860+0000] {dag.py:3954} INFO - Setting next_dagrun for update_db to 2026-05-30 12:00:00+00:00, run_after=2026-05-31 12:00:00+00:00
[2026-05-31T10:42:35.873+0000] {processor.py:183} INFO - Processing /opt/airflow/dags/main.py took 0.145 seconds
[2026-05-31T10:43:06.650+0000] {processor.py:161} INFO - Started process (PID=344) to work on /opt/airflow/dags/main.py
[2026-05-31T10:43:06.650+0000] {processor.py:830} INFO - Processing file /opt/airflow/dags/main.py for tasks to queue
[2026-05-31T10:43:06.652+0000] {logging_mixin.py:188} INFO - [2026-05-31T10:43:06.651+0000] {dagbag.py:545} INFO - Filling up the DagBag from /opt/airflow/dags/main.py
[2026-05-31T10:43:06.712+0000] {processor.py:840} INFO - DAG(s) 'update_db', 'produce_json' retrieved from /opt/airflow/dags/main.py
[2026-05-31T10:43:06.737+0000] {logging_mixin.py:188} INFO - [2026-05-31T10:43:06.736+0000] {dag.py:3096} INFO - Sync 2 DAGs
[2026-05-31T10:43:06.753+0000] {logging_mixin.py:188} INFO - [2026-05-31T10:43:06.753+0000] {dag.py:3954} INFO - Setting next_dagrun for produce_json to 2026-05-30 11:00:00+00:00, run_after=2026-05-31 11:00:00+00:00
[2026-05-31T10:43:06.757+0000] {logging_mixin.py:188} INFO - [2026-05-31T10:43:06.757+0000] {dag.py:3954} INFO - Setting next_dagrun for update_db to 2026-05-30 12:00:00+00:00, run_after=2026-05-31 12:00:00+00:00
[2026-05-31T10:43:06.772+0000] {processor.py:183} INFO - Processing /opt/airflow/dags/main.py took 0.126 seconds
[2026-05-31T10:43:37.397+0000] {processor.py:161} INFO - Started process (PID=351) to work on /opt/airflow/dags/main.py
[2026-05-31T10:43:37.398+0000] {processor.py:830} INFO - Processing file /opt/airflow/dags/main.py for tasks to queue
[2026-05-31T10:43:37.399+0000] {logging_mixin.py:188} INFO - [2026-05-31T10:43:37.399+0000] {dagbag.py:545} INFO - Filling up the DagBag from /opt/airflow/dags/main.py
[2026-05-31T10:43:37.458+0000] {processor.py:840} INFO - DAG(s) 'update_db', 'produce_json' retrieved from /opt/airflow/dags/main.py
[2026-05-31T10:43:37.480+0000] {logging_mixin.py:188} INFO - [2026-05-31T10:43:37.480+0000] {dag.py:3096} INFO - Sync 2 DAGs
[2026-05-31T10:43:37.495+0000] {logging_mixin.py:188} INFO - [2026-05-31T10:43:37.495+0000] {dag.py:3954} INFO - Setting next_dagrun for produce_json to 2026-05-30 11:00:00+00:00, run_after=2026-05-31 11:00:00+00:00
[2026-05-31T10:43:37.499+0000] {logging_mixin.py:188} INFO - [2026-05-31T10:43:37.498+0000] {dag.py:3954} INFO - Setting next_dagrun for update_db to 2026-05-30 12:00:00+00:00, run_after=2026-05-31 12:00:00+00:00
[2026-05-31T10:43:37.515+0000] {processor.py:183} INFO - Processing /opt/airflow/dags/main.py took 0.123 seconds
[2026-05-31T10:44:09.008+0000] {processor.py:161} INFO - Started process (PID=358) to work on /opt/airflow/dags/main.py
[2026-05-31T10:44:09.010+0000] {processor.py:830} INFO - Processing file /opt/airflow/dags/main.py for tasks to queue
[2026-05-31T10:44:09.012+0000] {logging_mixin.py:188} INFO - [2026-05-31T10:44:09.012+0000] {dagbag.py:545} INFO - Filling up the DagBag from /opt/airflow/dags/main.py
[2026-05-31T10:44:09.119+0000] {processor.py:840} INFO - DAG(s) 'update_db', 'produce_json' retrieved from /opt/airflow/dags/main.py
[2026-05-31T10:44:09.141+0000] {logging_mixin.py:188} INFO - [2026-05-31T10:44:09.141+0000] {dag.py:3096} INFO - Sync 2 DAGs
[2026-05-31T10:44:09.158+0000] {logging_mixin.py:188} INFO - [2026-05-31T10:44:09.157+0000] {dag.py:3954} INFO - Setting next_dagrun for produce_json to 2026-05-30 11:00:00+00:00, run_after=2026-05-31 11:00:00+00:00
[2026-05-31T10:44:09.161+0000] {logging_mixin.py:188} INFO - [2026-05-31T10:44:09.161+0000] {dag.py:3954} INFO - Setting next_dagrun for update_db to 2026-05-30 12:00:00+00:00, run_after=2026-05-31 12:00:00+00:00
[2026-05-31T10:44:09.178+0000] {processor.py:183} INFO - Processing /opt/airflow/dags/main.py took 0.176 seconds
[2026-05-31T10:44:39.320+0000] {processor.py:161} INFO - Started process (PID=365) to work on /opt/airflow/dags/main.py
[2026-05-31T10:44:39.321+0000] {processor.py:830} INFO - Processing file /opt/airflow/dags/main.py for tasks to queue
[2026-05-31T10:44:39.323+0000] {logging_mixin.py:188} INFO - [2026-05-31T10:44:39.323+0000] {dagbag.py:545} INFO - Filling up the DagBag from /opt/airflow/dags/main.py
[2026-05-31T10:44:39.435+0000] {processor.py:840} INFO - DAG(s) 'produce_json', 'update_db' retrieved from /opt/airflow/dags/main.py
[2026-05-31T10:44:39.461+0000] {logging_mixin.py:188} INFO - [2026-05-31T10:44:39.460+0000] {dag.py:3096} INFO - Sync 2 DAGs
[2026-05-31T10:44:39.477+0000] {logging_mixin.py:188} INFO - [2026-05-31T10:44:39.477+0000] {dag.py:3954} INFO - Setting next_dagrun for produce_json to 2026-05-30 11:00:00+00:00, run_after=2026-05-31 11:00:00+00:00
[2026-05-31T10:44:39.481+0000] {logging_mixin.py:188} INFO - [2026-05-31T10:44:39.481+0000] {dag.py:3954} INFO - Setting next_dagrun for update_db to 2026-05-30 12:00:00+00:00, run_after=2026-05-31 12:00:00+00:00
[2026-05-31T10:44:39.493+0000] {processor.py:183} INFO - Processing /opt/airflow/dags/main.py took 0.178 seconds
[2026-05-31T10:45:09.673+0000] {processor.py:161} INFO - Started process (PID=372) to work on /opt/airflow/dags/main.py
[2026-05-31T10:45:09.674+0000] {processor.py:830} INFO - Processing file /opt/airflow/dags/main.py for tasks to queue
[2026-05-31T10:45:09.676+0000] {logging_mixin.py:188} INFO - [2026-05-31T10:45:09.675+0000] {dagbag.py:545} INFO - Filling up the DagBag from /opt/airflow/dags/main.py
[2026-05-31T10:45:09.735+0000] {processor.py:840} INFO - DAG(s) 'produce_json', 'update_db' retrieved from /opt/airflow/dags/main.py
[2026-05-31T10:45:09.756+0000] {logging_mixin.py:188} INFO - [2026-05-31T10:45:09.756+0000] {dag.py:3096} INFO - Sync 2 DAGs
[2026-05-31T10:45:09.769+0000] {logging_mixin.py:188} INFO - [2026-05-31T10:45:09.769+0000] {dag.py:3954} INFO - Setting next_dagrun for produce_json to 2026-05-30 11:00:00+00:00, run_after=2026-05-31 11:00:00+00:00
[2026-05-31T10:45:09.773+0000] {logging_mixin.py:188} INFO - [2026-05-31T10:45:09.773+0000] {dag.py:3954} INFO - Setting next_dagrun for update_db to 2026-05-30 12:00:00+00:00, run_after=2026-05-31 12:00:00+00:00
[2026-05-31T10:45:09.786+0000] {processor.py:183} INFO - Processing /opt/airflow/dags/main.py took 0.118 seconds
[2026-05-31T10:45:40.121+0000] {processor.py:161} INFO - Started process (PID=373) to work on /opt/airflow/dags/main.py
[2026-05-31T10:45:40.122+0000] {processor.py:830} INFO - Processing file /opt/airflow/dags/main.py for tasks to queue
[2026-05-31T10:45:40.123+0000] {logging_mixin.py:188} INFO - [2026-05-31T10:45:40.123+0000] {dagbag.py:545} INFO - Filling up the DagBag from /opt/airflow/dags/main.py
[2026-05-31T10:45:40.189+0000] {processor.py:840} INFO - DAG(s) 'update_db', 'produce_json' retrieved from /opt/airflow/dags/main.py
[2026-05-31T10:45:40.210+0000] {logging_mixin.py:188} INFO - [2026-05-31T10:45:40.210+0000] {dag.py:3096} INFO - Sync 2 DAGs
[2026-05-31T10:45:40.225+0000] {logging_mixin.py:188} INFO - [2026-05-31T10:45:40.225+0000] {dag.py:3954} INFO - Setting next_dagrun for produce_json to 2026-05-30 11:00:00+00:00, run_after=2026-05-31 11:00:00+00:00
[2026-05-31T10:45:40.230+0000] {logging_mixin.py:188} INFO - [2026-05-31T10:45:40.230+0000] {dag.py:3954} INFO - Setting next_dagrun for update_db to 2026-05-30 12:00:00+00:00, run_after=2026-05-31 12:00:00+00:00
[2026-05-31T10:45:40.243+0000] {processor.py:183} INFO - Processing /opt/airflow/dags/main.py took 0.128 seconds
[2026-05-31T10:46:10.693+0000] {processor.py:161} INFO - Started process (PID=380) to work on /opt/airflow/dags/main.py
[2026-05-31T10:46:10.694+0000] {processor.py:830} INFO - Processing file /opt/airflow/dags/main.py for tasks to queue
[2026-05-31T10:46:10.695+0000] {logging_mixin.py:188} INFO - [2026-05-31T10:46:10.695+0000] {dagbag.py:545} INFO - Filling up the DagBag from /opt/airflow/dags/main.py
[2026-05-31T10:46:10.770+0000] {processor.py:840} INFO - DAG(s) 'produce_json', 'update_db' retrieved from /opt/airflow/dags/main.py
[2026-05-31T10:46:10.793+0000] {logging_mixin.py:188} INFO - [2026-05-31T10:46:10.793+0000] {dag.py:3096} INFO - Sync 2 DAGs
[2026-05-31T10:46:10.807+0000] {logging_mixin.py:188} INFO - [2026-05-31T10:46:10.807+0000] {dag.py:3954} INFO - Setting next_dagrun for produce_json to 2026-05-30 11:00:00+00:00, run_after=2026-05-31 11:00:00+00:00
[2026-05-31T10:46:10.810+0000] {logging_mixin.py:188} INFO - [2026-05-31T10:46:10.810+0000] {dag.py:3954} INFO - Setting next_dagrun for update_db to 2026-05-30 12:00:00+00:00, run_after=2026-05-31 12:00:00+00:00
[2026-05-31T10:46:10.822+0000] {processor.py:183} INFO - Processing /opt/airflow/dags/main.py took 0.133 seconds
[2026-05-31T10:46:41.105+0000] {processor.py:161} INFO - Started process (PID=387) to work on /opt/airflow/dags/main.py
[2026-05-31T10:46:41.106+0000] {processor.py:830} INFO - Processing file /opt/airflow/dags/main.py for tasks to queue
[2026-05-31T10:46:41.108+0000] {logging_mixin.py:188} INFO - [2026-05-31T10:46:41.107+0000] {dagbag.py:545} INFO - Filling up the DagBag from /opt/airflow/dags/main.py
[2026-05-31T10:46:41.169+0000] {processor.py:840} INFO - DAG(s) 'produce_json', 'update_db' retrieved from /opt/airflow/dags/main.py
[2026-05-31T10:46:41.191+0000] {logging_mixin.py:188} INFO - [2026-05-31T10:46:41.191+0000] {dag.py:3096} INFO - Sync 2 DAGs
[2026-05-31T10:46:41.207+0000] {logging_mixin.py:188} INFO - [2026-05-31T10:46:41.207+0000] {dag.py:3954} INFO - Setting next_dagrun for produce_json to 2026-05-30 11:00:00+00:00, run_after=2026-05-31 11:00:00+00:00
[2026-05-31T10:46:41.211+0000] {logging_mixin.py:188} INFO - [2026-05-31T10:46:41.211+0000] {dag.py:3954} INFO - Setting next_dagrun for update_db to 2026-05-30 12:00:00+00:00, run_after=2026-05-31 12:00:00+00:00
[2026-05-31T10:46:41.224+0000] {processor.py:183} INFO - Processing /opt/airflow/dags/main.py took 0.123 seconds
[2026-05-31T10:47:11.553+0000] {processor.py:161} INFO - Started process (PID=394) to work on /opt/airflow/dags/main.py
[2026-05-31T10:47:11.554+0000] {processor.py:830} INFO - Processing file /opt/airflow/dags/main.py for tasks to queue
[2026-05-31T10:47:11.555+0000] {logging_mixin.py:188} INFO - [2026-05-31T10:47:11.555+0000] {dagbag.py:545} INFO - Filling up the DagBag from /opt/airflow/dags/main.py
[2026-05-31T10:47:11.636+0000] {processor.py:840} INFO - DAG(s) 'produce_json', 'update_db' retrieved from /opt/airflow/dags/main.py
[2026-05-31T10:47:11.662+0000] {logging_mixin.py:188} INFO - [2026-05-31T10:47:11.662+0000] {dag.py:3096} INFO - Sync 2 DAGs
[2026-05-31T10:47:11.679+0000] {logging_mixin.py:188} INFO - [2026-05-31T10:47:11.679+0000] {dag.py:3954} INFO - Setting next_dagrun for produce_json to 2026-05-30 11:00:00+00:00, run_after=2026-05-31 11:00:00+00:00
[2026-05-31T10:47:11.682+0000] {logging_mixin.py:188} INFO - [2026-05-31T10:47:11.682+0000] {dag.py:3954} INFO - Setting next_dagrun for update_db to 2026-05-30 12:00:00+00:00, run_after=2026-05-31 12:00:00+00:00
[2026-05-31T10:47:11.696+0000] {processor.py:183} INFO - Processing /opt/airflow/dags/main.py took 0.148 seconds
[2026-05-31T10:47:42.070+0000] {processor.py:161} INFO - Started process (PID=401) to work on /opt/airflow/dags/main.py
[2026-05-31T10:47:42.071+0000] {processor.py:830} INFO - Processing file /opt/airflow/dags/main.py for tasks to queue
[2026-05-31T10:47:42.072+0000] {logging_mixin.py:188} INFO - [2026-05-31T10:47:42.072+0000] {dagbag.py:545} INFO - Filling up the DagBag from /opt/airflow/dags/main.py
[2026-05-31T10:47:42.153+0000] {processor.py:840} INFO - DAG(s) 'produce_json', 'update_db' retrieved from /opt/airflow/dags/main.py
[2026-05-31T10:47:42.174+0000] {logging_mixin.py:188} INFO - [2026-05-31T10:47:42.174+0000] {dag.py:3096} INFO - Sync 2 DAGs
[2026-05-31T10:47:42.190+0000] {logging_mixin.py:188} INFO - [2026-05-31T10:47:42.189+0000] {dag.py:3954} INFO - Setting next_dagrun for produce_json to 2026-05-30 11:00:00+00:00, run_after=2026-05-31 11:00:00+00:00
[2026-05-31T10:47:42.193+0000] {logging_mixin.py:188} INFO - [2026-05-31T10:47:42.193+0000] {dag.py:3954} INFO - Setting next_dagrun for update_db to 2026-05-30 12:00:00+00:00, run_after=2026-05-31 12:00:00+00:00
[2026-05-31T10:47:42.208+0000] {processor.py:183} INFO - Processing /opt/airflow/dags/main.py took 0.143 seconds
[2026-05-31T10:48:12.523+0000] {processor.py:161} INFO - Started process (PID=408) to work on /opt/airflow/dags/main.py
[2026-05-31T10:48:12.524+0000] {processor.py:830} INFO - Processing file /opt/airflow/dags/main.py for tasks to queue
[2026-05-31T10:48:12.525+0000] {logging_mixin.py:188} INFO - [2026-05-31T10:48:12.525+0000] {dagbag.py:545} INFO - Filling up the DagBag from /opt/airflow/dags/main.py
[2026-05-31T10:48:12.598+0000] {processor.py:840} INFO - DAG(s) 'update_db', 'produce_json' retrieved from /opt/airflow/dags/main.py
[2026-05-31T10:48:12.622+0000] {logging_mixin.py:188} INFO - [2026-05-31T10:48:12.622+0000] {dag.py:3096} INFO - Sync 2 DAGs
[2026-05-31T10:48:12.637+0000] {logging_mixin.py:188} INFO - [2026-05-31T10:48:12.637+0000] {dag.py:3954} INFO - Setting next_dagrun for produce_json to 2026-05-30 11:00:00+00:00, run_after=2026-05-31 11:00:00+00:00
[2026-05-31T10:48:12.641+0000] {logging_mixin.py:188} INFO - [2026-05-31T10:48:12.641+0000] {dag.py:3954} INFO - Setting next_dagrun for update_db to 2026-05-30 12:00:00+00:00, run_after=2026-05-31 12:00:00+00:00
[2026-05-31T10:48:12.655+0000] {processor.py:183} INFO - Processing /opt/airflow/dags/main.py took 0.137 seconds
[2026-05-31T10:48:44.069+0000] {processor.py:161} INFO - Started process (PID=415) to work on /opt/airflow/dags/main.py
[2026-05-31T10:48:44.070+0000] {processor.py:830} INFO - Processing file /opt/airflow/dags/main.py for tasks to queue
[2026-05-31T10:48:44.071+0000] {logging_mixin.py:188} INFO - [2026-05-31T10:48:44.071+0000] {dagbag.py:545} INFO - Filling up the DagBag from /opt/airflow/dags/main.py
[2026-05-31T10:48:44.193+0000] {processor.py:840} INFO - DAG(s) 'produce_json', 'update_db' retrieved from /opt/airflow/dags/main.py
[2026-05-31T10:48:44.227+0000] {logging_mixin.py:188} INFO - [2026-05-31T10:48:44.227+0000] {dag.py:3096} INFO - Sync 2 DAGs
[2026-05-31T10:48:44.243+0000] {logging_mixin.py:188} INFO - [2026-05-31T10:48:44.243+0000] {dag.py:3954} INFO - Setting next_dagrun for produce_json to 2026-05-30 11:00:00+00:00, run_after=2026-05-31 11:00:00+00:00
[2026-05-31T10:48:44.247+0000] {logging_mixin.py:188} INFO - [2026-05-31T10:48:44.246+0000] {dag.py:3954} INFO - Setting next_dagrun for update_db to 2026-05-30 12:00:00+00:00, run_after=2026-05-31 12:00:00+00:00
[2026-05-31T10:48:44.262+0000] {processor.py:183} INFO - Processing /opt/airflow/dags/main.py took 0.198 seconds
[2026-05-31T10:49:14.446+0000] {processor.py:161} INFO - Started process (PID=422) to work on /opt/airflow/dags/main.py
[2026-05-31T10:49:14.446+0000] {processor.py:830} INFO - Processing file /opt/airflow/dags/main.py for tasks to queue
[2026-05-31T10:49:14.448+0000] {logging_mixin.py:188} INFO - [2026-05-31T10:49:14.448+0000] {dagbag.py:545} INFO - Filling up the DagBag from /opt/airflow/dags/main.py
[2026-05-31T10:49:14.523+0000] {processor.py:840} INFO - DAG(s) 'update_db', 'produce_json' retrieved from /opt/airflow/dags/main.py
[2026-05-31T10:49:14.544+0000] {logging_mixin.py:188} INFO - [2026-05-31T10:49:14.543+0000] {dag.py:3096} INFO - Sync 2 DAGs
[2026-05-31T10:49:14.557+0000] {logging_mixin.py:188} INFO - [2026-05-31T10:49:14.557+0000] {dag.py:3954} INFO - Setting next_dagrun for produce_json to 2026-05-30 11:00:00+00:00, run_after=2026-05-31 11:00:00+00:00
[2026-05-31T10:49:14.561+0000] {logging_mixin.py:188} INFO - [2026-05-31T10:49:14.561+0000] {dag.py:3954} INFO - Setting next_dagrun for update_db to 2026-05-30 12:00:00+00:00, run_after=2026-05-31 12:00:00+00:00
[2026-05-31T10:49:14.575+0000] {processor.py:183} INFO - Processing /opt/airflow/dags/main.py took 0.134 seconds
[2026-05-31T10:49:44.847+0000] {processor.py:161} INFO - Started process (PID=429) to work on /opt/airflow/dags/main.py
[2026-05-31T10:49:44.848+0000] {processor.py:830} INFO - Processing file /opt/airflow/dags/main.py for tasks to queue
[2026-05-31T10:49:44.849+0000] {logging_mixin.py:188} INFO - [2026-05-31T10:49:44.849+0000] {dagbag.py:545} INFO - Filling up the DagBag from /opt/airflow/dags/main.py
[2026-05-31T10:49:44.916+0000] {processor.py:840} INFO - DAG(s) 'update_db', 'produce_json' retrieved from /opt/airflow/dags/main.py
[2026-05-31T10:49:44.937+0000] {logging_mixin.py:188} INFO - [2026-05-31T10:49:44.936+0000] {dag.py:3096} INFO - Sync 2 DAGs
[2026-05-31T10:49:44.954+0000] {logging_mixin.py:188} INFO - [2026-05-31T10:49:44.953+0000] {dag.py:3954} INFO - Setting next_dagrun for produce_json to 2026-05-30 11:00:00+00:00, run_after=2026-05-31 11:00:00+00:00
[2026-05-31T10:49:44.958+0000] {logging_mixin.py:188} INFO - [2026-05-31T10:49:44.958+0000] {dag.py:3954} INFO - Setting next_dagrun for update_db to 2026-05-30 12:00:00+00:00, run_after=2026-05-31 12:00:00+00:00
[2026-05-31T10:49:44.976+0000] {processor.py:183} INFO - Processing /opt/airflow/dags/main.py took 0.134 seconds
[2026-05-31T10:50:15.445+0000] {processor.py:161} INFO - Started process (PID=436) to work on /opt/airflow/dags/main.py
[2026-05-31T10:50:15.446+0000] {processor.py:830} INFO - Processing file /opt/airflow/dags/main.py for tasks to queue
[2026-05-31T10:50:15.447+0000] {logging_mixin.py:188} INFO - [2026-05-31T10:50:15.447+0000] {dagbag.py:545} INFO - Filling up the DagBag from /opt/airflow/dags/main.py
[2026-05-31T10:50:15.512+0000] {processor.py:840} INFO - DAG(s) 'produce_json', 'update_db' retrieved from /opt/airflow/dags/main.py
[2026-05-31T10:50:15.532+0000] {logging_mixin.py:188} INFO - [2026-05-31T10:50:15.532+0000] {dag.py:3096} INFO - Sync 2 DAGs
[2026-05-31T10:50:15.547+0000] {logging_mixin.py:188} INFO - [2026-05-31T10:50:15.547+0000] {dag.py:3954} INFO - Setting next_dagrun for produce_json to 2026-05-30 11:00:00+00:00, run_after=2026-05-31 11:00:00+00:00
[2026-05-31T10:50:15.550+0000] {logging_mixin.py:188} INFO - [2026-05-31T10:50:15.550+0000] {dag.py:3954} INFO - Setting next_dagrun for update_db to 2026-05-30 12:00:00+00:00, run_after=2026-05-31 12:00:00+00:00
[2026-05-31T10:50:15.574+0000] {processor.py:183} INFO - Processing /opt/airflow/dags/main.py took 0.133 seconds
[2026-05-31T10:50:45.853+0000] {processor.py:161} INFO - Started process (PID=443) to work on /opt/airflow/dags/main.py
[2026-05-31T10:50:45.854+0000] {processor.py:830} INFO - Processing file /opt/airflow/dags/main.py for tasks to queue
[2026-05-31T10:50:45.855+0000] {logging_mixin.py:188} INFO - [2026-05-31T10:50:45.855+0000] {dagbag.py:545} INFO - Filling up the DagBag from /opt/airflow/dags/main.py
[2026-05-31T10:50:45.915+0000] {processor.py:840} INFO - DAG(s) 'produce_json', 'update_db' retrieved from /opt/airflow/dags/main.py
[2026-05-31T10:50:45.937+0000] {logging_mixin.py:188} INFO - [2026-05-31T10:50:45.937+0000] {dag.py:3096} INFO - Sync 2 DAGs
[2026-05-31T10:50:45.953+0000] {logging_mixin.py:188} INFO - [2026-05-31T10:50:45.953+0000] {dag.py:3954} INFO - Setting next_dagrun for produce_json to 2026-05-30 11:00:00+00:00, run_after=2026-05-31 11:00:00+00:00
[2026-05-31T10:50:45.957+0000] {logging_mixin.py:188} INFO - [2026-05-31T10:50:45.957+0000] {dag.py:3954} INFO - Setting next_dagrun for update_db to 2026-05-30 12:00:00+00:00, run_after=2026-05-31 12:00:00+00:00
[2026-05-31T10:50:45.978+0000] {processor.py:183} INFO - Processing /opt/airflow/dags/main.py took 0.130 seconds
[2026-05-31T10:51:16.477+0000] {processor.py:161} INFO - Started process (PID=450) to work on /opt/airflow/dags/main.py
[2026-05-31T10:51:16.478+0000] {processor.py:830} INFO - Processing file /opt/airflow/dags/main.py for tasks to queue
[2026-05-31T10:51:16.480+0000] {logging_mixin.py:188} INFO - [2026-05-31T10:51:16.480+0000] {dagbag.py:545} INFO - Filling up the DagBag from /opt/airflow/dags/main.py
[2026-05-31T10:51:16.556+0000] {processor.py:840} INFO - DAG(s) 'produce_json', 'update_db' retrieved from /opt/airflow/dags/main.py
[2026-05-31T10:51:16.585+0000] {logging_mixin.py:188} INFO - [2026-05-31T10:51:16.585+0000] {dag.py:3096} INFO - Sync 2 DAGs
[2026-05-31T10:51:16.603+0000] {logging_mixin.py:188} INFO - [2026-05-31T10:51:16.603+0000] {dag.py:3954} INFO - Setting next_dagrun for produce_json to 2026-05-30 11:00:00+00:00, run_after=2026-05-31 11:00:00+00:00
[2026-05-31T10:51:16.607+0000] {logging_mixin.py:188} INFO - [2026-05-31T10:51:16.607+0000] {dag.py:3954} INFO - Setting next_dagrun for update_db to 2026-05-30 12:00:00+00:00, run_after=2026-05-31 12:00:00+00:00
[2026-05-31T10:51:16.620+0000] {processor.py:183} INFO - Processing /opt/airflow/dags/main.py took 0.155 seconds
[2026-05-31T10:51:46.898+0000] {processor.py:161} INFO - Started process (PID=457) to work on /opt/airflow/dags/main.py
[2026-05-31T10:51:46.899+0000] {processor.py:830} INFO - Processing file /opt/airflow/dags/main.py for tasks to queue
[2026-05-31T10:51:46.900+0000] {logging_mixin.py:188} INFO - [2026-05-31T10:51:46.900+0000] {dagbag.py:545} INFO - Filling up the DagBag from /opt/airflow/dags/main.py
[2026-05-31T10:51:46.963+0000] {processor.py:840} INFO - DAG(s) 'update_db', 'produce_json' retrieved from /opt/airflow/dags/main.py
[2026-05-31T10:51:46.987+0000] {logging_mixin.py:188} INFO - [2026-05-31T10:51:46.986+0000] {dag.py:3096} INFO - Sync 2 DAGs
[2026-05-31T10:51:47.003+0000] {logging_mixin.py:188} INFO - [2026-05-31T10:51:47.003+0000] {dag.py:3954} INFO - Setting next_dagrun for produce_json to 2026-05-30 11:00:00+00:00, run_after=2026-05-31 11:00:00+00:00
[2026-05-31T10:51:47.007+0000] {logging_mixin.py:188} INFO - [2026-05-31T10:51:47.007+0000] {dag.py:3954} INFO - Setting next_dagrun for update_db to 2026-05-30 12:00:00+00:00, run_after=2026-05-31 12:00:00+00:00
[2026-05-31T10:51:47.030+0000] {processor.py:183} INFO - Processing /opt/airflow/dags/main.py took 0.138 seconds
[2026-05-31T10:52:17.451+0000] {processor.py:161} INFO - Started process (PID=464) to work on /opt/airflow/dags/main.py
[2026-05-31T10:52:17.452+0000] {processor.py:830} INFO - Processing file /opt/airflow/dags/main.py for tasks to queue
[2026-05-31T10:52:17.454+0000] {logging_mixin.py:188} INFO - [2026-05-31T10:52:17.453+0000] {dagbag.py:545} INFO - Filling up the DagBag from /opt/airflow/dags/main.py
[2026-05-31T10:52:17.519+0000] {processor.py:840} INFO - DAG(s) 'update_db', 'produce_json' retrieved from /opt/airflow/dags/main.py
[2026-05-31T10:52:17.542+0000] {logging_mixin.py:188} INFO - [2026-05-31T10:52:17.541+0000] {dag.py:3096} INFO - Sync 2 DAGs
[2026-05-31T10:52:17.559+0000] {logging_mixin.py:188} INFO - [2026-05-31T10:52:17.559+0000] {dag.py:3954} INFO - Setting next_dagrun for produce_json to 2026-05-30 11:00:00+00:00, run_after=2026-05-31 11:00:00+00:00
[2026-05-31T10:52:17.562+0000] {logging_mixin.py:188} INFO - [2026-05-31T10:52:17.562+0000] {dag.py:3954} INFO - Setting next_dagrun for update_db to 2026-05-30 12:00:00+00:00, run_after=2026-05-31 12:00:00+00:00
[2026-05-31T10:52:17.578+0000] {processor.py:183} INFO - Processing /opt/airflow/dags/main.py took 0.131 seconds
[2026-05-31T10:52:47.859+0000] {processor.py:161} INFO - Started process (PID=471) to work on /opt/airflow/dags/main.py
[2026-05-31T10:52:47.860+0000] {processor.py:830} INFO - Processing file /opt/airflow/dags/main.py for tasks to queue
[2026-05-31T10:52:47.861+0000] {logging_mixin.py:188} INFO - [2026-05-31T10:52:47.861+0000] {dagbag.py:545} INFO - Filling up the DagBag from /opt/airflow/dags/main.py
[2026-05-31T10:52:47.938+0000] {processor.py:840} INFO - DAG(s) 'produce_json', 'update_db' retrieved from /opt/airflow/dags/main.py
[2026-05-31T10:52:47.963+0000] {logging_mixin.py:188} INFO - [2026-05-31T10:52:47.963+0000] {dag.py:3096} INFO - Sync 2 DAGs
[2026-05-31T10:52:47.978+0000] {logging_mixin.py:188} INFO - [2026-05-31T10:52:47.977+0000] {dag.py:3954} INFO - Setting next_dagrun for produce_json to 2026-05-30 11:00:00+00:00, run_after=2026-05-31 11:00:00+00:00
[2026-05-31T10:52:47.981+0000] {logging_mixin.py:188} INFO - [2026-05-31T10:52:47.981+0000] {dag.py:3954} INFO - Setting next_dagrun for update_db to 2026-05-30 12:00:00+00:00, run_after=2026-05-31 12:00:00+00:00
[2026-05-31T10:52:47.994+0000] {processor.py:183} INFO - Processing /opt/airflow/dags/main.py took 0.140 seconds
[2026-05-31T10:53:20.436+0000] {processor.py:161} INFO - Started process (PID=478) to work on /opt/airflow/dags/main.py
[2026-05-31T10:53:20.437+0000] {processor.py:830} INFO - Processing file /opt/airflow/dags/main.py for tasks to queue
[2026-05-31T10:53:20.439+0000] {logging_mixin.py:188} INFO - [2026-05-31T10:53:20.438+0000] {dagbag.py:545} INFO - Filling up the DagBag from /opt/airflow/dags/main.py
[2026-05-31T10:53:20.502+0000] {processor.py:840} INFO - DAG(s) 'produce_json', 'update_db' retrieved from /opt/airflow/dags/main.py
[2026-05-31T10:53:20.524+0000] {logging_mixin.py:188} INFO - [2026-05-31T10:53:20.524+0000] {dag.py:3096} INFO - Sync 2 DAGs
[2026-05-31T10:53:20.540+0000] {logging_mixin.py:188} INFO - [2026-05-31T10:53:20.540+0000] {dag.py:3954} INFO - Setting next_dagrun for produce_json to 2026-05-30 11:00:00+00:00, run_after=2026-05-31 11:00:00+00:00
[2026-05-31T10:53:20.543+0000] {logging_mixin.py:188} INFO - [2026-05-31T10:53:20.543+0000] {dag.py:3954} INFO - Setting next_dagrun for update_db to 2026-05-30 12:00:00+00:00, run_after=2026-05-31 12:00:00+00:00
[2026-05-31T10:53:20.565+0000] {processor.py:183} INFO - Processing /opt/airflow/dags/main.py took 0.134 seconds
[2026-05-31T10:53:50.601+0000] {processor.py:161} INFO - Started process (PID=485) to work on /opt/airflow/dags/main.py
[2026-05-31T10:53:50.602+0000] {processor.py:830} INFO - Processing file /opt/airflow/dags/main.py for tasks to queue
[2026-05-31T10:53:50.603+0000] {logging_mixin.py:188} INFO - [2026-05-31T10:53:50.603+0000] {dagbag.py:545} INFO - Filling up the DagBag from /opt/airflow/dags/main.py
[2026-05-31T10:53:50.667+0000] {processor.py:840} INFO - DAG(s) 'produce_json', 'update_db' retrieved from /opt/airflow/dags/main.py
[2026-05-31T10:53:50.691+0000] {logging_mixin.py:188} INFO - [2026-05-31T10:53:50.691+0000] {dag.py:3096} INFO - Sync 2 DAGs
[2026-05-31T10:53:50.708+0000] {logging_mixin.py:188} INFO - [2026-05-31T10:53:50.708+0000] {dag.py:3954} INFO - Setting next_dagrun for produce_json to 2026-05-30 11:00:00+00:00, run_after=2026-05-31 11:00:00+00:00
[2026-05-31T10:53:50.712+0000] {logging_mixin.py:188} INFO - [2026-05-31T10:53:50.712+0000] {dag.py:3954} INFO - Setting next_dagrun for update_db to 2026-05-30 12:00:00+00:00, run_after=2026-05-31 12:00:00+00:00
[2026-05-31T10:53:50.735+0000] {processor.py:183} INFO - Processing /opt/airflow/dags/main.py took 0.140 seconds
[2026-05-31T10:54:21.167+0000] {processor.py:161} INFO - Started process (PID=492) to work on /opt/airflow/dags/main.py
[2026-05-31T10:54:21.168+0000] {processor.py:830} INFO - Processing file /opt/airflow/dags/main.py for tasks to queue
[2026-05-31T10:54:21.170+0000] {logging_mixin.py:188} INFO - [2026-05-31T10:54:21.169+0000] {dagbag.py:545} INFO - Filling up the DagBag from /opt/airflow/dags/main.py
[2026-05-31T10:54:21.228+0000] {processor.py:840} INFO - DAG(s) 'update_db', 'produce_json' retrieved from /opt/airflow/dags/main.py
[2026-05-31T10:54:21.252+0000] {logging_mixin.py:188} INFO - [2026-05-31T10:54:21.251+0000] {dag.py:3096} INFO - Sync 2 DAGs
[2026-05-31T10:54:21.267+0000] {logging_mixin.py:188} INFO - [2026-05-31T10:54:21.267+0000] {dag.py:3954} INFO - Setting next_dagrun for produce_json to 2026-05-30 11:00:00+00:00, run_after=2026-05-31 11:00:00+00:00
[2026-05-31T10:54:21.272+0000] {logging_mixin.py:188} INFO - [2026-05-31T10:54:21.272+0000] {dag.py:3954} INFO - Setting next_dagrun for update_db to 2026-05-30 12:00:00+00:00, run_after=2026-05-31 12:00:00+00:00
[2026-05-31T10:54:21.294+0000] {processor.py:183} INFO - Processing /opt/airflow/dags/main.py took 0.131 seconds
[2026-05-31T10:54:51.609+0000] {processor.py:161} INFO - Started process (PID=499) to work on /opt/airflow/dags/main.py
[2026-05-31T10:54:51.610+0000] {processor.py:830} INFO - Processing file /opt/airflow/dags/main.py for tasks to queue
[2026-05-31T10:54:51.612+0000] {logging_mixin.py:188} INFO - [2026-05-31T10:54:51.611+0000] {dagbag.py:545} INFO - Filling up the DagBag from /opt/airflow/dags/main.py
[2026-05-31T10:54:51.676+0000] {processor.py:840} INFO - DAG(s) 'produce_json', 'update_db' retrieved from /opt/airflow/dags/main.py
[2026-05-31T10:54:51.701+0000] {logging_mixin.py:188} INFO - [2026-05-31T10:54:51.701+0000] {dag.py:3096} INFO - Sync 2 DAGs
[2026-05-31T10:54:51.716+0000] {logging_mixin.py:188} INFO - [2026-05-31T10:54:51.716+0000] {dag.py:3954} INFO - Setting next_dagrun for produce_json to 2026-05-30 11:00:00+00:00, run_after=2026-05-31 11:00:00+00:00
[2026-05-31T10:54:51.720+0000] {logging_mixin.py:188} INFO - [2026-05-31T10:54:51.720+0000] {dag.py:3954} INFO - Setting next_dagrun for update_db to 2026-05-30 12:00:00+00:00, run_after=2026-05-31 12:00:00+00:00
[2026-05-31T10:54:51.734+0000] {processor.py:183} INFO - Processing /opt/airflow/dags/main.py took 0.130 seconds
[2026-05-31T10:55:22.352+0000] {processor.py:161} INFO - Started process (PID=506) to work on /opt/airflow/dags/main.py
[2026-05-31T10:55:22.352+0000] {processor.py:830} INFO - Processing file /opt/airflow/dags/main.py for tasks to queue
[2026-05-31T10:55:22.354+0000] {logging_mixin.py:188} INFO - [2026-05-31T10:55:22.354+0000] {dagbag.py:545} INFO - Filling up the DagBag from /opt/airflow/dags/main.py
[2026-05-31T10:55:22.413+0000] {processor.py:840} INFO - DAG(s) 'update_db', 'produce_json' retrieved from /opt/airflow/dags/main.py
[2026-05-31T10:55:22.437+0000] {logging_mixin.py:188} INFO - [2026-05-31T10:55:22.437+0000] {dag.py:3096} INFO - Sync 2 DAGs
[2026-05-31T10:55:22.452+0000] {logging_mixin.py:188} INFO - [2026-05-31T10:55:22.452+0000] {dag.py:3954} INFO - Setting next_dagrun for produce_json to 2026-05-30 11:00:00+00:00, run_after=2026-05-31 11:00:00+00:00
[2026-05-31T10:55:22.456+0000] {logging_mixin.py:188} INFO - [2026-05-31T10:55:22.456+0000] {dag.py:3954} INFO - Setting next_dagrun for update_db to 2026-05-30 12:00:00+00:00, run_after=2026-05-31 12:00:00+00:00
[2026-05-31T10:55:22.479+0000] {processor.py:183} INFO - Processing /opt/airflow/dags/main.py took 0.131 seconds
[2026-05-31T10:55:53.136+0000] {processor.py:161} INFO - Started process (PID=507) to work on /opt/airflow/dags/main.py
[2026-05-31T10:55:53.137+0000] {processor.py:830} INFO - Processing file /opt/airflow/dags/main.py for tasks to queue
[2026-05-31T10:55:53.139+0000] {logging_mixin.py:188} INFO - [2026-05-31T10:55:53.138+0000] {dagbag.py:545} INFO - Filling up the DagBag from /opt/airflow/dags/main.py
[2026-05-31T10:55:53.200+0000] {processor.py:840} INFO - DAG(s) 'produce_json', 'update_db' retrieved from /opt/airflow/dags/main.py
[2026-05-31T10:55:53.226+0000] {logging_mixin.py:188} INFO - [2026-05-31T10:55:53.226+0000] {dag.py:3096} INFO - Sync 2 DAGs
[2026-05-31T10:55:53.245+0000] {logging_mixin.py:188} INFO - [2026-05-31T10:55:53.244+0000] {dag.py:3954} INFO - Setting next_dagrun for produce_json to 2026-05-30 11:00:00+00:00, run_after=2026-05-31 11:00:00+00:00
[2026-05-31T10:55:53.249+0000] {logging_mixin.py:188} INFO - [2026-05-31T10:55:53.249+0000] {dag.py:3954} INFO - Setting next_dagrun for update_db to 2026-05-30 12:00:00+00:00, run_after=2026-05-31 12:00:00+00:00
[2026-05-31T10:55:53.271+0000] {processor.py:183} INFO - Processing /opt/airflow/dags/main.py took 0.139 seconds
[2026-05-31T10:56:23.909+0000] {processor.py:161} INFO - Started process (PID=514) to work on /opt/airflow/dags/main.py
[2026-05-31T10:56:23.910+0000] {processor.py:830} INFO - Processing file /opt/airflow/dags/main.py for tasks to queue
[2026-05-31T10:56:23.911+0000] {logging_mixin.py:188} INFO - [2026-05-31T10:56:23.911+0000] {dagbag.py:545} INFO - Filling up the DagBag from /opt/airflow/dags/main.py
[2026-05-31T10:56:23.963+0000] {processor.py:840} INFO - DAG(s) 'update_db', 'produce_json' retrieved from /opt/airflow/dags/main.py
[2026-05-31T10:56:23.981+0000] {logging_mixin.py:188} INFO - [2026-05-31T10:56:23.981+0000] {dag.py:3096} INFO - Sync 2 DAGs
[2026-05-31T10:56:23.996+0000] {logging_mixin.py:188} INFO - [2026-05-31T10:56:23.996+0000] {dag.py:3954} INFO - Setting next_dagrun for produce_json to 2026-05-30 11:00:00+00:00, run_after=2026-05-31 11:00:00+00:00
[2026-05-31T10:56:23.999+0000] {logging_mixin.py:188} INFO - [2026-05-31T10:56:23.999+0000] {dag.py:3954} INFO - Setting next_dagrun for update_db to 2026-05-30 12:00:00+00:00, run_after=2026-05-31 12:00:00+00:00
[2026-05-31T10:56:24.022+0000] {processor.py:183} INFO - Processing /opt/airflow/dags/main.py took 0.117 seconds
[2026-05-31T10:56:54.672+0000] {processor.py:161} INFO - Started process (PID=521) to work on /opt/airflow/dags/main.py
[2026-05-31T10:56:54.673+0000] {processor.py:830} INFO - Processing file /opt/airflow/dags/main.py for tasks to queue
[2026-05-31T10:56:54.674+0000] {logging_mixin.py:188} INFO - [2026-05-31T10:56:54.674+0000] {dagbag.py:545} INFO - Filling up the DagBag from /opt/airflow/dags/main.py
[2026-05-31T10:56:54.738+0000] {processor.py:840} INFO - DAG(s) 'update_db', 'produce_json' retrieved from /opt/airflow/dags/main.py
[2026-05-31T10:56:54.758+0000] {logging_mixin.py:188} INFO - [2026-05-31T10:56:54.758+0000] {dag.py:3096} INFO - Sync 2 DAGs
[2026-05-31T10:56:54.776+0000] {logging_mixin.py:188} INFO - [2026-05-31T10:56:54.775+0000] {dag.py:3954} INFO - Setting next_dagrun for produce_json to 2026-05-30 11:00:00+00:00, run_after=2026-05-31 11:00:00+00:00
[2026-05-31T10:56:54.779+0000] {logging_mixin.py:188} INFO - [2026-05-31T10:56:54.779+0000] {dag.py:3954} INFO - Setting next_dagrun for update_db to 2026-05-30 12:00:00+00:00, run_after=2026-05-31 12:00:00+00:00
[2026-05-31T10:56:54.800+0000] {processor.py:183} INFO - Processing /opt/airflow/dags/main.py took 0.133 seconds
[2026-05-31T10:57:25.438+0000] {processor.py:161} INFO - Started process (PID=528) to work on /opt/airflow/dags/main.py
[2026-05-31T10:57:25.439+0000] {processor.py:830} INFO - Processing file /opt/airflow/dags/main.py for tasks to queue
[2026-05-31T10:57:25.440+0000] {logging_mixin.py:188} INFO - [2026-05-31T10:57:25.440+0000] {dagbag.py:545} INFO - Filling up the DagBag from /opt/airflow/dags/main.py
[2026-05-31T10:57:25.500+0000] {processor.py:840} INFO - DAG(s) 'update_db', 'produce_json' retrieved from /opt/airflow/dags/main.py
[2026-05-31T10:57:25.525+0000] {logging_mixin.py:188} INFO - [2026-05-31T10:57:25.525+0000] {dag.py:3096} INFO - Sync 2 DAGs
[2026-05-31T10:57:25.541+0000] {logging_mixin.py:188} INFO - [2026-05-31T10:57:25.540+0000] {dag.py:3954} INFO - Setting next_dagrun for produce_json to 2026-05-30 11:00:00+00:00, run_after=2026-05-31 11:00:00+00:00
[2026-05-31T10:57:25.544+0000] {logging_mixin.py:188} INFO - [2026-05-31T10:57:25.544+0000] {dag.py:3954} INFO - Setting next_dagrun for update_db to 2026-05-30 12:00:00+00:00, run_after=2026-05-31 12:00:00+00:00
[2026-05-31T10:57:25.560+0000] {processor.py:183} INFO - Processing /opt/airflow/dags/main.py took 0.126 seconds
[2026-05-31T10:57:58.299+0000] {processor.py:161} INFO - Started process (PID=535) to work on /opt/airflow/dags/main.py
[2026-05-31T10:57:58.300+0000] {processor.py:830} INFO - Processing file /opt/airflow/dags/main.py for tasks to queue
[2026-05-31T10:57:58.301+0000] {logging_mixin.py:188} INFO - [2026-05-31T10:57:58.301+0000] {dagbag.py:545} INFO - Filling up the DagBag from /opt/airflow/dags/main.py
[2026-05-31T10:57:58.361+0000] {processor.py:840} INFO - DAG(s) 'update_db', 'produce_json' retrieved from /opt/airflow/dags/main.py
[2026-05-31T10:57:58.384+0000] {logging_mixin.py:188} INFO - [2026-05-31T10:57:58.384+0000] {dag.py:3096} INFO - Sync 2 DAGs
[2026-05-31T10:57:58.402+0000] {logging_mixin.py:188} INFO - [2026-05-31T10:57:58.402+0000] {dag.py:3954} INFO - Setting next_dagrun for produce_json to 2026-05-30 11:00:00+00:00, run_after=2026-05-31 11:00:00+00:00
[2026-05-31T10:57:58.406+0000] {logging_mixin.py:188} INFO - [2026-05-31T10:57:58.406+0000] {dag.py:3954} INFO - Setting next_dagrun for update_db to 2026-05-30 12:00:00+00:00, run_after=2026-05-31 12:00:00+00:00
[2026-05-31T10:57:58.430+0000] {processor.py:183} INFO - Processing /opt/airflow/dags/main.py took 0.135 seconds
[2026-05-31T10:58:28.555+0000] {processor.py:161} INFO - Started process (PID=542) to work on /opt/airflow/dags/main.py
[2026-05-31T10:58:28.556+0000] {processor.py:830} INFO - Processing file /opt/airflow/dags/main.py for tasks to queue
[2026-05-31T10:58:28.558+0000] {logging_mixin.py:188} INFO - [2026-05-31T10:58:28.557+0000] {dagbag.py:545} INFO - Filling up the DagBag from /opt/airflow/dags/main.py
[2026-05-31T10:58:28.619+0000] {processor.py:840} INFO - DAG(s) 'update_db', 'produce_json' retrieved from /opt/airflow/dags/main.py
[2026-05-31T10:58:28.638+0000] {logging_mixin.py:188} INFO - [2026-05-31T10:58:28.638+0000] {dag.py:3096} INFO - Sync 2 DAGs
[2026-05-31T10:58:28.653+0000] {logging_mixin.py:188} INFO - [2026-05-31T10:58:28.653+0000] {dag.py:3954} INFO - Setting next_dagrun for produce_json to 2026-05-30 11:00:00+00:00, run_after=2026-05-31 11:00:00+00:00
[2026-05-31T10:58:28.657+0000] {logging_mixin.py:188} INFO - [2026-05-31T10:58:28.657+0000] {dag.py:3954} INFO - Setting next_dagrun for update_db to 2026-05-30 12:00:00+00:00, run_after=2026-05-31 12:00:00+00:00
[2026-05-31T10:58:28.681+0000] {processor.py:183} INFO - Processing /opt/airflow/dags/main.py took 0.130 seconds
[2026-05-31T10:58:59.335+0000] {processor.py:161} INFO - Started process (PID=549) to work on /opt/airflow/dags/main.py
[2026-05-31T10:58:59.336+0000] {processor.py:830} INFO - Processing file /opt/airflow/dags/main.py for tasks to queue
[2026-05-31T10:58:59.337+0000] {logging_mixin.py:188} INFO - [2026-05-31T10:58:59.337+0000] {dagbag.py:545} INFO - Filling up the DagBag from /opt/airflow/dags/main.py
[2026-05-31T10:58:59.398+0000] {processor.py:840} INFO - DAG(s) 'update_db', 'produce_json' retrieved from /opt/airflow/dags/main.py
[2026-05-31T10:58:59.418+0000] {logging_mixin.py:188} INFO - [2026-05-31T10:58:59.418+0000] {dag.py:3096} INFO - Sync 2 DAGs
[2026-05-31T10:58:59.432+0000] {logging_mixin.py:188} INFO - [2026-05-31T10:58:59.432+0000] {dag.py:3954} INFO - Setting next_dagrun for produce_json to 2026-05-30 11:00:00+00:00, run_after=2026-05-31 11:00:00+00:00
[2026-05-31T10:58:59.436+0000] {logging_mixin.py:188} INFO - [2026-05-31T10:58:59.435+0000] {dag.py:3954} INFO - Setting next_dagrun for update_db to 2026-05-30 12:00:00+00:00, run_after=2026-05-31 12:00:00+00:00
[2026-05-31T10:58:59.452+0000] {processor.py:183} INFO - Processing /opt/airflow/dags/main.py took 0.122 seconds
[2026-05-31T10:59:30.084+0000] {processor.py:161} INFO - Started process (PID=556) to work on /opt/airflow/dags/main.py
[2026-05-31T10:59:30.085+0000] {processor.py:830} INFO - Processing file /opt/airflow/dags/main.py for tasks to queue
[2026-05-31T10:59:30.086+0000] {logging_mixin.py:188} INFO - [2026-05-31T10:59:30.086+0000] {dagbag.py:545} INFO - Filling up the DagBag from /opt/airflow/dags/main.py
[2026-05-31T10:59:30.164+0000] {processor.py:840} INFO - DAG(s) 'update_db', 'produce_json' retrieved from /opt/airflow/dags/main.py
[2026-05-31T10:59:30.188+0000] {logging_mixin.py:188} INFO - [2026-05-31T10:59:30.188+0000] {dag.py:3096} INFO - Sync 2 DAGs
[2026-05-31T10:59:30.203+0000] {logging_mixin.py:188} INFO - [2026-05-31T10:59:30.203+0000] {dag.py:3954} INFO - Setting next_dagrun for produce_json to 2026-05-30 11:00:00+00:00, run_after=2026-05-31 11:00:00+00:00
[2026-05-31T10:59:30.207+0000] {logging_mixin.py:188} INFO - [2026-05-31T10:59:30.206+0000] {dag.py:3954} INFO - Setting next_dagrun for update_db to 2026-05-30 12:00:00+00:00, run_after=2026-05-31 12:00:00+00:00
[2026-05-31T10:59:30.221+0000] {processor.py:183} INFO - Processing /opt/airflow/dags/main.py took 0.141 seconds
[2026-05-31T11:00:00.800+0000] {processor.py:161} INFO - Started process (PID=563) to work on /opt/airflow/dags/main.py
[2026-05-31T11:00:00.801+0000] {processor.py:830} INFO - Processing file /opt/airflow/dags/main.py for tasks to queue
[2026-05-31T11:00:00.802+0000] {logging_mixin.py:188} INFO - [2026-05-31T11:00:00.802+0000] {dagbag.py:545} INFO - Filling up the DagBag from /opt/airflow/dags/main.py
[2026-05-31T11:00:00.867+0000] {processor.py:840} INFO - DAG(s) 'update_db', 'produce_json' retrieved from /opt/airflow/dags/main.py
[2026-05-31T11:00:00.889+0000] {logging_mixin.py:188} INFO - [2026-05-31T11:00:00.889+0000] {dag.py:3096} INFO - Sync 2 DAGs
[2026-05-31T11:00:00.907+0000] {logging_mixin.py:188} INFO - [2026-05-31T11:00:00.907+0000] {dag.py:3954} INFO - Setting next_dagrun for produce_json to 2026-05-31 11:00:00+00:00, run_after=2026-06-01 11:00:00+00:00
[2026-05-31T11:00:00.910+0000] {logging_mixin.py:188} INFO - [2026-05-31T11:00:00.910+0000] {dag.py:3954} INFO - Setting next_dagrun for update_db to 2026-05-30 12:00:00+00:00, run_after=2026-05-31 12:00:00+00:00
[2026-05-31T11:00:00.924+0000] {processor.py:183} INFO - Processing /opt/airflow/dags/main.py took 0.129 seconds
[2026-05-31T11:00:31.573+0000] {processor.py:161} INFO - Started process (PID=570) to work on /opt/airflow/dags/main.py
[2026-05-31T11:00:31.574+0000] {processor.py:830} INFO - Processing file /opt/airflow/dags/main.py for tasks to queue
[2026-05-31T11:00:31.575+0000] {logging_mixin.py:188} INFO - [2026-05-31T11:00:31.575+0000] {dagbag.py:545} INFO - Filling up the DagBag from /opt/airflow/dags/main.py
[2026-05-31T11:00:31.632+0000] {processor.py:840} INFO - DAG(s) 'produce_json', 'update_db' retrieved from /opt/airflow/dags/main.py
[2026-05-31T11:00:31.660+0000] {logging_mixin.py:188} INFO - [2026-05-31T11:00:31.660+0000] {dag.py:3096} INFO - Sync 2 DAGs
[2026-05-31T11:00:31.676+0000] {logging_mixin.py:188} INFO - [2026-05-31T11:00:31.676+0000] {dag.py:3954} INFO - Setting next_dagrun for produce_json to 2026-05-31 11:00:00+00:00, run_after=2026-06-01 11:00:00+00:00
[2026-05-31T11:00:31.679+0000] {logging_mixin.py:188} INFO - [2026-05-31T11:00:31.679+0000] {dag.py:3954} INFO - Setting next_dagrun for update_db to 2026-05-30 12:00:00+00:00, run_after=2026-05-31 12:00:00+00:00
[2026-05-31T11:00:31.693+0000] {processor.py:183} INFO - Processing /opt/airflow/dags/main.py took 0.125 seconds
[2026-05-31T11:01:02.266+0000] {processor.py:161} INFO - Started process (PID=577) to work on /opt/airflow/dags/main.py
[2026-05-31T11:01:02.267+0000] {processor.py:830} INFO - Processing file /opt/airflow/dags/main.py for tasks to queue
[2026-05-31T11:01:02.269+0000] {logging_mixin.py:188} INFO - [2026-05-31T11:01:02.268+0000] {dagbag.py:545} INFO - Filling up the DagBag from /opt/airflow/dags/main.py
[2026-05-31T11:01:02.348+0000] {processor.py:840} INFO - DAG(s) 'update_db', 'produce_json' retrieved from /opt/airflow/dags/main.py
[2026-05-31T11:01:02.374+0000] {logging_mixin.py:188} INFO - [2026-05-31T11:01:02.374+0000] {dag.py:3096} INFO - Sync 2 DAGs
[2026-05-31T11:01:02.388+0000] {logging_mixin.py:188} INFO - [2026-05-31T11:01:02.388+0000] {dag.py:3954} INFO - Setting next_dagrun for produce_json to 2026-05-31 11:00:00+00:00, run_after=2026-06-01 11:00:00+00:00
[2026-05-31T11:01:02.391+0000] {logging_mixin.py:188} INFO - [2026-05-31T11:01:02.391+0000] {dag.py:3954} INFO - Setting next_dagrun for update_db to 2026-05-30 12:00:00+00:00, run_after=2026-05-31 12:00:00+00:00
[2026-05-31T11:01:02.404+0000] {processor.py:183} INFO - Processing /opt/airflow/dags/main.py took 0.145 seconds
[2026-05-31T11:01:33.131+0000] {processor.py:161} INFO - Started process (PID=584) to work on /opt/airflow/dags/main.py
[2026-05-31T11:01:33.132+0000] {processor.py:830} INFO - Processing file /opt/airflow/dags/main.py for tasks to queue
[2026-05-31T11:01:33.134+0000] {logging_mixin.py:188} INFO - [2026-05-31T11:01:33.134+0000] {dagbag.py:545} INFO - Filling up the DagBag from /opt/airflow/dags/main.py
[2026-05-31T11:01:33.197+0000] {processor.py:840} INFO - DAG(s) 'produce_json', 'update_db' retrieved from /opt/airflow/dags/main.py
[2026-05-31T11:01:33.220+0000] {logging_mixin.py:188} INFO - [2026-05-31T11:01:33.220+0000] {dag.py:3096} INFO - Sync 2 DAGs
[2026-05-31T11:01:33.237+0000] {logging_mixin.py:188} INFO - [2026-05-31T11:01:33.237+0000] {dag.py:3954} INFO - Setting next_dagrun for produce_json to 2026-05-31 11:00:00+00:00, run_after=2026-06-01 11:00:00+00:00
[2026-05-31T11:01:33.241+0000] {logging_mixin.py:188} INFO - [2026-05-31T11:01:33.241+0000] {dag.py:3954} INFO - Setting next_dagrun for update_db to 2026-05-30 12:00:00+00:00, run_after=2026-05-31 12:00:00+00:00
[2026-05-31T11:01:33.262+0000] {processor.py:183} INFO - Processing /opt/airflow/dags/main.py took 0.136 seconds
[2026-05-31T11:02:03.810+0000] {processor.py:161} INFO - Started process (PID=591) to work on /opt/airflow/dags/main.py
[2026-05-31T11:02:03.811+0000] {processor.py:830} INFO - Processing file /opt/airflow/dags/main.py for tasks to queue
[2026-05-31T11:02:03.813+0000] {logging_mixin.py:188} INFO - [2026-05-31T11:02:03.813+0000] {dagbag.py:545} INFO - Filling up the DagBag from /opt/airflow/dags/main.py
[2026-05-31T11:02:03.879+0000] {processor.py:840} INFO - DAG(s) 'update_db', 'produce_json' retrieved from /opt/airflow/dags/main.py
[2026-05-31T11:02:03.902+0000] {logging_mixin.py:188} INFO - [2026-05-31T11:02:03.902+0000] {dag.py:3096} INFO - Sync 2 DAGs
[2026-05-31T11:02:03.918+0000] {logging_mixin.py:188} INFO - [2026-05-31T11:02:03.918+0000] {dag.py:3954} INFO - Setting next_dagrun for produce_json to 2026-05-31 11:00:00+00:00, run_after=2026-06-01 11:00:00+00:00
[2026-05-31T11:02:03.922+0000] {logging_mixin.py:188} INFO - [2026-05-31T11:02:03.922+0000] {dag.py:3954} INFO - Setting next_dagrun for update_db to 2026-05-30 12:00:00+00:00, run_after=2026-05-31 12:00:00+00:00
[2026-05-31T11:02:03.935+0000] {processor.py:183} INFO - Processing /opt/airflow/dags/main.py took 0.130 seconds
[2026-05-31T11:02:36.545+0000] {processor.py:161} INFO - Started process (PID=598) to work on /opt/airflow/dags/main.py
[2026-05-31T11:02:36.545+0000] {processor.py:830} INFO - Processing file /opt/airflow/dags/main.py for tasks to queue
[2026-05-31T11:02:36.547+0000] {logging_mixin.py:188} INFO - [2026-05-31T11:02:36.546+0000] {dagbag.py:545} INFO - Filling up the DagBag from /opt/airflow/dags/main.py
[2026-05-31T11:02:36.602+0000] {processor.py:840} INFO - DAG(s) 'produce_json', 'update_db' retrieved from /opt/airflow/dags/main.py
[2026-05-31T11:02:36.623+0000] {logging_mixin.py:188} INFO - [2026-05-31T11:02:36.622+0000] {dag.py:3096} INFO - Sync 2 DAGs
[2026-05-31T11:02:36.638+0000] {logging_mixin.py:188} INFO - [2026-05-31T11:02:36.638+0000] {dag.py:3954} INFO - Setting next_dagrun for produce_json to 2026-05-31 11:00:00+00:00, run_after=2026-06-01 11:00:00+00:00
[2026-05-31T11:02:36.641+0000] {logging_mixin.py:188} INFO - [2026-05-31T11:02:36.641+0000] {dag.py:3954} INFO - Setting next_dagrun for update_db to 2026-05-30 12:00:00+00:00, run_after=2026-05-31 12:00:00+00:00
[2026-05-31T11:02:36.656+0000] {processor.py:183} INFO - Processing /opt/airflow/dags/main.py took 0.116 seconds
[2026-05-31T11:03:06.731+0000] {processor.py:161} INFO - Started process (PID=605) to work on /opt/airflow/dags/main.py
[2026-05-31T11:03:06.731+0000] {processor.py:830} INFO - Processing file /opt/airflow/dags/main.py for tasks to queue
[2026-05-31T11:03:06.733+0000] {logging_mixin.py:188} INFO - [2026-05-31T11:03:06.733+0000] {dagbag.py:545} INFO - Filling up the DagBag from /opt/airflow/dags/main.py
[2026-05-31T11:03:06.796+0000] {processor.py:840} INFO - DAG(s) 'update_db', 'produce_json' retrieved from /opt/airflow/dags/main.py
[2026-05-31T11:03:06.824+0000] {logging_mixin.py:188} INFO - [2026-05-31T11:03:06.824+0000] {dag.py:3096} INFO - Sync 2 DAGs
[2026-05-31T11:03:06.844+0000] {logging_mixin.py:188} INFO - [2026-05-31T11:03:06.844+0000] {dag.py:3954} INFO - Setting next_dagrun for produce_json to 2026-05-31 11:00:00+00:00, run_after=2026-06-01 11:00:00+00:00
[2026-05-31T11:03:06.849+0000] {logging_mixin.py:188} INFO - [2026-05-31T11:03:06.849+0000] {dag.py:3954} INFO - Setting next_dagrun for update_db to 2026-05-30 12:00:00+00:00, run_after=2026-05-31 12:00:00+00:00
[2026-05-31T11:03:06.869+0000] {processor.py:183} INFO - Processing /opt/airflow/dags/main.py took 0.143 seconds
[2026-05-31T11:03:37.327+0000] {processor.py:161} INFO - Started process (PID=612) to work on /opt/airflow/dags/main.py
[2026-05-31T11:03:37.328+0000] {processor.py:830} INFO - Processing file /opt/airflow/dags/main.py for tasks to queue
[2026-05-31T11:03:37.329+0000] {logging_mixin.py:188} INFO - [2026-05-31T11:03:37.329+0000] {dagbag.py:545} INFO - Filling up the DagBag from /opt/airflow/dags/main.py
[2026-05-31T11:03:37.389+0000] {processor.py:840} INFO - DAG(s) 'update_db', 'produce_json' retrieved from /opt/airflow/dags/main.py
[2026-05-31T11:03:37.413+0000] {logging_mixin.py:188} INFO - [2026-05-31T11:03:37.413+0000] {dag.py:3096} INFO - Sync 2 DAGs
[2026-05-31T11:03:37.433+0000] {logging_mixin.py:188} INFO - [2026-05-31T11:03:37.432+0000] {dag.py:3954} INFO - Setting next_dagrun for produce_json to 2026-05-31 11:00:00+00:00, run_after=2026-06-01 11:00:00+00:00
[2026-05-31T11:03:37.437+0000] {logging_mixin.py:188} INFO - [2026-05-31T11:03:37.437+0000] {dag.py:3954} INFO - Setting next_dagrun for update_db to 2026-05-30 12:00:00+00:00, run_after=2026-05-31 12:00:00+00:00
[2026-05-31T11:03:37.452+0000] {processor.py:183} INFO - Processing /opt/airflow/dags/main.py took 0.130 seconds
[2026-05-31T11:04:07.991+0000] {processor.py:161} INFO - Started process (PID=619) to work on /opt/airflow/dags/main.py
[2026-05-31T11:04:07.992+0000] {processor.py:830} INFO - Processing file /opt/airflow/dags/main.py for tasks to queue
[2026-05-31T11:04:07.994+0000] {logging_mixin.py:188} INFO - [2026-05-31T11:04:07.994+0000] {dagbag.py:545} INFO - Filling up the DagBag from /opt/airflow/dags/main.py
[2026-05-31T11:04:08.074+0000] {processor.py:840} INFO - DAG(s) 'update_db', 'produce_json' retrieved from /opt/airflow/dags/main.py
[2026-05-31T11:04:08.119+0000] {logging_mixin.py:188} INFO - [2026-05-31T11:04:08.119+0000] {dag.py:3096} INFO - Sync 2 DAGs
[2026-05-31T11:04:08.135+0000] {logging_mixin.py:188} INFO - [2026-05-31T11:04:08.135+0000] {dag.py:3954} INFO - Setting next_dagrun for produce_json to 2026-05-31 11:00:00+00:00, run_after=2026-06-01 11:00:00+00:00
[2026-05-31T11:04:08.139+0000] {logging_mixin.py:188} INFO - [2026-05-31T11:04:08.139+0000] {dag.py:3954} INFO - Setting next_dagrun for update_db to 2026-05-30 12:00:00+00:00, run_after=2026-05-31 12:00:00+00:00
[2026-05-31T11:04:08.153+0000] {processor.py:183} INFO - Processing /opt/airflow/dags/main.py took 0.175 seconds
[2026-05-31T11:04:38.572+0000] {processor.py:161} INFO - Started process (PID=626) to work on /opt/airflow/dags/main.py
[2026-05-31T11:04:38.573+0000] {processor.py:830} INFO - Processing file /opt/airflow/dags/main.py for tasks to queue
[2026-05-31T11:04:38.574+0000] {logging_mixin.py:188} INFO - [2026-05-31T11:04:38.574+0000] {dagbag.py:545} INFO - Filling up the DagBag from /opt/airflow/dags/main.py
[2026-05-31T11:04:38.633+0000] {processor.py:840} INFO - DAG(s) 'update_db', 'produce_json' retrieved from /opt/airflow/dags/main.py
[2026-05-31T11:04:38.655+0000] {logging_mixin.py:188} INFO - [2026-05-31T11:04:38.655+0000] {dag.py:3096} INFO - Sync 2 DAGs
[2026-05-31T11:04:38.670+0000] {logging_mixin.py:188} INFO - [2026-05-31T11:04:38.670+0000] {dag.py:3954} INFO - Setting next_dagrun for produce_json to 2026-05-31 11:00:00+00:00, run_after=2026-06-01 11:00:00+00:00
[2026-05-31T11:04:38.674+0000] {logging_mixin.py:188} INFO - [2026-05-31T11:04:38.674+0000] {dag.py:3954} INFO - Setting next_dagrun for update_db to 2026-05-30 12:00:00+00:00, run_after=2026-05-31 12:00:00+00:00
[2026-05-31T11:04:38.686+0000] {processor.py:183} INFO - Processing /opt/airflow/dags/main.py took 0.118 seconds
[2026-05-31T11:05:09.223+0000] {processor.py:161} INFO - Started process (PID=633) to work on /opt/airflow/dags/main.py
[2026-05-31T11:05:09.224+0000] {processor.py:830} INFO - Processing file /opt/airflow/dags/main.py for tasks to queue
[2026-05-31T11:05:09.226+0000] {logging_mixin.py:188} INFO - [2026-05-31T11:05:09.225+0000] {dagbag.py:545} INFO - Filling up the DagBag from /opt/airflow/dags/main.py
[2026-05-31T11:05:09.283+0000] {processor.py:840} INFO - DAG(s) 'produce_json', 'update_db' retrieved from /opt/airflow/dags/main.py
[2026-05-31T11:05:09.304+0000] {logging_mixin.py:188} INFO - [2026-05-31T11:05:09.304+0000] {dag.py:3096} INFO - Sync 2 DAGs
[2026-05-31T11:05:09.319+0000] {logging_mixin.py:188} INFO - [2026-05-31T11:05:09.319+0000] {dag.py:3954} INFO - Setting next_dagrun for produce_json to 2026-05-31 11:00:00+00:00, run_after=2026-06-01 11:00:00+00:00
[2026-05-31T11:05:09.322+0000] {logging_mixin.py:188} INFO - [2026-05-31T11:05:09.322+0000] {dag.py:3954} INFO - Setting next_dagrun for update_db to 2026-05-30 12:00:00+00:00, run_after=2026-05-31 12:00:00+00:00
[2026-05-31T11:05:09.343+0000] {processor.py:183} INFO - Processing /opt/airflow/dags/main.py took 0.123 seconds
[2026-05-31T11:05:39.903+0000] {processor.py:161} INFO - Started process (PID=640) to work on /opt/airflow/dags/main.py
[2026-05-31T11:05:39.904+0000] {processor.py:830} INFO - Processing file /opt/airflow/dags/main.py for tasks to queue
[2026-05-31T11:05:39.905+0000] {logging_mixin.py:188} INFO - [2026-05-31T11:05:39.905+0000] {dagbag.py:545} INFO - Filling up the DagBag from /opt/airflow/dags/main.py
[2026-05-31T11:05:39.974+0000] {processor.py:840} INFO - DAG(s) 'update_db', 'produce_json' retrieved from /opt/airflow/dags/main.py
[2026-05-31T11:05:39.996+0000] {logging_mixin.py:188} INFO - [2026-05-31T11:05:39.996+0000] {dag.py:3096} INFO - Sync 2 DAGs
[2026-05-31T11:05:40.011+0000] {logging_mixin.py:188} INFO - [2026-05-31T11:05:40.011+0000] {dag.py:3954} INFO - Setting next_dagrun for produce_json to 2026-05-31 11:00:00+00:00, run_after=2026-06-01 11:00:00+00:00
[2026-05-31T11:05:40.014+0000] {logging_mixin.py:188} INFO - [2026-05-31T11:05:40.014+0000] {dag.py:3954} INFO - Setting next_dagrun for update_db to 2026-05-30 12:00:00+00:00, run_after=2026-05-31 12:00:00+00:00
[2026-05-31T11:05:40.035+0000] {processor.py:183} INFO - Processing /opt/airflow/dags/main.py took 0.137 seconds
[2026-05-31T11:06:11.016+0000] {processor.py:161} INFO - Started process (PID=647) to work on /opt/airflow/dags/main.py
[2026-05-31T11:06:11.017+0000] {processor.py:830} INFO - Processing file /opt/airflow/dags/main.py for tasks to queue
[2026-05-31T11:06:11.019+0000] {logging_mixin.py:188} INFO - [2026-05-31T11:06:11.019+0000] {dagbag.py:545} INFO - Filling up the DagBag from /opt/airflow/dags/main.py
[2026-05-31T11:06:11.083+0000] {processor.py:840} INFO - DAG(s) 'produce_json', 'update_db' retrieved from /opt/airflow/dags/main.py
[2026-05-31T11:06:11.107+0000] {logging_mixin.py:188} INFO - [2026-05-31T11:06:11.107+0000] {dag.py:3096} INFO - Sync 2 DAGs
[2026-05-31T11:06:11.125+0000] {logging_mixin.py:188} INFO - [2026-05-31T11:06:11.124+0000] {dag.py:3954} INFO - Setting next_dagrun for produce_json to 2026-05-31 11:00:00+00:00, run_after=2026-06-01 11:00:00+00:00
[2026-05-31T11:06:11.128+0000] {logging_mixin.py:188} INFO - [2026-05-31T11:06:11.128+0000] {dag.py:3954} INFO - Setting next_dagrun for update_db to 2026-05-30 12:00:00+00:00, run_after=2026-05-31 12:00:00+00:00
[2026-05-31T11:06:11.150+0000] {processor.py:183} INFO - Processing /opt/airflow/dags/main.py took 0.139 seconds
[2026-05-31T11:06:41.708+0000] {processor.py:161} INFO - Started process (PID=654) to work on /opt/airflow/dags/main.py
[2026-05-31T11:06:41.709+0000] {processor.py:830} INFO - Processing file /opt/airflow/dags/main.py for tasks to queue
[2026-05-31T11:06:41.711+0000] {logging_mixin.py:188} INFO - [2026-05-31T11:06:41.710+0000] {dagbag.py:545} INFO - Filling up the DagBag from /opt/airflow/dags/main.py
[2026-05-31T11:06:41.798+0000] {processor.py:840} INFO - DAG(s) 'produce_json', 'update_db' retrieved from /opt/airflow/dags/main.py
[2026-05-31T11:06:41.829+0000] {logging_mixin.py:188} INFO - [2026-05-31T11:06:41.828+0000] {dag.py:3096} INFO - Sync 2 DAGs
[2026-05-31T11:06:41.847+0000] {logging_mixin.py:188} INFO - [2026-05-31T11:06:41.846+0000] {dag.py:3954} INFO - Setting next_dagrun for produce_json to 2026-05-31 11:00:00+00:00, run_after=2026-06-01 11:00:00+00:00
[2026-05-31T11:06:41.851+0000] {logging_mixin.py:188} INFO - [2026-05-31T11:06:41.850+0000] {dag.py:3954} INFO - Setting next_dagrun for update_db to 2026-05-30 12:00:00+00:00, run_after=2026-05-31 12:00:00+00:00
[2026-05-31T11:06:41.865+0000] {processor.py:183} INFO - Processing /opt/airflow/dags/main.py took 0.169 seconds
[2026-05-31T11:07:13.387+0000] {processor.py:161} INFO - Started process (PID=661) to work on /opt/airflow/dags/main.py
[2026-05-31T11:07:13.387+0000] {processor.py:830} INFO - Processing file /opt/airflow/dags/main.py for tasks to queue
[2026-05-31T11:07:13.389+0000] {logging_mixin.py:188} INFO - [2026-05-31T11:07:13.388+0000] {dagbag.py:545} INFO - Filling up the DagBag from /opt/airflow/dags/main.py
[2026-05-31T11:07:13.448+0000] {processor.py:840} INFO - DAG(s) 'produce_json', 'update_db' retrieved from /opt/airflow/dags/main.py
[2026-05-31T11:07:13.468+0000] {logging_mixin.py:188} INFO - [2026-05-31T11:07:13.468+0000] {dag.py:3096} INFO - Sync 2 DAGs
[2026-05-31T11:07:13.482+0000] {logging_mixin.py:188} INFO - [2026-05-31T11:07:13.482+0000] {dag.py:3954} INFO - Setting next_dagrun for produce_json to 2026-05-31 11:00:00+00:00, run_after=2026-06-01 11:00:00+00:00
[2026-05-31T11:07:13.486+0000] {logging_mixin.py:188} INFO - [2026-05-31T11:07:13.486+0000] {dag.py:3954} INFO - Setting next_dagrun for update_db to 2026-05-30 12:00:00+00:00, run_after=2026-05-31 12:00:00+00:00
[2026-05-31T11:07:13.500+0000] {processor.py:183} INFO - Processing /opt/airflow/dags/main.py took 0.118 seconds
[2026-05-31T11:07:43.685+0000] {processor.py:161} INFO - Started process (PID=668) to work on /opt/airflow/dags/main.py
[2026-05-31T11:07:43.686+0000] {processor.py:830} INFO - Processing file /opt/airflow/dags/main.py for tasks to queue
[2026-05-31T11:07:43.688+0000] {logging_mixin.py:188} INFO - [2026-05-31T11:07:43.688+0000] {dagbag.py:545} INFO - Filling up the DagBag from /opt/airflow/dags/main.py
[2026-05-31T11:07:43.753+0000] {processor.py:840} INFO - DAG(s) 'update_db', 'produce_json' retrieved from /opt/airflow/dags/main.py
[2026-05-31T11:07:43.776+0000] {logging_mixin.py:188} INFO - [2026-05-31T11:07:43.775+0000] {dag.py:3096} INFO - Sync 2 DAGs
[2026-05-31T11:07:43.791+0000] {logging_mixin.py:188} INFO - [2026-05-31T11:07:43.791+0000] {dag.py:3954} INFO - Setting next_dagrun for produce_json to 2026-05-31 11:00:00+00:00, run_after=2026-06-01 11:00:00+00:00
[2026-05-31T11:07:43.796+0000] {logging_mixin.py:188} INFO - [2026-05-31T11:07:43.795+0000] {dag.py:3954} INFO - Setting next_dagrun for update_db to 2026-05-30 12:00:00+00:00, run_after=2026-05-31 12:00:00+00:00
[2026-05-31T11:07:43.818+0000] {processor.py:183} INFO - Processing /opt/airflow/dags/main.py took 0.137 seconds
[2026-05-31T11:08:13.974+0000] {processor.py:161} INFO - Started process (PID=669) to work on /opt/airflow/dags/main.py
[2026-05-31T11:08:13.975+0000] {processor.py:830} INFO - Processing file /opt/airflow/dags/main.py for tasks to queue
[2026-05-31T11:08:13.976+0000] {logging_mixin.py:188} INFO - [2026-05-31T11:08:13.976+0000] {dagbag.py:545} INFO - Filling up the DagBag from /opt/airflow/dags/main.py
[2026-05-31T11:08:14.037+0000] {processor.py:840} INFO - DAG(s) 'produce_json', 'update_db' retrieved from /opt/airflow/dags/main.py
[2026-05-31T11:08:14.057+0000] {logging_mixin.py:188} INFO - [2026-05-31T11:08:14.057+0000] {dag.py:3096} INFO - Sync 2 DAGs
[2026-05-31T11:08:14.071+0000] {logging_mixin.py:188} INFO - [2026-05-31T11:08:14.071+0000] {dag.py:3954} INFO - Setting next_dagrun for produce_json to 2026-05-31 11:00:00+00:00, run_after=2026-06-01 11:00:00+00:00
[2026-05-31T11:08:14.074+0000] {logging_mixin.py:188} INFO - [2026-05-31T11:08:14.074+0000] {dag.py:3954} INFO - Setting next_dagrun for update_db to 2026-05-30 12:00:00+00:00, run_after=2026-05-31 12:00:00+00:00
[2026-05-31T11:08:14.088+0000] {processor.py:183} INFO - Processing /opt/airflow/dags/main.py took 0.118 seconds
[2026-05-31T11:08:44.503+0000] {processor.py:161} INFO - Started process (PID=676) to work on /opt/airflow/dags/main.py
[2026-05-31T11:08:44.504+0000] {processor.py:830} INFO - Processing file /opt/airflow/dags/main.py for tasks to queue
[2026-05-31T11:08:44.505+0000] {logging_mixin.py:188} INFO - [2026-05-31T11:08:44.505+0000] {dagbag.py:545} INFO - Filling up the DagBag from /opt/airflow/dags/main.py
[2026-05-31T11:08:44.561+0000] {processor.py:840} INFO - DAG(s) 'update_db', 'produce_json' retrieved from /opt/airflow/dags/main.py
[2026-05-31T11:08:44.581+0000] {logging_mixin.py:188} INFO - [2026-05-31T11:08:44.580+0000] {dag.py:3096} INFO - Sync 2 DAGs
[2026-05-31T11:08:44.596+0000] {logging_mixin.py:188} INFO - [2026-05-31T11:08:44.596+0000] {dag.py:3954} INFO - Setting next_dagrun for produce_json to 2026-05-31 11:00:00+00:00, run_after=2026-06-01 11:00:00+00:00
[2026-05-31T11:08:44.599+0000] {logging_mixin.py:188} INFO - [2026-05-31T11:08:44.599+0000] {dag.py:3954} INFO - Setting next_dagrun for update_db to 2026-05-30 12:00:00+00:00, run_after=2026-05-31 12:00:00+00:00
[2026-05-31T11:08:44.620+0000] {processor.py:183} INFO - Processing /opt/airflow/dags/main.py took 0.121 seconds
[2026-05-31T11:09:14.955+0000] {processor.py:161} INFO - Started process (PID=683) to work on /opt/airflow/dags/main.py
[2026-05-31T11:09:14.956+0000] {processor.py:830} INFO - Processing file /opt/airflow/dags/main.py for tasks to queue
[2026-05-31T11:09:14.958+0000] {logging_mixin.py:188} INFO - [2026-05-31T11:09:14.957+0000] {dagbag.py:545} INFO - Filling up the DagBag from /opt/airflow/dags/main.py
[2026-05-31T11:09:15.065+0000] {processor.py:840} INFO - DAG(s) 'produce_json', 'update_db' retrieved from /opt/airflow/dags/main.py
[2026-05-31T11:09:15.087+0000] {logging_mixin.py:188} INFO - [2026-05-31T11:09:15.087+0000] {dag.py:3096} INFO - Sync 2 DAGs
[2026-05-31T11:09:15.103+0000] {logging_mixin.py:188} INFO - [2026-05-31T11:09:15.103+0000] {dag.py:3954} INFO - Setting next_dagrun for produce_json to 2026-05-31 11:00:00+00:00, run_after=2026-06-01 11:00:00+00:00
[2026-05-31T11:09:15.107+0000] {logging_mixin.py:188} INFO - [2026-05-31T11:09:15.107+0000] {dag.py:3954} INFO - Setting next_dagrun for update_db to 2026-05-30 12:00:00+00:00, run_after=2026-05-31 12:00:00+00:00
[2026-05-31T11:09:15.121+0000] {processor.py:183} INFO - Processing /opt/airflow/dags/main.py took 0.171 seconds
[2026-05-31T11:09:45.484+0000] {processor.py:161} INFO - Started process (PID=690) to work on /opt/airflow/dags/main.py
[2026-05-31T11:09:45.485+0000] {processor.py:830} INFO - Processing file /opt/airflow/dags/main.py for tasks to queue
[2026-05-31T11:09:45.486+0000] {logging_mixin.py:188} INFO - [2026-05-31T11:09:45.486+0000] {dagbag.py:545} INFO - Filling up the DagBag from /opt/airflow/dags/main.py
[2026-05-31T11:09:45.547+0000] {processor.py:840} INFO - DAG(s) 'produce_json', 'update_db' retrieved from /opt/airflow/dags/main.py
[2026-05-31T11:09:45.569+0000] {logging_mixin.py:188} INFO - [2026-05-31T11:09:45.568+0000] {dag.py:3096} INFO - Sync 2 DAGs
[2026-05-31T11:09:45.583+0000] {logging_mixin.py:188} INFO - [2026-05-31T11:09:45.583+0000] {dag.py:3954} INFO - Setting next_dagrun for produce_json to 2026-05-31 11:00:00+00:00, run_after=2026-06-01 11:00:00+00:00
[2026-05-31T11:09:45.586+0000] {logging_mixin.py:188} INFO - [2026-05-31T11:09:45.586+0000] {dag.py:3954} INFO - Setting next_dagrun for update_db to 2026-05-30 12:00:00+00:00, run_after=2026-05-31 12:00:00+00:00
[2026-05-31T11:09:45.608+0000] {processor.py:183} INFO - Processing /opt/airflow/dags/main.py took 0.129 seconds
[2026-05-31T11:10:15.982+0000] {processor.py:161} INFO - Started process (PID=697) to work on /opt/airflow/dags/main.py
[2026-05-31T11:10:15.983+0000] {processor.py:830} INFO - Processing file /opt/airflow/dags/main.py for tasks to queue
[2026-05-31T11:10:15.984+0000] {logging_mixin.py:188} INFO - [2026-05-31T11:10:15.984+0000] {dagbag.py:545} INFO - Filling up the DagBag from /opt/airflow/dags/main.py
[2026-05-31T11:10:16.055+0000] {processor.py:840} INFO - DAG(s) 'update_db', 'produce_json' retrieved from /opt/airflow/dags/main.py
[2026-05-31T11:10:16.077+0000] {logging_mixin.py:188} INFO - [2026-05-31T11:10:16.077+0000] {dag.py:3096} INFO - Sync 2 DAGs
[2026-05-31T11:10:16.093+0000] {logging_mixin.py:188} INFO - [2026-05-31T11:10:16.093+0000] {dag.py:3954} INFO - Setting next_dagrun for produce_json to 2026-05-31 11:00:00+00:00, run_after=2026-06-01 11:00:00+00:00
[2026-05-31T11:10:16.097+0000] {logging_mixin.py:188} INFO - [2026-05-31T11:10:16.097+0000] {dag.py:3954} INFO - Setting next_dagrun for update_db to 2026-05-30 12:00:00+00:00, run_after=2026-05-31 12:00:00+00:00
[2026-05-31T11:10:16.111+0000] {processor.py:183} INFO - Processing /opt/airflow/dags/main.py took 0.134 seconds
[2026-05-31T11:10:46.463+0000] {processor.py:161} INFO - Started process (PID=704) to work on /opt/airflow/dags/main.py
[2026-05-31T11:10:46.464+0000] {processor.py:830} INFO - Processing file /opt/airflow/dags/main.py for tasks to queue
[2026-05-31T11:10:46.465+0000] {logging_mixin.py:188} INFO - [2026-05-31T11:10:46.465+0000] {dagbag.py:545} INFO - Filling up the DagBag from /opt/airflow/dags/main.py
[2026-05-31T11:10:46.524+0000] {processor.py:840} INFO - DAG(s) 'produce_json', 'update_db' retrieved from /opt/airflow/dags/main.py
[2026-05-31T11:10:46.544+0000] {logging_mixin.py:188} INFO - [2026-05-31T11:10:46.544+0000] {dag.py:3096} INFO - Sync 2 DAGs
[2026-05-31T11:10:46.559+0000] {logging_mixin.py:188} INFO - [2026-05-31T11:10:46.559+0000] {dag.py:3954} INFO - Setting next_dagrun for produce_json to 2026-05-31 11:00:00+00:00, run_after=2026-06-01 11:00:00+00:00
[2026-05-31T11:10:46.563+0000] {logging_mixin.py:188} INFO - [2026-05-31T11:10:46.563+0000] {dag.py:3954} INFO - Setting next_dagrun for update_db to 2026-05-30 12:00:00+00:00, run_after=2026-05-31 12:00:00+00:00
[2026-05-31T11:10:46.585+0000] {processor.py:183} INFO - Processing /opt/airflow/dags/main.py took 0.128 seconds
[2026-05-31T11:11:17.132+0000] {processor.py:161} INFO - Started process (PID=711) to work on /opt/airflow/dags/main.py
[2026-05-31T11:11:17.133+0000] {processor.py:830} INFO - Processing file /opt/airflow/dags/main.py for tasks to queue
[2026-05-31T11:11:17.134+0000] {logging_mixin.py:188} INFO - [2026-05-31T11:11:17.134+0000] {dagbag.py:545} INFO - Filling up the DagBag from /opt/airflow/dags/main.py
[2026-05-31T11:11:17.222+0000] {processor.py:840} INFO - DAG(s) 'produce_json', 'update_db' retrieved from /opt/airflow/dags/main.py
[2026-05-31T11:11:17.245+0000] {logging_mixin.py:188} INFO - [2026-05-31T11:11:17.245+0000] {dag.py:3096} INFO - Sync 2 DAGs
[2026-05-31T11:11:17.262+0000] {logging_mixin.py:188} INFO - [2026-05-31T11:11:17.262+0000] {dag.py:3954} INFO - Setting next_dagrun for produce_json to 2026-05-31 11:00:00+00:00, run_after=2026-06-01 11:00:00+00:00
[2026-05-31T11:11:17.267+0000] {logging_mixin.py:188} INFO - [2026-05-31T11:11:17.267+0000] {dag.py:3954} INFO - Setting next_dagrun for update_db to 2026-05-30 12:00:00+00:00, run_after=2026-05-31 12:00:00+00:00
[2026-05-31T11:11:17.286+0000] {processor.py:183} INFO - Processing /opt/airflow/dags/main.py took 0.157 seconds
[2026-05-31T11:11:38.279+0000] {processor.py:161} INFO - Started process (PID=718) to work on /opt/airflow/dags/main.py
[2026-05-31T11:11:38.280+0000] {processor.py:830} INFO - Processing file /opt/airflow/dags/main.py for tasks to queue
[2026-05-31T11:11:38.282+0000] {logging_mixin.py:188} INFO - [2026-05-31T11:11:38.282+0000] {dagbag.py:545} INFO - Filling up the DagBag from /opt/airflow/dags/main.py
[2026-05-31T11:11:38.357+0000] {processor.py:840} INFO - DAG(s) 'update_db', 'produce_json' retrieved from /opt/airflow/dags/main.py
[2026-05-31T11:11:38.477+0000] {logging_mixin.py:188} INFO - [2026-05-31T11:11:38.476+0000] {dag.py:3096} INFO - Sync 2 DAGs
[2026-05-31T11:11:38.493+0000] {logging_mixin.py:188} INFO - [2026-05-31T11:11:38.493+0000] {dag.py:3954} INFO - Setting next_dagrun for produce_json to 2026-05-30 12:00:00+00:00, run_after=2026-05-31 12:00:00+00:00
[2026-05-31T11:11:38.497+0000] {logging_mixin.py:188} INFO - [2026-05-31T11:11:38.496+0000] {dag.py:3954} INFO - Setting next_dagrun for update_db to 2026-05-29 13:00:00+00:00, run_after=2026-05-30 13:00:00+00:00
[2026-05-31T11:11:38.515+0000] {processor.py:183} INFO - Processing /opt/airflow/dags/main.py took 0.241 seconds
[2026-05-31T11:12:08.877+0000] {processor.py:161} INFO - Started process (PID=725) to work on /opt/airflow/dags/main.py
[2026-05-31T11:12:08.877+0000] {processor.py:830} INFO - Processing file /opt/airflow/dags/main.py for tasks to queue
[2026-05-31T11:12:08.879+0000] {logging_mixin.py:188} INFO - [2026-05-31T11:12:08.879+0000] {dagbag.py:545} INFO - Filling up the DagBag from /opt/airflow/dags/main.py
[2026-05-31T11:12:08.941+0000] {processor.py:840} INFO - DAG(s) 'update_db', 'produce_json' retrieved from /opt/airflow/dags/main.py
[2026-05-31T11:12:08.964+0000] {logging_mixin.py:188} INFO - [2026-05-31T11:12:08.964+0000] {dag.py:3096} INFO - Sync 2 DAGs
[2026-05-31T11:12:08.981+0000] {logging_mixin.py:188} INFO - [2026-05-31T11:12:08.981+0000] {dag.py:3954} INFO - Setting next_dagrun for produce_json to 2026-05-30 12:00:00+00:00, run_after=2026-05-31 12:00:00+00:00
[2026-05-31T11:12:08.985+0000] {logging_mixin.py:188} INFO - [2026-05-31T11:12:08.985+0000] {dag.py:3954} INFO - Setting next_dagrun for update_db to 2026-05-30 13:00:00+00:00, run_after=2026-05-31 13:00:00+00:00
[2026-05-31T11:12:09.009+0000] {processor.py:183} INFO - Processing /opt/airflow/dags/main.py took 0.137 seconds
[2026-05-31T11:12:39.427+0000] {processor.py:161} INFO - Started process (PID=732) to work on /opt/airflow/dags/main.py
[2026-05-31T11:12:39.428+0000] {processor.py:830} INFO - Processing file /opt/airflow/dags/main.py for tasks to queue
[2026-05-31T11:12:39.429+0000] {logging_mixin.py:188} INFO - [2026-05-31T11:12:39.429+0000] {dagbag.py:545} INFO - Filling up the DagBag from /opt/airflow/dags/main.py
[2026-05-31T11:12:39.483+0000] {processor.py:840} INFO - DAG(s) 'produce_json', 'update_db' retrieved from /opt/airflow/dags/main.py
[2026-05-31T11:12:39.501+0000] {logging_mixin.py:188} INFO - [2026-05-31T11:12:39.501+0000] {dag.py:3096} INFO - Sync 2 DAGs
[2026-05-31T11:12:39.515+0000] {logging_mixin.py:188} INFO - [2026-05-31T11:12:39.515+0000] {dag.py:3954} INFO - Setting next_dagrun for produce_json to 2026-05-30 12:00:00+00:00, run_after=2026-05-31 12:00:00+00:00
[2026-05-31T11:12:39.519+0000] {logging_mixin.py:188} INFO - [2026-05-31T11:12:39.519+0000] {dag.py:3954} INFO - Setting next_dagrun for update_db to 2026-05-30 13:00:00+00:00, run_after=2026-05-31 13:00:00+00:00
[2026-05-31T11:12:39.534+0000] {processor.py:183} INFO - Processing /opt/airflow/dags/main.py took 0.111 seconds
[2026-05-31T11:13:09.899+0000] {processor.py:161} INFO - Started process (PID=739) to work on /opt/airflow/dags/main.py
[2026-05-31T11:13:09.900+0000] {processor.py:830} INFO - Processing file /opt/airflow/dags/main.py for tasks to queue
[2026-05-31T11:13:09.902+0000] {logging_mixin.py:188} INFO - [2026-05-31T11:13:09.902+0000] {dagbag.py:545} INFO - Filling up the DagBag from /opt/airflow/dags/main.py
[2026-05-31T11:13:09.965+0000] {processor.py:840} INFO - DAG(s) 'update_db', 'produce_json' retrieved from /opt/airflow/dags/main.py
[2026-05-31T11:13:09.986+0000] {logging_mixin.py:188} INFO - [2026-05-31T11:13:09.986+0000] {dag.py:3096} INFO - Sync 2 DAGs
[2026-05-31T11:13:10.001+0000] {logging_mixin.py:188} INFO - [2026-05-31T11:13:10.001+0000] {dag.py:3954} INFO - Setting next_dagrun for produce_json to 2026-05-30 12:00:00+00:00, run_after=2026-05-31 12:00:00+00:00
[2026-05-31T11:13:10.005+0000] {logging_mixin.py:188} INFO - [2026-05-31T11:13:10.005+0000] {dag.py:3954} INFO - Setting next_dagrun for update_db to 2026-05-30 13:00:00+00:00, run_after=2026-05-31 13:00:00+00:00
[2026-05-31T11:13:10.019+0000] {processor.py:183} INFO - Processing /opt/airflow/dags/main.py took 0.124 seconds
[2026-05-31T11:13:40.426+0000] {processor.py:161} INFO - Started process (PID=746) to work on /opt/airflow/dags/main.py
[2026-05-31T11:13:40.428+0000] {processor.py:830} INFO - Processing file /opt/airflow/dags/main.py for tasks to queue
[2026-05-31T11:13:40.429+0000] {logging_mixin.py:188} INFO - [2026-05-31T11:13:40.429+0000] {dagbag.py:545} INFO - Filling up the DagBag from /opt/airflow/dags/main.py
[2026-05-31T11:13:40.525+0000] {processor.py:840} INFO - DAG(s) 'produce_json', 'update_db' retrieved from /opt/airflow/dags/main.py
[2026-05-31T11:13:40.553+0000] {logging_mixin.py:188} INFO - [2026-05-31T11:13:40.553+0000] {dag.py:3096} INFO - Sync 2 DAGs
[2026-05-31T11:13:40.570+0000] {logging_mixin.py:188} INFO - [2026-05-31T11:13:40.569+0000] {dag.py:3954} INFO - Setting next_dagrun for produce_json to 2026-05-30 12:00:00+00:00, run_after=2026-05-31 12:00:00+00:00
[2026-05-31T11:13:40.573+0000] {logging_mixin.py:188} INFO - [2026-05-31T11:13:40.573+0000] {dag.py:3954} INFO - Setting next_dagrun for update_db to 2026-05-30 13:00:00+00:00, run_after=2026-05-31 13:00:00+00:00
[2026-05-31T11:13:40.588+0000] {processor.py:183} INFO - Processing /opt/airflow/dags/main.py took 0.168 seconds
[2026-05-31T11:14:10.919+0000] {processor.py:161} INFO - Started process (PID=753) to work on /opt/airflow/dags/main.py
[2026-05-31T11:14:10.920+0000] {processor.py:830} INFO - Processing file /opt/airflow/dags/main.py for tasks to queue
[2026-05-31T11:14:10.921+0000] {logging_mixin.py:188} INFO - [2026-05-31T11:14:10.921+0000] {dagbag.py:545} INFO - Filling up the DagBag from /opt/airflow/dags/main.py
[2026-05-31T11:14:10.985+0000] {processor.py:840} INFO - DAG(s) 'update_db', 'produce_json' retrieved from /opt/airflow/dags/main.py
[2026-05-31T11:14:11.006+0000] {logging_mixin.py:188} INFO - [2026-05-31T11:14:11.006+0000] {dag.py:3096} INFO - Sync 2 DAGs
[2026-05-31T11:14:11.021+0000] {logging_mixin.py:188} INFO - [2026-05-31T11:14:11.021+0000] {dag.py:3954} INFO - Setting next_dagrun for produce_json to 2026-05-30 12:00:00+00:00, run_after=2026-05-31 12:00:00+00:00
[2026-05-31T11:14:11.024+0000] {logging_mixin.py:188} INFO - [2026-05-31T11:14:11.024+0000] {dag.py:3954} INFO - Setting next_dagrun for update_db to 2026-05-30 13:00:00+00:00, run_after=2026-05-31 13:00:00+00:00
[2026-05-31T11:14:11.046+0000] {processor.py:183} INFO - Processing /opt/airflow/dags/main.py took 0.132 seconds
[2026-05-31T11:15:23.843+0000] {processor.py:161} INFO - Started process (PID=50) to work on /opt/airflow/dags/main.py
[2026-05-31T11:15:23.844+0000] {processor.py:830} INFO - Processing file /opt/airflow/dags/main.py for tasks to queue
[2026-05-31T11:15:23.846+0000] {logging_mixin.py:188} INFO - [2026-05-31T11:15:23.846+0000] {dagbag.py:545} INFO - Filling up the DagBag from /opt/airflow/dags/main.py
[2026-05-31T11:15:23.977+0000] {processor.py:840} INFO - DAG(s) 'update_db', 'produce_json' retrieved from /opt/airflow/dags/main.py
[2026-05-31T11:15:24.192+0000] {logging_mixin.py:188} INFO - [2026-05-31T11:15:24.192+0000] {dag.py:3096} INFO - Sync 2 DAGs
[2026-05-31T11:15:24.210+0000] {logging_mixin.py:188} INFO - [2026-05-31T11:15:24.210+0000] {dag.py:3954} INFO - Setting next_dagrun for produce_json to 2026-05-30 12:00:00+00:00, run_after=2026-05-31 12:00:00+00:00
[2026-05-31T11:15:24.215+0000] {logging_mixin.py:188} INFO - [2026-05-31T11:15:24.215+0000] {dag.py:3954} INFO - Setting next_dagrun for update_db to 2026-05-30 13:00:00+00:00, run_after=2026-05-31 13:00:00+00:00
[2026-05-31T11:15:24.235+0000] {processor.py:183} INFO - Processing /opt/airflow/dags/main.py took 0.398 seconds
[2026-05-31T11:15:54.301+0000] {processor.py:161} INFO - Started process (PID=57) to work on /opt/airflow/dags/main.py
[2026-05-31T11:15:54.302+0000] {processor.py:830} INFO - Processing file /opt/airflow/dags/main.py for tasks to queue
[2026-05-31T11:15:54.304+0000] {logging_mixin.py:188} INFO - [2026-05-31T11:15:54.303+0000] {dagbag.py:545} INFO - Filling up the DagBag from /opt/airflow/dags/main.py
[2026-05-31T11:15:54.370+0000] {processor.py:840} INFO - DAG(s) 'update_db', 'produce_json' retrieved from /opt/airflow/dags/main.py
[2026-05-31T11:15:54.395+0000] {logging_mixin.py:188} INFO - [2026-05-31T11:15:54.395+0000] {dag.py:3096} INFO - Sync 2 DAGs
[2026-05-31T11:15:54.410+0000] {logging_mixin.py:188} INFO - [2026-05-31T11:15:54.410+0000] {dag.py:3954} INFO - Setting next_dagrun for produce_json to 2026-05-30 12:00:00+00:00, run_after=2026-05-31 12:00:00+00:00
[2026-05-31T11:15:54.415+0000] {logging_mixin.py:188} INFO - [2026-05-31T11:15:54.415+0000] {dag.py:3954} INFO - Setting next_dagrun for update_db to 2026-05-30 13:00:00+00:00, run_after=2026-05-31 13:00:00+00:00
[2026-05-31T11:15:54.429+0000] {processor.py:183} INFO - Processing /opt/airflow/dags/main.py took 0.133 seconds
[2026-05-31T11:16:25.791+0000] {processor.py:161} INFO - Started process (PID=64) to work on /opt/airflow/dags/main.py
[2026-05-31T11:16:25.793+0000] {processor.py:830} INFO - Processing file /opt/airflow/dags/main.py for tasks to queue
[2026-05-31T11:16:25.795+0000] {logging_mixin.py:188} INFO - [2026-05-31T11:16:25.794+0000] {dagbag.py:545} INFO - Filling up the DagBag from /opt/airflow/dags/main.py
[2026-05-31T11:16:25.906+0000] {processor.py:840} INFO - DAG(s) 'update_db', 'produce_json' retrieved from /opt/airflow/dags/main.py
[2026-05-31T11:16:25.945+0000] {logging_mixin.py:188} INFO - [2026-05-31T11:16:25.945+0000] {dag.py:3096} INFO - Sync 2 DAGs
[2026-05-31T11:16:25.976+0000] {logging_mixin.py:188} INFO - [2026-05-31T11:16:25.975+0000] {dag.py:3954} INFO - Setting next_dagrun for produce_json to 2026-05-30 12:00:00+00:00, run_after=2026-05-31 12:00:00+00:00
[2026-05-31T11:16:25.982+0000] {logging_mixin.py:188} INFO - [2026-05-31T11:16:25.982+0000] {dag.py:3954} INFO - Setting next_dagrun for update_db to 2026-05-30 13:00:00+00:00, run_after=2026-05-31 13:00:00+00:00
[2026-05-31T11:16:26.007+0000] {processor.py:183} INFO - Processing /opt/airflow/dags/main.py took 0.224 seconds
[2026-05-31T11:16:56.113+0000] {processor.py:161} INFO - Started process (PID=71) to work on /opt/airflow/dags/main.py
[2026-05-31T11:16:56.114+0000] {processor.py:830} INFO - Processing file /opt/airflow/dags/main.py for tasks to queue
[2026-05-31T11:16:56.116+0000] {logging_mixin.py:188} INFO - [2026-05-31T11:16:56.116+0000] {dagbag.py:545} INFO - Filling up the DagBag from /opt/airflow/dags/main.py
[2026-05-31T11:16:56.179+0000] {processor.py:840} INFO - DAG(s) 'produce_json', 'update_db' retrieved from /opt/airflow/dags/main.py
[2026-05-31T11:16:56.204+0000] {logging_mixin.py:188} INFO - [2026-05-31T11:16:56.204+0000] {dag.py:3096} INFO - Sync 2 DAGs
[2026-05-31T11:16:56.223+0000] {logging_mixin.py:188} INFO - [2026-05-31T11:16:56.222+0000] {dag.py:3954} INFO - Setting next_dagrun for produce_json to 2026-05-30 12:00:00+00:00, run_after=2026-05-31 12:00:00+00:00
[2026-05-31T11:16:56.226+0000] {logging_mixin.py:188} INFO - [2026-05-31T11:16:56.226+0000] {dag.py:3954} INFO - Setting next_dagrun for update_db to 2026-05-30 13:00:00+00:00, run_after=2026-05-31 13:00:00+00:00
[2026-05-31T11:16:56.249+0000] {processor.py:183} INFO - Processing /opt/airflow/dags/main.py took 0.141 seconds
[2026-05-31T11:17:26.732+0000] {processor.py:161} INFO - Started process (PID=78) to work on /opt/airflow/dags/main.py
[2026-05-31T11:17:26.732+0000] {processor.py:830} INFO - Processing file /opt/airflow/dags/main.py for tasks to queue
[2026-05-31T11:17:26.734+0000] {logging_mixin.py:188} INFO - [2026-05-31T11:17:26.734+0000] {dagbag.py:545} INFO - Filling up the DagBag from /opt/airflow/dags/main.py
[2026-05-31T11:17:26.796+0000] {processor.py:840} INFO - DAG(s) 'produce_json', 'update_db' retrieved from /opt/airflow/dags/main.py
[2026-05-31T11:17:26.819+0000] {logging_mixin.py:188} INFO - [2026-05-31T11:17:26.819+0000] {dag.py:3096} INFO - Sync 2 DAGs
[2026-05-31T11:17:26.836+0000] {logging_mixin.py:188} INFO - [2026-05-31T11:17:26.835+0000] {dag.py:3954} INFO - Setting next_dagrun for produce_json to 2026-05-30 12:00:00+00:00, run_after=2026-05-31 12:00:00+00:00
[2026-05-31T11:17:26.839+0000] {logging_mixin.py:188} INFO - [2026-05-31T11:17:26.839+0000] {dag.py:3954} INFO - Setting next_dagrun for update_db to 2026-05-30 13:00:00+00:00, run_after=2026-05-31 13:00:00+00:00
[2026-05-31T11:17:26.862+0000] {processor.py:183} INFO - Processing /opt/airflow/dags/main.py took 0.135 seconds
[2026-05-31T11:17:57.408+0000] {processor.py:161} INFO - Started process (PID=85) to work on /opt/airflow/dags/main.py
[2026-05-31T11:17:57.409+0000] {processor.py:830} INFO - Processing file /opt/airflow/dags/main.py for tasks to queue
[2026-05-31T11:17:57.411+0000] {logging_mixin.py:188} INFO - [2026-05-31T11:17:57.411+0000] {dagbag.py:545} INFO - Filling up the DagBag from /opt/airflow/dags/main.py
[2026-05-31T11:17:57.485+0000] {processor.py:840} INFO - DAG(s) 'produce_json', 'update_db' retrieved from /opt/airflow/dags/main.py
[2026-05-31T11:17:57.511+0000] {logging_mixin.py:188} INFO - [2026-05-31T11:17:57.511+0000] {dag.py:3096} INFO - Sync 2 DAGs
[2026-05-31T11:17:57.529+0000] {logging_mixin.py:188} INFO - [2026-05-31T11:17:57.528+0000] {dag.py:3954} INFO - Setting next_dagrun for produce_json to 2026-05-30 12:00:00+00:00, run_after=2026-05-31 12:00:00+00:00
[2026-05-31T11:17:57.532+0000] {logging_mixin.py:188} INFO - [2026-05-31T11:17:57.532+0000] {dag.py:3954} INFO - Setting next_dagrun for update_db to 2026-05-30 13:00:00+00:00, run_after=2026-05-31 13:00:00+00:00
[2026-05-31T11:17:57.544+0000] {processor.py:183} INFO - Processing /opt/airflow/dags/main.py took 0.142 seconds
[2026-05-31T11:18:28.305+0000] {processor.py:161} INFO - Started process (PID=92) to work on /opt/airflow/dags/main.py
[2026-05-31T11:18:28.306+0000] {processor.py:830} INFO - Processing file /opt/airflow/dags/main.py for tasks to queue
[2026-05-31T11:18:28.307+0000] {logging_mixin.py:188} INFO - [2026-05-31T11:18:28.307+0000] {dagbag.py:545} INFO - Filling up the DagBag from /opt/airflow/dags/main.py
[2026-05-31T11:18:28.372+0000] {processor.py:840} INFO - DAG(s) 'produce_json', 'update_db' retrieved from /opt/airflow/dags/main.py
[2026-05-31T11:18:28.398+0000] {logging_mixin.py:188} INFO - [2026-05-31T11:18:28.397+0000] {dag.py:3096} INFO - Sync 2 DAGs
[2026-05-31T11:18:28.416+0000] {logging_mixin.py:188} INFO - [2026-05-31T11:18:28.415+0000] {dag.py:3954} INFO - Setting next_dagrun for produce_json to 2026-05-30 12:00:00+00:00, run_after=2026-05-31 12:00:00+00:00
[2026-05-31T11:18:28.420+0000] {logging_mixin.py:188} INFO - [2026-05-31T11:18:28.420+0000] {dag.py:3954} INFO - Setting next_dagrun for update_db to 2026-05-30 13:00:00+00:00, run_after=2026-05-31 13:00:00+00:00
[2026-05-31T11:18:28.434+0000] {processor.py:183} INFO - Processing /opt/airflow/dags/main.py took 0.133 seconds
[2026-05-31T11:18:58.935+0000] {processor.py:161} INFO - Started process (PID=99) to work on /opt/airflow/dags/main.py
[2026-05-31T11:18:58.936+0000] {processor.py:830} INFO - Processing file /opt/airflow/dags/main.py for tasks to queue
[2026-05-31T11:18:58.938+0000] {logging_mixin.py:188} INFO - [2026-05-31T11:18:58.938+0000] {dagbag.py:545} INFO - Filling up the DagBag from /opt/airflow/dags/main.py
[2026-05-31T11:18:59.008+0000] {processor.py:840} INFO - DAG(s) 'update_db', 'produce_json' retrieved from /opt/airflow/dags/main.py
[2026-05-31T11:18:59.035+0000] {logging_mixin.py:188} INFO - [2026-05-31T11:18:59.035+0000] {dag.py:3096} INFO - Sync 2 DAGs
[2026-05-31T11:18:59.053+0000] {logging_mixin.py:188} INFO - [2026-05-31T11:18:59.052+0000] {dag.py:3954} INFO - Setting next_dagrun for produce_json to 2026-05-30 12:00:00+00:00, run_after=2026-05-31 12:00:00+00:00
[2026-05-31T11:18:59.056+0000] {logging_mixin.py:188} INFO - [2026-05-31T11:18:59.056+0000] {dag.py:3954} INFO - Setting next_dagrun for update_db to 2026-05-30 13:00:00+00:00, run_after=2026-05-31 13:00:00+00:00
[2026-05-31T11:18:59.069+0000] {processor.py:183} INFO - Processing /opt/airflow/dags/main.py took 0.140 seconds
[2026-05-31T11:19:29.779+0000] {processor.py:161} INFO - Started process (PID=106) to work on /opt/airflow/dags/main.py
[2026-05-31T11:19:29.780+0000] {processor.py:830} INFO - Processing file /opt/airflow/dags/main.py for tasks to queue
[2026-05-31T11:19:29.782+0000] {logging_mixin.py:188} INFO - [2026-05-31T11:19:29.781+0000] {dagbag.py:545} INFO - Filling up the DagBag from /opt/airflow/dags/main.py
[2026-05-31T11:19:29.841+0000] {processor.py:840} INFO - DAG(s) 'update_db', 'produce_json' retrieved from /opt/airflow/dags/main.py
[2026-05-31T11:19:29.863+0000] {logging_mixin.py:188} INFO - [2026-05-31T11:19:29.863+0000] {dag.py:3096} INFO - Sync 2 DAGs
[2026-05-31T11:19:29.880+0000] {logging_mixin.py:188} INFO - [2026-05-31T11:19:29.879+0000] {dag.py:3954} INFO - Setting next_dagrun for produce_json to 2026-05-30 12:00:00+00:00, run_after=2026-05-31 12:00:00+00:00
[2026-05-31T11:19:29.884+0000] {logging_mixin.py:188} INFO - [2026-05-31T11:19:29.883+0000] {dag.py:3954} INFO - Setting next_dagrun for update_db to 2026-05-30 13:00:00+00:00, run_after=2026-05-31 13:00:00+00:00
[2026-05-31T11:19:29.897+0000] {processor.py:183} INFO - Processing /opt/airflow/dags/main.py took 0.122 seconds
[2026-05-31T11:20:00.467+0000] {processor.py:161} INFO - Started process (PID=113) to work on /opt/airflow/dags/main.py
[2026-05-31T11:20:00.468+0000] {processor.py:830} INFO - Processing file /opt/airflow/dags/main.py for tasks to queue
[2026-05-31T11:20:00.470+0000] {logging_mixin.py:188} INFO - [2026-05-31T11:20:00.469+0000] {dagbag.py:545} INFO - Filling up the DagBag from /opt/airflow/dags/main.py
[2026-05-31T11:20:00.552+0000] {processor.py:840} INFO - DAG(s) 'produce_json', 'update_db' retrieved from /opt/airflow/dags/main.py
[2026-05-31T11:20:00.590+0000] {logging_mixin.py:188} INFO - [2026-05-31T11:20:00.590+0000] {dag.py:3096} INFO - Sync 2 DAGs
[2026-05-31T11:20:00.613+0000] {logging_mixin.py:188} INFO - [2026-05-31T11:20:00.613+0000] {dag.py:3954} INFO - Setting next_dagrun for produce_json to 2026-05-30 12:00:00+00:00, run_after=2026-05-31 12:00:00+00:00
[2026-05-31T11:20:00.618+0000] {logging_mixin.py:188} INFO - [2026-05-31T11:20:00.618+0000] {dag.py:3954} INFO - Setting next_dagrun for update_db to 2026-05-30 13:00:00+00:00, run_after=2026-05-31 13:00:00+00:00
[2026-05-31T11:20:00.645+0000] {processor.py:183} INFO - Processing /opt/airflow/dags/main.py took 0.184 seconds
[2026-05-31T11:20:31.318+0000] {processor.py:161} INFO - Started process (PID=120) to work on /opt/airflow/dags/main.py
[2026-05-31T11:20:31.319+0000] {processor.py:830} INFO - Processing file /opt/airflow/dags/main.py for tasks to queue
[2026-05-31T11:20:31.321+0000] {logging_mixin.py:188} INFO - [2026-05-31T11:20:31.320+0000] {dagbag.py:545} INFO - Filling up the DagBag from /opt/airflow/dags/main.py
[2026-05-31T11:20:31.386+0000] {processor.py:840} INFO - DAG(s) 'update_db', 'produce_json' retrieved from /opt/airflow/dags/main.py
[2026-05-31T11:20:31.409+0000] {logging_mixin.py:188} INFO - [2026-05-31T11:20:31.409+0000] {dag.py:3096} INFO - Sync 2 DAGs
[2026-05-31T11:20:31.427+0000] {logging_mixin.py:188} INFO - [2026-05-31T11:20:31.427+0000] {dag.py:3954} INFO - Setting next_dagrun for produce_json to 2026-05-30 12:00:00+00:00, run_after=2026-05-31 12:00:00+00:00
[2026-05-31T11:20:31.432+0000] {logging_mixin.py:188} INFO - [2026-05-31T11:20:31.432+0000] {dag.py:3954} INFO - Setting next_dagrun for update_db to 2026-05-30 13:00:00+00:00, run_after=2026-05-31 13:00:00+00:00
[2026-05-31T11:20:31.455+0000] {processor.py:183} INFO - Processing /opt/airflow/dags/main.py took 0.143 seconds
[2026-05-31T11:21:03.167+0000] {processor.py:161} INFO - Started process (PID=127) to work on /opt/airflow/dags/main.py
[2026-05-31T11:21:03.168+0000] {processor.py:830} INFO - Processing file /opt/airflow/dags/main.py for tasks to queue
[2026-05-31T11:21:03.170+0000] {logging_mixin.py:188} INFO - [2026-05-31T11:21:03.169+0000] {dagbag.py:545} INFO - Filling up the DagBag from /opt/airflow/dags/main.py
[2026-05-31T11:21:03.238+0000] {processor.py:840} INFO - DAG(s) 'update_db', 'produce_json' retrieved from /opt/airflow/dags/main.py
[2026-05-31T11:21:03.265+0000] {logging_mixin.py:188} INFO - [2026-05-31T11:21:03.264+0000] {dag.py:3096} INFO - Sync 2 DAGs
[2026-05-31T11:21:03.282+0000] {logging_mixin.py:188} INFO - [2026-05-31T11:21:03.282+0000] {dag.py:3954} INFO - Setting next_dagrun for produce_json to 2026-05-30 12:00:00+00:00, run_after=2026-05-31 12:00:00+00:00
[2026-05-31T11:21:03.286+0000] {logging_mixin.py:188} INFO - [2026-05-31T11:21:03.286+0000] {dag.py:3954} INFO - Setting next_dagrun for update_db to 2026-05-30 13:00:00+00:00, run_after=2026-05-31 13:00:00+00:00
[2026-05-31T11:21:03.309+0000] {processor.py:183} INFO - Processing /opt/airflow/dags/main.py took 0.148 seconds
[2026-05-31T11:21:33.475+0000] {processor.py:161} INFO - Started process (PID=135) to work on /opt/airflow/dags/main.py
[2026-05-31T11:21:33.476+0000] {processor.py:830} INFO - Processing file /opt/airflow/dags/main.py for tasks to queue
[2026-05-31T11:21:33.478+0000] {logging_mixin.py:188} INFO - [2026-05-31T11:21:33.477+0000] {dagbag.py:545} INFO - Filling up the DagBag from /opt/airflow/dags/main.py
[2026-05-31T11:21:33.546+0000] {processor.py:840} INFO - DAG(s) 'produce_json', 'update_db' retrieved from /opt/airflow/dags/main.py
[2026-05-31T11:21:33.569+0000] {logging_mixin.py:188} INFO - [2026-05-31T11:21:33.569+0000] {dag.py:3096} INFO - Sync 2 DAGs
[2026-05-31T11:21:33.586+0000] {logging_mixin.py:188} INFO - [2026-05-31T11:21:33.585+0000] {dag.py:3954} INFO - Setting next_dagrun for produce_json to 2026-05-30 12:00:00+00:00, run_after=2026-05-31 12:00:00+00:00
[2026-05-31T11:21:33.589+0000] {logging_mixin.py:188} INFO - [2026-05-31T11:21:33.589+0000] {dag.py:3954} INFO - Setting next_dagrun for update_db to 2026-05-30 13:00:00+00:00, run_after=2026-05-31 13:00:00+00:00
[2026-05-31T11:21:33.612+0000] {processor.py:183} INFO - Processing /opt/airflow/dags/main.py took 0.142 seconds
[2026-05-31T11:22:04.200+0000] {processor.py:161} INFO - Started process (PID=142) to work on /opt/airflow/dags/main.py
[2026-05-31T11:22:04.201+0000] {processor.py:830} INFO - Processing file /opt/airflow/dags/main.py for tasks to queue
[2026-05-31T11:22:04.203+0000] {logging_mixin.py:188} INFO - [2026-05-31T11:22:04.202+0000] {dagbag.py:545} INFO - Filling up the DagBag from /opt/airflow/dags/main.py
[2026-05-31T11:22:04.275+0000] {processor.py:840} INFO - DAG(s) 'produce_json', 'update_db' retrieved from /opt/airflow/dags/main.py
[2026-05-31T11:22:04.301+0000] {logging_mixin.py:188} INFO - [2026-05-31T11:22:04.301+0000] {dag.py:3096} INFO - Sync 2 DAGs
[2026-05-31T11:22:04.320+0000] {logging_mixin.py:188} INFO - [2026-05-31T11:22:04.320+0000] {dag.py:3954} INFO - Setting next_dagrun for produce_json to 2026-05-30 12:00:00+00:00, run_after=2026-05-31 12:00:00+00:00
[2026-05-31T11:22:04.324+0000] {logging_mixin.py:188} INFO - [2026-05-31T11:22:04.323+0000] {dag.py:3954} INFO - Setting next_dagrun for update_db to 2026-05-30 13:00:00+00:00, run_after=2026-05-31 13:00:00+00:00
[2026-05-31T11:22:04.347+0000] {processor.py:183} INFO - Processing /opt/airflow/dags/main.py took 0.153 seconds
[2026-05-31T11:22:35.093+0000] {processor.py:161} INFO - Started process (PID=149) to work on /opt/airflow/dags/main.py
[2026-05-31T11:22:35.094+0000] {processor.py:830} INFO - Processing file /opt/airflow/dags/main.py for tasks to queue
[2026-05-31T11:22:35.096+0000] {logging_mixin.py:188} INFO - [2026-05-31T11:22:35.095+0000] {dagbag.py:545} INFO - Filling up the DagBag from /opt/airflow/dags/main.py
[2026-05-31T11:22:35.151+0000] {processor.py:840} INFO - DAG(s) 'produce_json', 'update_db' retrieved from /opt/airflow/dags/main.py
[2026-05-31T11:22:35.172+0000] {logging_mixin.py:188} INFO - [2026-05-31T11:22:35.172+0000] {dag.py:3096} INFO - Sync 2 DAGs
[2026-05-31T11:22:35.187+0000] {logging_mixin.py:188} INFO - [2026-05-31T11:22:35.187+0000] {dag.py:3954} INFO - Setting next_dagrun for produce_json to 2026-05-30 12:00:00+00:00, run_after=2026-05-31 12:00:00+00:00
[2026-05-31T11:22:35.191+0000] {logging_mixin.py:188} INFO - [2026-05-31T11:22:35.191+0000] {dag.py:3954} INFO - Setting next_dagrun for update_db to 2026-05-30 13:00:00+00:00, run_after=2026-05-31 13:00:00+00:00
[2026-05-31T11:22:35.207+0000] {processor.py:183} INFO - Processing /opt/airflow/dags/main.py took 0.118 seconds
[2026-05-31T11:23:05.858+0000] {processor.py:161} INFO - Started process (PID=157) to work on /opt/airflow/dags/main.py
[2026-05-31T11:23:05.859+0000] {processor.py:830} INFO - Processing file /opt/airflow/dags/main.py for tasks to queue
[2026-05-31T11:23:05.861+0000] {logging_mixin.py:188} INFO - [2026-05-31T11:23:05.861+0000] {dagbag.py:545} INFO - Filling up the DagBag from /opt/airflow/dags/main.py
[2026-05-31T11:23:05.920+0000] {processor.py:840} INFO - DAG(s) 'update_db', 'produce_json' retrieved from /opt/airflow/dags/main.py
[2026-05-31T11:23:05.944+0000] {logging_mixin.py:188} INFO - [2026-05-31T11:23:05.944+0000] {dag.py:3096} INFO - Sync 2 DAGs
[2026-05-31T11:23:05.960+0000] {logging_mixin.py:188} INFO - [2026-05-31T11:23:05.960+0000] {dag.py:3954} INFO - Setting next_dagrun for produce_json to 2026-05-30 12:00:00+00:00, run_after=2026-05-31 12:00:00+00:00
[2026-05-31T11:23:05.965+0000] {logging_mixin.py:188} INFO - [2026-05-31T11:23:05.964+0000] {dag.py:3954} INFO - Setting next_dagrun for update_db to 2026-05-30 13:00:00+00:00, run_after=2026-05-31 13:00:00+00:00
[2026-05-31T11:23:05.981+0000] {processor.py:183} INFO - Processing /opt/airflow/dags/main.py took 0.129 seconds
[2026-05-31T11:23:36.717+0000] {processor.py:161} INFO - Started process (PID=164) to work on /opt/airflow/dags/main.py
[2026-05-31T11:23:36.718+0000] {processor.py:830} INFO - Processing file /opt/airflow/dags/main.py for tasks to queue
[2026-05-31T11:23:36.720+0000] {logging_mixin.py:188} INFO - [2026-05-31T11:23:36.719+0000] {dagbag.py:545} INFO - Filling up the DagBag from /opt/airflow/dags/main.py
[2026-05-31T11:23:36.782+0000] {processor.py:840} INFO - DAG(s) 'update_db', 'produce_json' retrieved from /opt/airflow/dags/main.py
[2026-05-31T11:23:36.803+0000] {logging_mixin.py:188} INFO - [2026-05-31T11:23:36.803+0000] {dag.py:3096} INFO - Sync 2 DAGs
[2026-05-31T11:23:36.819+0000] {logging_mixin.py:188} INFO - [2026-05-31T11:23:36.819+0000] {dag.py:3954} INFO - Setting next_dagrun for produce_json to 2026-05-30 12:00:00+00:00, run_after=2026-05-31 12:00:00+00:00
[2026-05-31T11:23:36.823+0000] {logging_mixin.py:188} INFO - [2026-05-31T11:23:36.823+0000] {dag.py:3954} INFO - Setting next_dagrun for update_db to 2026-05-30 13:00:00+00:00, run_after=2026-05-31 13:00:00+00:00
[2026-05-31T11:23:36.838+0000] {processor.py:183} INFO - Processing /opt/airflow/dags/main.py took 0.126 seconds
[2026-05-31T11:24:07.477+0000] {processor.py:161} INFO - Started process (PID=171) to work on /opt/airflow/dags/main.py
[2026-05-31T11:24:07.479+0000] {processor.py:830} INFO - Processing file /opt/airflow/dags/main.py for tasks to queue
[2026-05-31T11:24:07.480+0000] {logging_mixin.py:188} INFO - [2026-05-31T11:24:07.480+0000] {dagbag.py:545} INFO - Filling up the DagBag from /opt/airflow/dags/main.py
[2026-05-31T11:24:07.638+0000] {processor.py:840} INFO - DAG(s) 'produce_json', 'update_db' retrieved from /opt/airflow/dags/main.py
[2026-05-31T11:24:07.661+0000] {logging_mixin.py:188} INFO - [2026-05-31T11:24:07.661+0000] {dag.py:3096} INFO - Sync 2 DAGs
[2026-05-31T11:24:07.679+0000] {logging_mixin.py:188} INFO - [2026-05-31T11:24:07.679+0000] {dag.py:3954} INFO - Setting next_dagrun for produce_json to 2026-05-30 12:00:00+00:00, run_after=2026-05-31 12:00:00+00:00
[2026-05-31T11:24:07.683+0000] {logging_mixin.py:188} INFO - [2026-05-31T11:24:07.683+0000] {dag.py:3954} INFO - Setting next_dagrun for update_db to 2026-05-30 13:00:00+00:00, run_after=2026-05-31 13:00:00+00:00
[2026-05-31T11:24:07.697+0000] {processor.py:183} INFO - Processing /opt/airflow/dags/main.py took 0.226 seconds
[2026-05-31T11:24:38.278+0000] {processor.py:161} INFO - Started process (PID=178) to work on /opt/airflow/dags/main.py
[2026-05-31T11:24:38.278+0000] {processor.py:830} INFO - Processing file /opt/airflow/dags/main.py for tasks to queue
[2026-05-31T11:24:38.280+0000] {logging_mixin.py:188} INFO - [2026-05-31T11:24:38.279+0000] {dagbag.py:545} INFO - Filling up the DagBag from /opt/airflow/dags/main.py
[2026-05-31T11:24:38.341+0000] {processor.py:840} INFO - DAG(s) 'produce_json', 'update_db' retrieved from /opt/airflow/dags/main.py
[2026-05-31T11:24:38.365+0000] {logging_mixin.py:188} INFO - [2026-05-31T11:24:38.365+0000] {dag.py:3096} INFO - Sync 2 DAGs
[2026-05-31T11:24:38.382+0000] {logging_mixin.py:188} INFO - [2026-05-31T11:24:38.382+0000] {dag.py:3954} INFO - Setting next_dagrun for produce_json to 2026-05-30 12:00:00+00:00, run_after=2026-05-31 12:00:00+00:00
[2026-05-31T11:24:38.386+0000] {logging_mixin.py:188} INFO - [2026-05-31T11:24:38.386+0000] {dag.py:3954} INFO - Setting next_dagrun for update_db to 2026-05-30 13:00:00+00:00, run_after=2026-05-31 13:00:00+00:00
[2026-05-31T11:24:38.399+0000] {processor.py:183} INFO - Processing /opt/airflow/dags/main.py took 0.126 seconds
[2026-05-31T11:25:09.088+0000] {processor.py:161} INFO - Started process (PID=179) to work on /opt/airflow/dags/main.py
[2026-05-31T11:25:09.089+0000] {processor.py:830} INFO - Processing file /opt/airflow/dags/main.py for tasks to queue
[2026-05-31T11:25:09.090+0000] {logging_mixin.py:188} INFO - [2026-05-31T11:25:09.090+0000] {dagbag.py:545} INFO - Filling up the DagBag from /opt/airflow/dags/main.py
[2026-05-31T11:25:09.161+0000] {processor.py:840} INFO - DAG(s) 'produce_json', 'update_db' retrieved from /opt/airflow/dags/main.py
[2026-05-31T11:25:09.186+0000] {logging_mixin.py:188} INFO - [2026-05-31T11:25:09.186+0000] {dag.py:3096} INFO - Sync 2 DAGs
[2026-05-31T11:25:09.202+0000] {logging_mixin.py:188} INFO - [2026-05-31T11:25:09.202+0000] {dag.py:3954} INFO - Setting next_dagrun for produce_json to 2026-05-30 12:00:00+00:00, run_after=2026-05-31 12:00:00+00:00
[2026-05-31T11:25:09.206+0000] {logging_mixin.py:188} INFO - [2026-05-31T11:25:09.206+0000] {dag.py:3954} INFO - Setting next_dagrun for update_db to 2026-05-30 13:00:00+00:00, run_after=2026-05-31 13:00:00+00:00
[2026-05-31T11:25:09.221+0000] {processor.py:183} INFO - Processing /opt/airflow/dags/main.py took 0.139 seconds
[2026-05-31T11:25:41.814+0000] {processor.py:161} INFO - Started process (PID=186) to work on /opt/airflow/dags/main.py
[2026-05-31T11:25:41.815+0000] {processor.py:830} INFO - Processing file /opt/airflow/dags/main.py for tasks to queue
[2026-05-31T11:25:41.817+0000] {logging_mixin.py:188} INFO - [2026-05-31T11:25:41.816+0000] {dagbag.py:545} INFO - Filling up the DagBag from /opt/airflow/dags/main.py
[2026-05-31T11:25:41.895+0000] {processor.py:840} INFO - DAG(s) 'update_db', 'produce_json' retrieved from /opt/airflow/dags/main.py
[2026-05-31T11:25:41.925+0000] {logging_mixin.py:188} INFO - [2026-05-31T11:25:41.925+0000] {dag.py:3096} INFO - Sync 2 DAGs
[2026-05-31T11:25:41.946+0000] {logging_mixin.py:188} INFO - [2026-05-31T11:25:41.946+0000] {dag.py:3954} INFO - Setting next_dagrun for produce_json to 2026-05-30 12:00:00+00:00, run_after=2026-05-31 12:00:00+00:00
[2026-05-31T11:25:41.951+0000] {logging_mixin.py:188} INFO - [2026-05-31T11:25:41.951+0000] {dag.py:3954} INFO - Setting next_dagrun for update_db to 2026-05-30 13:00:00+00:00, run_after=2026-05-31 13:00:00+00:00
[2026-05-31T11:25:41.971+0000] {processor.py:183} INFO - Processing /opt/airflow/dags/main.py took 0.163 seconds
[2026-05-31T11:26:12.140+0000] {processor.py:161} INFO - Started process (PID=193) to work on /opt/airflow/dags/main.py
[2026-05-31T11:26:12.141+0000] {processor.py:830} INFO - Processing file /opt/airflow/dags/main.py for tasks to queue
[2026-05-31T11:26:12.143+0000] {logging_mixin.py:188} INFO - [2026-05-31T11:26:12.143+0000] {dagbag.py:545} INFO - Filling up the DagBag from /opt/airflow/dags/main.py
[2026-05-31T11:26:12.215+0000] {processor.py:840} INFO - DAG(s) 'update_db', 'produce_json' retrieved from /opt/airflow/dags/main.py
[2026-05-31T11:26:12.243+0000] {logging_mixin.py:188} INFO - [2026-05-31T11:26:12.243+0000] {dag.py:3096} INFO - Sync 2 DAGs
[2026-05-31T11:26:12.263+0000] {logging_mixin.py:188} INFO - [2026-05-31T11:26:12.262+0000] {dag.py:3954} INFO - Setting next_dagrun for produce_json to 2026-05-30 12:00:00+00:00, run_after=2026-05-31 12:00:00+00:00
[2026-05-31T11:26:12.268+0000] {logging_mixin.py:188} INFO - [2026-05-31T11:26:12.267+0000] {dag.py:3954} INFO - Setting next_dagrun for update_db to 2026-05-30 13:00:00+00:00, run_after=2026-05-31 13:00:00+00:00
[2026-05-31T11:26:12.292+0000] {processor.py:183} INFO - Processing /opt/airflow/dags/main.py took 0.158 seconds
[2026-05-31T11:26:42.738+0000] {processor.py:161} INFO - Started process (PID=200) to work on /opt/airflow/dags/main.py
[2026-05-31T11:26:42.739+0000] {processor.py:830} INFO - Processing file /opt/airflow/dags/main.py for tasks to queue
[2026-05-31T11:26:42.740+0000] {logging_mixin.py:188} INFO - [2026-05-31T11:26:42.740+0000] {dagbag.py:545} INFO - Filling up the DagBag from /opt/airflow/dags/main.py
[2026-05-31T11:26:42.802+0000] {processor.py:840} INFO - DAG(s) 'update_db', 'produce_json' retrieved from /opt/airflow/dags/main.py
[2026-05-31T11:26:42.824+0000] {logging_mixin.py:188} INFO - [2026-05-31T11:26:42.824+0000] {dag.py:3096} INFO - Sync 2 DAGs
[2026-05-31T11:26:42.840+0000] {logging_mixin.py:188} INFO - [2026-05-31T11:26:42.840+0000] {dag.py:3954} INFO - Setting next_dagrun for produce_json to 2026-05-30 12:00:00+00:00, run_after=2026-05-31 12:00:00+00:00
[2026-05-31T11:26:42.844+0000] {logging_mixin.py:188} INFO - [2026-05-31T11:26:42.844+0000] {dag.py:3954} INFO - Setting next_dagrun for update_db to 2026-05-30 13:00:00+00:00, run_after=2026-05-31 13:00:00+00:00
[2026-05-31T11:26:42.867+0000] {processor.py:183} INFO - Processing /opt/airflow/dags/main.py took 0.133 seconds
[2026-05-31T11:27:13.550+0000] {processor.py:161} INFO - Started process (PID=207) to work on /opt/airflow/dags/main.py
[2026-05-31T11:27:13.551+0000] {processor.py:830} INFO - Processing file /opt/airflow/dags/main.py for tasks to queue
[2026-05-31T11:27:13.552+0000] {logging_mixin.py:188} INFO - [2026-05-31T11:27:13.552+0000] {dagbag.py:545} INFO - Filling up the DagBag from /opt/airflow/dags/main.py
[2026-05-31T11:27:13.608+0000] {processor.py:840} INFO - DAG(s) 'update_db', 'produce_json' retrieved from /opt/airflow/dags/main.py
[2026-05-31T11:27:13.628+0000] {logging_mixin.py:188} INFO - [2026-05-31T11:27:13.628+0000] {dag.py:3096} INFO - Sync 2 DAGs
[2026-05-31T11:27:13.643+0000] {logging_mixin.py:188} INFO - [2026-05-31T11:27:13.643+0000] {dag.py:3954} INFO - Setting next_dagrun for produce_json to 2026-05-30 12:00:00+00:00, run_after=2026-05-31 12:00:00+00:00
[2026-05-31T11:27:13.647+0000] {logging_mixin.py:188} INFO - [2026-05-31T11:27:13.646+0000] {dag.py:3954} INFO - Setting next_dagrun for update_db to 2026-05-30 13:00:00+00:00, run_after=2026-05-31 13:00:00+00:00
[2026-05-31T11:27:13.669+0000] {processor.py:183} INFO - Processing /opt/airflow/dags/main.py took 0.123 seconds
[2026-05-31T11:27:44.634+0000] {processor.py:161} INFO - Started process (PID=214) to work on /opt/airflow/dags/main.py
[2026-05-31T11:27:44.635+0000] {processor.py:830} INFO - Processing file /opt/airflow/dags/main.py for tasks to queue
[2026-05-31T11:27:44.638+0000] {logging_mixin.py:188} INFO - [2026-05-31T11:27:44.638+0000] {dagbag.py:545} INFO - Filling up the DagBag from /opt/airflow/dags/main.py
[2026-05-31T11:27:44.732+0000] {processor.py:840} INFO - DAG(s) 'produce_json', 'update_db' retrieved from /opt/airflow/dags/main.py
[2026-05-31T11:27:44.768+0000] {logging_mixin.py:188} INFO - [2026-05-31T11:27:44.768+0000] {dag.py:3096} INFO - Sync 2 DAGs
[2026-05-31T11:27:44.786+0000] {logging_mixin.py:188} INFO - [2026-05-31T11:27:44.786+0000] {dag.py:3954} INFO - Setting next_dagrun for produce_json to 2026-05-30 12:00:00+00:00, run_after=2026-05-31 12:00:00+00:00
[2026-05-31T11:27:44.791+0000] {logging_mixin.py:188} INFO - [2026-05-31T11:27:44.791+0000] {dag.py:3954} INFO - Setting next_dagrun for update_db to 2026-05-30 13:00:00+00:00, run_after=2026-05-31 13:00:00+00:00
[2026-05-31T11:27:44.807+0000] {processor.py:183} INFO - Processing /opt/airflow/dags/main.py took 0.191 seconds
[2026-05-31T11:28:15.509+0000] {processor.py:161} INFO - Started process (PID=221) to work on /opt/airflow/dags/main.py
[2026-05-31T11:28:15.510+0000] {processor.py:830} INFO - Processing file /opt/airflow/dags/main.py for tasks to queue
[2026-05-31T11:28:15.511+0000] {logging_mixin.py:188} INFO - [2026-05-31T11:28:15.511+0000] {dagbag.py:545} INFO - Filling up the DagBag from /opt/airflow/dags/main.py
[2026-05-31T11:28:15.567+0000] {processor.py:840} INFO - DAG(s) 'produce_json', 'update_db' retrieved from /opt/airflow/dags/main.py
[2026-05-31T11:28:15.585+0000] {logging_mixin.py:188} INFO - [2026-05-31T11:28:15.585+0000] {dag.py:3096} INFO - Sync 2 DAGs
[2026-05-31T11:28:15.598+0000] {logging_mixin.py:188} INFO - [2026-05-31T11:28:15.598+0000] {dag.py:3954} INFO - Setting next_dagrun for produce_json to 2026-05-30 12:00:00+00:00, run_after=2026-05-31 12:00:00+00:00
[2026-05-31T11:28:15.602+0000] {logging_mixin.py:188} INFO - [2026-05-31T11:28:15.602+0000] {dag.py:3954} INFO - Setting next_dagrun for update_db to 2026-05-30 13:00:00+00:00, run_after=2026-05-31 13:00:00+00:00
[2026-05-31T11:28:15.616+0000] {processor.py:183} INFO - Processing /opt/airflow/dags/main.py took 0.110 seconds
[2026-05-31T11:28:46.239+0000] {processor.py:161} INFO - Started process (PID=228) to work on /opt/airflow/dags/main.py
[2026-05-31T11:28:46.240+0000] {processor.py:830} INFO - Processing file /opt/airflow/dags/main.py for tasks to queue
[2026-05-31T11:28:46.242+0000] {logging_mixin.py:188} INFO - [2026-05-31T11:28:46.241+0000] {dagbag.py:545} INFO - Filling up the DagBag from /opt/airflow/dags/main.py
[2026-05-31T11:28:46.321+0000] {processor.py:840} INFO - DAG(s) 'produce_json', 'update_db' retrieved from /opt/airflow/dags/main.py
[2026-05-31T11:28:46.347+0000] {logging_mixin.py:188} INFO - [2026-05-31T11:28:46.347+0000] {dag.py:3096} INFO - Sync 2 DAGs
[2026-05-31T11:28:46.363+0000] {logging_mixin.py:188} INFO - [2026-05-31T11:28:46.363+0000] {dag.py:3954} INFO - Setting next_dagrun for produce_json to 2026-05-30 12:00:00+00:00, run_after=2026-05-31 12:00:00+00:00
[2026-05-31T11:28:46.367+0000] {logging_mixin.py:188} INFO - [2026-05-31T11:28:46.366+0000] {dag.py:3954} INFO - Setting next_dagrun for update_db to 2026-05-30 13:00:00+00:00, run_after=2026-05-31 13:00:00+00:00
[2026-05-31T11:28:46.380+0000] {processor.py:183} INFO - Processing /opt/airflow/dags/main.py took 0.154 seconds
[2026-05-31T11:29:16.458+0000] {processor.py:161} INFO - Started process (PID=235) to work on /opt/airflow/dags/main.py
[2026-05-31T11:29:16.459+0000] {processor.py:830} INFO - Processing file /opt/airflow/dags/main.py for tasks to queue
[2026-05-31T11:29:16.461+0000] {logging_mixin.py:188} INFO - [2026-05-31T11:29:16.460+0000] {dagbag.py:545} INFO - Filling up the DagBag from /opt/airflow/dags/main.py
[2026-05-31T11:29:16.516+0000] {processor.py:840} INFO - DAG(s) 'produce_json', 'update_db' retrieved from /opt/airflow/dags/main.py
[2026-05-31T11:29:16.538+0000] {logging_mixin.py:188} INFO - [2026-05-31T11:29:16.537+0000] {dag.py:3096} INFO - Sync 2 DAGs
[2026-05-31T11:29:16.553+0000] {logging_mixin.py:188} INFO - [2026-05-31T11:29:16.553+0000] {dag.py:3954} INFO - Setting next_dagrun for produce_json to 2026-05-30 12:00:00+00:00, run_after=2026-05-31 12:00:00+00:00
[2026-05-31T11:29:16.557+0000] {logging_mixin.py:188} INFO - [2026-05-31T11:29:16.557+0000] {dag.py:3954} INFO - Setting next_dagrun for update_db to 2026-05-30 13:00:00+00:00, run_after=2026-05-31 13:00:00+00:00
[2026-05-31T11:29:16.572+0000] {processor.py:183} INFO - Processing /opt/airflow/dags/main.py took 0.119 seconds
[2026-05-31T11:29:46.699+0000] {processor.py:161} INFO - Started process (PID=242) to work on /opt/airflow/dags/main.py
[2026-05-31T11:29:46.699+0000] {processor.py:830} INFO - Processing file /opt/airflow/dags/main.py for tasks to queue
[2026-05-31T11:29:46.701+0000] {logging_mixin.py:188} INFO - [2026-05-31T11:29:46.701+0000] {dagbag.py:545} INFO - Filling up the DagBag from /opt/airflow/dags/main.py
[2026-05-31T11:29:46.753+0000] {processor.py:840} INFO - DAG(s) 'update_db', 'produce_json' retrieved from /opt/airflow/dags/main.py
[2026-05-31T11:29:46.774+0000] {logging_mixin.py:188} INFO - [2026-05-31T11:29:46.773+0000] {dag.py:3096} INFO - Sync 2 DAGs
[2026-05-31T11:29:46.788+0000] {logging_mixin.py:188} INFO - [2026-05-31T11:29:46.788+0000] {dag.py:3954} INFO - Setting next_dagrun for produce_json to 2026-05-30 12:00:00+00:00, run_after=2026-05-31 12:00:00+00:00
[2026-05-31T11:29:46.792+0000] {logging_mixin.py:188} INFO - [2026-05-31T11:29:46.791+0000] {dag.py:3954} INFO - Setting next_dagrun for update_db to 2026-05-30 13:00:00+00:00, run_after=2026-05-31 13:00:00+00:00
[2026-05-31T11:29:46.806+0000] {processor.py:183} INFO - Processing /opt/airflow/dags/main.py took 0.111 seconds
[2026-05-31T11:30:16.945+0000] {processor.py:161} INFO - Started process (PID=249) to work on /opt/airflow/dags/main.py
[2026-05-31T11:30:16.946+0000] {processor.py:830} INFO - Processing file /opt/airflow/dags/main.py for tasks to queue
[2026-05-31T11:30:16.948+0000] {logging_mixin.py:188} INFO - [2026-05-31T11:30:16.948+0000] {dagbag.py:545} INFO - Filling up the DagBag from /opt/airflow/dags/main.py
[2026-05-31T11:30:16.998+0000] {processor.py:840} INFO - DAG(s) 'update_db', 'produce_json' retrieved from /opt/airflow/dags/main.py
[2026-05-31T11:30:17.019+0000] {logging_mixin.py:188} INFO - [2026-05-31T11:30:17.019+0000] {dag.py:3096} INFO - Sync 2 DAGs
[2026-05-31T11:30:17.034+0000] {logging_mixin.py:188} INFO - [2026-05-31T11:30:17.034+0000] {dag.py:3954} INFO - Setting next_dagrun for produce_json to 2026-05-30 12:00:00+00:00, run_after=2026-05-31 12:00:00+00:00
[2026-05-31T11:30:17.037+0000] {logging_mixin.py:188} INFO - [2026-05-31T11:30:17.037+0000] {dag.py:3954} INFO - Setting next_dagrun for update_db to 2026-05-30 13:00:00+00:00, run_after=2026-05-31 13:00:00+00:00
[2026-05-31T11:30:17.053+0000] {processor.py:183} INFO - Processing /opt/airflow/dags/main.py took 0.112 seconds
[2026-05-31T11:30:47.450+0000] {processor.py:161} INFO - Started process (PID=256) to work on /opt/airflow/dags/main.py
[2026-05-31T11:30:47.459+0000] {processor.py:830} INFO - Processing file /opt/airflow/dags/main.py for tasks to queue
[2026-05-31T11:30:47.463+0000] {logging_mixin.py:188} INFO - [2026-05-31T11:30:47.462+0000] {dagbag.py:545} INFO - Filling up the DagBag from /opt/airflow/dags/main.py
[2026-05-31T11:30:47.641+0000] {processor.py:840} INFO - DAG(s) 'produce_json', 'update_db' retrieved from /opt/airflow/dags/main.py
[2026-05-31T11:30:47.701+0000] {logging_mixin.py:188} INFO - [2026-05-31T11:30:47.701+0000] {dag.py:3096} INFO - Sync 2 DAGs
[2026-05-31T11:30:47.745+0000] {logging_mixin.py:188} INFO - [2026-05-31T11:30:47.745+0000] {dag.py:3954} INFO - Setting next_dagrun for produce_json to 2026-05-30 12:00:00+00:00, run_after=2026-05-31 12:00:00+00:00
[2026-05-31T11:30:47.760+0000] {logging_mixin.py:188} INFO - [2026-05-31T11:30:47.759+0000] {dag.py:3954} INFO - Setting next_dagrun for update_db to 2026-05-30 13:00:00+00:00, run_after=2026-05-31 13:00:00+00:00
[2026-05-31T11:30:47.799+0000] {processor.py:183} INFO - Processing /opt/airflow/dags/main.py took 0.357 seconds
[2026-05-31T11:31:18.042+0000] {processor.py:161} INFO - Started process (PID=263) to work on /opt/airflow/dags/main.py
[2026-05-31T11:31:18.043+0000] {processor.py:830} INFO - Processing file /opt/airflow/dags/main.py for tasks to queue
[2026-05-31T11:31:18.046+0000] {logging_mixin.py:188} INFO - [2026-05-31T11:31:18.045+0000] {dagbag.py:545} INFO - Filling up the DagBag from /opt/airflow/dags/main.py
[2026-05-31T11:31:18.136+0000] {processor.py:840} INFO - DAG(s) 'produce_json', 'update_db' retrieved from /opt/airflow/dags/main.py
[2026-05-31T11:31:18.163+0000] {logging_mixin.py:188} INFO - [2026-05-31T11:31:18.163+0000] {dag.py:3096} INFO - Sync 2 DAGs
[2026-05-31T11:31:18.180+0000] {logging_mixin.py:188} INFO - [2026-05-31T11:31:18.180+0000] {dag.py:3954} INFO - Setting next_dagrun for produce_json to 2026-05-30 12:00:00+00:00, run_after=2026-05-31 12:00:00+00:00
[2026-05-31T11:31:18.184+0000] {logging_mixin.py:188} INFO - [2026-05-31T11:31:18.184+0000] {dag.py:3954} INFO - Setting next_dagrun for update_db to 2026-05-30 13:00:00+00:00, run_after=2026-05-31 13:00:00+00:00
[2026-05-31T11:31:18.202+0000] {processor.py:183} INFO - Processing /opt/airflow/dags/main.py took 0.165 seconds
[2026-05-31T11:31:48.927+0000] {processor.py:161} INFO - Started process (PID=270) to work on /opt/airflow/dags/main.py
[2026-05-31T11:31:48.928+0000] {processor.py:830} INFO - Processing file /opt/airflow/dags/main.py for tasks to queue
[2026-05-31T11:31:48.930+0000] {logging_mixin.py:188} INFO - [2026-05-31T11:31:48.930+0000] {dagbag.py:545} INFO - Filling up the DagBag from /opt/airflow/dags/main.py
[2026-05-31T11:31:49.020+0000] {processor.py:840} INFO - DAG(s) 'produce_json', 'update_db' retrieved from /opt/airflow/dags/main.py
[2026-05-31T11:31:49.046+0000] {logging_mixin.py:188} INFO - [2026-05-31T11:31:49.046+0000] {dag.py:3096} INFO - Sync 2 DAGs
[2026-05-31T11:31:49.064+0000] {logging_mixin.py:188} INFO - [2026-05-31T11:31:49.063+0000] {dag.py:3954} INFO - Setting next_dagrun for produce_json to 2026-05-30 12:00:00+00:00, run_after=2026-05-31 12:00:00+00:00
[2026-05-31T11:31:49.068+0000] {logging_mixin.py:188} INFO - [2026-05-31T11:31:49.068+0000] {dag.py:3954} INFO - Setting next_dagrun for update_db to 2026-05-30 13:00:00+00:00, run_after=2026-05-31 13:00:00+00:00
[2026-05-31T11:31:49.084+0000] {processor.py:183} INFO - Processing /opt/airflow/dags/main.py took 0.163 seconds
[2026-05-31T11:32:19.237+0000] {processor.py:161} INFO - Started process (PID=277) to work on /opt/airflow/dags/main.py
[2026-05-31T11:32:19.238+0000] {processor.py:830} INFO - Processing file /opt/airflow/dags/main.py for tasks to queue
[2026-05-31T11:32:19.240+0000] {logging_mixin.py:188} INFO - [2026-05-31T11:32:19.240+0000] {dagbag.py:545} INFO - Filling up the DagBag from /opt/airflow/dags/main.py
[2026-05-31T11:32:19.307+0000] {processor.py:840} INFO - DAG(s) 'update_db', 'produce_json' retrieved from /opt/airflow/dags/main.py
[2026-05-31T11:32:19.329+0000] {logging_mixin.py:188} INFO - [2026-05-31T11:32:19.329+0000] {dag.py:3096} INFO - Sync 2 DAGs
[2026-05-31T11:32:19.344+0000] {logging_mixin.py:188} INFO - [2026-05-31T11:32:19.344+0000] {dag.py:3954} INFO - Setting next_dagrun for produce_json to 2026-05-30 12:00:00+00:00, run_after=2026-05-31 12:00:00+00:00
[2026-05-31T11:32:19.348+0000] {logging_mixin.py:188} INFO - [2026-05-31T11:32:19.348+0000] {dag.py:3954} INFO - Setting next_dagrun for update_db to 2026-05-30 13:00:00+00:00, run_after=2026-05-31 13:00:00+00:00
[2026-05-31T11:32:19.361+0000] {processor.py:183} INFO - Processing /opt/airflow/dags/main.py took 0.127 seconds
[2026-05-31T11:32:49.411+0000] {processor.py:161} INFO - Started process (PID=284) to work on /opt/airflow/dags/main.py
[2026-05-31T11:32:49.412+0000] {processor.py:830} INFO - Processing file /opt/airflow/dags/main.py for tasks to queue
[2026-05-31T11:32:49.414+0000] {logging_mixin.py:188} INFO - [2026-05-31T11:32:49.413+0000] {dagbag.py:545} INFO - Filling up the DagBag from /opt/airflow/dags/main.py
[2026-05-31T11:32:49.499+0000] {processor.py:840} INFO - DAG(s) 'update_db', 'produce_json' retrieved from /opt/airflow/dags/main.py
[2026-05-31T11:32:49.526+0000] {logging_mixin.py:188} INFO - [2026-05-31T11:32:49.525+0000] {dag.py:3096} INFO - Sync 2 DAGs
[2026-05-31T11:32:49.541+0000] {logging_mixin.py:188} INFO - [2026-05-31T11:32:49.541+0000] {dag.py:3954} INFO - Setting next_dagrun for produce_json to 2026-05-30 12:00:00+00:00, run_after=2026-05-31 12:00:00+00:00
[2026-05-31T11:32:49.545+0000] {logging_mixin.py:188} INFO - [2026-05-31T11:32:49.545+0000] {dag.py:3954} INFO - Setting next_dagrun for update_db to 2026-05-30 13:00:00+00:00, run_after=2026-05-31 13:00:00+00:00
[2026-05-31T11:32:49.560+0000] {processor.py:183} INFO - Processing /opt/airflow/dags/main.py took 0.155 seconds
[2026-05-31T11:33:19.808+0000] {processor.py:161} INFO - Started process (PID=292) to work on /opt/airflow/dags/main.py
[2026-05-31T11:33:19.809+0000] {processor.py:830} INFO - Processing file /opt/airflow/dags/main.py for tasks to queue
[2026-05-31T11:33:19.811+0000] {logging_mixin.py:188} INFO - [2026-05-31T11:33:19.810+0000] {dagbag.py:545} INFO - Filling up the DagBag from /opt/airflow/dags/main.py
[2026-05-31T11:33:19.873+0000] {processor.py:840} INFO - DAG(s) 'produce_json', 'update_db' retrieved from /opt/airflow/dags/main.py
[2026-05-31T11:33:19.896+0000] {logging_mixin.py:188} INFO - [2026-05-31T11:33:19.895+0000] {dag.py:3096} INFO - Sync 2 DAGs
[2026-05-31T11:33:19.915+0000] {logging_mixin.py:188} INFO - [2026-05-31T11:33:19.915+0000] {dag.py:3954} INFO - Setting next_dagrun for produce_json to 2026-05-30 12:00:00+00:00, run_after=2026-05-31 12:00:00+00:00
[2026-05-31T11:33:19.918+0000] {logging_mixin.py:188} INFO - [2026-05-31T11:33:19.918+0000] {dag.py:3954} INFO - Setting next_dagrun for update_db to 2026-05-30 13:00:00+00:00, run_after=2026-05-31 13:00:00+00:00
[2026-05-31T11:33:19.932+0000] {processor.py:183} INFO - Processing /opt/airflow/dags/main.py took 0.129 seconds
[2026-05-31T11:33:49.974+0000] {processor.py:161} INFO - Started process (PID=299) to work on /opt/airflow/dags/main.py
[2026-05-31T11:33:49.975+0000] {processor.py:830} INFO - Processing file /opt/airflow/dags/main.py for tasks to queue
[2026-05-31T11:33:49.977+0000] {logging_mixin.py:188} INFO - [2026-05-31T11:33:49.976+0000] {dagbag.py:545} INFO - Filling up the DagBag from /opt/airflow/dags/main.py
[2026-05-31T11:33:50.038+0000] {processor.py:840} INFO - DAG(s) 'update_db', 'produce_json' retrieved from /opt/airflow/dags/main.py
[2026-05-31T11:33:50.060+0000] {logging_mixin.py:188} INFO - [2026-05-31T11:33:50.060+0000] {dag.py:3096} INFO - Sync 2 DAGs
[2026-05-31T11:33:50.075+0000] {logging_mixin.py:188} INFO - [2026-05-31T11:33:50.075+0000] {dag.py:3954} INFO - Setting next_dagrun for produce_json to 2026-05-30 12:00:00+00:00, run_after=2026-05-31 12:00:00+00:00
[2026-05-31T11:33:50.079+0000] {logging_mixin.py:188} INFO - [2026-05-31T11:33:50.079+0000] {dag.py:3954} INFO - Setting next_dagrun for update_db to 2026-05-30 13:00:00+00:00, run_after=2026-05-31 13:00:00+00:00
[2026-05-31T11:33:50.096+0000] {processor.py:183} INFO - Processing /opt/airflow/dags/main.py took 0.126 seconds
[2026-05-31T12:36:17.230+0000] {processor.py:161} INFO - Started process (PID=306) to work on /opt/airflow/dags/main.py
[2026-05-31T12:36:17.231+0000] {processor.py:830} INFO - Processing file /opt/airflow/dags/main.py for tasks to queue
[2026-05-31T12:36:17.233+0000] {logging_mixin.py:188} INFO - [2026-05-31T12:36:17.233+0000] {dagbag.py:545} INFO - Filling up the DagBag from /opt/airflow/dags/main.py
[2026-05-31T12:36:17.330+0000] {processor.py:840} INFO - DAG(s) 'update_db', 'produce_json' retrieved from /opt/airflow/dags/main.py
[2026-05-31T12:36:17.362+0000] {logging_mixin.py:188} INFO - [2026-05-31T12:36:17.361+0000] {dag.py:3096} INFO - Sync 2 DAGs
[2026-05-31T12:36:17.413+0000] {logging_mixin.py:188} INFO - [2026-05-31T12:36:17.413+0000] {dag.py:3954} INFO - Setting next_dagrun for produce_json to 2026-05-31 12:00:00+00:00, run_after=2026-06-01 12:00:00+00:00
[2026-05-31T12:36:17.417+0000] {logging_mixin.py:188} INFO - [2026-05-31T12:36:17.417+0000] {dag.py:3954} INFO - Setting next_dagrun for update_db to 2026-05-30 13:00:00+00:00, run_after=2026-05-31 13:00:00+00:00
[2026-05-31T12:36:17.434+0000] {processor.py:183} INFO - Processing /opt/airflow/dags/main.py took 0.213 seconds
[2026-05-31T12:43:55.856+0000] {processor.py:161} INFO - Started process (PID=307) to work on /opt/airflow/dags/main.py
[2026-05-31T12:43:55.858+0000] {processor.py:830} INFO - Processing file /opt/airflow/dags/main.py for tasks to queue
[2026-05-31T12:43:55.861+0000] {logging_mixin.py:188} INFO - [2026-05-31T12:43:55.861+0000] {dagbag.py:545} INFO - Filling up the DagBag from /opt/airflow/dags/main.py
[2026-05-31T12:43:55.963+0000] {processor.py:840} INFO - DAG(s) 'produce_json', 'update_db' retrieved from /opt/airflow/dags/main.py
[2026-05-31T12:43:56.000+0000] {logging_mixin.py:188} INFO - [2026-05-31T12:43:55.999+0000] {dag.py:3096} INFO - Sync 2 DAGs
[2026-05-31T12:43:56.021+0000] {logging_mixin.py:188} INFO - [2026-05-31T12:43:56.020+0000] {dag.py:3954} INFO - Setting next_dagrun for produce_json to 2026-05-31 12:00:00+00:00, run_after=2026-06-01 12:00:00+00:00
[2026-05-31T12:43:56.025+0000] {logging_mixin.py:188} INFO - [2026-05-31T12:43:56.025+0000] {dag.py:3954} INFO - Setting next_dagrun for update_db to 2026-05-30 13:00:00+00:00, run_after=2026-05-31 13:00:00+00:00
[2026-05-31T12:43:56.045+0000] {processor.py:183} INFO - Processing /opt/airflow/dags/main.py took 0.198 seconds
[2026-05-31T12:44:26.108+0000] {processor.py:161} INFO - Started process (PID=314) to work on /opt/airflow/dags/main.py
[2026-05-31T12:44:26.109+0000] {processor.py:830} INFO - Processing file /opt/airflow/dags/main.py for tasks to queue
[2026-05-31T12:44:26.111+0000] {logging_mixin.py:188} INFO - [2026-05-31T12:44:26.111+0000] {dagbag.py:545} INFO - Filling up the DagBag from /opt/airflow/dags/main.py
[2026-05-31T12:44:26.180+0000] {processor.py:840} INFO - DAG(s) 'update_db', 'produce_json' retrieved from /opt/airflow/dags/main.py
[2026-05-31T12:44:26.208+0000] {logging_mixin.py:188} INFO - [2026-05-31T12:44:26.207+0000] {dag.py:3096} INFO - Sync 2 DAGs
[2026-05-31T12:44:26.225+0000] {logging_mixin.py:188} INFO - [2026-05-31T12:44:26.225+0000] {dag.py:3954} INFO - Setting next_dagrun for produce_json to 2026-05-31 12:00:00+00:00, run_after=2026-06-01 12:00:00+00:00
[2026-05-31T12:44:26.229+0000] {logging_mixin.py:188} INFO - [2026-05-31T12:44:26.229+0000] {dag.py:3954} INFO - Setting next_dagrun for update_db to 2026-05-30 13:00:00+00:00, run_after=2026-05-31 13:00:00+00:00
[2026-05-31T12:44:26.256+0000] {processor.py:183} INFO - Processing /opt/airflow/dags/main.py took 0.152 seconds
[2026-05-31T12:44:56.391+0000] {processor.py:161} INFO - Started process (PID=321) to work on /opt/airflow/dags/main.py
[2026-05-31T12:44:56.392+0000] {processor.py:830} INFO - Processing file /opt/airflow/dags/main.py for tasks to queue
[2026-05-31T12:44:56.393+0000] {logging_mixin.py:188} INFO - [2026-05-31T12:44:56.393+0000] {dagbag.py:545} INFO - Filling up the DagBag from /opt/airflow/dags/main.py
[2026-05-31T12:44:56.459+0000] {processor.py:840} INFO - DAG(s) 'update_db', 'produce_json' retrieved from /opt/airflow/dags/main.py
[2026-05-31T12:44:56.483+0000] {logging_mixin.py:188} INFO - [2026-05-31T12:44:56.482+0000] {dag.py:3096} INFO - Sync 2 DAGs
[2026-05-31T12:44:56.499+0000] {logging_mixin.py:188} INFO - [2026-05-31T12:44:56.499+0000] {dag.py:3954} INFO - Setting next_dagrun for produce_json to 2026-05-31 12:00:00+00:00, run_after=2026-06-01 12:00:00+00:00
[2026-05-31T12:44:56.503+0000] {logging_mixin.py:188} INFO - [2026-05-31T12:44:56.502+0000] {dag.py:3954} INFO - Setting next_dagrun for update_db to 2026-05-30 13:00:00+00:00, run_after=2026-05-31 13:00:00+00:00
[2026-05-31T12:44:56.519+0000] {processor.py:183} INFO - Processing /opt/airflow/dags/main.py took 0.133 seconds
[2026-05-31T12:45:26.648+0000] {processor.py:161} INFO - Started process (PID=328) to work on /opt/airflow/dags/main.py
[2026-05-31T12:45:26.649+0000] {processor.py:830} INFO - Processing file /opt/airflow/dags/main.py for tasks to queue
[2026-05-31T12:45:26.650+0000] {logging_mixin.py:188} INFO - [2026-05-31T12:45:26.650+0000] {dagbag.py:545} INFO - Filling up the DagBag from /opt/airflow/dags/main.py
[2026-05-31T12:45:26.708+0000] {processor.py:840} INFO - DAG(s) 'update_db', 'produce_json' retrieved from /opt/airflow/dags/main.py
[2026-05-31T12:45:26.730+0000] {logging_mixin.py:188} INFO - [2026-05-31T12:45:26.729+0000] {dag.py:3096} INFO - Sync 2 DAGs
[2026-05-31T12:45:26.745+0000] {logging_mixin.py:188} INFO - [2026-05-31T12:45:26.745+0000] {dag.py:3954} INFO - Setting next_dagrun for produce_json to 2026-05-31 12:00:00+00:00, run_after=2026-06-01 12:00:00+00:00
[2026-05-31T12:45:26.749+0000] {logging_mixin.py:188} INFO - [2026-05-31T12:45:26.749+0000] {dag.py:3954} INFO - Setting next_dagrun for update_db to 2026-05-30 13:00:00+00:00, run_after=2026-05-31 13:00:00+00:00
[2026-05-31T12:45:26.765+0000] {processor.py:183} INFO - Processing /opt/airflow/dags/main.py took 0.122 seconds
[2026-05-31T12:45:56.943+0000] {processor.py:161} INFO - Started process (PID=335) to work on /opt/airflow/dags/main.py
[2026-05-31T12:45:56.944+0000] {processor.py:830} INFO - Processing file /opt/airflow/dags/main.py for tasks to queue
[2026-05-31T12:45:56.945+0000] {logging_mixin.py:188} INFO - [2026-05-31T12:45:56.945+0000] {dagbag.py:545} INFO - Filling up the DagBag from /opt/airflow/dags/main.py
[2026-05-31T12:45:57.015+0000] {processor.py:840} INFO - DAG(s) 'produce_json', 'update_db' retrieved from /opt/airflow/dags/main.py
[2026-05-31T12:45:57.041+0000] {logging_mixin.py:188} INFO - [2026-05-31T12:45:57.041+0000] {dag.py:3096} INFO - Sync 2 DAGs
[2026-05-31T12:45:57.055+0000] {logging_mixin.py:188} INFO - [2026-05-31T12:45:57.055+0000] {dag.py:3954} INFO - Setting next_dagrun for produce_json to 2026-05-31 12:00:00+00:00, run_after=2026-06-01 12:00:00+00:00
[2026-05-31T12:45:57.058+0000] {logging_mixin.py:188} INFO - [2026-05-31T12:45:57.058+0000] {dag.py:3954} INFO - Setting next_dagrun for update_db to 2026-05-30 13:00:00+00:00, run_after=2026-05-31 13:00:00+00:00
[2026-05-31T12:45:57.071+0000] {processor.py:183} INFO - Processing /opt/airflow/dags/main.py took 0.132 seconds
