[2026-06-01T08:19:31.452+0000] {processor.py:161} INFO - Started process (PID=50) to work on /opt/airflow/dags/main.py
[2026-06-01T08:19:31.453+0000] {processor.py:830} INFO - Processing file /opt/airflow/dags/main.py for tasks to queue
[2026-06-01T08:19:31.455+0000] {logging_mixin.py:188} INFO - [2026-06-01T08:19:31.455+0000] {dagbag.py:545} INFO - Filling up the DagBag from /opt/airflow/dags/main.py
[2026-06-01T08:19:31.604+0000] {processor.py:840} INFO - DAG(s) 'produce_json', 'update_db' retrieved from /opt/airflow/dags/main.py
[2026-06-01T08:19:31.774+0000] {logging_mixin.py:188} INFO - [2026-06-01T08:19:31.774+0000] {dag.py:3096} INFO - Sync 2 DAGs
[2026-06-01T08:19:31.792+0000] {logging_mixin.py:188} INFO - [2026-06-01T08:19:31.792+0000] {dag.py:3954} INFO - Setting next_dagrun for produce_json to 2026-05-31 12:00:00+00:00, run_after=2026-06-01 12:00:00+00:00
[2026-06-01T08:19:31.797+0000] {logging_mixin.py:188} INFO - [2026-06-01T08:19:31.797+0000] {dag.py:3954} INFO - Setting next_dagrun for update_db to 2026-05-30 13:00:00+00:00, run_after=2026-05-31 13:00:00+00:00
[2026-06-01T08:19:31.817+0000] {processor.py:183} INFO - Processing /opt/airflow/dags/main.py took 0.371 seconds
[2026-06-01T08:20:02.226+0000] {processor.py:161} INFO - Started process (PID=57) to work on /opt/airflow/dags/main.py
[2026-06-01T08:20:02.227+0000] {processor.py:830} INFO - Processing file /opt/airflow/dags/main.py for tasks to queue
[2026-06-01T08:20:02.229+0000] {logging_mixin.py:188} INFO - [2026-06-01T08:20:02.229+0000] {dagbag.py:545} INFO - Filling up the DagBag from /opt/airflow/dags/main.py
[2026-06-01T08:20:02.303+0000] {processor.py:840} INFO - DAG(s) 'update_db', 'produce_json' retrieved from /opt/airflow/dags/main.py
[2026-06-01T08:20:02.324+0000] {logging_mixin.py:188} INFO - [2026-06-01T08:20:02.324+0000] {dag.py:3096} INFO - Sync 2 DAGs
[2026-06-01T08:20:02.340+0000] {logging_mixin.py:188} INFO - [2026-06-01T08:20:02.340+0000] {dag.py:3954} INFO - Setting next_dagrun for produce_json to 2026-05-31 12:00:00+00:00, run_after=2026-06-01 12:00:00+00:00
[2026-06-01T08:20:02.343+0000] {logging_mixin.py:188} INFO - [2026-06-01T08:20:02.343+0000] {dag.py:3954} INFO - Setting next_dagrun for update_db to 2026-05-31 13:00:00+00:00, run_after=2026-06-01 13:00:00+00:00
[2026-06-01T08:20:02.358+0000] {processor.py:183} INFO - Processing /opt/airflow/dags/main.py took 0.139 seconds
[2026-06-01T08:20:32.977+0000] {processor.py:161} INFO - Started process (PID=64) to work on /opt/airflow/dags/main.py
[2026-06-01T08:20:32.978+0000] {processor.py:830} INFO - Processing file /opt/airflow/dags/main.py for tasks to queue
[2026-06-01T08:20:32.980+0000] {logging_mixin.py:188} INFO - [2026-06-01T08:20:32.980+0000] {dagbag.py:545} INFO - Filling up the DagBag from /opt/airflow/dags/main.py
[2026-06-01T08:20:33.039+0000] {processor.py:840} INFO - DAG(s) 'produce_json', 'update_db' retrieved from /opt/airflow/dags/main.py
[2026-06-01T08:20:33.064+0000] {logging_mixin.py:188} INFO - [2026-06-01T08:20:33.063+0000] {dag.py:3096} INFO - Sync 2 DAGs
[2026-06-01T08:20:33.078+0000] {logging_mixin.py:188} INFO - [2026-06-01T08:20:33.078+0000] {dag.py:3954} INFO - Setting next_dagrun for produce_json to 2026-05-31 12:00:00+00:00, run_after=2026-06-01 12:00:00+00:00
[2026-06-01T08:20:33.082+0000] {logging_mixin.py:188} INFO - [2026-06-01T08:20:33.082+0000] {dag.py:3954} INFO - Setting next_dagrun for update_db to 2026-05-31 13:00:00+00:00, run_after=2026-06-01 13:00:00+00:00
[2026-06-01T08:20:33.103+0000] {processor.py:183} INFO - Processing /opt/airflow/dags/main.py took 0.131 seconds
[2026-06-01T08:21:03.708+0000] {processor.py:161} INFO - Started process (PID=71) to work on /opt/airflow/dags/main.py
[2026-06-01T08:21:03.709+0000] {processor.py:830} INFO - Processing file /opt/airflow/dags/main.py for tasks to queue
[2026-06-01T08:21:03.711+0000] {logging_mixin.py:188} INFO - [2026-06-01T08:21:03.710+0000] {dagbag.py:545} INFO - Filling up the DagBag from /opt/airflow/dags/main.py
[2026-06-01T08:21:03.790+0000] {processor.py:840} INFO - DAG(s) 'produce_json', 'update_db' retrieved from /opt/airflow/dags/main.py
[2026-06-01T08:21:03.814+0000] {logging_mixin.py:188} INFO - [2026-06-01T08:21:03.814+0000] {dag.py:3096} INFO - Sync 2 DAGs
[2026-06-01T08:21:03.830+0000] {logging_mixin.py:188} INFO - [2026-06-01T08:21:03.830+0000] {dag.py:3954} INFO - Setting next_dagrun for produce_json to 2026-05-31 12:00:00+00:00, run_after=2026-06-01 12:00:00+00:00
[2026-06-01T08:21:03.834+0000] {logging_mixin.py:188} INFO - [2026-06-01T08:21:03.834+0000] {dag.py:3954} INFO - Setting next_dagrun for update_db to 2026-05-31 13:00:00+00:00, run_after=2026-06-01 13:00:00+00:00
[2026-06-01T08:21:03.848+0000] {processor.py:183} INFO - Processing /opt/airflow/dags/main.py took 0.146 seconds
[2026-06-01T08:21:34.433+0000] {processor.py:161} INFO - Started process (PID=78) to work on /opt/airflow/dags/main.py
[2026-06-01T08:21:34.434+0000] {processor.py:830} INFO - Processing file /opt/airflow/dags/main.py for tasks to queue
[2026-06-01T08:21:34.436+0000] {logging_mixin.py:188} INFO - [2026-06-01T08:21:34.436+0000] {dagbag.py:545} INFO - Filling up the DagBag from /opt/airflow/dags/main.py
[2026-06-01T08:21:34.505+0000] {processor.py:840} INFO - DAG(s) 'produce_json', 'update_db' retrieved from /opt/airflow/dags/main.py
[2026-06-01T08:21:34.529+0000] {logging_mixin.py:188} INFO - [2026-06-01T08:21:34.529+0000] {dag.py:3096} INFO - Sync 2 DAGs
[2026-06-01T08:21:34.545+0000] {logging_mixin.py:188} INFO - [2026-06-01T08:21:34.545+0000] {dag.py:3954} INFO - Setting next_dagrun for produce_json to 2026-05-31 12:00:00+00:00, run_after=2026-06-01 12:00:00+00:00
[2026-06-01T08:21:34.549+0000] {logging_mixin.py:188} INFO - [2026-06-01T08:21:34.549+0000] {dag.py:3954} INFO - Setting next_dagrun for update_db to 2026-05-31 13:00:00+00:00, run_after=2026-06-01 13:00:00+00:00
[2026-06-01T08:21:34.573+0000] {processor.py:183} INFO - Processing /opt/airflow/dags/main.py took 0.145 seconds
[2026-06-01T08:22:04.721+0000] {processor.py:161} INFO - Started process (PID=85) to work on /opt/airflow/dags/main.py
[2026-06-01T08:22:04.722+0000] {processor.py:830} INFO - Processing file /opt/airflow/dags/main.py for tasks to queue
[2026-06-01T08:22:04.724+0000] {logging_mixin.py:188} INFO - [2026-06-01T08:22:04.724+0000] {dagbag.py:545} INFO - Filling up the DagBag from /opt/airflow/dags/main.py
[2026-06-01T08:22:04.788+0000] {processor.py:840} INFO - DAG(s) 'update_db', 'produce_json' retrieved from /opt/airflow/dags/main.py
[2026-06-01T08:22:04.812+0000] {logging_mixin.py:188} INFO - [2026-06-01T08:22:04.812+0000] {dag.py:3096} INFO - Sync 2 DAGs
[2026-06-01T08:22:04.828+0000] {logging_mixin.py:188} INFO - [2026-06-01T08:22:04.828+0000] {dag.py:3954} INFO - Setting next_dagrun for produce_json to 2026-05-31 12:00:00+00:00, run_after=2026-06-01 12:00:00+00:00
[2026-06-01T08:22:04.832+0000] {logging_mixin.py:188} INFO - [2026-06-01T08:22:04.832+0000] {dag.py:3954} INFO - Setting next_dagrun for update_db to 2026-05-31 13:00:00+00:00, run_after=2026-06-01 13:00:00+00:00
[2026-06-01T08:22:04.848+0000] {processor.py:183} INFO - Processing /opt/airflow/dags/main.py took 0.132 seconds
[2026-06-01T08:22:35.375+0000] {processor.py:161} INFO - Started process (PID=92) to work on /opt/airflow/dags/main.py
[2026-06-01T08:22:35.376+0000] {processor.py:830} INFO - Processing file /opt/airflow/dags/main.py for tasks to queue
[2026-06-01T08:22:35.377+0000] {logging_mixin.py:188} INFO - [2026-06-01T08:22:35.377+0000] {dagbag.py:545} INFO - Filling up the DagBag from /opt/airflow/dags/main.py
[2026-06-01T08:22:35.451+0000] {processor.py:840} INFO - DAG(s) 'update_db', 'produce_json' retrieved from /opt/airflow/dags/main.py
[2026-06-01T08:22:35.472+0000] {logging_mixin.py:188} INFO - [2026-06-01T08:22:35.472+0000] {dag.py:3096} INFO - Sync 2 DAGs
[2026-06-01T08:22:35.489+0000] {logging_mixin.py:188} INFO - [2026-06-01T08:22:35.489+0000] {dag.py:3954} INFO - Setting next_dagrun for produce_json to 2026-05-31 12:00:00+00:00, run_after=2026-06-01 12:00:00+00:00
[2026-06-01T08:22:35.493+0000] {logging_mixin.py:188} INFO - [2026-06-01T08:22:35.493+0000] {dag.py:3954} INFO - Setting next_dagrun for update_db to 2026-05-31 13:00:00+00:00, run_after=2026-06-01 13:00:00+00:00
[2026-06-01T08:22:35.514+0000] {processor.py:183} INFO - Processing /opt/airflow/dags/main.py took 0.144 seconds
[2026-06-01T08:23:06.080+0000] {processor.py:161} INFO - Started process (PID=99) to work on /opt/airflow/dags/main.py
[2026-06-01T08:23:06.081+0000] {processor.py:830} INFO - Processing file /opt/airflow/dags/main.py for tasks to queue
[2026-06-01T08:23:06.083+0000] {logging_mixin.py:188} INFO - [2026-06-01T08:23:06.082+0000] {dagbag.py:545} INFO - Filling up the DagBag from /opt/airflow/dags/main.py
[2026-06-01T08:23:06.137+0000] {processor.py:840} INFO - DAG(s) 'update_db', 'produce_json' retrieved from /opt/airflow/dags/main.py
[2026-06-01T08:23:06.156+0000] {logging_mixin.py:188} INFO - [2026-06-01T08:23:06.156+0000] {dag.py:3096} INFO - Sync 2 DAGs
[2026-06-01T08:23:06.170+0000] {logging_mixin.py:188} INFO - [2026-06-01T08:23:06.170+0000] {dag.py:3954} INFO - Setting next_dagrun for produce_json to 2026-05-31 12:00:00+00:00, run_after=2026-06-01 12:00:00+00:00
[2026-06-01T08:23:06.173+0000] {logging_mixin.py:188} INFO - [2026-06-01T08:23:06.173+0000] {dag.py:3954} INFO - Setting next_dagrun for update_db to 2026-05-31 13:00:00+00:00, run_after=2026-06-01 13:00:00+00:00
[2026-06-01T08:23:06.188+0000] {processor.py:183} INFO - Processing /opt/airflow/dags/main.py took 0.111 seconds
[2026-06-01T08:23:36.640+0000] {processor.py:161} INFO - Started process (PID=106) to work on /opt/airflow/dags/main.py
[2026-06-01T08:23:36.641+0000] {processor.py:830} INFO - Processing file /opt/airflow/dags/main.py for tasks to queue
[2026-06-01T08:23:36.642+0000] {logging_mixin.py:188} INFO - [2026-06-01T08:23:36.642+0000] {dagbag.py:545} INFO - Filling up the DagBag from /opt/airflow/dags/main.py
[2026-06-01T08:23:36.700+0000] {processor.py:840} INFO - DAG(s) 'update_db', 'produce_json' retrieved from /opt/airflow/dags/main.py
[2026-06-01T08:23:36.723+0000] {logging_mixin.py:188} INFO - [2026-06-01T08:23:36.723+0000] {dag.py:3096} INFO - Sync 2 DAGs
[2026-06-01T08:23:36.738+0000] {logging_mixin.py:188} INFO - [2026-06-01T08:23:36.737+0000] {dag.py:3954} INFO - Setting next_dagrun for produce_json to 2026-05-31 12:00:00+00:00, run_after=2026-06-01 12:00:00+00:00
[2026-06-01T08:23:36.741+0000] {logging_mixin.py:188} INFO - [2026-06-01T08:23:36.741+0000] {dag.py:3954} INFO - Setting next_dagrun for update_db to 2026-05-31 13:00:00+00:00, run_after=2026-06-01 13:00:00+00:00
[2026-06-01T08:23:36.755+0000] {processor.py:183} INFO - Processing /opt/airflow/dags/main.py took 0.120 seconds
[2026-06-01T08:24:07.439+0000] {processor.py:161} INFO - Started process (PID=113) to work on /opt/airflow/dags/main.py
[2026-06-01T08:24:07.439+0000] {processor.py:830} INFO - Processing file /opt/airflow/dags/main.py for tasks to queue
[2026-06-01T08:24:07.441+0000] {logging_mixin.py:188} INFO - [2026-06-01T08:24:07.440+0000] {dagbag.py:545} INFO - Filling up the DagBag from /opt/airflow/dags/main.py
[2026-06-01T08:24:07.498+0000] {processor.py:840} INFO - DAG(s) 'update_db', 'produce_json' retrieved from /opt/airflow/dags/main.py
[2026-06-01T08:24:07.520+0000] {logging_mixin.py:188} INFO - [2026-06-01T08:24:07.520+0000] {dag.py:3096} INFO - Sync 2 DAGs
[2026-06-01T08:24:07.534+0000] {logging_mixin.py:188} INFO - [2026-06-01T08:24:07.534+0000] {dag.py:3954} INFO - Setting next_dagrun for produce_json to 2026-05-31 12:00:00+00:00, run_after=2026-06-01 12:00:00+00:00
[2026-06-01T08:24:07.537+0000] {logging_mixin.py:188} INFO - [2026-06-01T08:24:07.537+0000] {dag.py:3954} INFO - Setting next_dagrun for update_db to 2026-05-31 13:00:00+00:00, run_after=2026-06-01 13:00:00+00:00
[2026-06-01T08:24:07.558+0000] {processor.py:183} INFO - Processing /opt/airflow/dags/main.py took 0.123 seconds
[2026-06-01T11:24:50.766+0000] {processor.py:161} INFO - Started process (PID=50) to work on /opt/airflow/dags/main.py
[2026-06-01T11:24:50.767+0000] {processor.py:830} INFO - Processing file /opt/airflow/dags/main.py for tasks to queue
[2026-06-01T11:24:50.769+0000] {logging_mixin.py:188} INFO - [2026-06-01T11:24:50.769+0000] {dagbag.py:545} INFO - Filling up the DagBag from /opt/airflow/dags/main.py
[2026-06-01T11:24:50.913+0000] {processor.py:840} INFO - DAG(s) 'produce_json', 'update_db' retrieved from /opt/airflow/dags/main.py
[2026-06-01T11:24:51.082+0000] {logging_mixin.py:188} INFO - [2026-06-01T11:24:51.082+0000] {dag.py:3096} INFO - Sync 2 DAGs
[2026-06-01T11:24:51.106+0000] {logging_mixin.py:188} INFO - [2026-06-01T11:24:51.105+0000] {dag.py:3954} INFO - Setting next_dagrun for produce_json to 2026-05-31 12:00:00+00:00, run_after=2026-06-01 12:00:00+00:00
[2026-06-01T11:24:51.110+0000] {logging_mixin.py:188} INFO - [2026-06-01T11:24:51.110+0000] {dag.py:3954} INFO - Setting next_dagrun for update_db to 2026-05-31 13:00:00+00:00, run_after=2026-06-01 13:00:00+00:00
[2026-06-01T11:24:51.129+0000] {processor.py:183} INFO - Processing /opt/airflow/dags/main.py took 0.368 seconds
[2026-06-01T11:25:21.410+0000] {processor.py:161} INFO - Started process (PID=57) to work on /opt/airflow/dags/main.py
[2026-06-01T11:25:21.411+0000] {processor.py:830} INFO - Processing file /opt/airflow/dags/main.py for tasks to queue
[2026-06-01T11:25:21.413+0000] {logging_mixin.py:188} INFO - [2026-06-01T11:25:21.413+0000] {dagbag.py:545} INFO - Filling up the DagBag from /opt/airflow/dags/main.py
[2026-06-01T11:25:21.489+0000] {processor.py:840} INFO - DAG(s) 'produce_json', 'update_db' retrieved from /opt/airflow/dags/main.py
[2026-06-01T11:25:21.514+0000] {logging_mixin.py:188} INFO - [2026-06-01T11:25:21.513+0000] {dag.py:3096} INFO - Sync 2 DAGs
[2026-06-01T11:25:21.531+0000] {logging_mixin.py:188} INFO - [2026-06-01T11:25:21.531+0000] {dag.py:3954} INFO - Setting next_dagrun for produce_json to 2026-05-31 12:00:00+00:00, run_after=2026-06-01 12:00:00+00:00
[2026-06-01T11:25:21.535+0000] {logging_mixin.py:188} INFO - [2026-06-01T11:25:21.535+0000] {dag.py:3954} INFO - Setting next_dagrun for update_db to 2026-05-31 13:00:00+00:00, run_after=2026-06-01 13:00:00+00:00
[2026-06-01T11:25:21.559+0000] {processor.py:183} INFO - Processing /opt/airflow/dags/main.py took 0.155 seconds
[2026-06-01T11:25:52.008+0000] {processor.py:161} INFO - Started process (PID=64) to work on /opt/airflow/dags/main.py
[2026-06-01T11:25:52.009+0000] {processor.py:830} INFO - Processing file /opt/airflow/dags/main.py for tasks to queue
[2026-06-01T11:25:52.012+0000] {logging_mixin.py:188} INFO - [2026-06-01T11:25:52.011+0000] {dagbag.py:545} INFO - Filling up the DagBag from /opt/airflow/dags/main.py
[2026-06-01T11:25:52.089+0000] {processor.py:840} INFO - DAG(s) 'update_db', 'produce_json' retrieved from /opt/airflow/dags/main.py
[2026-06-01T11:25:52.113+0000] {logging_mixin.py:188} INFO - [2026-06-01T11:25:52.113+0000] {dag.py:3096} INFO - Sync 2 DAGs
[2026-06-01T11:25:52.128+0000] {logging_mixin.py:188} INFO - [2026-06-01T11:25:52.127+0000] {dag.py:3954} INFO - Setting next_dagrun for produce_json to 2026-05-31 12:00:00+00:00, run_after=2026-06-01 12:00:00+00:00
[2026-06-01T11:25:52.131+0000] {logging_mixin.py:188} INFO - [2026-06-01T11:25:52.131+0000] {dag.py:3954} INFO - Setting next_dagrun for update_db to 2026-05-31 13:00:00+00:00, run_after=2026-06-01 13:00:00+00:00
[2026-06-01T11:25:52.151+0000] {processor.py:183} INFO - Processing /opt/airflow/dags/main.py took 0.149 seconds
[2026-06-01T11:26:22.715+0000] {processor.py:161} INFO - Started process (PID=71) to work on /opt/airflow/dags/main.py
[2026-06-01T11:26:22.716+0000] {processor.py:830} INFO - Processing file /opt/airflow/dags/main.py for tasks to queue
[2026-06-01T11:26:22.717+0000] {logging_mixin.py:188} INFO - [2026-06-01T11:26:22.717+0000] {dagbag.py:545} INFO - Filling up the DagBag from /opt/airflow/dags/main.py
[2026-06-01T11:26:22.777+0000] {processor.py:840} INFO - DAG(s) 'produce_json', 'update_db' retrieved from /opt/airflow/dags/main.py
[2026-06-01T11:26:22.799+0000] {logging_mixin.py:188} INFO - [2026-06-01T11:26:22.799+0000] {dag.py:3096} INFO - Sync 2 DAGs
[2026-06-01T11:26:22.815+0000] {logging_mixin.py:188} INFO - [2026-06-01T11:26:22.814+0000] {dag.py:3954} INFO - Setting next_dagrun for produce_json to 2026-05-31 12:00:00+00:00, run_after=2026-06-01 12:00:00+00:00
[2026-06-01T11:26:22.818+0000] {logging_mixin.py:188} INFO - [2026-06-01T11:26:22.818+0000] {dag.py:3954} INFO - Setting next_dagrun for update_db to 2026-05-31 13:00:00+00:00, run_after=2026-06-01 13:00:00+00:00
[2026-06-01T11:26:22.843+0000] {processor.py:183} INFO - Processing /opt/airflow/dags/main.py took 0.132 seconds
[2026-06-01T11:26:53.388+0000] {processor.py:161} INFO - Started process (PID=78) to work on /opt/airflow/dags/main.py
[2026-06-01T11:26:53.389+0000] {processor.py:830} INFO - Processing file /opt/airflow/dags/main.py for tasks to queue
[2026-06-01T11:26:53.390+0000] {logging_mixin.py:188} INFO - [2026-06-01T11:26:53.390+0000] {dagbag.py:545} INFO - Filling up the DagBag from /opt/airflow/dags/main.py
[2026-06-01T11:26:53.449+0000] {processor.py:840} INFO - DAG(s) 'update_db', 'produce_json' retrieved from /opt/airflow/dags/main.py
[2026-06-01T11:26:53.470+0000] {logging_mixin.py:188} INFO - [2026-06-01T11:26:53.470+0000] {dag.py:3096} INFO - Sync 2 DAGs
[2026-06-01T11:26:53.484+0000] {logging_mixin.py:188} INFO - [2026-06-01T11:26:53.483+0000] {dag.py:3954} INFO - Setting next_dagrun for produce_json to 2026-05-31 12:00:00+00:00, run_after=2026-06-01 12:00:00+00:00
[2026-06-01T11:26:53.487+0000] {logging_mixin.py:188} INFO - [2026-06-01T11:26:53.487+0000] {dag.py:3954} INFO - Setting next_dagrun for update_db to 2026-05-31 13:00:00+00:00, run_after=2026-06-01 13:00:00+00:00
[2026-06-01T11:26:53.500+0000] {processor.py:183} INFO - Processing /opt/airflow/dags/main.py took 0.116 seconds
[2026-06-01T11:27:24.230+0000] {processor.py:161} INFO - Started process (PID=85) to work on /opt/airflow/dags/main.py
[2026-06-01T11:27:24.231+0000] {processor.py:830} INFO - Processing file /opt/airflow/dags/main.py for tasks to queue
[2026-06-01T11:27:24.233+0000] {logging_mixin.py:188} INFO - [2026-06-01T11:27:24.232+0000] {dagbag.py:545} INFO - Filling up the DagBag from /opt/airflow/dags/main.py
[2026-06-01T11:27:24.288+0000] {processor.py:840} INFO - DAG(s) 'produce_json', 'update_db' retrieved from /opt/airflow/dags/main.py
[2026-06-01T11:27:24.309+0000] {logging_mixin.py:188} INFO - [2026-06-01T11:27:24.309+0000] {dag.py:3096} INFO - Sync 2 DAGs
[2026-06-01T11:27:24.324+0000] {logging_mixin.py:188} INFO - [2026-06-01T11:27:24.323+0000] {dag.py:3954} INFO - Setting next_dagrun for produce_json to 2026-05-31 12:00:00+00:00, run_after=2026-06-01 12:00:00+00:00
[2026-06-01T11:27:24.327+0000] {logging_mixin.py:188} INFO - [2026-06-01T11:27:24.327+0000] {dag.py:3954} INFO - Setting next_dagrun for update_db to 2026-05-31 13:00:00+00:00, run_after=2026-06-01 13:00:00+00:00
[2026-06-01T11:27:24.343+0000] {processor.py:183} INFO - Processing /opt/airflow/dags/main.py took 0.116 seconds
[2026-06-01T11:27:54.972+0000] {processor.py:161} INFO - Started process (PID=92) to work on /opt/airflow/dags/main.py
[2026-06-01T11:27:54.973+0000] {processor.py:830} INFO - Processing file /opt/airflow/dags/main.py for tasks to queue
[2026-06-01T11:27:54.974+0000] {logging_mixin.py:188} INFO - [2026-06-01T11:27:54.974+0000] {dagbag.py:545} INFO - Filling up the DagBag from /opt/airflow/dags/main.py
[2026-06-01T11:27:55.031+0000] {processor.py:840} INFO - DAG(s) 'update_db', 'produce_json' retrieved from /opt/airflow/dags/main.py
[2026-06-01T11:27:55.049+0000] {logging_mixin.py:188} INFO - [2026-06-01T11:27:55.049+0000] {dag.py:3096} INFO - Sync 2 DAGs
[2026-06-01T11:27:55.065+0000] {logging_mixin.py:188} INFO - [2026-06-01T11:27:55.065+0000] {dag.py:3954} INFO - Setting next_dagrun for produce_json to 2026-05-31 12:00:00+00:00, run_after=2026-06-01 12:00:00+00:00
[2026-06-01T11:27:55.068+0000] {logging_mixin.py:188} INFO - [2026-06-01T11:27:55.068+0000] {dag.py:3954} INFO - Setting next_dagrun for update_db to 2026-05-31 13:00:00+00:00, run_after=2026-06-01 13:00:00+00:00
[2026-06-01T11:27:55.080+0000] {processor.py:183} INFO - Processing /opt/airflow/dags/main.py took 0.113 seconds
[2026-06-01T11:28:25.844+0000] {processor.py:161} INFO - Started process (PID=99) to work on /opt/airflow/dags/main.py
[2026-06-01T11:28:25.845+0000] {processor.py:830} INFO - Processing file /opt/airflow/dags/main.py for tasks to queue
[2026-06-01T11:28:25.846+0000] {logging_mixin.py:188} INFO - [2026-06-01T11:28:25.846+0000] {dagbag.py:545} INFO - Filling up the DagBag from /opt/airflow/dags/main.py
[2026-06-01T11:28:25.909+0000] {processor.py:840} INFO - DAG(s) 'produce_json', 'update_db' retrieved from /opt/airflow/dags/main.py
[2026-06-01T11:28:25.932+0000] {logging_mixin.py:188} INFO - [2026-06-01T11:28:25.932+0000] {dag.py:3096} INFO - Sync 2 DAGs
[2026-06-01T11:28:25.948+0000] {logging_mixin.py:188} INFO - [2026-06-01T11:28:25.948+0000] {dag.py:3954} INFO - Setting next_dagrun for produce_json to 2026-05-31 12:00:00+00:00, run_after=2026-06-01 12:00:00+00:00
[2026-06-01T11:28:25.952+0000] {logging_mixin.py:188} INFO - [2026-06-01T11:28:25.952+0000] {dag.py:3954} INFO - Setting next_dagrun for update_db to 2026-05-31 13:00:00+00:00, run_after=2026-06-01 13:00:00+00:00
[2026-06-01T11:28:25.974+0000] {processor.py:183} INFO - Processing /opt/airflow/dags/main.py took 0.134 seconds
[2026-06-01T11:28:56.520+0000] {processor.py:161} INFO - Started process (PID=106) to work on /opt/airflow/dags/main.py
[2026-06-01T11:28:56.521+0000] {processor.py:830} INFO - Processing file /opt/airflow/dags/main.py for tasks to queue
[2026-06-01T11:28:56.522+0000] {logging_mixin.py:188} INFO - [2026-06-01T11:28:56.522+0000] {dagbag.py:545} INFO - Filling up the DagBag from /opt/airflow/dags/main.py
[2026-06-01T11:28:56.589+0000] {processor.py:840} INFO - DAG(s) 'update_db', 'produce_json' retrieved from /opt/airflow/dags/main.py
[2026-06-01T11:28:56.613+0000] {logging_mixin.py:188} INFO - [2026-06-01T11:28:56.612+0000] {dag.py:3096} INFO - Sync 2 DAGs
[2026-06-01T11:28:56.630+0000] {logging_mixin.py:188} INFO - [2026-06-01T11:28:56.630+0000] {dag.py:3954} INFO - Setting next_dagrun for produce_json to 2026-05-31 12:00:00+00:00, run_after=2026-06-01 12:00:00+00:00
[2026-06-01T11:28:56.634+0000] {logging_mixin.py:188} INFO - [2026-06-01T11:28:56.633+0000] {dag.py:3954} INFO - Setting next_dagrun for update_db to 2026-05-31 13:00:00+00:00, run_after=2026-06-01 13:00:00+00:00
[2026-06-01T11:28:56.648+0000] {processor.py:183} INFO - Processing /opt/airflow/dags/main.py took 0.133 seconds
[2026-06-01T11:29:27.392+0000] {processor.py:161} INFO - Started process (PID=113) to work on /opt/airflow/dags/main.py
[2026-06-01T11:29:27.393+0000] {processor.py:830} INFO - Processing file /opt/airflow/dags/main.py for tasks to queue
[2026-06-01T11:29:27.395+0000] {logging_mixin.py:188} INFO - [2026-06-01T11:29:27.394+0000] {dagbag.py:545} INFO - Filling up the DagBag from /opt/airflow/dags/main.py
[2026-06-01T11:29:27.462+0000] {processor.py:840} INFO - DAG(s) 'update_db', 'produce_json' retrieved from /opt/airflow/dags/main.py
[2026-06-01T11:29:27.485+0000] {logging_mixin.py:188} INFO - [2026-06-01T11:29:27.485+0000] {dag.py:3096} INFO - Sync 2 DAGs
[2026-06-01T11:29:27.501+0000] {logging_mixin.py:188} INFO - [2026-06-01T11:29:27.500+0000] {dag.py:3954} INFO - Setting next_dagrun for produce_json to 2026-05-31 12:00:00+00:00, run_after=2026-06-01 12:00:00+00:00
[2026-06-01T11:29:27.505+0000] {logging_mixin.py:188} INFO - [2026-06-01T11:29:27.504+0000] {dag.py:3954} INFO - Setting next_dagrun for update_db to 2026-05-31 13:00:00+00:00, run_after=2026-06-01 13:00:00+00:00
[2026-06-01T11:29:27.519+0000] {processor.py:183} INFO - Processing /opt/airflow/dags/main.py took 0.131 seconds
[2026-06-01T11:29:57.648+0000] {processor.py:161} INFO - Started process (PID=120) to work on /opt/airflow/dags/main.py
[2026-06-01T11:29:57.649+0000] {processor.py:830} INFO - Processing file /opt/airflow/dags/main.py for tasks to queue
[2026-06-01T11:29:57.651+0000] {logging_mixin.py:188} INFO - [2026-06-01T11:29:57.650+0000] {dagbag.py:545} INFO - Filling up the DagBag from /opt/airflow/dags/main.py
[2026-06-01T11:29:57.722+0000] {processor.py:840} INFO - DAG(s) 'produce_json', 'update_db' retrieved from /opt/airflow/dags/main.py
[2026-06-01T11:29:57.744+0000] {logging_mixin.py:188} INFO - [2026-06-01T11:29:57.744+0000] {dag.py:3096} INFO - Sync 2 DAGs
[2026-06-01T11:29:57.759+0000] {logging_mixin.py:188} INFO - [2026-06-01T11:29:57.759+0000] {dag.py:3954} INFO - Setting next_dagrun for produce_json to 2026-05-31 12:00:00+00:00, run_after=2026-06-01 12:00:00+00:00
[2026-06-01T11:29:57.763+0000] {logging_mixin.py:188} INFO - [2026-06-01T11:29:57.763+0000] {dag.py:3954} INFO - Setting next_dagrun for update_db to 2026-05-31 13:00:00+00:00, run_after=2026-06-01 13:00:00+00:00
[2026-06-01T11:29:57.778+0000] {processor.py:183} INFO - Processing /opt/airflow/dags/main.py took 0.135 seconds
[2026-06-01T11:30:28.512+0000] {processor.py:161} INFO - Started process (PID=127) to work on /opt/airflow/dags/main.py
[2026-06-01T11:30:28.513+0000] {processor.py:830} INFO - Processing file /opt/airflow/dags/main.py for tasks to queue
[2026-06-01T11:30:28.514+0000] {logging_mixin.py:188} INFO - [2026-06-01T11:30:28.514+0000] {dagbag.py:545} INFO - Filling up the DagBag from /opt/airflow/dags/main.py
[2026-06-01T11:30:28.578+0000] {processor.py:840} INFO - DAG(s) 'update_db', 'produce_json' retrieved from /opt/airflow/dags/main.py
[2026-06-01T11:30:28.599+0000] {logging_mixin.py:188} INFO - [2026-06-01T11:30:28.599+0000] {dag.py:3096} INFO - Sync 2 DAGs
[2026-06-01T11:30:28.613+0000] {logging_mixin.py:188} INFO - [2026-06-01T11:30:28.613+0000] {dag.py:3954} INFO - Setting next_dagrun for produce_json to 2026-05-31 12:00:00+00:00, run_after=2026-06-01 12:00:00+00:00
[2026-06-01T11:30:28.617+0000] {logging_mixin.py:188} INFO - [2026-06-01T11:30:28.617+0000] {dag.py:3954} INFO - Setting next_dagrun for update_db to 2026-05-31 13:00:00+00:00, run_after=2026-06-01 13:00:00+00:00
[2026-06-01T11:30:28.633+0000] {processor.py:183} INFO - Processing /opt/airflow/dags/main.py took 0.125 seconds
[2026-06-01T11:30:58.694+0000] {processor.py:161} INFO - Started process (PID=134) to work on /opt/airflow/dags/main.py
[2026-06-01T11:30:58.695+0000] {processor.py:830} INFO - Processing file /opt/airflow/dags/main.py for tasks to queue
[2026-06-01T11:30:58.696+0000] {logging_mixin.py:188} INFO - [2026-06-01T11:30:58.696+0000] {dagbag.py:545} INFO - Filling up the DagBag from /opt/airflow/dags/main.py
[2026-06-01T11:30:58.758+0000] {processor.py:840} INFO - DAG(s) 'produce_json', 'update_db' retrieved from /opt/airflow/dags/main.py
[2026-06-01T11:30:58.778+0000] {logging_mixin.py:188} INFO - [2026-06-01T11:30:58.777+0000] {dag.py:3096} INFO - Sync 2 DAGs
[2026-06-01T11:30:58.791+0000] {logging_mixin.py:188} INFO - [2026-06-01T11:30:58.791+0000] {dag.py:3954} INFO - Setting next_dagrun for produce_json to 2026-05-31 12:00:00+00:00, run_after=2026-06-01 12:00:00+00:00
[2026-06-01T11:30:58.795+0000] {logging_mixin.py:188} INFO - [2026-06-01T11:30:58.795+0000] {dag.py:3954} INFO - Setting next_dagrun for update_db to 2026-05-31 13:00:00+00:00, run_after=2026-06-01 13:00:00+00:00
[2026-06-01T11:30:58.817+0000] {processor.py:183} INFO - Processing /opt/airflow/dags/main.py took 0.126 seconds
[2026-06-01T11:31:29.597+0000] {processor.py:161} INFO - Started process (PID=141) to work on /opt/airflow/dags/main.py
[2026-06-01T11:31:29.598+0000] {processor.py:830} INFO - Processing file /opt/airflow/dags/main.py for tasks to queue
[2026-06-01T11:31:29.599+0000] {logging_mixin.py:188} INFO - [2026-06-01T11:31:29.599+0000] {dagbag.py:545} INFO - Filling up the DagBag from /opt/airflow/dags/main.py
[2026-06-01T11:31:29.658+0000] {processor.py:840} INFO - DAG(s) 'produce_json', 'update_db' retrieved from /opt/airflow/dags/main.py
[2026-06-01T11:31:29.678+0000] {logging_mixin.py:188} INFO - [2026-06-01T11:31:29.677+0000] {dag.py:3096} INFO - Sync 2 DAGs
[2026-06-01T11:31:29.692+0000] {logging_mixin.py:188} INFO - [2026-06-01T11:31:29.692+0000] {dag.py:3954} INFO - Setting next_dagrun for produce_json to 2026-05-31 12:00:00+00:00, run_after=2026-06-01 12:00:00+00:00
[2026-06-01T11:31:29.696+0000] {logging_mixin.py:188} INFO - [2026-06-01T11:31:29.696+0000] {dag.py:3954} INFO - Setting next_dagrun for update_db to 2026-05-31 13:00:00+00:00, run_after=2026-06-01 13:00:00+00:00
[2026-06-01T11:31:29.710+0000] {processor.py:183} INFO - Processing /opt/airflow/dags/main.py took 0.118 seconds
[2026-06-01T11:32:00.543+0000] {processor.py:161} INFO - Started process (PID=148) to work on /opt/airflow/dags/main.py
[2026-06-01T11:32:00.544+0000] {processor.py:830} INFO - Processing file /opt/airflow/dags/main.py for tasks to queue
[2026-06-01T11:32:00.546+0000] {logging_mixin.py:188} INFO - [2026-06-01T11:32:00.546+0000] {dagbag.py:545} INFO - Filling up the DagBag from /opt/airflow/dags/main.py
[2026-06-01T11:32:00.611+0000] {processor.py:840} INFO - DAG(s) 'update_db', 'produce_json' retrieved from /opt/airflow/dags/main.py
[2026-06-01T11:32:00.635+0000] {logging_mixin.py:188} INFO - [2026-06-01T11:32:00.634+0000] {dag.py:3096} INFO - Sync 2 DAGs
[2026-06-01T11:32:00.651+0000] {logging_mixin.py:188} INFO - [2026-06-01T11:32:00.651+0000] {dag.py:3954} INFO - Setting next_dagrun for produce_json to 2026-05-31 12:00:00+00:00, run_after=2026-06-01 12:00:00+00:00
[2026-06-01T11:32:00.655+0000] {logging_mixin.py:188} INFO - [2026-06-01T11:32:00.655+0000] {dag.py:3954} INFO - Setting next_dagrun for update_db to 2026-05-31 13:00:00+00:00, run_after=2026-06-01 13:00:00+00:00
[2026-06-01T11:32:00.673+0000] {processor.py:183} INFO - Processing /opt/airflow/dags/main.py took 0.134 seconds
[2026-06-01T11:32:31.386+0000] {processor.py:161} INFO - Started process (PID=155) to work on /opt/airflow/dags/main.py
[2026-06-01T11:32:31.387+0000] {processor.py:830} INFO - Processing file /opt/airflow/dags/main.py for tasks to queue
[2026-06-01T11:32:31.389+0000] {logging_mixin.py:188} INFO - [2026-06-01T11:32:31.389+0000] {dagbag.py:545} INFO - Filling up the DagBag from /opt/airflow/dags/main.py
[2026-06-01T11:32:31.450+0000] {processor.py:840} INFO - DAG(s) 'produce_json', 'update_db' retrieved from /opt/airflow/dags/main.py
[2026-06-01T11:32:31.469+0000] {logging_mixin.py:188} INFO - [2026-06-01T11:32:31.469+0000] {dag.py:3096} INFO - Sync 2 DAGs
[2026-06-01T11:32:31.484+0000] {logging_mixin.py:188} INFO - [2026-06-01T11:32:31.484+0000] {dag.py:3954} INFO - Setting next_dagrun for produce_json to 2026-05-31 12:00:00+00:00, run_after=2026-06-01 12:00:00+00:00
[2026-06-01T11:32:31.488+0000] {logging_mixin.py:188} INFO - [2026-06-01T11:32:31.488+0000] {dag.py:3954} INFO - Setting next_dagrun for update_db to 2026-05-31 13:00:00+00:00, run_after=2026-06-01 13:00:00+00:00
[2026-06-01T11:32:31.501+0000] {processor.py:183} INFO - Processing /opt/airflow/dags/main.py took 0.121 seconds
[2026-06-01T11:33:02.394+0000] {processor.py:161} INFO - Started process (PID=162) to work on /opt/airflow/dags/main.py
[2026-06-01T11:33:02.395+0000] {processor.py:830} INFO - Processing file /opt/airflow/dags/main.py for tasks to queue
[2026-06-01T11:33:02.397+0000] {logging_mixin.py:188} INFO - [2026-06-01T11:33:02.396+0000] {dagbag.py:545} INFO - Filling up the DagBag from /opt/airflow/dags/main.py
[2026-06-01T11:33:02.461+0000] {processor.py:840} INFO - DAG(s) 'update_db', 'produce_json' retrieved from /opt/airflow/dags/main.py
[2026-06-01T11:33:02.483+0000] {logging_mixin.py:188} INFO - [2026-06-01T11:33:02.483+0000] {dag.py:3096} INFO - Sync 2 DAGs
[2026-06-01T11:33:02.506+0000] {logging_mixin.py:188} INFO - [2026-06-01T11:33:02.506+0000] {dag.py:3954} INFO - Setting next_dagrun for produce_json to 2026-05-31 12:00:00+00:00, run_after=2026-06-01 12:00:00+00:00
[2026-06-01T11:33:02.513+0000] {logging_mixin.py:188} INFO - [2026-06-01T11:33:02.512+0000] {dag.py:3954} INFO - Setting next_dagrun for update_db to 2026-05-31 13:00:00+00:00, run_after=2026-06-01 13:00:00+00:00
[2026-06-01T11:33:02.537+0000] {processor.py:183} INFO - Processing /opt/airflow/dags/main.py took 0.147 seconds
[2026-06-01T11:33:33.344+0000] {processor.py:161} INFO - Started process (PID=169) to work on /opt/airflow/dags/main.py
[2026-06-01T11:33:33.345+0000] {processor.py:830} INFO - Processing file /opt/airflow/dags/main.py for tasks to queue
[2026-06-01T11:33:33.346+0000] {logging_mixin.py:188} INFO - [2026-06-01T11:33:33.346+0000] {dagbag.py:545} INFO - Filling up the DagBag from /opt/airflow/dags/main.py
[2026-06-01T11:33:33.406+0000] {processor.py:840} INFO - DAG(s) 'update_db', 'produce_json' retrieved from /opt/airflow/dags/main.py
[2026-06-01T11:33:33.426+0000] {logging_mixin.py:188} INFO - [2026-06-01T11:33:33.426+0000] {dag.py:3096} INFO - Sync 2 DAGs
[2026-06-01T11:33:33.440+0000] {logging_mixin.py:188} INFO - [2026-06-01T11:33:33.440+0000] {dag.py:3954} INFO - Setting next_dagrun for produce_json to 2026-05-31 12:00:00+00:00, run_after=2026-06-01 12:00:00+00:00
[2026-06-01T11:33:33.444+0000] {logging_mixin.py:188} INFO - [2026-06-01T11:33:33.444+0000] {dag.py:3954} INFO - Setting next_dagrun for update_db to 2026-05-31 13:00:00+00:00, run_after=2026-06-01 13:00:00+00:00
[2026-06-01T11:33:33.467+0000] {processor.py:183} INFO - Processing /opt/airflow/dags/main.py took 0.128 seconds
[2026-06-01T11:34:04.411+0000] {processor.py:161} INFO - Started process (PID=176) to work on /opt/airflow/dags/main.py
[2026-06-01T11:34:04.412+0000] {processor.py:830} INFO - Processing file /opt/airflow/dags/main.py for tasks to queue
[2026-06-01T11:34:04.413+0000] {logging_mixin.py:188} INFO - [2026-06-01T11:34:04.413+0000] {dagbag.py:545} INFO - Filling up the DagBag from /opt/airflow/dags/main.py
[2026-06-01T11:34:04.523+0000] {processor.py:840} INFO - DAG(s) 'update_db', 'produce_json' retrieved from /opt/airflow/dags/main.py
[2026-06-01T11:34:04.544+0000] {logging_mixin.py:188} INFO - [2026-06-01T11:34:04.543+0000] {dag.py:3096} INFO - Sync 2 DAGs
[2026-06-01T11:34:04.559+0000] {logging_mixin.py:188} INFO - [2026-06-01T11:34:04.559+0000] {dag.py:3954} INFO - Setting next_dagrun for produce_json to 2026-05-31 12:00:00+00:00, run_after=2026-06-01 12:00:00+00:00
[2026-06-01T11:34:04.562+0000] {logging_mixin.py:188} INFO - [2026-06-01T11:34:04.562+0000] {dag.py:3954} INFO - Setting next_dagrun for update_db to 2026-05-31 13:00:00+00:00, run_after=2026-06-01 13:00:00+00:00
[2026-06-01T11:34:04.587+0000] {processor.py:183} INFO - Processing /opt/airflow/dags/main.py took 0.180 seconds
[2026-06-01T11:34:35.292+0000] {processor.py:161} INFO - Started process (PID=183) to work on /opt/airflow/dags/main.py
[2026-06-01T11:34:35.293+0000] {processor.py:830} INFO - Processing file /opt/airflow/dags/main.py for tasks to queue
[2026-06-01T11:34:35.294+0000] {logging_mixin.py:188} INFO - [2026-06-01T11:34:35.294+0000] {dagbag.py:545} INFO - Filling up the DagBag from /opt/airflow/dags/main.py
[2026-06-01T11:34:35.354+0000] {processor.py:840} INFO - DAG(s) 'update_db', 'produce_json' retrieved from /opt/airflow/dags/main.py
[2026-06-01T11:34:35.377+0000] {logging_mixin.py:188} INFO - [2026-06-01T11:34:35.377+0000] {dag.py:3096} INFO - Sync 2 DAGs
[2026-06-01T11:34:35.393+0000] {logging_mixin.py:188} INFO - [2026-06-01T11:34:35.393+0000] {dag.py:3954} INFO - Setting next_dagrun for produce_json to 2026-05-31 12:00:00+00:00, run_after=2026-06-01 12:00:00+00:00
[2026-06-01T11:34:35.396+0000] {logging_mixin.py:188} INFO - [2026-06-01T11:34:35.396+0000] {dag.py:3954} INFO - Setting next_dagrun for update_db to 2026-05-31 13:00:00+00:00, run_after=2026-06-01 13:00:00+00:00
[2026-06-01T11:34:35.411+0000] {processor.py:183} INFO - Processing /opt/airflow/dags/main.py took 0.124 seconds
[2026-06-01T11:35:07.291+0000] {processor.py:161} INFO - Started process (PID=190) to work on /opt/airflow/dags/main.py
[2026-06-01T11:35:07.292+0000] {processor.py:830} INFO - Processing file /opt/airflow/dags/main.py for tasks to queue
[2026-06-01T11:35:07.294+0000] {logging_mixin.py:188} INFO - [2026-06-01T11:35:07.294+0000] {dagbag.py:545} INFO - Filling up the DagBag from /opt/airflow/dags/main.py
[2026-06-01T11:35:07.370+0000] {processor.py:840} INFO - DAG(s) 'update_db', 'produce_json' retrieved from /opt/airflow/dags/main.py
[2026-06-01T11:35:07.395+0000] {logging_mixin.py:188} INFO - [2026-06-01T11:35:07.395+0000] {dag.py:3096} INFO - Sync 2 DAGs
[2026-06-01T11:35:07.411+0000] {logging_mixin.py:188} INFO - [2026-06-01T11:35:07.410+0000] {dag.py:3954} INFO - Setting next_dagrun for produce_json to 2026-05-31 12:00:00+00:00, run_after=2026-06-01 12:00:00+00:00
[2026-06-01T11:35:07.415+0000] {logging_mixin.py:188} INFO - [2026-06-01T11:35:07.414+0000] {dag.py:3954} INFO - Setting next_dagrun for update_db to 2026-05-31 13:00:00+00:00, run_after=2026-06-01 13:00:00+00:00
[2026-06-01T11:35:07.439+0000] {processor.py:183} INFO - Processing /opt/airflow/dags/main.py took 0.152 seconds
[2026-06-01T11:35:37.607+0000] {processor.py:161} INFO - Started process (PID=197) to work on /opt/airflow/dags/main.py
[2026-06-01T11:35:37.608+0000] {processor.py:830} INFO - Processing file /opt/airflow/dags/main.py for tasks to queue
[2026-06-01T11:35:37.609+0000] {logging_mixin.py:188} INFO - [2026-06-01T11:35:37.609+0000] {dagbag.py:545} INFO - Filling up the DagBag from /opt/airflow/dags/main.py
[2026-06-01T11:35:37.686+0000] {processor.py:840} INFO - DAG(s) 'produce_json', 'update_db' retrieved from /opt/airflow/dags/main.py
[2026-06-01T11:35:37.711+0000] {logging_mixin.py:188} INFO - [2026-06-01T11:35:37.711+0000] {dag.py:3096} INFO - Sync 2 DAGs
[2026-06-01T11:35:37.726+0000] {logging_mixin.py:188} INFO - [2026-06-01T11:35:37.726+0000] {dag.py:3954} INFO - Setting next_dagrun for produce_json to 2026-05-31 12:00:00+00:00, run_after=2026-06-01 12:00:00+00:00
[2026-06-01T11:35:37.730+0000] {logging_mixin.py:188} INFO - [2026-06-01T11:35:37.730+0000] {dag.py:3954} INFO - Setting next_dagrun for update_db to 2026-05-31 13:00:00+00:00, run_after=2026-06-01 13:00:00+00:00
[2026-06-01T11:35:37.745+0000] {processor.py:183} INFO - Processing /opt/airflow/dags/main.py took 0.143 seconds
[2026-06-01T11:36:08.473+0000] {processor.py:161} INFO - Started process (PID=204) to work on /opt/airflow/dags/main.py
[2026-06-01T11:36:08.475+0000] {processor.py:830} INFO - Processing file /opt/airflow/dags/main.py for tasks to queue
[2026-06-01T11:36:08.476+0000] {logging_mixin.py:188} INFO - [2026-06-01T11:36:08.476+0000] {dagbag.py:545} INFO - Filling up the DagBag from /opt/airflow/dags/main.py
[2026-06-01T11:36:08.555+0000] {processor.py:840} INFO - DAG(s) 'produce_json', 'update_db' retrieved from /opt/airflow/dags/main.py
[2026-06-01T11:36:08.583+0000] {logging_mixin.py:188} INFO - [2026-06-01T11:36:08.583+0000] {dag.py:3096} INFO - Sync 2 DAGs
[2026-06-01T11:36:08.600+0000] {logging_mixin.py:188} INFO - [2026-06-01T11:36:08.600+0000] {dag.py:3954} INFO - Setting next_dagrun for produce_json to 2026-05-31 12:00:00+00:00, run_after=2026-06-01 12:00:00+00:00
[2026-06-01T11:36:08.604+0000] {logging_mixin.py:188} INFO - [2026-06-01T11:36:08.604+0000] {dag.py:3954} INFO - Setting next_dagrun for update_db to 2026-05-31 13:00:00+00:00, run_after=2026-06-01 13:00:00+00:00
[2026-06-01T11:36:08.618+0000] {processor.py:183} INFO - Processing /opt/airflow/dags/main.py took 0.159 seconds
[2026-06-01T11:36:39.478+0000] {processor.py:161} INFO - Started process (PID=211) to work on /opt/airflow/dags/main.py
[2026-06-01T11:36:39.479+0000] {processor.py:830} INFO - Processing file /opt/airflow/dags/main.py for tasks to queue
[2026-06-01T11:36:39.480+0000] {logging_mixin.py:188} INFO - [2026-06-01T11:36:39.480+0000] {dagbag.py:545} INFO - Filling up the DagBag from /opt/airflow/dags/main.py
[2026-06-01T11:36:39.547+0000] {processor.py:840} INFO - DAG(s) 'update_db', 'produce_json' retrieved from /opt/airflow/dags/main.py
[2026-06-01T11:36:39.567+0000] {logging_mixin.py:188} INFO - [2026-06-01T11:36:39.567+0000] {dag.py:3096} INFO - Sync 2 DAGs
[2026-06-01T11:36:39.583+0000] {logging_mixin.py:188} INFO - [2026-06-01T11:36:39.583+0000] {dag.py:3954} INFO - Setting next_dagrun for produce_json to 2026-05-31 12:00:00+00:00, run_after=2026-06-01 12:00:00+00:00
[2026-06-01T11:36:39.587+0000] {logging_mixin.py:188} INFO - [2026-06-01T11:36:39.587+0000] {dag.py:3954} INFO - Setting next_dagrun for update_db to 2026-05-31 13:00:00+00:00, run_after=2026-06-01 13:00:00+00:00
[2026-06-01T11:36:39.604+0000] {processor.py:183} INFO - Processing /opt/airflow/dags/main.py took 0.131 seconds
[2026-06-01T11:37:10.351+0000] {processor.py:161} INFO - Started process (PID=218) to work on /opt/airflow/dags/main.py
[2026-06-01T11:37:10.352+0000] {processor.py:830} INFO - Processing file /opt/airflow/dags/main.py for tasks to queue
[2026-06-01T11:37:10.353+0000] {logging_mixin.py:188} INFO - [2026-06-01T11:37:10.353+0000] {dagbag.py:545} INFO - Filling up the DagBag from /opt/airflow/dags/main.py
[2026-06-01T11:37:10.439+0000] {processor.py:840} INFO - DAG(s) 'update_db', 'produce_json' retrieved from /opt/airflow/dags/main.py
[2026-06-01T11:37:10.469+0000] {logging_mixin.py:188} INFO - [2026-06-01T11:37:10.468+0000] {dag.py:3096} INFO - Sync 2 DAGs
[2026-06-01T11:37:10.486+0000] {logging_mixin.py:188} INFO - [2026-06-01T11:37:10.486+0000] {dag.py:3954} INFO - Setting next_dagrun for produce_json to 2026-05-31 12:00:00+00:00, run_after=2026-06-01 12:00:00+00:00
[2026-06-01T11:37:10.490+0000] {logging_mixin.py:188} INFO - [2026-06-01T11:37:10.490+0000] {dag.py:3954} INFO - Setting next_dagrun for update_db to 2026-05-31 13:00:00+00:00, run_after=2026-06-01 13:00:00+00:00
[2026-06-01T11:37:10.507+0000] {processor.py:183} INFO - Processing /opt/airflow/dags/main.py took 0.161 seconds
[2026-06-01T11:37:41.374+0000] {processor.py:161} INFO - Started process (PID=225) to work on /opt/airflow/dags/main.py
[2026-06-01T11:37:41.375+0000] {processor.py:830} INFO - Processing file /opt/airflow/dags/main.py for tasks to queue
[2026-06-01T11:37:41.377+0000] {logging_mixin.py:188} INFO - [2026-06-01T11:37:41.377+0000] {dagbag.py:545} INFO - Filling up the DagBag from /opt/airflow/dags/main.py
[2026-06-01T11:37:41.447+0000] {processor.py:840} INFO - DAG(s) 'produce_json', 'update_db' retrieved from /opt/airflow/dags/main.py
[2026-06-01T11:37:41.477+0000] {logging_mixin.py:188} INFO - [2026-06-01T11:37:41.476+0000] {dag.py:3096} INFO - Sync 2 DAGs
[2026-06-01T11:37:41.491+0000] {logging_mixin.py:188} INFO - [2026-06-01T11:37:41.490+0000] {dag.py:3954} INFO - Setting next_dagrun for produce_json to 2026-05-31 12:00:00+00:00, run_after=2026-06-01 12:00:00+00:00
[2026-06-01T11:37:41.494+0000] {logging_mixin.py:188} INFO - [2026-06-01T11:37:41.494+0000] {dag.py:3954} INFO - Setting next_dagrun for update_db to 2026-05-31 13:00:00+00:00, run_after=2026-06-01 13:00:00+00:00
[2026-06-01T11:37:41.514+0000] {processor.py:183} INFO - Processing /opt/airflow/dags/main.py took 0.147 seconds
[2026-06-01T11:38:12.247+0000] {processor.py:161} INFO - Started process (PID=232) to work on /opt/airflow/dags/main.py
[2026-06-01T11:38:12.248+0000] {processor.py:830} INFO - Processing file /opt/airflow/dags/main.py for tasks to queue
[2026-06-01T11:38:12.250+0000] {logging_mixin.py:188} INFO - [2026-06-01T11:38:12.250+0000] {dagbag.py:545} INFO - Filling up the DagBag from /opt/airflow/dags/main.py
[2026-06-01T11:38:12.313+0000] {processor.py:840} INFO - DAG(s) 'update_db', 'produce_json' retrieved from /opt/airflow/dags/main.py
[2026-06-01T11:38:12.335+0000] {logging_mixin.py:188} INFO - [2026-06-01T11:38:12.335+0000] {dag.py:3096} INFO - Sync 2 DAGs
[2026-06-01T11:38:12.349+0000] {logging_mixin.py:188} INFO - [2026-06-01T11:38:12.349+0000] {dag.py:3954} INFO - Setting next_dagrun for produce_json to 2026-05-31 12:00:00+00:00, run_after=2026-06-01 12:00:00+00:00
[2026-06-01T11:38:12.355+0000] {logging_mixin.py:188} INFO - [2026-06-01T11:38:12.355+0000] {dag.py:3954} INFO - Setting next_dagrun for update_db to 2026-05-31 13:00:00+00:00, run_after=2026-06-01 13:00:00+00:00
[2026-06-01T11:38:12.371+0000] {processor.py:183} INFO - Processing /opt/airflow/dags/main.py took 0.128 seconds
[2026-06-01T11:38:42.562+0000] {processor.py:161} INFO - Started process (PID=239) to work on /opt/airflow/dags/main.py
[2026-06-01T11:38:42.563+0000] {processor.py:830} INFO - Processing file /opt/airflow/dags/main.py for tasks to queue
[2026-06-01T11:38:42.565+0000] {logging_mixin.py:188} INFO - [2026-06-01T11:38:42.564+0000] {dagbag.py:545} INFO - Filling up the DagBag from /opt/airflow/dags/main.py
[2026-06-01T11:38:42.657+0000] {processor.py:840} INFO - DAG(s) 'produce_json', 'update_db' retrieved from /opt/airflow/dags/main.py
[2026-06-01T11:38:42.684+0000] {logging_mixin.py:188} INFO - [2026-06-01T11:38:42.684+0000] {dag.py:3096} INFO - Sync 2 DAGs
[2026-06-01T11:38:42.698+0000] {logging_mixin.py:188} INFO - [2026-06-01T11:38:42.698+0000] {dag.py:3954} INFO - Setting next_dagrun for produce_json to 2026-05-31 12:00:00+00:00, run_after=2026-06-01 12:00:00+00:00
[2026-06-01T11:38:42.702+0000] {logging_mixin.py:188} INFO - [2026-06-01T11:38:42.702+0000] {dag.py:3954} INFO - Setting next_dagrun for update_db to 2026-05-31 13:00:00+00:00, run_after=2026-06-01 13:00:00+00:00
[2026-06-01T11:38:42.714+0000] {processor.py:183} INFO - Processing /opt/airflow/dags/main.py took 0.159 seconds
[2026-06-01T11:39:12.821+0000] {processor.py:161} INFO - Started process (PID=246) to work on /opt/airflow/dags/main.py
[2026-06-01T11:39:12.822+0000] {processor.py:830} INFO - Processing file /opt/airflow/dags/main.py for tasks to queue
[2026-06-01T11:39:12.823+0000] {logging_mixin.py:188} INFO - [2026-06-01T11:39:12.823+0000] {dagbag.py:545} INFO - Filling up the DagBag from /opt/airflow/dags/main.py
[2026-06-01T11:39:12.881+0000] {processor.py:840} INFO - DAG(s) 'produce_json', 'update_db' retrieved from /opt/airflow/dags/main.py
[2026-06-01T11:39:12.901+0000] {logging_mixin.py:188} INFO - [2026-06-01T11:39:12.901+0000] {dag.py:3096} INFO - Sync 2 DAGs
[2026-06-01T11:39:12.915+0000] {logging_mixin.py:188} INFO - [2026-06-01T11:39:12.915+0000] {dag.py:3954} INFO - Setting next_dagrun for produce_json to 2026-05-31 12:00:00+00:00, run_after=2026-06-01 12:00:00+00:00
[2026-06-01T11:39:12.919+0000] {logging_mixin.py:188} INFO - [2026-06-01T11:39:12.919+0000] {dag.py:3954} INFO - Setting next_dagrun for update_db to 2026-05-31 13:00:00+00:00, run_after=2026-06-01 13:00:00+00:00
[2026-06-01T11:39:12.942+0000] {processor.py:183} INFO - Processing /opt/airflow/dags/main.py took 0.125 seconds
[2026-06-01T11:39:42.970+0000] {processor.py:161} INFO - Started process (PID=253) to work on /opt/airflow/dags/main.py
[2026-06-01T11:39:42.970+0000] {processor.py:830} INFO - Processing file /opt/airflow/dags/main.py for tasks to queue
[2026-06-01T11:39:42.972+0000] {logging_mixin.py:188} INFO - [2026-06-01T11:39:42.972+0000] {dagbag.py:545} INFO - Filling up the DagBag from /opt/airflow/dags/main.py
[2026-06-01T11:39:43.030+0000] {processor.py:840} INFO - DAG(s) 'produce_json', 'update_db' retrieved from /opt/airflow/dags/main.py
[2026-06-01T11:39:43.051+0000] {logging_mixin.py:188} INFO - [2026-06-01T11:39:43.051+0000] {dag.py:3096} INFO - Sync 2 DAGs
[2026-06-01T11:39:43.066+0000] {logging_mixin.py:188} INFO - [2026-06-01T11:39:43.066+0000] {dag.py:3954} INFO - Setting next_dagrun for produce_json to 2026-05-31 12:00:00+00:00, run_after=2026-06-01 12:00:00+00:00
[2026-06-01T11:39:43.069+0000] {logging_mixin.py:188} INFO - [2026-06-01T11:39:43.069+0000] {dag.py:3954} INFO - Setting next_dagrun for update_db to 2026-05-31 13:00:00+00:00, run_after=2026-06-01 13:00:00+00:00
[2026-06-01T11:39:43.094+0000] {processor.py:183} INFO - Processing /opt/airflow/dags/main.py took 0.129 seconds
[2026-06-01T11:40:14.641+0000] {processor.py:161} INFO - Started process (PID=260) to work on /opt/airflow/dags/main.py
[2026-06-01T11:40:14.642+0000] {processor.py:830} INFO - Processing file /opt/airflow/dags/main.py for tasks to queue
[2026-06-01T11:40:14.644+0000] {logging_mixin.py:188} INFO - [2026-06-01T11:40:14.644+0000] {dagbag.py:545} INFO - Filling up the DagBag from /opt/airflow/dags/main.py
[2026-06-01T11:40:14.714+0000] {processor.py:840} INFO - DAG(s) 'update_db', 'produce_json' retrieved from /opt/airflow/dags/main.py
[2026-06-01T11:40:14.735+0000] {logging_mixin.py:188} INFO - [2026-06-01T11:40:14.735+0000] {dag.py:3096} INFO - Sync 2 DAGs
[2026-06-01T11:40:14.750+0000] {logging_mixin.py:188} INFO - [2026-06-01T11:40:14.750+0000] {dag.py:3954} INFO - Setting next_dagrun for produce_json to 2026-05-31 12:00:00+00:00, run_after=2026-06-01 12:00:00+00:00
[2026-06-01T11:40:14.754+0000] {logging_mixin.py:188} INFO - [2026-06-01T11:40:14.754+0000] {dag.py:3954} INFO - Setting next_dagrun for update_db to 2026-05-31 13:00:00+00:00, run_after=2026-06-01 13:00:00+00:00
[2026-06-01T11:40:14.779+0000] {processor.py:183} INFO - Processing /opt/airflow/dags/main.py took 0.144 seconds
[2026-06-01T11:40:44.874+0000] {processor.py:161} INFO - Started process (PID=267) to work on /opt/airflow/dags/main.py
[2026-06-01T11:40:44.875+0000] {processor.py:830} INFO - Processing file /opt/airflow/dags/main.py for tasks to queue
[2026-06-01T11:40:44.876+0000] {logging_mixin.py:188} INFO - [2026-06-01T11:40:44.876+0000] {dagbag.py:545} INFO - Filling up the DagBag from /opt/airflow/dags/main.py
[2026-06-01T11:40:44.947+0000] {processor.py:840} INFO - DAG(s) 'produce_json', 'update_db' retrieved from /opt/airflow/dags/main.py
[2026-06-01T11:40:44.972+0000] {logging_mixin.py:188} INFO - [2026-06-01T11:40:44.971+0000] {dag.py:3096} INFO - Sync 2 DAGs
[2026-06-01T11:40:44.992+0000] {logging_mixin.py:188} INFO - [2026-06-01T11:40:44.992+0000] {dag.py:3954} INFO - Setting next_dagrun for produce_json to 2026-05-31 12:00:00+00:00, run_after=2026-06-01 12:00:00+00:00
[2026-06-01T11:40:44.996+0000] {logging_mixin.py:188} INFO - [2026-06-01T11:40:44.996+0000] {dag.py:3954} INFO - Setting next_dagrun for update_db to 2026-05-31 13:00:00+00:00, run_after=2026-06-01 13:00:00+00:00
[2026-06-01T11:40:45.012+0000] {processor.py:183} INFO - Processing /opt/airflow/dags/main.py took 0.143 seconds
[2026-06-01T11:41:15.378+0000] {processor.py:161} INFO - Started process (PID=274) to work on /opt/airflow/dags/main.py
[2026-06-01T11:41:15.379+0000] {processor.py:830} INFO - Processing file /opt/airflow/dags/main.py for tasks to queue
[2026-06-01T11:41:15.380+0000] {logging_mixin.py:188} INFO - [2026-06-01T11:41:15.380+0000] {dagbag.py:545} INFO - Filling up the DagBag from /opt/airflow/dags/main.py
[2026-06-01T11:41:15.441+0000] {processor.py:840} INFO - DAG(s) 'update_db', 'produce_json' retrieved from /opt/airflow/dags/main.py
[2026-06-01T11:41:15.461+0000] {logging_mixin.py:188} INFO - [2026-06-01T11:41:15.461+0000] {dag.py:3096} INFO - Sync 2 DAGs
[2026-06-01T11:41:15.474+0000] {logging_mixin.py:188} INFO - [2026-06-01T11:41:15.474+0000] {dag.py:3954} INFO - Setting next_dagrun for produce_json to 2026-05-31 12:00:00+00:00, run_after=2026-06-01 12:00:00+00:00
[2026-06-01T11:41:15.478+0000] {logging_mixin.py:188} INFO - [2026-06-01T11:41:15.478+0000] {dag.py:3954} INFO - Setting next_dagrun for update_db to 2026-05-31 13:00:00+00:00, run_after=2026-06-01 13:00:00+00:00
[2026-06-01T11:41:15.502+0000] {processor.py:183} INFO - Processing /opt/airflow/dags/main.py took 0.129 seconds
[2026-06-01T11:41:45.752+0000] {processor.py:161} INFO - Started process (PID=275) to work on /opt/airflow/dags/main.py
[2026-06-01T11:41:45.753+0000] {processor.py:830} INFO - Processing file /opt/airflow/dags/main.py for tasks to queue
[2026-06-01T11:41:45.754+0000] {logging_mixin.py:188} INFO - [2026-06-01T11:41:45.754+0000] {dagbag.py:545} INFO - Filling up the DagBag from /opt/airflow/dags/main.py
[2026-06-01T11:41:45.822+0000] {processor.py:840} INFO - DAG(s) 'update_db', 'produce_json' retrieved from /opt/airflow/dags/main.py
[2026-06-01T11:41:45.846+0000] {logging_mixin.py:188} INFO - [2026-06-01T11:41:45.846+0000] {dag.py:3096} INFO - Sync 2 DAGs
[2026-06-01T11:41:45.864+0000] {logging_mixin.py:188} INFO - [2026-06-01T11:41:45.864+0000] {dag.py:3954} INFO - Setting next_dagrun for produce_json to 2026-05-31 12:00:00+00:00, run_after=2026-06-01 12:00:00+00:00
[2026-06-01T11:41:45.869+0000] {logging_mixin.py:188} INFO - [2026-06-01T11:41:45.868+0000] {dag.py:3954} INFO - Setting next_dagrun for update_db to 2026-05-31 13:00:00+00:00, run_after=2026-06-01 13:00:00+00:00
[2026-06-01T11:41:45.887+0000] {processor.py:183} INFO - Processing /opt/airflow/dags/main.py took 0.139 seconds
[2026-06-01T11:42:16.191+0000] {processor.py:161} INFO - Started process (PID=282) to work on /opt/airflow/dags/main.py
[2026-06-01T11:42:16.192+0000] {processor.py:830} INFO - Processing file /opt/airflow/dags/main.py for tasks to queue
[2026-06-01T11:42:16.193+0000] {logging_mixin.py:188} INFO - [2026-06-01T11:42:16.193+0000] {dagbag.py:545} INFO - Filling up the DagBag from /opt/airflow/dags/main.py
[2026-06-01T11:42:16.279+0000] {processor.py:840} INFO - DAG(s) 'update_db', 'produce_json' retrieved from /opt/airflow/dags/main.py
[2026-06-01T11:42:16.304+0000] {logging_mixin.py:188} INFO - [2026-06-01T11:42:16.304+0000] {dag.py:3096} INFO - Sync 2 DAGs
[2026-06-01T11:42:16.318+0000] {logging_mixin.py:188} INFO - [2026-06-01T11:42:16.318+0000] {dag.py:3954} INFO - Setting next_dagrun for produce_json to 2026-05-31 12:00:00+00:00, run_after=2026-06-01 12:00:00+00:00
[2026-06-01T11:42:16.321+0000] {logging_mixin.py:188} INFO - [2026-06-01T11:42:16.321+0000] {dag.py:3954} INFO - Setting next_dagrun for update_db to 2026-05-31 13:00:00+00:00, run_after=2026-06-01 13:00:00+00:00
[2026-06-01T11:42:16.336+0000] {processor.py:183} INFO - Processing /opt/airflow/dags/main.py took 0.150 seconds
[2026-06-01T11:42:46.672+0000] {processor.py:161} INFO - Started process (PID=289) to work on /opt/airflow/dags/main.py
[2026-06-01T11:42:46.672+0000] {processor.py:830} INFO - Processing file /opt/airflow/dags/main.py for tasks to queue
[2026-06-01T11:42:46.674+0000] {logging_mixin.py:188} INFO - [2026-06-01T11:42:46.674+0000] {dagbag.py:545} INFO - Filling up the DagBag from /opt/airflow/dags/main.py
[2026-06-01T11:42:46.733+0000] {processor.py:840} INFO - DAG(s) 'produce_json', 'update_db' retrieved from /opt/airflow/dags/main.py
[2026-06-01T11:42:46.753+0000] {logging_mixin.py:188} INFO - [2026-06-01T11:42:46.753+0000] {dag.py:3096} INFO - Sync 2 DAGs
[2026-06-01T11:42:46.768+0000] {logging_mixin.py:188} INFO - [2026-06-01T11:42:46.768+0000] {dag.py:3954} INFO - Setting next_dagrun for produce_json to 2026-05-31 12:00:00+00:00, run_after=2026-06-01 12:00:00+00:00
[2026-06-01T11:42:46.771+0000] {logging_mixin.py:188} INFO - [2026-06-01T11:42:46.771+0000] {dag.py:3954} INFO - Setting next_dagrun for update_db to 2026-05-31 13:00:00+00:00, run_after=2026-06-01 13:00:00+00:00
[2026-06-01T11:42:46.792+0000] {processor.py:183} INFO - Processing /opt/airflow/dags/main.py took 0.125 seconds
[2026-06-01T11:43:17.181+0000] {processor.py:161} INFO - Started process (PID=296) to work on /opt/airflow/dags/main.py
[2026-06-01T11:43:17.181+0000] {processor.py:830} INFO - Processing file /opt/airflow/dags/main.py for tasks to queue
[2026-06-01T11:43:17.183+0000] {logging_mixin.py:188} INFO - [2026-06-01T11:43:17.183+0000] {dagbag.py:545} INFO - Filling up the DagBag from /opt/airflow/dags/main.py
[2026-06-01T11:43:17.250+0000] {processor.py:840} INFO - DAG(s) 'update_db', 'produce_json' retrieved from /opt/airflow/dags/main.py
[2026-06-01T11:43:17.274+0000] {logging_mixin.py:188} INFO - [2026-06-01T11:43:17.274+0000] {dag.py:3096} INFO - Sync 2 DAGs
[2026-06-01T11:43:17.294+0000] {logging_mixin.py:188} INFO - [2026-06-01T11:43:17.293+0000] {dag.py:3954} INFO - Setting next_dagrun for produce_json to 2026-05-31 12:00:00+00:00, run_after=2026-06-01 12:00:00+00:00
[2026-06-01T11:43:17.298+0000] {logging_mixin.py:188} INFO - [2026-06-01T11:43:17.298+0000] {dag.py:3954} INFO - Setting next_dagrun for update_db to 2026-05-31 13:00:00+00:00, run_after=2026-06-01 13:00:00+00:00
[2026-06-01T11:43:17.314+0000] {processor.py:183} INFO - Processing /opt/airflow/dags/main.py took 0.138 seconds
[2026-06-01T11:43:47.695+0000] {processor.py:161} INFO - Started process (PID=303) to work on /opt/airflow/dags/main.py
[2026-06-01T11:43:47.696+0000] {processor.py:830} INFO - Processing file /opt/airflow/dags/main.py for tasks to queue
[2026-06-01T11:43:47.698+0000] {logging_mixin.py:188} INFO - [2026-06-01T11:43:47.697+0000] {dagbag.py:545} INFO - Filling up the DagBag from /opt/airflow/dags/main.py
[2026-06-01T11:43:47.753+0000] {processor.py:840} INFO - DAG(s) 'produce_json', 'update_db' retrieved from /opt/airflow/dags/main.py
[2026-06-01T11:43:47.774+0000] {logging_mixin.py:188} INFO - [2026-06-01T11:43:47.774+0000] {dag.py:3096} INFO - Sync 2 DAGs
[2026-06-01T11:43:47.787+0000] {logging_mixin.py:188} INFO - [2026-06-01T11:43:47.787+0000] {dag.py:3954} INFO - Setting next_dagrun for produce_json to 2026-05-31 12:00:00+00:00, run_after=2026-06-01 12:00:00+00:00
[2026-06-01T11:43:47.790+0000] {logging_mixin.py:188} INFO - [2026-06-01T11:43:47.790+0000] {dag.py:3954} INFO - Setting next_dagrun for update_db to 2026-05-31 13:00:00+00:00, run_after=2026-06-01 13:00:00+00:00
[2026-06-01T11:43:47.804+0000] {processor.py:183} INFO - Processing /opt/airflow/dags/main.py took 0.113 seconds
[2026-06-01T11:44:18.195+0000] {processor.py:161} INFO - Started process (PID=310) to work on /opt/airflow/dags/main.py
[2026-06-01T11:44:18.196+0000] {processor.py:830} INFO - Processing file /opt/airflow/dags/main.py for tasks to queue
[2026-06-01T11:44:18.197+0000] {logging_mixin.py:188} INFO - [2026-06-01T11:44:18.197+0000] {dagbag.py:545} INFO - Filling up the DagBag from /opt/airflow/dags/main.py
[2026-06-01T11:44:18.253+0000] {processor.py:840} INFO - DAG(s) 'update_db', 'produce_json' retrieved from /opt/airflow/dags/main.py
[2026-06-01T11:44:18.275+0000] {logging_mixin.py:188} INFO - [2026-06-01T11:44:18.275+0000] {dag.py:3096} INFO - Sync 2 DAGs
[2026-06-01T11:44:18.291+0000] {logging_mixin.py:188} INFO - [2026-06-01T11:44:18.291+0000] {dag.py:3954} INFO - Setting next_dagrun for produce_json to 2026-05-31 12:00:00+00:00, run_after=2026-06-01 12:00:00+00:00
[2026-06-01T11:44:18.294+0000] {logging_mixin.py:188} INFO - [2026-06-01T11:44:18.294+0000] {dag.py:3954} INFO - Setting next_dagrun for update_db to 2026-05-31 13:00:00+00:00, run_after=2026-06-01 13:00:00+00:00
[2026-06-01T11:44:18.315+0000] {processor.py:183} INFO - Processing /opt/airflow/dags/main.py took 0.126 seconds
[2026-06-01T11:44:50.308+0000] {processor.py:161} INFO - Started process (PID=317) to work on /opt/airflow/dags/main.py
[2026-06-01T11:44:50.309+0000] {processor.py:830} INFO - Processing file /opt/airflow/dags/main.py for tasks to queue
[2026-06-01T11:44:50.310+0000] {logging_mixin.py:188} INFO - [2026-06-01T11:44:50.310+0000] {dagbag.py:545} INFO - Filling up the DagBag from /opt/airflow/dags/main.py
[2026-06-01T11:44:50.367+0000] {processor.py:840} INFO - DAG(s) 'produce_json', 'update_db' retrieved from /opt/airflow/dags/main.py
[2026-06-01T11:44:50.386+0000] {logging_mixin.py:188} INFO - [2026-06-01T11:44:50.386+0000] {dag.py:3096} INFO - Sync 2 DAGs
[2026-06-01T11:44:50.400+0000] {logging_mixin.py:188} INFO - [2026-06-01T11:44:50.400+0000] {dag.py:3954} INFO - Setting next_dagrun for produce_json to 2026-05-31 12:00:00+00:00, run_after=2026-06-01 12:00:00+00:00
[2026-06-01T11:44:50.404+0000] {logging_mixin.py:188} INFO - [2026-06-01T11:44:50.404+0000] {dag.py:3954} INFO - Setting next_dagrun for update_db to 2026-05-31 13:00:00+00:00, run_after=2026-06-01 13:00:00+00:00
[2026-06-01T11:44:50.426+0000] {processor.py:183} INFO - Processing /opt/airflow/dags/main.py took 0.121 seconds
[2026-06-01T11:45:20.626+0000] {processor.py:161} INFO - Started process (PID=324) to work on /opt/airflow/dags/main.py
[2026-06-01T11:45:20.627+0000] {processor.py:830} INFO - Processing file /opt/airflow/dags/main.py for tasks to queue
[2026-06-01T11:45:20.628+0000] {logging_mixin.py:188} INFO - [2026-06-01T11:45:20.628+0000] {dagbag.py:545} INFO - Filling up the DagBag from /opt/airflow/dags/main.py
[2026-06-01T11:45:20.686+0000] {processor.py:840} INFO - DAG(s) 'update_db', 'produce_json' retrieved from /opt/airflow/dags/main.py
[2026-06-01T11:45:20.706+0000] {logging_mixin.py:188} INFO - [2026-06-01T11:45:20.705+0000] {dag.py:3096} INFO - Sync 2 DAGs
[2026-06-01T11:45:20.719+0000] {logging_mixin.py:188} INFO - [2026-06-01T11:45:20.719+0000] {dag.py:3954} INFO - Setting next_dagrun for produce_json to 2026-05-31 12:00:00+00:00, run_after=2026-06-01 12:00:00+00:00
[2026-06-01T11:45:20.723+0000] {logging_mixin.py:188} INFO - [2026-06-01T11:45:20.723+0000] {dag.py:3954} INFO - Setting next_dagrun for update_db to 2026-05-31 13:00:00+00:00, run_after=2026-06-01 13:00:00+00:00
[2026-06-01T11:45:20.745+0000] {processor.py:183} INFO - Processing /opt/airflow/dags/main.py took 0.123 seconds
[2026-06-01T11:45:50.900+0000] {processor.py:161} INFO - Started process (PID=331) to work on /opt/airflow/dags/main.py
[2026-06-01T11:45:50.901+0000] {processor.py:830} INFO - Processing file /opt/airflow/dags/main.py for tasks to queue
[2026-06-01T11:45:50.903+0000] {logging_mixin.py:188} INFO - [2026-06-01T11:45:50.902+0000] {dagbag.py:545} INFO - Filling up the DagBag from /opt/airflow/dags/main.py
[2026-06-01T11:45:50.965+0000] {processor.py:840} INFO - DAG(s) 'update_db', 'produce_json' retrieved from /opt/airflow/dags/main.py
[2026-06-01T11:45:50.989+0000] {logging_mixin.py:188} INFO - [2026-06-01T11:45:50.989+0000] {dag.py:3096} INFO - Sync 2 DAGs
[2026-06-01T11:45:51.008+0000] {logging_mixin.py:188} INFO - [2026-06-01T11:45:51.008+0000] {dag.py:3954} INFO - Setting next_dagrun for produce_json to 2026-05-31 12:00:00+00:00, run_after=2026-06-01 12:00:00+00:00
[2026-06-01T11:45:51.013+0000] {logging_mixin.py:188} INFO - [2026-06-01T11:45:51.013+0000] {dag.py:3954} INFO - Setting next_dagrun for update_db to 2026-05-31 13:00:00+00:00, run_after=2026-06-01 13:00:00+00:00
[2026-06-01T11:45:51.029+0000] {processor.py:183} INFO - Processing /opt/airflow/dags/main.py took 0.133 seconds
[2026-06-01T11:46:21.312+0000] {processor.py:161} INFO - Started process (PID=338) to work on /opt/airflow/dags/main.py
[2026-06-01T11:46:21.313+0000] {processor.py:830} INFO - Processing file /opt/airflow/dags/main.py for tasks to queue
[2026-06-01T11:46:21.314+0000] {logging_mixin.py:188} INFO - [2026-06-01T11:46:21.314+0000] {dagbag.py:545} INFO - Filling up the DagBag from /opt/airflow/dags/main.py
[2026-06-01T11:46:21.394+0000] {processor.py:840} INFO - DAG(s) 'update_db', 'produce_json' retrieved from /opt/airflow/dags/main.py
[2026-06-01T11:46:21.419+0000] {logging_mixin.py:188} INFO - [2026-06-01T11:46:21.419+0000] {dag.py:3096} INFO - Sync 2 DAGs
[2026-06-01T11:46:21.434+0000] {logging_mixin.py:188} INFO - [2026-06-01T11:46:21.434+0000] {dag.py:3954} INFO - Setting next_dagrun for produce_json to 2026-05-31 12:00:00+00:00, run_after=2026-06-01 12:00:00+00:00
[2026-06-01T11:46:21.438+0000] {logging_mixin.py:188} INFO - [2026-06-01T11:46:21.438+0000] {dag.py:3954} INFO - Setting next_dagrun for update_db to 2026-05-31 13:00:00+00:00, run_after=2026-06-01 13:00:00+00:00
[2026-06-01T11:46:21.451+0000] {processor.py:183} INFO - Processing /opt/airflow/dags/main.py took 0.145 seconds
[2026-06-01T11:46:51.652+0000] {processor.py:161} INFO - Started process (PID=345) to work on /opt/airflow/dags/main.py
[2026-06-01T11:46:51.653+0000] {processor.py:830} INFO - Processing file /opt/airflow/dags/main.py for tasks to queue
[2026-06-01T11:46:51.655+0000] {logging_mixin.py:188} INFO - [2026-06-01T11:46:51.654+0000] {dagbag.py:545} INFO - Filling up the DagBag from /opt/airflow/dags/main.py
[2026-06-01T11:46:51.725+0000] {processor.py:840} INFO - DAG(s) 'update_db', 'produce_json' retrieved from /opt/airflow/dags/main.py
[2026-06-01T11:46:51.752+0000] {logging_mixin.py:188} INFO - [2026-06-01T11:46:51.751+0000] {dag.py:3096} INFO - Sync 2 DAGs
[2026-06-01T11:46:51.769+0000] {logging_mixin.py:188} INFO - [2026-06-01T11:46:51.768+0000] {dag.py:3954} INFO - Setting next_dagrun for produce_json to 2026-05-31 12:00:00+00:00, run_after=2026-06-01 12:00:00+00:00
[2026-06-01T11:46:51.773+0000] {logging_mixin.py:188} INFO - [2026-06-01T11:46:51.772+0000] {dag.py:3954} INFO - Setting next_dagrun for update_db to 2026-05-31 13:00:00+00:00, run_after=2026-06-01 13:00:00+00:00
[2026-06-01T11:46:51.788+0000] {processor.py:183} INFO - Processing /opt/airflow/dags/main.py took 0.140 seconds
[2026-06-01T11:47:22.027+0000] {processor.py:161} INFO - Started process (PID=352) to work on /opt/airflow/dags/main.py
[2026-06-01T11:47:22.027+0000] {processor.py:830} INFO - Processing file /opt/airflow/dags/main.py for tasks to queue
[2026-06-01T11:47:22.029+0000] {logging_mixin.py:188} INFO - [2026-06-01T11:47:22.029+0000] {dagbag.py:545} INFO - Filling up the DagBag from /opt/airflow/dags/main.py
[2026-06-01T11:47:22.123+0000] {processor.py:840} INFO - DAG(s) 'update_db', 'produce_json' retrieved from /opt/airflow/dags/main.py
[2026-06-01T11:47:22.149+0000] {logging_mixin.py:188} INFO - [2026-06-01T11:47:22.149+0000] {dag.py:3096} INFO - Sync 2 DAGs
[2026-06-01T11:47:22.163+0000] {logging_mixin.py:188} INFO - [2026-06-01T11:47:22.163+0000] {dag.py:3954} INFO - Setting next_dagrun for produce_json to 2026-05-31 12:00:00+00:00, run_after=2026-06-01 12:00:00+00:00
[2026-06-01T11:47:22.168+0000] {logging_mixin.py:188} INFO - [2026-06-01T11:47:22.167+0000] {dag.py:3954} INFO - Setting next_dagrun for update_db to 2026-05-31 13:00:00+00:00, run_after=2026-06-01 13:00:00+00:00
[2026-06-01T11:47:22.181+0000] {processor.py:183} INFO - Processing /opt/airflow/dags/main.py took 0.159 seconds
[2026-06-01T11:47:52.274+0000] {processor.py:161} INFO - Started process (PID=359) to work on /opt/airflow/dags/main.py
[2026-06-01T11:47:52.275+0000] {processor.py:830} INFO - Processing file /opt/airflow/dags/main.py for tasks to queue
[2026-06-01T11:47:52.276+0000] {logging_mixin.py:188} INFO - [2026-06-01T11:47:52.276+0000] {dagbag.py:545} INFO - Filling up the DagBag from /opt/airflow/dags/main.py
[2026-06-01T11:47:52.337+0000] {processor.py:840} INFO - DAG(s) 'produce_json', 'update_db' retrieved from /opt/airflow/dags/main.py
[2026-06-01T11:47:52.358+0000] {logging_mixin.py:188} INFO - [2026-06-01T11:47:52.357+0000] {dag.py:3096} INFO - Sync 2 DAGs
[2026-06-01T11:47:52.373+0000] {logging_mixin.py:188} INFO - [2026-06-01T11:47:52.373+0000] {dag.py:3954} INFO - Setting next_dagrun for produce_json to 2026-05-31 12:00:00+00:00, run_after=2026-06-01 12:00:00+00:00
[2026-06-01T11:47:52.376+0000] {logging_mixin.py:188} INFO - [2026-06-01T11:47:52.376+0000] {dag.py:3954} INFO - Setting next_dagrun for update_db to 2026-05-31 13:00:00+00:00, run_after=2026-06-01 13:00:00+00:00
[2026-06-01T11:47:52.389+0000] {processor.py:183} INFO - Processing /opt/airflow/dags/main.py took 0.120 seconds
[2026-06-01T11:48:22.544+0000] {processor.py:161} INFO - Started process (PID=366) to work on /opt/airflow/dags/main.py
[2026-06-01T11:48:22.546+0000] {processor.py:830} INFO - Processing file /opt/airflow/dags/main.py for tasks to queue
[2026-06-01T11:48:22.548+0000] {logging_mixin.py:188} INFO - [2026-06-01T11:48:22.548+0000] {dagbag.py:545} INFO - Filling up the DagBag from /opt/airflow/dags/main.py
[2026-06-01T11:48:22.622+0000] {processor.py:840} INFO - DAG(s) 'produce_json', 'update_db' retrieved from /opt/airflow/dags/main.py
[2026-06-01T11:48:22.646+0000] {logging_mixin.py:188} INFO - [2026-06-01T11:48:22.646+0000] {dag.py:3096} INFO - Sync 2 DAGs
[2026-06-01T11:48:22.660+0000] {logging_mixin.py:188} INFO - [2026-06-01T11:48:22.660+0000] {dag.py:3954} INFO - Setting next_dagrun for produce_json to 2026-05-31 12:00:00+00:00, run_after=2026-06-01 12:00:00+00:00
[2026-06-01T11:48:22.664+0000] {logging_mixin.py:188} INFO - [2026-06-01T11:48:22.663+0000] {dag.py:3954} INFO - Setting next_dagrun for update_db to 2026-05-31 13:00:00+00:00, run_after=2026-06-01 13:00:00+00:00
[2026-06-01T11:48:22.677+0000] {processor.py:183} INFO - Processing /opt/airflow/dags/main.py took 0.140 seconds
[2026-06-01T11:48:52.941+0000] {processor.py:161} INFO - Started process (PID=373) to work on /opt/airflow/dags/main.py
[2026-06-01T11:48:52.942+0000] {processor.py:830} INFO - Processing file /opt/airflow/dags/main.py for tasks to queue
[2026-06-01T11:48:52.944+0000] {logging_mixin.py:188} INFO - [2026-06-01T11:48:52.943+0000] {dagbag.py:545} INFO - Filling up the DagBag from /opt/airflow/dags/main.py
[2026-06-01T11:48:53.061+0000] {processor.py:840} INFO - DAG(s) 'update_db', 'produce_json' retrieved from /opt/airflow/dags/main.py
[2026-06-01T11:48:53.083+0000] {logging_mixin.py:188} INFO - [2026-06-01T11:48:53.083+0000] {dag.py:3096} INFO - Sync 2 DAGs
[2026-06-01T11:48:53.100+0000] {logging_mixin.py:188} INFO - [2026-06-01T11:48:53.100+0000] {dag.py:3954} INFO - Setting next_dagrun for produce_json to 2026-05-31 12:00:00+00:00, run_after=2026-06-01 12:00:00+00:00
[2026-06-01T11:48:53.104+0000] {logging_mixin.py:188} INFO - [2026-06-01T11:48:53.104+0000] {dag.py:3954} INFO - Setting next_dagrun for update_db to 2026-05-31 13:00:00+00:00, run_after=2026-06-01 13:00:00+00:00
[2026-06-01T11:48:53.118+0000] {processor.py:183} INFO - Processing /opt/airflow/dags/main.py took 0.182 seconds
[2026-06-01T11:49:24.207+0000] {processor.py:161} INFO - Started process (PID=380) to work on /opt/airflow/dags/main.py
[2026-06-01T11:49:24.208+0000] {processor.py:830} INFO - Processing file /opt/airflow/dags/main.py for tasks to queue
[2026-06-01T11:49:24.210+0000] {logging_mixin.py:188} INFO - [2026-06-01T11:49:24.210+0000] {dagbag.py:545} INFO - Filling up the DagBag from /opt/airflow/dags/main.py
[2026-06-01T11:49:24.277+0000] {processor.py:840} INFO - DAG(s) 'produce_json', 'update_db' retrieved from /opt/airflow/dags/main.py
[2026-06-01T11:49:24.299+0000] {logging_mixin.py:188} INFO - [2026-06-01T11:49:24.299+0000] {dag.py:3096} INFO - Sync 2 DAGs
[2026-06-01T11:49:24.315+0000] {logging_mixin.py:188} INFO - [2026-06-01T11:49:24.315+0000] {dag.py:3954} INFO - Setting next_dagrun for produce_json to 2026-05-31 12:00:00+00:00, run_after=2026-06-01 12:00:00+00:00
[2026-06-01T11:49:24.319+0000] {logging_mixin.py:188} INFO - [2026-06-01T11:49:24.319+0000] {dag.py:3954} INFO - Setting next_dagrun for update_db to 2026-05-31 13:00:00+00:00, run_after=2026-06-01 13:00:00+00:00
[2026-06-01T11:49:24.342+0000] {processor.py:183} INFO - Processing /opt/airflow/dags/main.py took 0.139 seconds
[2026-06-01T11:49:54.514+0000] {processor.py:161} INFO - Started process (PID=387) to work on /opt/airflow/dags/main.py
[2026-06-01T11:49:54.515+0000] {processor.py:830} INFO - Processing file /opt/airflow/dags/main.py for tasks to queue
[2026-06-01T11:49:54.516+0000] {logging_mixin.py:188} INFO - [2026-06-01T11:49:54.516+0000] {dagbag.py:545} INFO - Filling up the DagBag from /opt/airflow/dags/main.py
[2026-06-01T11:49:54.597+0000] {processor.py:840} INFO - DAG(s) 'produce_json', 'update_db' retrieved from /opt/airflow/dags/main.py
[2026-06-01T11:49:54.627+0000] {logging_mixin.py:188} INFO - [2026-06-01T11:49:54.627+0000] {dag.py:3096} INFO - Sync 2 DAGs
[2026-06-01T11:49:54.643+0000] {logging_mixin.py:188} INFO - [2026-06-01T11:49:54.643+0000] {dag.py:3954} INFO - Setting next_dagrun for produce_json to 2026-05-31 12:00:00+00:00, run_after=2026-06-01 12:00:00+00:00
[2026-06-01T11:49:54.647+0000] {logging_mixin.py:188} INFO - [2026-06-01T11:49:54.647+0000] {dag.py:3954} INFO - Setting next_dagrun for update_db to 2026-05-31 13:00:00+00:00, run_after=2026-06-01 13:00:00+00:00
[2026-06-01T11:49:54.660+0000] {processor.py:183} INFO - Processing /opt/airflow/dags/main.py took 0.160 seconds
[2026-06-01T11:50:24.771+0000] {processor.py:161} INFO - Started process (PID=394) to work on /opt/airflow/dags/main.py
[2026-06-01T11:50:24.773+0000] {processor.py:830} INFO - Processing file /opt/airflow/dags/main.py for tasks to queue
[2026-06-01T11:50:24.774+0000] {logging_mixin.py:188} INFO - [2026-06-01T11:50:24.774+0000] {dagbag.py:545} INFO - Filling up the DagBag from /opt/airflow/dags/main.py
[2026-06-01T11:50:24.840+0000] {processor.py:840} INFO - DAG(s) 'update_db', 'produce_json' retrieved from /opt/airflow/dags/main.py
[2026-06-01T11:50:24.862+0000] {logging_mixin.py:188} INFO - [2026-06-01T11:50:24.862+0000] {dag.py:3096} INFO - Sync 2 DAGs
[2026-06-01T11:50:24.877+0000] {logging_mixin.py:188} INFO - [2026-06-01T11:50:24.877+0000] {dag.py:3954} INFO - Setting next_dagrun for produce_json to 2026-05-31 12:00:00+00:00, run_after=2026-06-01 12:00:00+00:00
[2026-06-01T11:50:24.881+0000] {logging_mixin.py:188} INFO - [2026-06-01T11:50:24.880+0000] {dag.py:3954} INFO - Setting next_dagrun for update_db to 2026-05-31 13:00:00+00:00, run_after=2026-06-01 13:00:00+00:00
[2026-06-01T11:50:24.904+0000] {processor.py:183} INFO - Processing /opt/airflow/dags/main.py took 0.139 seconds
[2026-06-01T11:50:55.171+0000] {processor.py:161} INFO - Started process (PID=401) to work on /opt/airflow/dags/main.py
[2026-06-01T11:50:55.172+0000] {processor.py:830} INFO - Processing file /opt/airflow/dags/main.py for tasks to queue
[2026-06-01T11:50:55.173+0000] {logging_mixin.py:188} INFO - [2026-06-01T11:50:55.173+0000] {dagbag.py:545} INFO - Filling up the DagBag from /opt/airflow/dags/main.py
[2026-06-01T11:50:55.262+0000] {processor.py:840} INFO - DAG(s) 'produce_json', 'update_db' retrieved from /opt/airflow/dags/main.py
[2026-06-01T11:50:55.292+0000] {logging_mixin.py:188} INFO - [2026-06-01T11:50:55.292+0000] {dag.py:3096} INFO - Sync 2 DAGs
[2026-06-01T11:50:55.308+0000] {logging_mixin.py:188} INFO - [2026-06-01T11:50:55.308+0000] {dag.py:3954} INFO - Setting next_dagrun for produce_json to 2026-05-31 12:00:00+00:00, run_after=2026-06-01 12:00:00+00:00
[2026-06-01T11:50:55.313+0000] {logging_mixin.py:188} INFO - [2026-06-01T11:50:55.313+0000] {dag.py:3954} INFO - Setting next_dagrun for update_db to 2026-05-31 13:00:00+00:00, run_after=2026-06-01 13:00:00+00:00
[2026-06-01T11:50:55.329+0000] {processor.py:183} INFO - Processing /opt/airflow/dags/main.py took 0.165 seconds
[2026-06-01T11:51:25.436+0000] {processor.py:161} INFO - Started process (PID=408) to work on /opt/airflow/dags/main.py
[2026-06-01T11:51:25.437+0000] {processor.py:830} INFO - Processing file /opt/airflow/dags/main.py for tasks to queue
[2026-06-01T11:51:25.438+0000] {logging_mixin.py:188} INFO - [2026-06-01T11:51:25.438+0000] {dagbag.py:545} INFO - Filling up the DagBag from /opt/airflow/dags/main.py
[2026-06-01T11:51:25.505+0000] {processor.py:840} INFO - DAG(s) 'update_db', 'produce_json' retrieved from /opt/airflow/dags/main.py
[2026-06-01T11:51:25.530+0000] {logging_mixin.py:188} INFO - [2026-06-01T11:51:25.530+0000] {dag.py:3096} INFO - Sync 2 DAGs
[2026-06-01T11:51:25.546+0000] {logging_mixin.py:188} INFO - [2026-06-01T11:51:25.546+0000] {dag.py:3954} INFO - Setting next_dagrun for produce_json to 2026-05-31 12:00:00+00:00, run_after=2026-06-01 12:00:00+00:00
[2026-06-01T11:51:25.549+0000] {logging_mixin.py:188} INFO - [2026-06-01T11:51:25.549+0000] {dag.py:3954} INFO - Setting next_dagrun for update_db to 2026-05-31 13:00:00+00:00, run_after=2026-06-01 13:00:00+00:00
[2026-06-01T11:51:25.571+0000] {processor.py:183} INFO - Processing /opt/airflow/dags/main.py took 0.140 seconds
[2026-06-01T11:51:55.954+0000] {processor.py:161} INFO - Started process (PID=409) to work on /opt/airflow/dags/main.py
[2026-06-01T11:51:55.955+0000] {processor.py:830} INFO - Processing file /opt/airflow/dags/main.py for tasks to queue
[2026-06-01T11:51:55.957+0000] {logging_mixin.py:188} INFO - [2026-06-01T11:51:55.956+0000] {dagbag.py:545} INFO - Filling up the DagBag from /opt/airflow/dags/main.py
[2026-06-01T11:51:56.012+0000] {processor.py:840} INFO - DAG(s) 'produce_json', 'update_db' retrieved from /opt/airflow/dags/main.py
[2026-06-01T11:51:56.030+0000] {logging_mixin.py:188} INFO - [2026-06-01T11:51:56.030+0000] {dag.py:3096} INFO - Sync 2 DAGs
[2026-06-01T11:51:56.043+0000] {logging_mixin.py:188} INFO - [2026-06-01T11:51:56.043+0000] {dag.py:3954} INFO - Setting next_dagrun for produce_json to 2026-05-31 12:00:00+00:00, run_after=2026-06-01 12:00:00+00:00
[2026-06-01T11:51:56.046+0000] {logging_mixin.py:188} INFO - [2026-06-01T11:51:56.046+0000] {dag.py:3954} INFO - Setting next_dagrun for update_db to 2026-05-31 13:00:00+00:00, run_after=2026-06-01 13:00:00+00:00
[2026-06-01T11:51:56.068+0000] {processor.py:183} INFO - Processing /opt/airflow/dags/main.py took 0.118 seconds
[2026-06-01T11:52:26.584+0000] {processor.py:161} INFO - Started process (PID=416) to work on /opt/airflow/dags/main.py
[2026-06-01T11:52:26.585+0000] {processor.py:830} INFO - Processing file /opt/airflow/dags/main.py for tasks to queue
[2026-06-01T11:52:26.587+0000] {logging_mixin.py:188} INFO - [2026-06-01T11:52:26.586+0000] {dagbag.py:545} INFO - Filling up the DagBag from /opt/airflow/dags/main.py
[2026-06-01T11:52:26.657+0000] {processor.py:840} INFO - DAG(s) 'produce_json', 'update_db' retrieved from /opt/airflow/dags/main.py
[2026-06-01T11:52:26.680+0000] {logging_mixin.py:188} INFO - [2026-06-01T11:52:26.680+0000] {dag.py:3096} INFO - Sync 2 DAGs
[2026-06-01T11:52:26.695+0000] {logging_mixin.py:188} INFO - [2026-06-01T11:52:26.695+0000] {dag.py:3954} INFO - Setting next_dagrun for produce_json to 2026-05-31 12:00:00+00:00, run_after=2026-06-01 12:00:00+00:00
[2026-06-01T11:52:26.699+0000] {logging_mixin.py:188} INFO - [2026-06-01T11:52:26.699+0000] {dag.py:3954} INFO - Setting next_dagrun for update_db to 2026-05-31 13:00:00+00:00, run_after=2026-06-01 13:00:00+00:00
[2026-06-01T11:52:26.712+0000] {processor.py:183} INFO - Processing /opt/airflow/dags/main.py took 0.132 seconds
[2026-06-01T11:52:56.924+0000] {processor.py:161} INFO - Started process (PID=423) to work on /opt/airflow/dags/main.py
[2026-06-01T11:52:56.924+0000] {processor.py:830} INFO - Processing file /opt/airflow/dags/main.py for tasks to queue
[2026-06-01T11:52:56.926+0000] {logging_mixin.py:188} INFO - [2026-06-01T11:52:56.926+0000] {dagbag.py:545} INFO - Filling up the DagBag from /opt/airflow/dags/main.py
[2026-06-01T11:52:56.998+0000] {processor.py:840} INFO - DAG(s) 'update_db', 'produce_json' retrieved from /opt/airflow/dags/main.py
[2026-06-01T11:52:57.023+0000] {logging_mixin.py:188} INFO - [2026-06-01T11:52:57.022+0000] {dag.py:3096} INFO - Sync 2 DAGs
[2026-06-01T11:52:57.039+0000] {logging_mixin.py:188} INFO - [2026-06-01T11:52:57.039+0000] {dag.py:3954} INFO - Setting next_dagrun for produce_json to 2026-05-31 12:00:00+00:00, run_after=2026-06-01 12:00:00+00:00
[2026-06-01T11:52:57.043+0000] {logging_mixin.py:188} INFO - [2026-06-01T11:52:57.043+0000] {dag.py:3954} INFO - Setting next_dagrun for update_db to 2026-05-31 13:00:00+00:00, run_after=2026-06-01 13:00:00+00:00
[2026-06-01T11:52:57.064+0000] {processor.py:183} INFO - Processing /opt/airflow/dags/main.py took 0.146 seconds
[2026-06-01T11:53:27.418+0000] {processor.py:161} INFO - Started process (PID=430) to work on /opt/airflow/dags/main.py
[2026-06-01T11:53:27.419+0000] {processor.py:830} INFO - Processing file /opt/airflow/dags/main.py for tasks to queue
[2026-06-01T11:53:27.420+0000] {logging_mixin.py:188} INFO - [2026-06-01T11:53:27.420+0000] {dagbag.py:545} INFO - Filling up the DagBag from /opt/airflow/dags/main.py
[2026-06-01T11:53:27.503+0000] {processor.py:840} INFO - DAG(s) 'produce_json', 'update_db' retrieved from /opt/airflow/dags/main.py
[2026-06-01T11:53:27.530+0000] {logging_mixin.py:188} INFO - [2026-06-01T11:53:27.530+0000] {dag.py:3096} INFO - Sync 2 DAGs
[2026-06-01T11:53:27.548+0000] {logging_mixin.py:188} INFO - [2026-06-01T11:53:27.548+0000] {dag.py:3954} INFO - Setting next_dagrun for produce_json to 2026-05-31 12:00:00+00:00, run_after=2026-06-01 12:00:00+00:00
[2026-06-01T11:53:27.552+0000] {logging_mixin.py:188} INFO - [2026-06-01T11:53:27.552+0000] {dag.py:3954} INFO - Setting next_dagrun for update_db to 2026-05-31 13:00:00+00:00, run_after=2026-06-01 13:00:00+00:00
[2026-06-01T11:53:27.566+0000] {processor.py:183} INFO - Processing /opt/airflow/dags/main.py took 0.152 seconds
[2026-06-01T11:53:59.780+0000] {processor.py:161} INFO - Started process (PID=437) to work on /opt/airflow/dags/main.py
[2026-06-01T11:53:59.781+0000] {processor.py:830} INFO - Processing file /opt/airflow/dags/main.py for tasks to queue
[2026-06-01T11:53:59.782+0000] {logging_mixin.py:188} INFO - [2026-06-01T11:53:59.782+0000] {dagbag.py:545} INFO - Filling up the DagBag from /opt/airflow/dags/main.py
[2026-06-01T11:53:59.916+0000] {processor.py:840} INFO - DAG(s) 'produce_json', 'update_db' retrieved from /opt/airflow/dags/main.py
[2026-06-01T11:53:59.939+0000] {logging_mixin.py:188} INFO - [2026-06-01T11:53:59.939+0000] {dag.py:3096} INFO - Sync 2 DAGs
[2026-06-01T11:53:59.955+0000] {logging_mixin.py:188} INFO - [2026-06-01T11:53:59.955+0000] {dag.py:3954} INFO - Setting next_dagrun for produce_json to 2026-05-31 12:00:00+00:00, run_after=2026-06-01 12:00:00+00:00
[2026-06-01T11:53:59.958+0000] {logging_mixin.py:188} INFO - [2026-06-01T11:53:59.958+0000] {dag.py:3954} INFO - Setting next_dagrun for update_db to 2026-05-31 13:00:00+00:00, run_after=2026-06-01 13:00:00+00:00
[2026-06-01T11:53:59.980+0000] {processor.py:183} INFO - Processing /opt/airflow/dags/main.py took 0.205 seconds
[2026-06-01T11:54:30.075+0000] {processor.py:161} INFO - Started process (PID=445) to work on /opt/airflow/dags/main.py
[2026-06-01T11:54:30.075+0000] {processor.py:830} INFO - Processing file /opt/airflow/dags/main.py for tasks to queue
[2026-06-01T11:54:30.077+0000] {logging_mixin.py:188} INFO - [2026-06-01T11:54:30.077+0000] {dagbag.py:545} INFO - Filling up the DagBag from /opt/airflow/dags/main.py
[2026-06-01T11:54:30.141+0000] {processor.py:840} INFO - DAG(s) 'produce_json', 'update_db' retrieved from /opt/airflow/dags/main.py
[2026-06-01T11:54:30.161+0000] {logging_mixin.py:188} INFO - [2026-06-01T11:54:30.161+0000] {dag.py:3096} INFO - Sync 2 DAGs
[2026-06-01T11:54:30.174+0000] {logging_mixin.py:188} INFO - [2026-06-01T11:54:30.174+0000] {dag.py:3954} INFO - Setting next_dagrun for produce_json to 2026-05-31 12:00:00+00:00, run_after=2026-06-01 12:00:00+00:00
[2026-06-01T11:54:30.178+0000] {logging_mixin.py:188} INFO - [2026-06-01T11:54:30.177+0000] {dag.py:3954} INFO - Setting next_dagrun for update_db to 2026-05-31 13:00:00+00:00, run_after=2026-06-01 13:00:00+00:00
[2026-06-01T11:54:30.201+0000] {processor.py:183} INFO - Processing /opt/airflow/dags/main.py took 0.131 seconds
[2026-06-01T11:55:00.640+0000] {processor.py:161} INFO - Started process (PID=452) to work on /opt/airflow/dags/main.py
[2026-06-01T11:55:00.641+0000] {processor.py:830} INFO - Processing file /opt/airflow/dags/main.py for tasks to queue
[2026-06-01T11:55:00.642+0000] {logging_mixin.py:188} INFO - [2026-06-01T11:55:00.642+0000] {dagbag.py:545} INFO - Filling up the DagBag from /opt/airflow/dags/main.py
[2026-06-01T11:55:00.732+0000] {processor.py:840} INFO - DAG(s) 'update_db', 'produce_json' retrieved from /opt/airflow/dags/main.py
[2026-06-01T11:55:00.757+0000] {logging_mixin.py:188} INFO - [2026-06-01T11:55:00.757+0000] {dag.py:3096} INFO - Sync 2 DAGs
[2026-06-01T11:55:00.772+0000] {logging_mixin.py:188} INFO - [2026-06-01T11:55:00.772+0000] {dag.py:3954} INFO - Setting next_dagrun for produce_json to 2026-05-31 12:00:00+00:00, run_after=2026-06-01 12:00:00+00:00
[2026-06-01T11:55:00.775+0000] {logging_mixin.py:188} INFO - [2026-06-01T11:55:00.775+0000] {dag.py:3954} INFO - Setting next_dagrun for update_db to 2026-05-31 13:00:00+00:00, run_after=2026-06-01 13:00:00+00:00
[2026-06-01T11:55:00.787+0000] {processor.py:183} INFO - Processing /opt/airflow/dags/main.py took 0.153 seconds
[2026-06-01T11:55:31.271+0000] {processor.py:161} INFO - Started process (PID=459) to work on /opt/airflow/dags/main.py
[2026-06-01T11:55:31.272+0000] {processor.py:830} INFO - Processing file /opt/airflow/dags/main.py for tasks to queue
[2026-06-01T11:55:31.274+0000] {logging_mixin.py:188} INFO - [2026-06-01T11:55:31.273+0000] {dagbag.py:545} INFO - Filling up the DagBag from /opt/airflow/dags/main.py
[2026-06-01T11:55:31.336+0000] {processor.py:840} INFO - DAG(s) 'update_db', 'produce_json' retrieved from /opt/airflow/dags/main.py
[2026-06-01T11:55:31.358+0000] {logging_mixin.py:188} INFO - [2026-06-01T11:55:31.358+0000] {dag.py:3096} INFO - Sync 2 DAGs
[2026-06-01T11:55:31.373+0000] {logging_mixin.py:188} INFO - [2026-06-01T11:55:31.373+0000] {dag.py:3954} INFO - Setting next_dagrun for produce_json to 2026-05-31 12:00:00+00:00, run_after=2026-06-01 12:00:00+00:00
[2026-06-01T11:55:31.376+0000] {logging_mixin.py:188} INFO - [2026-06-01T11:55:31.376+0000] {dag.py:3954} INFO - Setting next_dagrun for update_db to 2026-05-31 13:00:00+00:00, run_after=2026-06-01 13:00:00+00:00
[2026-06-01T11:55:31.391+0000] {processor.py:183} INFO - Processing /opt/airflow/dags/main.py took 0.125 seconds
[2026-06-01T11:56:01.629+0000] {processor.py:161} INFO - Started process (PID=466) to work on /opt/airflow/dags/main.py
[2026-06-01T11:56:01.630+0000] {processor.py:830} INFO - Processing file /opt/airflow/dags/main.py for tasks to queue
[2026-06-01T11:56:01.631+0000] {logging_mixin.py:188} INFO - [2026-06-01T11:56:01.631+0000] {dagbag.py:545} INFO - Filling up the DagBag from /opt/airflow/dags/main.py
[2026-06-01T11:56:01.714+0000] {processor.py:840} INFO - DAG(s) 'update_db', 'produce_json' retrieved from /opt/airflow/dags/main.py
[2026-06-01T11:56:01.738+0000] {logging_mixin.py:188} INFO - [2026-06-01T11:56:01.738+0000] {dag.py:3096} INFO - Sync 2 DAGs
[2026-06-01T11:56:01.754+0000] {logging_mixin.py:188} INFO - [2026-06-01T11:56:01.754+0000] {dag.py:3954} INFO - Setting next_dagrun for produce_json to 2026-05-31 12:00:00+00:00, run_after=2026-06-01 12:00:00+00:00
[2026-06-01T11:56:01.759+0000] {logging_mixin.py:188} INFO - [2026-06-01T11:56:01.759+0000] {dag.py:3954} INFO - Setting next_dagrun for update_db to 2026-05-31 13:00:00+00:00, run_after=2026-06-01 13:00:00+00:00
[2026-06-01T11:56:01.774+0000] {processor.py:183} INFO - Processing /opt/airflow/dags/main.py took 0.150 seconds
[2026-06-01T11:56:32.151+0000] {processor.py:161} INFO - Started process (PID=473) to work on /opt/airflow/dags/main.py
[2026-06-01T11:56:32.152+0000] {processor.py:830} INFO - Processing file /opt/airflow/dags/main.py for tasks to queue
[2026-06-01T11:56:32.154+0000] {logging_mixin.py:188} INFO - [2026-06-01T11:56:32.153+0000] {dagbag.py:545} INFO - Filling up the DagBag from /opt/airflow/dags/main.py
[2026-06-01T11:56:32.213+0000] {processor.py:840} INFO - DAG(s) 'produce_json', 'update_db' retrieved from /opt/airflow/dags/main.py
[2026-06-01T11:56:32.234+0000] {logging_mixin.py:188} INFO - [2026-06-01T11:56:32.233+0000] {dag.py:3096} INFO - Sync 2 DAGs
[2026-06-01T11:56:32.247+0000] {logging_mixin.py:188} INFO - [2026-06-01T11:56:32.247+0000] {dag.py:3954} INFO - Setting next_dagrun for produce_json to 2026-05-31 12:00:00+00:00, run_after=2026-06-01 12:00:00+00:00
[2026-06-01T11:56:32.250+0000] {logging_mixin.py:188} INFO - [2026-06-01T11:56:32.250+0000] {dag.py:3954} INFO - Setting next_dagrun for update_db to 2026-05-31 13:00:00+00:00, run_after=2026-06-01 13:00:00+00:00
[2026-06-01T11:56:32.265+0000] {processor.py:183} INFO - Processing /opt/airflow/dags/main.py took 0.119 seconds
[2026-06-01T11:57:02.630+0000] {processor.py:161} INFO - Started process (PID=480) to work on /opt/airflow/dags/main.py
[2026-06-01T11:57:02.631+0000] {processor.py:830} INFO - Processing file /opt/airflow/dags/main.py for tasks to queue
[2026-06-01T11:57:02.632+0000] {logging_mixin.py:188} INFO - [2026-06-01T11:57:02.632+0000] {dagbag.py:545} INFO - Filling up the DagBag from /opt/airflow/dags/main.py
[2026-06-01T11:57:02.697+0000] {processor.py:840} INFO - DAG(s) 'update_db', 'produce_json' retrieved from /opt/airflow/dags/main.py
[2026-06-01T11:57:02.719+0000] {logging_mixin.py:188} INFO - [2026-06-01T11:57:02.718+0000] {dag.py:3096} INFO - Sync 2 DAGs
[2026-06-01T11:57:02.732+0000] {logging_mixin.py:188} INFO - [2026-06-01T11:57:02.732+0000] {dag.py:3954} INFO - Setting next_dagrun for produce_json to 2026-05-31 12:00:00+00:00, run_after=2026-06-01 12:00:00+00:00
[2026-06-01T11:57:02.735+0000] {logging_mixin.py:188} INFO - [2026-06-01T11:57:02.735+0000] {dag.py:3954} INFO - Setting next_dagrun for update_db to 2026-05-31 13:00:00+00:00, run_after=2026-06-01 13:00:00+00:00
[2026-06-01T11:57:02.754+0000] {processor.py:183} INFO - Processing /opt/airflow/dags/main.py took 0.128 seconds
[2026-06-01T11:57:33.177+0000] {processor.py:161} INFO - Started process (PID=487) to work on /opt/airflow/dags/main.py
[2026-06-01T11:57:33.178+0000] {processor.py:830} INFO - Processing file /opt/airflow/dags/main.py for tasks to queue
[2026-06-01T11:57:33.180+0000] {logging_mixin.py:188} INFO - [2026-06-01T11:57:33.180+0000] {dagbag.py:545} INFO - Filling up the DagBag from /opt/airflow/dags/main.py
[2026-06-01T11:57:33.264+0000] {processor.py:840} INFO - DAG(s) 'update_db', 'produce_json' retrieved from /opt/airflow/dags/main.py
[2026-06-01T11:57:33.288+0000] {logging_mixin.py:188} INFO - [2026-06-01T11:57:33.287+0000] {dag.py:3096} INFO - Sync 2 DAGs
[2026-06-01T11:57:33.302+0000] {logging_mixin.py:188} INFO - [2026-06-01T11:57:33.302+0000] {dag.py:3954} INFO - Setting next_dagrun for produce_json to 2026-05-31 12:00:00+00:00, run_after=2026-06-01 12:00:00+00:00
[2026-06-01T11:57:33.305+0000] {logging_mixin.py:188} INFO - [2026-06-01T11:57:33.305+0000] {dag.py:3954} INFO - Setting next_dagrun for update_db to 2026-05-31 13:00:00+00:00, run_after=2026-06-01 13:00:00+00:00
[2026-06-01T11:57:33.319+0000] {processor.py:183} INFO - Processing /opt/airflow/dags/main.py took 0.147 seconds
[2026-06-01T11:58:03.674+0000] {processor.py:161} INFO - Started process (PID=494) to work on /opt/airflow/dags/main.py
[2026-06-01T11:58:03.675+0000] {processor.py:830} INFO - Processing file /opt/airflow/dags/main.py for tasks to queue
[2026-06-01T11:58:03.677+0000] {logging_mixin.py:188} INFO - [2026-06-01T11:58:03.677+0000] {dagbag.py:545} INFO - Filling up the DagBag from /opt/airflow/dags/main.py
[2026-06-01T11:58:03.736+0000] {processor.py:840} INFO - DAG(s) 'update_db', 'produce_json' retrieved from /opt/airflow/dags/main.py
[2026-06-01T11:58:03.759+0000] {logging_mixin.py:188} INFO - [2026-06-01T11:58:03.759+0000] {dag.py:3096} INFO - Sync 2 DAGs
[2026-06-01T11:58:03.779+0000] {logging_mixin.py:188} INFO - [2026-06-01T11:58:03.779+0000] {dag.py:3954} INFO - Setting next_dagrun for produce_json to 2026-05-31 12:00:00+00:00, run_after=2026-06-01 12:00:00+00:00
[2026-06-01T11:58:03.783+0000] {logging_mixin.py:188} INFO - [2026-06-01T11:58:03.783+0000] {dag.py:3954} INFO - Setting next_dagrun for update_db to 2026-05-31 13:00:00+00:00, run_after=2026-06-01 13:00:00+00:00
[2026-06-01T11:58:03.799+0000] {processor.py:183} INFO - Processing /opt/airflow/dags/main.py took 0.129 seconds
[2026-06-01T11:58:36.496+0000] {processor.py:161} INFO - Started process (PID=501) to work on /opt/airflow/dags/main.py
[2026-06-01T11:58:36.498+0000] {processor.py:830} INFO - Processing file /opt/airflow/dags/main.py for tasks to queue
[2026-06-01T11:58:36.500+0000] {logging_mixin.py:188} INFO - [2026-06-01T11:58:36.499+0000] {dagbag.py:545} INFO - Filling up the DagBag from /opt/airflow/dags/main.py
[2026-06-01T11:58:36.572+0000] {processor.py:840} INFO - DAG(s) 'update_db', 'produce_json' retrieved from /opt/airflow/dags/main.py
[2026-06-01T11:58:36.595+0000] {logging_mixin.py:188} INFO - [2026-06-01T11:58:36.595+0000] {dag.py:3096} INFO - Sync 2 DAGs
[2026-06-01T11:58:36.615+0000] {logging_mixin.py:188} INFO - [2026-06-01T11:58:36.615+0000] {dag.py:3954} INFO - Setting next_dagrun for produce_json to 2026-05-31 12:00:00+00:00, run_after=2026-06-01 12:00:00+00:00
[2026-06-01T11:58:36.620+0000] {logging_mixin.py:188} INFO - [2026-06-01T11:58:36.619+0000] {dag.py:3954} INFO - Setting next_dagrun for update_db to 2026-05-31 13:00:00+00:00, run_after=2026-06-01 13:00:00+00:00
[2026-06-01T11:58:36.643+0000] {processor.py:183} INFO - Processing /opt/airflow/dags/main.py took 0.151 seconds
[2026-06-01T11:59:06.808+0000] {processor.py:161} INFO - Started process (PID=508) to work on /opt/airflow/dags/main.py
[2026-06-01T11:59:06.809+0000] {processor.py:830} INFO - Processing file /opt/airflow/dags/main.py for tasks to queue
[2026-06-01T11:59:06.810+0000] {logging_mixin.py:188} INFO - [2026-06-01T11:59:06.810+0000] {dagbag.py:545} INFO - Filling up the DagBag from /opt/airflow/dags/main.py
[2026-06-01T11:59:06.896+0000] {processor.py:840} INFO - DAG(s) 'update_db', 'produce_json' retrieved from /opt/airflow/dags/main.py
[2026-06-01T11:59:06.925+0000] {logging_mixin.py:188} INFO - [2026-06-01T11:59:06.925+0000] {dag.py:3096} INFO - Sync 2 DAGs
[2026-06-01T11:59:06.943+0000] {logging_mixin.py:188} INFO - [2026-06-01T11:59:06.943+0000] {dag.py:3954} INFO - Setting next_dagrun for produce_json to 2026-05-31 12:00:00+00:00, run_after=2026-06-01 12:00:00+00:00
[2026-06-01T11:59:06.947+0000] {logging_mixin.py:188} INFO - [2026-06-01T11:59:06.947+0000] {dag.py:3954} INFO - Setting next_dagrun for update_db to 2026-05-31 13:00:00+00:00, run_after=2026-06-01 13:00:00+00:00
[2026-06-01T11:59:06.961+0000] {processor.py:183} INFO - Processing /opt/airflow/dags/main.py took 0.158 seconds
[2026-06-01T11:59:37.349+0000] {processor.py:161} INFO - Started process (PID=515) to work on /opt/airflow/dags/main.py
[2026-06-01T11:59:37.350+0000] {processor.py:830} INFO - Processing file /opt/airflow/dags/main.py for tasks to queue
[2026-06-01T11:59:37.351+0000] {logging_mixin.py:188} INFO - [2026-06-01T11:59:37.351+0000] {dagbag.py:545} INFO - Filling up the DagBag from /opt/airflow/dags/main.py
[2026-06-01T11:59:37.423+0000] {processor.py:840} INFO - DAG(s) 'update_db', 'produce_json' retrieved from /opt/airflow/dags/main.py
[2026-06-01T11:59:37.445+0000] {logging_mixin.py:188} INFO - [2026-06-01T11:59:37.445+0000] {dag.py:3096} INFO - Sync 2 DAGs
[2026-06-01T11:59:37.459+0000] {logging_mixin.py:188} INFO - [2026-06-01T11:59:37.459+0000] {dag.py:3954} INFO - Setting next_dagrun for produce_json to 2026-05-31 12:00:00+00:00, run_after=2026-06-01 12:00:00+00:00
[2026-06-01T11:59:37.463+0000] {logging_mixin.py:188} INFO - [2026-06-01T11:59:37.463+0000] {dag.py:3954} INFO - Setting next_dagrun for update_db to 2026-05-31 13:00:00+00:00, run_after=2026-06-01 13:00:00+00:00
[2026-06-01T11:59:37.479+0000] {processor.py:183} INFO - Processing /opt/airflow/dags/main.py took 0.134 seconds
[2026-06-01T12:00:08.173+0000] {processor.py:161} INFO - Started process (PID=522) to work on /opt/airflow/dags/main.py
[2026-06-01T12:00:08.174+0000] {processor.py:830} INFO - Processing file /opt/airflow/dags/main.py for tasks to queue
[2026-06-01T12:00:08.176+0000] {logging_mixin.py:188} INFO - [2026-06-01T12:00:08.176+0000] {dagbag.py:545} INFO - Filling up the DagBag from /opt/airflow/dags/main.py
[2026-06-01T12:00:08.239+0000] {processor.py:840} INFO - DAG(s) 'produce_json', 'update_db' retrieved from /opt/airflow/dags/main.py
[2026-06-01T12:00:08.263+0000] {logging_mixin.py:188} INFO - [2026-06-01T12:00:08.263+0000] {dag.py:3096} INFO - Sync 2 DAGs
[2026-06-01T12:00:08.279+0000] {logging_mixin.py:188} INFO - [2026-06-01T12:00:08.279+0000] {dag.py:3954} INFO - Setting next_dagrun for produce_json to 2026-06-01 12:00:00+00:00, run_after=2026-06-02 12:00:00+00:00
[2026-06-01T12:00:08.284+0000] {logging_mixin.py:188} INFO - [2026-06-01T12:00:08.284+0000] {dag.py:3954} INFO - Setting next_dagrun for update_db to 2026-05-31 13:00:00+00:00, run_after=2026-06-01 13:00:00+00:00
[2026-06-01T12:00:08.299+0000] {processor.py:183} INFO - Processing /opt/airflow/dags/main.py took 0.131 seconds
[2026-06-01T12:00:14.366+0000] {processor.py:161} INFO - Started process (PID=523) to work on /opt/airflow/dags/main.py
[2026-06-01T12:00:14.367+0000] {processor.py:830} INFO - Processing file /opt/airflow/dags/main.py for tasks to queue
[2026-06-01T12:00:14.369+0000] {logging_mixin.py:188} INFO - [2026-06-01T12:00:14.369+0000] {dagbag.py:545} INFO - Filling up the DagBag from /opt/airflow/dags/main.py
[2026-06-01T12:00:14.456+0000] {processor.py:840} INFO - DAG(s) 'produce_json', 'update_db' retrieved from /opt/airflow/dags/main.py
[2026-06-01T12:00:14.479+0000] {logging_mixin.py:188} INFO - [2026-06-01T12:00:14.479+0000] {dag.py:3096} INFO - Sync 2 DAGs
[2026-06-01T12:00:14.497+0000] {logging_mixin.py:188} INFO - [2026-06-01T12:00:14.497+0000] {dag.py:3954} INFO - Setting next_dagrun for produce_json to 2026-06-01 12:00:00+00:00, run_after=2026-06-02 12:00:00+00:00
[2026-06-01T12:00:14.501+0000] {logging_mixin.py:188} INFO - [2026-06-01T12:00:14.501+0000] {dag.py:3954} INFO - Setting next_dagrun for update_db to 2026-05-31 13:00:00+00:00, run_after=2026-06-01 13:00:00+00:00
[2026-06-01T12:00:14.517+0000] {processor.py:183} INFO - Processing /opt/airflow/dags/main.py took 0.158 seconds
[2026-06-01T12:00:14.542+0000] {processor.py:161} INFO - Started process (PID=524) to work on /opt/airflow/dags/main.py
[2026-06-01T12:00:14.543+0000] {processor.py:830} INFO - Processing file /opt/airflow/dags/main.py for tasks to queue
[2026-06-01T12:00:14.544+0000] {logging_mixin.py:188} INFO - [2026-06-01T12:00:14.544+0000] {dagbag.py:545} INFO - Filling up the DagBag from /opt/airflow/dags/main.py
[2026-06-01T12:00:14.607+0000] {processor.py:840} INFO - DAG(s) 'produce_json', 'update_db' retrieved from /opt/airflow/dags/main.py
[2026-06-01T12:00:14.628+0000] {logging_mixin.py:188} INFO - [2026-06-01T12:00:14.627+0000] {dag.py:3096} INFO - Sync 2 DAGs
[2026-06-01T12:00:14.643+0000] {logging_mixin.py:188} INFO - [2026-06-01T12:00:14.643+0000] {dag.py:3954} INFO - Setting next_dagrun for produce_json to 2026-06-01 12:00:00+00:00, run_after=2026-06-02 12:00:00+00:00
[2026-06-01T12:00:14.647+0000] {logging_mixin.py:188} INFO - [2026-06-01T12:00:14.647+0000] {dag.py:3954} INFO - Setting next_dagrun for update_db to 2026-05-31 13:00:00+00:00, run_after=2026-06-01 13:00:00+00:00
[2026-06-01T12:00:14.663+0000] {processor.py:183} INFO - Processing /opt/airflow/dags/main.py took 0.126 seconds
[2026-06-01T12:00:14.695+0000] {processor.py:161} INFO - Started process (PID=525) to work on /opt/airflow/dags/main.py
[2026-06-01T12:00:14.696+0000] {processor.py:830} INFO - Processing file /opt/airflow/dags/main.py for tasks to queue
[2026-06-01T12:00:14.697+0000] {logging_mixin.py:188} INFO - [2026-06-01T12:00:14.697+0000] {dagbag.py:545} INFO - Filling up the DagBag from /opt/airflow/dags/main.py
[2026-06-01T12:00:14.769+0000] {processor.py:840} INFO - DAG(s) 'produce_json', 'update_db' retrieved from /opt/airflow/dags/main.py
[2026-06-01T12:00:14.792+0000] {logging_mixin.py:188} INFO - [2026-06-01T12:00:14.792+0000] {dag.py:3096} INFO - Sync 2 DAGs
[2026-06-01T12:00:14.812+0000] {logging_mixin.py:188} INFO - [2026-06-01T12:00:14.812+0000] {dag.py:3954} INFO - Setting next_dagrun for produce_json to 2026-06-01 12:00:00+00:00, run_after=2026-06-02 12:00:00+00:00
[2026-06-01T12:00:14.816+0000] {logging_mixin.py:188} INFO - [2026-06-01T12:00:14.816+0000] {dag.py:3954} INFO - Setting next_dagrun for update_db to 2026-05-31 13:00:00+00:00, run_after=2026-06-01 13:00:00+00:00
[2026-06-01T12:00:14.835+0000] {processor.py:183} INFO - Processing /opt/airflow/dags/main.py took 0.146 seconds
[2026-06-01T12:00:14.863+0000] {processor.py:161} INFO - Started process (PID=526) to work on /opt/airflow/dags/main.py
[2026-06-01T12:00:14.864+0000] {processor.py:830} INFO - Processing file /opt/airflow/dags/main.py for tasks to queue
[2026-06-01T12:00:14.866+0000] {logging_mixin.py:188} INFO - [2026-06-01T12:00:14.865+0000] {dagbag.py:545} INFO - Filling up the DagBag from /opt/airflow/dags/main.py
[2026-06-01T12:00:14.929+0000] {processor.py:840} INFO - DAG(s) 'update_db', 'produce_json' retrieved from /opt/airflow/dags/main.py
[2026-06-01T12:00:14.952+0000] {logging_mixin.py:188} INFO - [2026-06-01T12:00:14.951+0000] {dag.py:3096} INFO - Sync 2 DAGs
[2026-06-01T12:00:14.967+0000] {logging_mixin.py:188} INFO - [2026-06-01T12:00:14.967+0000] {dag.py:3954} INFO - Setting next_dagrun for produce_json to 2026-06-01 12:00:00+00:00, run_after=2026-06-02 12:00:00+00:00
[2026-06-01T12:00:14.971+0000] {logging_mixin.py:188} INFO - [2026-06-01T12:00:14.971+0000] {dag.py:3954} INFO - Setting next_dagrun for update_db to 2026-05-31 13:00:00+00:00, run_after=2026-06-01 13:00:00+00:00
[2026-06-01T12:00:14.988+0000] {processor.py:183} INFO - Processing /opt/airflow/dags/main.py took 0.130 seconds
[2026-06-01T12:00:15.018+0000] {processor.py:161} INFO - Started process (PID=527) to work on /opt/airflow/dags/main.py
[2026-06-01T12:00:15.019+0000] {processor.py:830} INFO - Processing file /opt/airflow/dags/main.py for tasks to queue
[2026-06-01T12:00:15.020+0000] {logging_mixin.py:188} INFO - [2026-06-01T12:00:15.020+0000] {dagbag.py:545} INFO - Filling up the DagBag from /opt/airflow/dags/main.py
[2026-06-01T12:00:15.094+0000] {processor.py:840} INFO - DAG(s) 'update_db', 'produce_json' retrieved from /opt/airflow/dags/main.py
[2026-06-01T12:00:15.118+0000] {logging_mixin.py:188} INFO - [2026-06-01T12:00:15.118+0000] {dag.py:3096} INFO - Sync 2 DAGs
[2026-06-01T12:00:15.135+0000] {logging_mixin.py:188} INFO - [2026-06-01T12:00:15.135+0000] {dag.py:3954} INFO - Setting next_dagrun for produce_json to 2026-06-01 12:00:00+00:00, run_after=2026-06-02 12:00:00+00:00
[2026-06-01T12:00:15.139+0000] {logging_mixin.py:188} INFO - [2026-06-01T12:00:15.139+0000] {dag.py:3954} INFO - Setting next_dagrun for update_db to 2026-05-31 13:00:00+00:00, run_after=2026-06-01 13:00:00+00:00
[2026-06-01T12:00:15.153+0000] {processor.py:183} INFO - Processing /opt/airflow/dags/main.py took 0.140 seconds
[2026-06-01T12:00:25.515+0000] {processor.py:161} INFO - Started process (PID=528) to work on /opt/airflow/dags/main.py
[2026-06-01T12:00:25.516+0000] {processor.py:830} INFO - Processing file /opt/airflow/dags/main.py for tasks to queue
[2026-06-01T12:00:25.518+0000] {logging_mixin.py:188} INFO - [2026-06-01T12:00:25.518+0000] {dagbag.py:545} INFO - Filling up the DagBag from /opt/airflow/dags/main.py
[2026-06-01T12:00:25.600+0000] {processor.py:840} INFO - DAG(s) 'update_db', 'produce_json' retrieved from /opt/airflow/dags/main.py
[2026-06-01T12:00:25.623+0000] {logging_mixin.py:188} INFO - [2026-06-01T12:00:25.623+0000] {dag.py:3096} INFO - Sync 2 DAGs
[2026-06-01T12:00:25.639+0000] {logging_mixin.py:188} INFO - [2026-06-01T12:00:25.639+0000] {dag.py:3954} INFO - Setting next_dagrun for produce_json to 2026-06-01 12:00:00+00:00, run_after=2026-06-02 12:00:00+00:00
[2026-06-01T12:00:25.643+0000] {logging_mixin.py:188} INFO - [2026-06-01T12:00:25.643+0000] {dag.py:3954} INFO - Setting next_dagrun for update_db to 2026-05-31 13:00:00+00:00, run_after=2026-06-01 13:00:00+00:00
[2026-06-01T12:00:25.659+0000] {processor.py:183} INFO - Processing /opt/airflow/dags/main.py took 0.149 seconds
[2026-06-01T12:00:56.427+0000] {processor.py:161} INFO - Started process (PID=535) to work on /opt/airflow/dags/main.py
[2026-06-01T12:00:56.428+0000] {processor.py:830} INFO - Processing file /opt/airflow/dags/main.py for tasks to queue
[2026-06-01T12:00:56.429+0000] {logging_mixin.py:188} INFO - [2026-06-01T12:00:56.429+0000] {dagbag.py:545} INFO - Filling up the DagBag from /opt/airflow/dags/main.py
[2026-06-01T12:00:56.496+0000] {processor.py:840} INFO - DAG(s) 'produce_json', 'update_db' retrieved from /opt/airflow/dags/main.py
[2026-06-01T12:00:56.516+0000] {logging_mixin.py:188} INFO - [2026-06-01T12:00:56.516+0000] {dag.py:3096} INFO - Sync 2 DAGs
[2026-06-01T12:00:56.531+0000] {logging_mixin.py:188} INFO - [2026-06-01T12:00:56.531+0000] {dag.py:3954} INFO - Setting next_dagrun for produce_json to 2026-06-01 12:00:00+00:00, run_after=2026-06-02 12:00:00+00:00
[2026-06-01T12:00:56.535+0000] {logging_mixin.py:188} INFO - [2026-06-01T12:00:56.535+0000] {dag.py:3954} INFO - Setting next_dagrun for update_db to 2026-05-31 13:00:00+00:00, run_after=2026-06-01 13:00:00+00:00
[2026-06-01T12:00:56.559+0000] {processor.py:183} INFO - Processing /opt/airflow/dags/main.py took 0.137 seconds
[2026-06-01T12:00:59.483+0000] {processor.py:161} INFO - Started process (PID=536) to work on /opt/airflow/dags/main.py
[2026-06-01T12:00:59.484+0000] {processor.py:830} INFO - Processing file /opt/airflow/dags/main.py for tasks to queue
[2026-06-01T12:00:59.486+0000] {logging_mixin.py:188} INFO - [2026-06-01T12:00:59.486+0000] {dagbag.py:545} INFO - Filling up the DagBag from /opt/airflow/dags/main.py
[2026-06-01T12:00:59.578+0000] {processor.py:840} INFO - DAG(s) 'update_db', 'produce_json', 'check_db_dataquality' retrieved from /opt/airflow/dags/main.py
[2026-06-01T12:00:59.698+0000] {logging_mixin.py:188} INFO - [2026-06-01T12:00:59.697+0000] {override.py:1829} INFO - Created Permission View: can read on DAG:check_db_dataquality
[2026-06-01T12:00:59.706+0000] {logging_mixin.py:188} INFO - [2026-06-01T12:00:59.705+0000] {override.py:1829} INFO - Created Permission View: can edit on DAG:check_db_dataquality
[2026-06-01T12:00:59.712+0000] {logging_mixin.py:188} INFO - [2026-06-01T12:00:59.712+0000] {override.py:1829} INFO - Created Permission View: can delete on DAG:check_db_dataquality
[2026-06-01T12:00:59.712+0000] {logging_mixin.py:188} INFO - [2026-06-01T12:00:59.712+0000] {dag.py:3096} INFO - Sync 3 DAGs
[2026-06-01T12:00:59.721+0000] {logging_mixin.py:188} INFO - [2026-06-01T12:00:59.721+0000] {dag.py:3118} INFO - Creating ORM DAG for check_db_dataquality
[2026-06-01T12:00:59.729+0000] {logging_mixin.py:188} INFO - [2026-06-01T12:00:59.729+0000] {dag.py:3954} INFO - Setting next_dagrun for check_db_dataquality to 2026-05-30 13:00:00+00:00, run_after=2026-05-31 13:00:00+00:00
[2026-06-01T12:00:59.731+0000] {logging_mixin.py:188} INFO - [2026-06-01T12:00:59.731+0000] {dag.py:3954} INFO - Setting next_dagrun for produce_json to 2026-06-01 12:00:00+00:00, run_after=2026-06-02 12:00:00+00:00
[2026-06-01T12:00:59.734+0000] {logging_mixin.py:188} INFO - [2026-06-01T12:00:59.734+0000] {dag.py:3954} INFO - Setting next_dagrun for update_db to 2026-05-31 13:00:00+00:00, run_after=2026-06-01 13:00:00+00:00
[2026-06-01T12:00:59.752+0000] {processor.py:183} INFO - Processing /opt/airflow/dags/main.py took 0.273 seconds
[2026-06-01T12:01:30.127+0000] {processor.py:161} INFO - Started process (PID=543) to work on /opt/airflow/dags/main.py
[2026-06-01T12:01:30.128+0000] {processor.py:830} INFO - Processing file /opt/airflow/dags/main.py for tasks to queue
[2026-06-01T12:01:30.129+0000] {logging_mixin.py:188} INFO - [2026-06-01T12:01:30.129+0000] {dagbag.py:545} INFO - Filling up the DagBag from /opt/airflow/dags/main.py
[2026-06-01T12:01:30.206+0000] {processor.py:840} INFO - DAG(s) 'produce_json', 'check_db_dataquality', 'update_db' retrieved from /opt/airflow/dags/main.py
[2026-06-01T12:01:30.230+0000] {logging_mixin.py:188} INFO - [2026-06-01T12:01:30.230+0000] {dag.py:3096} INFO - Sync 3 DAGs
[2026-06-01T12:01:30.245+0000] {logging_mixin.py:188} INFO - [2026-06-01T12:01:30.245+0000] {dag.py:3954} INFO - Setting next_dagrun for check_db_dataquality to 2026-05-30 13:00:00+00:00, run_after=2026-05-31 13:00:00+00:00
[2026-06-01T12:01:30.249+0000] {logging_mixin.py:188} INFO - [2026-06-01T12:01:30.249+0000] {dag.py:3954} INFO - Setting next_dagrun for produce_json to 2026-06-01 12:00:00+00:00, run_after=2026-06-02 12:00:00+00:00
[2026-06-01T12:01:30.251+0000] {logging_mixin.py:188} INFO - [2026-06-01T12:01:30.251+0000] {dag.py:3954} INFO - Setting next_dagrun for update_db to 2026-05-31 13:00:00+00:00, run_after=2026-06-01 13:00:00+00:00
[2026-06-01T12:01:30.274+0000] {processor.py:183} INFO - Processing /opt/airflow/dags/main.py took 0.152 seconds
[2026-06-01T12:01:58.472+0000] {processor.py:161} INFO - Started process (PID=550) to work on /opt/airflow/dags/main.py
[2026-06-01T12:01:58.473+0000] {processor.py:830} INFO - Processing file /opt/airflow/dags/main.py for tasks to queue
[2026-06-01T12:01:58.475+0000] {logging_mixin.py:188} INFO - [2026-06-01T12:01:58.474+0000] {dagbag.py:545} INFO - Filling up the DagBag from /opt/airflow/dags/main.py
[2026-06-01T12:01:58.558+0000] {processor.py:840} INFO - DAG(s) 'check_db_dataquality', 'produce_json', 'update_db' retrieved from /opt/airflow/dags/main.py
[2026-06-01T12:01:58.637+0000] {logging_mixin.py:188} INFO - [2026-06-01T12:01:58.636+0000] {dag.py:3096} INFO - Sync 3 DAGs
[2026-06-01T12:01:58.650+0000] {logging_mixin.py:188} INFO - [2026-06-01T12:01:58.650+0000] {dag.py:3954} INFO - Setting next_dagrun for check_db_dataquality to 2026-05-30 14:00:00+00:00, run_after=2026-05-31 14:00:00+00:00
[2026-06-01T12:01:58.654+0000] {logging_mixin.py:188} INFO - [2026-06-01T12:01:58.654+0000] {dag.py:3954} INFO - Setting next_dagrun for produce_json to 2026-06-01 12:00:00+00:00, run_after=2026-06-02 12:00:00+00:00
[2026-06-01T12:01:58.656+0000] {logging_mixin.py:188} INFO - [2026-06-01T12:01:58.656+0000] {dag.py:3954} INFO - Setting next_dagrun for update_db to 2026-05-31 13:00:00+00:00, run_after=2026-06-01 13:00:00+00:00
[2026-06-01T12:01:58.674+0000] {processor.py:183} INFO - Processing /opt/airflow/dags/main.py took 0.206 seconds
[2026-06-01T12:01:58.700+0000] {processor.py:161} INFO - Started process (PID=551) to work on /opt/airflow/dags/main.py
[2026-06-01T12:01:58.701+0000] {processor.py:830} INFO - Processing file /opt/airflow/dags/main.py for tasks to queue
[2026-06-01T12:01:58.703+0000] {logging_mixin.py:188} INFO - [2026-06-01T12:01:58.703+0000] {dagbag.py:545} INFO - Filling up the DagBag from /opt/airflow/dags/main.py
[2026-06-01T12:01:58.779+0000] {processor.py:840} INFO - DAG(s) 'update_db', 'produce_json', 'check_db_dataquality' retrieved from /opt/airflow/dags/main.py
[2026-06-01T12:01:58.802+0000] {logging_mixin.py:188} INFO - [2026-06-01T12:01:58.802+0000] {dag.py:3096} INFO - Sync 3 DAGs
[2026-06-01T12:01:58.819+0000] {logging_mixin.py:188} INFO - [2026-06-01T12:01:58.818+0000] {dag.py:3954} INFO - Setting next_dagrun for check_db_dataquality to 2026-05-30 14:00:00+00:00, run_after=2026-05-31 14:00:00+00:00
[2026-06-01T12:01:58.822+0000] {logging_mixin.py:188} INFO - [2026-06-01T12:01:58.822+0000] {dag.py:3954} INFO - Setting next_dagrun for produce_json to 2026-06-01 12:00:00+00:00, run_after=2026-06-02 12:00:00+00:00
[2026-06-01T12:01:58.825+0000] {logging_mixin.py:188} INFO - [2026-06-01T12:01:58.825+0000] {dag.py:3954} INFO - Setting next_dagrun for update_db to 2026-05-31 13:00:00+00:00, run_after=2026-06-01 13:00:00+00:00
[2026-06-01T12:01:58.841+0000] {processor.py:183} INFO - Processing /opt/airflow/dags/main.py took 0.145 seconds
[2026-06-01T12:01:58.868+0000] {processor.py:161} INFO - Started process (PID=552) to work on /opt/airflow/dags/main.py
[2026-06-01T12:01:58.869+0000] {processor.py:830} INFO - Processing file /opt/airflow/dags/main.py for tasks to queue
[2026-06-01T12:01:58.871+0000] {logging_mixin.py:188} INFO - [2026-06-01T12:01:58.871+0000] {dagbag.py:545} INFO - Filling up the DagBag from /opt/airflow/dags/main.py
[2026-06-01T12:01:58.939+0000] {processor.py:840} INFO - DAG(s) 'check_db_dataquality', 'produce_json', 'update_db' retrieved from /opt/airflow/dags/main.py
[2026-06-01T12:01:58.962+0000] {logging_mixin.py:188} INFO - [2026-06-01T12:01:58.962+0000] {dag.py:3096} INFO - Sync 3 DAGs
[2026-06-01T12:01:58.977+0000] {logging_mixin.py:188} INFO - [2026-06-01T12:01:58.977+0000] {dag.py:3954} INFO - Setting next_dagrun for check_db_dataquality to 2026-05-30 14:00:00+00:00, run_after=2026-05-31 14:00:00+00:00
[2026-06-01T12:01:58.981+0000] {logging_mixin.py:188} INFO - [2026-06-01T12:01:58.981+0000] {dag.py:3954} INFO - Setting next_dagrun for produce_json to 2026-06-01 12:00:00+00:00, run_after=2026-06-02 12:00:00+00:00
[2026-06-01T12:01:58.983+0000] {logging_mixin.py:188} INFO - [2026-06-01T12:01:58.983+0000] {dag.py:3954} INFO - Setting next_dagrun for update_db to 2026-05-31 13:00:00+00:00, run_after=2026-06-01 13:00:00+00:00
[2026-06-01T12:01:59.000+0000] {processor.py:183} INFO - Processing /opt/airflow/dags/main.py took 0.138 seconds
[2026-06-01T12:01:59.034+0000] {processor.py:161} INFO - Started process (PID=553) to work on /opt/airflow/dags/main.py
[2026-06-01T12:01:59.035+0000] {processor.py:830} INFO - Processing file /opt/airflow/dags/main.py for tasks to queue
[2026-06-01T12:01:59.037+0000] {logging_mixin.py:188} INFO - [2026-06-01T12:01:59.037+0000] {dagbag.py:545} INFO - Filling up the DagBag from /opt/airflow/dags/main.py
[2026-06-01T12:01:59.109+0000] {processor.py:840} INFO - DAG(s) 'update_db', 'check_db_dataquality', 'produce_json' retrieved from /opt/airflow/dags/main.py
[2026-06-01T12:01:59.132+0000] {logging_mixin.py:188} INFO - [2026-06-01T12:01:59.131+0000] {dag.py:3096} INFO - Sync 3 DAGs
[2026-06-01T12:01:59.147+0000] {logging_mixin.py:188} INFO - [2026-06-01T12:01:59.147+0000] {dag.py:3954} INFO - Setting next_dagrun for check_db_dataquality to 2026-05-30 14:00:00+00:00, run_after=2026-05-31 14:00:00+00:00
[2026-06-01T12:01:59.151+0000] {logging_mixin.py:188} INFO - [2026-06-01T12:01:59.151+0000] {dag.py:3954} INFO - Setting next_dagrun for produce_json to 2026-06-01 12:00:00+00:00, run_after=2026-06-02 12:00:00+00:00
[2026-06-01T12:01:59.154+0000] {logging_mixin.py:188} INFO - [2026-06-01T12:01:59.153+0000] {dag.py:3954} INFO - Setting next_dagrun for update_db to 2026-05-31 13:00:00+00:00, run_after=2026-06-01 13:00:00+00:00
[2026-06-01T12:01:59.169+0000] {processor.py:183} INFO - Processing /opt/airflow/dags/main.py took 0.140 seconds
[2026-06-01T12:01:59.198+0000] {processor.py:161} INFO - Started process (PID=554) to work on /opt/airflow/dags/main.py
[2026-06-01T12:01:59.199+0000] {processor.py:830} INFO - Processing file /opt/airflow/dags/main.py for tasks to queue
[2026-06-01T12:01:59.201+0000] {logging_mixin.py:188} INFO - [2026-06-01T12:01:59.201+0000] {dagbag.py:545} INFO - Filling up the DagBag from /opt/airflow/dags/main.py
[2026-06-01T12:01:59.273+0000] {processor.py:840} INFO - DAG(s) 'check_db_dataquality', 'produce_json', 'update_db' retrieved from /opt/airflow/dags/main.py
[2026-06-01T12:01:59.293+0000] {logging_mixin.py:188} INFO - [2026-06-01T12:01:59.293+0000] {dag.py:3096} INFO - Sync 3 DAGs
[2026-06-01T12:01:59.309+0000] {logging_mixin.py:188} INFO - [2026-06-01T12:01:59.309+0000] {dag.py:3954} INFO - Setting next_dagrun for check_db_dataquality to 2026-05-30 14:00:00+00:00, run_after=2026-05-31 14:00:00+00:00
[2026-06-01T12:01:59.312+0000] {logging_mixin.py:188} INFO - [2026-06-01T12:01:59.312+0000] {dag.py:3954} INFO - Setting next_dagrun for produce_json to 2026-06-01 12:00:00+00:00, run_after=2026-06-02 12:00:00+00:00
[2026-06-01T12:01:59.315+0000] {logging_mixin.py:188} INFO - [2026-06-01T12:01:59.314+0000] {dag.py:3954} INFO - Setting next_dagrun for update_db to 2026-05-31 13:00:00+00:00, run_after=2026-06-01 13:00:00+00:00
[2026-06-01T12:01:59.329+0000] {processor.py:183} INFO - Processing /opt/airflow/dags/main.py took 0.137 seconds
[2026-06-01T12:02:29.687+0000] {processor.py:161} INFO - Started process (PID=561) to work on /opt/airflow/dags/main.py
[2026-06-01T12:02:29.688+0000] {processor.py:830} INFO - Processing file /opt/airflow/dags/main.py for tasks to queue
[2026-06-01T12:02:29.690+0000] {logging_mixin.py:188} INFO - [2026-06-01T12:02:29.690+0000] {dagbag.py:545} INFO - Filling up the DagBag from /opt/airflow/dags/main.py
[2026-06-01T12:02:29.766+0000] {processor.py:840} INFO - DAG(s) 'check_db_dataquality', 'produce_json', 'update_db' retrieved from /opt/airflow/dags/main.py
[2026-06-01T12:02:29.791+0000] {logging_mixin.py:188} INFO - [2026-06-01T12:02:29.791+0000] {dag.py:3096} INFO - Sync 3 DAGs
[2026-06-01T12:02:29.806+0000] {logging_mixin.py:188} INFO - [2026-06-01T12:02:29.806+0000] {dag.py:3954} INFO - Setting next_dagrun for check_db_dataquality to 2026-05-30 14:00:00+00:00, run_after=2026-05-31 14:00:00+00:00
[2026-06-01T12:02:29.809+0000] {logging_mixin.py:188} INFO - [2026-06-01T12:02:29.809+0000] {dag.py:3954} INFO - Setting next_dagrun for produce_json to 2026-06-01 12:00:00+00:00, run_after=2026-06-02 12:00:00+00:00
[2026-06-01T12:02:29.812+0000] {logging_mixin.py:188} INFO - [2026-06-01T12:02:29.811+0000] {dag.py:3954} INFO - Setting next_dagrun for update_db to 2026-05-31 13:00:00+00:00, run_after=2026-06-01 13:00:00+00:00
[2026-06-01T12:02:29.826+0000] {processor.py:183} INFO - Processing /opt/airflow/dags/main.py took 0.144 seconds
[2026-06-01T12:02:30.855+0000] {processor.py:161} INFO - Started process (PID=562) to work on /opt/airflow/dags/main.py
[2026-06-01T12:02:30.856+0000] {processor.py:830} INFO - Processing file /opt/airflow/dags/main.py for tasks to queue
[2026-06-01T12:02:30.858+0000] {logging_mixin.py:188} INFO - [2026-06-01T12:02:30.858+0000] {dagbag.py:545} INFO - Filling up the DagBag from /opt/airflow/dags/main.py
[2026-06-01T12:02:30.943+0000] {processor.py:840} INFO - DAG(s) 'produce_json', 'update_db', 'check_db_dataquality' retrieved from /opt/airflow/dags/main.py
[2026-06-01T12:02:31.018+0000] {logging_mixin.py:188} INFO - [2026-06-01T12:02:31.017+0000] {dag.py:3096} INFO - Sync 3 DAGs
[2026-06-01T12:02:31.032+0000] {logging_mixin.py:188} INFO - [2026-06-01T12:02:31.032+0000] {dag.py:3954} INFO - Setting next_dagrun for check_db_dataquality to 2026-05-30 14:00:00+00:00, run_after=2026-05-31 14:00:00+00:00
[2026-06-01T12:02:31.036+0000] {logging_mixin.py:188} INFO - [2026-06-01T12:02:31.036+0000] {dag.py:3954} INFO - Setting next_dagrun for produce_json to 2026-06-01 12:00:00+00:00, run_after=2026-06-02 12:00:00+00:00
[2026-06-01T12:02:31.038+0000] {logging_mixin.py:188} INFO - [2026-06-01T12:02:31.038+0000] {dag.py:3954} INFO - Setting next_dagrun for update_db to 2026-05-31 13:00:00+00:00, run_after=2026-06-01 13:00:00+00:00
[2026-06-01T12:02:31.068+0000] {processor.py:183} INFO - Processing /opt/airflow/dags/main.py took 0.219 seconds
[2026-06-01T12:02:31.094+0000] {processor.py:161} INFO - Started process (PID=563) to work on /opt/airflow/dags/main.py
[2026-06-01T12:02:31.095+0000] {processor.py:830} INFO - Processing file /opt/airflow/dags/main.py for tasks to queue
[2026-06-01T12:02:31.096+0000] {logging_mixin.py:188} INFO - [2026-06-01T12:02:31.096+0000] {dagbag.py:545} INFO - Filling up the DagBag from /opt/airflow/dags/main.py
[2026-06-01T12:02:31.167+0000] {processor.py:840} INFO - DAG(s) 'check_db_dataquality', 'produce_json', 'update_db' retrieved from /opt/airflow/dags/main.py
[2026-06-01T12:02:31.188+0000] {logging_mixin.py:188} INFO - [2026-06-01T12:02:31.188+0000] {dag.py:3096} INFO - Sync 3 DAGs
[2026-06-01T12:02:31.204+0000] {logging_mixin.py:188} INFO - [2026-06-01T12:02:31.204+0000] {dag.py:3954} INFO - Setting next_dagrun for check_db_dataquality to 2026-05-30 14:00:00+00:00, run_after=2026-05-31 14:00:00+00:00
[2026-06-01T12:02:31.208+0000] {logging_mixin.py:188} INFO - [2026-06-01T12:02:31.208+0000] {dag.py:3954} INFO - Setting next_dagrun for produce_json to 2026-06-01 12:00:00+00:00, run_after=2026-06-02 12:00:00+00:00
[2026-06-01T12:02:31.210+0000] {logging_mixin.py:188} INFO - [2026-06-01T12:02:31.210+0000] {dag.py:3954} INFO - Setting next_dagrun for update_db to 2026-05-31 13:00:00+00:00, run_after=2026-06-01 13:00:00+00:00
[2026-06-01T12:02:31.227+0000] {processor.py:183} INFO - Processing /opt/airflow/dags/main.py took 0.138 seconds
[2026-06-01T12:02:31.253+0000] {processor.py:161} INFO - Started process (PID=564) to work on /opt/airflow/dags/main.py
[2026-06-01T12:02:31.254+0000] {processor.py:830} INFO - Processing file /opt/airflow/dags/main.py for tasks to queue
[2026-06-01T12:02:31.256+0000] {logging_mixin.py:188} INFO - [2026-06-01T12:02:31.255+0000] {dagbag.py:545} INFO - Filling up the DagBag from /opt/airflow/dags/main.py
[2026-06-01T12:02:31.344+0000] {processor.py:840} INFO - DAG(s) 'update_db', 'produce_json', 'check_db_dataquality' retrieved from /opt/airflow/dags/main.py
[2026-06-01T12:02:31.368+0000] {logging_mixin.py:188} INFO - [2026-06-01T12:02:31.368+0000] {dag.py:3096} INFO - Sync 3 DAGs
[2026-06-01T12:02:31.392+0000] {logging_mixin.py:188} INFO - [2026-06-01T12:02:31.391+0000] {dag.py:3954} INFO - Setting next_dagrun for check_db_dataquality to 2026-05-30 14:00:00+00:00, run_after=2026-05-31 14:00:00+00:00
[2026-06-01T12:02:31.395+0000] {logging_mixin.py:188} INFO - [2026-06-01T12:02:31.395+0000] {dag.py:3954} INFO - Setting next_dagrun for produce_json to 2026-06-01 12:00:00+00:00, run_after=2026-06-02 12:00:00+00:00
[2026-06-01T12:02:31.397+0000] {logging_mixin.py:188} INFO - [2026-06-01T12:02:31.397+0000] {dag.py:3954} INFO - Setting next_dagrun for update_db to 2026-05-31 13:00:00+00:00, run_after=2026-06-01 13:00:00+00:00
[2026-06-01T12:02:31.413+0000] {processor.py:183} INFO - Processing /opt/airflow/dags/main.py took 0.164 seconds
[2026-06-01T12:02:31.440+0000] {processor.py:161} INFO - Started process (PID=565) to work on /opt/airflow/dags/main.py
[2026-06-01T12:02:31.441+0000] {processor.py:830} INFO - Processing file /opt/airflow/dags/main.py for tasks to queue
[2026-06-01T12:02:31.442+0000] {logging_mixin.py:188} INFO - [2026-06-01T12:02:31.442+0000] {dagbag.py:545} INFO - Filling up the DagBag from /opt/airflow/dags/main.py
[2026-06-01T12:02:31.506+0000] {processor.py:840} INFO - DAG(s) 'check_db_dataquality', 'update_db', 'produce_json' retrieved from /opt/airflow/dags/main.py
[2026-06-01T12:02:31.531+0000] {logging_mixin.py:188} INFO - [2026-06-01T12:02:31.530+0000] {dag.py:3096} INFO - Sync 3 DAGs
[2026-06-01T12:02:31.547+0000] {logging_mixin.py:188} INFO - [2026-06-01T12:02:31.547+0000] {dag.py:3954} INFO - Setting next_dagrun for check_db_dataquality to 2026-05-30 14:00:00+00:00, run_after=2026-05-31 14:00:00+00:00
[2026-06-01T12:02:31.551+0000] {logging_mixin.py:188} INFO - [2026-06-01T12:02:31.551+0000] {dag.py:3954} INFO - Setting next_dagrun for produce_json to 2026-06-01 12:00:00+00:00, run_after=2026-06-02 12:00:00+00:00
[2026-06-01T12:02:31.553+0000] {logging_mixin.py:188} INFO - [2026-06-01T12:02:31.553+0000] {dag.py:3954} INFO - Setting next_dagrun for update_db to 2026-05-31 13:00:00+00:00, run_after=2026-06-01 13:00:00+00:00
[2026-06-01T12:02:31.572+0000] {processor.py:183} INFO - Processing /opt/airflow/dags/main.py took 0.137 seconds
[2026-06-01T12:02:52.987+0000] {processor.py:161} INFO - Started process (PID=572) to work on /opt/airflow/dags/main.py
[2026-06-01T12:02:52.988+0000] {processor.py:830} INFO - Processing file /opt/airflow/dags/main.py for tasks to queue
[2026-06-01T12:02:52.990+0000] {logging_mixin.py:188} INFO - [2026-06-01T12:02:52.990+0000] {dagbag.py:545} INFO - Filling up the DagBag from /opt/airflow/dags/main.py
[2026-06-01T12:02:53.067+0000] {processor.py:840} INFO - DAG(s) 'data_quality', 'produce_json', 'update_db' retrieved from /opt/airflow/dags/main.py
[2026-06-01T12:02:53.139+0000] {logging_mixin.py:188} INFO - [2026-06-01T12:02:53.138+0000] {override.py:1829} INFO - Created Permission View: can read on DAG:data_quality
[2026-06-01T12:02:53.146+0000] {logging_mixin.py:188} INFO - [2026-06-01T12:02:53.146+0000] {override.py:1829} INFO - Created Permission View: can edit on DAG:data_quality
[2026-06-01T12:02:53.152+0000] {logging_mixin.py:188} INFO - [2026-06-01T12:02:53.152+0000] {override.py:1829} INFO - Created Permission View: can delete on DAG:data_quality
[2026-06-01T12:02:53.157+0000] {logging_mixin.py:188} INFO - [2026-06-01T12:02:53.157+0000] {dag.py:3096} INFO - Sync 3 DAGs
[2026-06-01T12:02:53.164+0000] {logging_mixin.py:188} INFO - [2026-06-01T12:02:53.164+0000] {dag.py:3118} INFO - Creating ORM DAG for data_quality
[2026-06-01T12:02:53.171+0000] {logging_mixin.py:188} INFO - [2026-06-01T12:02:53.171+0000] {dag.py:3954} INFO - Setting next_dagrun for data_quality to 2026-05-30 14:00:00+00:00, run_after=2026-05-31 14:00:00+00:00
[2026-06-01T12:02:53.172+0000] {logging_mixin.py:188} INFO - [2026-06-01T12:02:53.172+0000] {dag.py:3954} INFO - Setting next_dagrun for produce_json to 2026-06-01 12:00:00+00:00, run_after=2026-06-02 12:00:00+00:00
[2026-06-01T12:02:53.175+0000] {logging_mixin.py:188} INFO - [2026-06-01T12:02:53.175+0000] {dag.py:3954} INFO - Setting next_dagrun for update_db to 2026-05-31 13:00:00+00:00, run_after=2026-06-01 13:00:00+00:00
[2026-06-01T12:02:53.191+0000] {processor.py:183} INFO - Processing /opt/airflow/dags/main.py took 0.210 seconds
[2026-06-01T12:03:23.723+0000] {processor.py:161} INFO - Started process (PID=579) to work on /opt/airflow/dags/main.py
[2026-06-01T12:03:23.724+0000] {processor.py:830} INFO - Processing file /opt/airflow/dags/main.py for tasks to queue
[2026-06-01T12:03:23.726+0000] {logging_mixin.py:188} INFO - [2026-06-01T12:03:23.726+0000] {dagbag.py:545} INFO - Filling up the DagBag from /opt/airflow/dags/main.py
[2026-06-01T12:03:23.795+0000] {processor.py:840} INFO - DAG(s) 'produce_json', 'data_quality', 'update_db' retrieved from /opt/airflow/dags/main.py
[2026-06-01T12:03:23.818+0000] {logging_mixin.py:188} INFO - [2026-06-01T12:03:23.818+0000] {dag.py:3096} INFO - Sync 3 DAGs
[2026-06-01T12:03:23.833+0000] {logging_mixin.py:188} INFO - [2026-06-01T12:03:23.833+0000] {dag.py:3954} INFO - Setting next_dagrun for data_quality to 2026-05-30 14:00:00+00:00, run_after=2026-05-31 14:00:00+00:00
[2026-06-01T12:03:23.836+0000] {logging_mixin.py:188} INFO - [2026-06-01T12:03:23.836+0000] {dag.py:3954} INFO - Setting next_dagrun for produce_json to 2026-06-01 12:00:00+00:00, run_after=2026-06-02 12:00:00+00:00
[2026-06-01T12:03:23.838+0000] {logging_mixin.py:188} INFO - [2026-06-01T12:03:23.838+0000] {dag.py:3954} INFO - Setting next_dagrun for update_db to 2026-05-31 13:00:00+00:00, run_after=2026-06-01 13:00:00+00:00
[2026-06-01T12:03:23.859+0000] {processor.py:183} INFO - Processing /opt/airflow/dags/main.py took 0.140 seconds
[2026-06-01T12:03:54.385+0000] {processor.py:161} INFO - Started process (PID=586) to work on /opt/airflow/dags/main.py
[2026-06-01T12:03:54.386+0000] {processor.py:830} INFO - Processing file /opt/airflow/dags/main.py for tasks to queue
[2026-06-01T12:03:54.387+0000] {logging_mixin.py:188} INFO - [2026-06-01T12:03:54.387+0000] {dagbag.py:545} INFO - Filling up the DagBag from /opt/airflow/dags/main.py
[2026-06-01T12:03:54.458+0000] {processor.py:840} INFO - DAG(s) 'produce_json', 'update_db', 'data_quality' retrieved from /opt/airflow/dags/main.py
[2026-06-01T12:03:54.480+0000] {logging_mixin.py:188} INFO - [2026-06-01T12:03:54.480+0000] {dag.py:3096} INFO - Sync 3 DAGs
[2026-06-01T12:03:54.496+0000] {logging_mixin.py:188} INFO - [2026-06-01T12:03:54.496+0000] {dag.py:3954} INFO - Setting next_dagrun for data_quality to 2026-05-30 14:00:00+00:00, run_after=2026-05-31 14:00:00+00:00
[2026-06-01T12:03:54.500+0000] {logging_mixin.py:188} INFO - [2026-06-01T12:03:54.500+0000] {dag.py:3954} INFO - Setting next_dagrun for produce_json to 2026-06-01 12:00:00+00:00, run_after=2026-06-02 12:00:00+00:00
[2026-06-01T12:03:54.502+0000] {logging_mixin.py:188} INFO - [2026-06-01T12:03:54.502+0000] {dag.py:3954} INFO - Setting next_dagrun for update_db to 2026-05-31 13:00:00+00:00, run_after=2026-06-01 13:00:00+00:00
[2026-06-01T12:03:54.517+0000] {processor.py:183} INFO - Processing /opt/airflow/dags/main.py took 0.138 seconds
[2026-06-01T12:04:25.043+0000] {processor.py:161} INFO - Started process (PID=593) to work on /opt/airflow/dags/main.py
[2026-06-01T12:04:25.044+0000] {processor.py:830} INFO - Processing file /opt/airflow/dags/main.py for tasks to queue
[2026-06-01T12:04:25.045+0000] {logging_mixin.py:188} INFO - [2026-06-01T12:04:25.045+0000] {dagbag.py:545} INFO - Filling up the DagBag from /opt/airflow/dags/main.py
[2026-06-01T12:04:25.144+0000] {processor.py:840} INFO - DAG(s) 'data_quality', 'update_db', 'produce_json' retrieved from /opt/airflow/dags/main.py
[2026-06-01T12:04:25.172+0000] {logging_mixin.py:188} INFO - [2026-06-01T12:04:25.172+0000] {dag.py:3096} INFO - Sync 3 DAGs
[2026-06-01T12:04:25.187+0000] {logging_mixin.py:188} INFO - [2026-06-01T12:04:25.187+0000] {dag.py:3954} INFO - Setting next_dagrun for data_quality to 2026-05-30 14:00:00+00:00, run_after=2026-05-31 14:00:00+00:00
[2026-06-01T12:04:25.191+0000] {logging_mixin.py:188} INFO - [2026-06-01T12:04:25.191+0000] {dag.py:3954} INFO - Setting next_dagrun for produce_json to 2026-06-01 12:00:00+00:00, run_after=2026-06-02 12:00:00+00:00
[2026-06-01T12:04:25.193+0000] {logging_mixin.py:188} INFO - [2026-06-01T12:04:25.193+0000] {dag.py:3954} INFO - Setting next_dagrun for update_db to 2026-05-31 13:00:00+00:00, run_after=2026-06-01 13:00:00+00:00
[2026-06-01T12:04:25.207+0000] {processor.py:183} INFO - Processing /opt/airflow/dags/main.py took 0.171 seconds
[2026-06-01T12:04:30.148+0000] {processor.py:161} INFO - Started process (PID=594) to work on /opt/airflow/dags/main.py
[2026-06-01T12:04:30.149+0000] {processor.py:830} INFO - Processing file /opt/airflow/dags/main.py for tasks to queue
[2026-06-01T12:04:30.150+0000] {logging_mixin.py:188} INFO - [2026-06-01T12:04:30.150+0000] {dagbag.py:545} INFO - Filling up the DagBag from /opt/airflow/dags/main.py
[2026-06-01T12:04:30.223+0000] {processor.py:840} INFO - DAG(s) 'data_quality', 'produce_json', 'update_db' retrieved from /opt/airflow/dags/main.py
[2026-06-01T12:04:30.249+0000] {logging_mixin.py:188} INFO - [2026-06-01T12:04:30.249+0000] {dag.py:3096} INFO - Sync 3 DAGs
[2026-06-01T12:04:30.265+0000] {logging_mixin.py:188} INFO - [2026-06-01T12:04:30.265+0000] {dag.py:3954} INFO - Setting next_dagrun for data_quality to 2026-05-30 14:00:00+00:00, run_after=2026-05-31 14:00:00+00:00
[2026-06-01T12:04:30.269+0000] {logging_mixin.py:188} INFO - [2026-06-01T12:04:30.269+0000] {dag.py:3954} INFO - Setting next_dagrun for produce_json to 2026-06-01 12:00:00+00:00, run_after=2026-06-02 12:00:00+00:00
[2026-06-01T12:04:30.271+0000] {logging_mixin.py:188} INFO - [2026-06-01T12:04:30.271+0000] {dag.py:3954} INFO - Setting next_dagrun for update_db to 2026-05-31 13:00:00+00:00, run_after=2026-06-01 13:00:00+00:00
[2026-06-01T12:04:30.286+0000] {processor.py:183} INFO - Processing /opt/airflow/dags/main.py took 0.143 seconds
[2026-06-01T12:04:41.319+0000] {processor.py:161} INFO - Started process (PID=595) to work on /opt/airflow/dags/main.py
[2026-06-01T12:04:41.320+0000] {processor.py:830} INFO - Processing file /opt/airflow/dags/main.py for tasks to queue
[2026-06-01T12:04:41.321+0000] {logging_mixin.py:188} INFO - [2026-06-01T12:04:41.320+0000] {dagbag.py:545} INFO - Filling up the DagBag from /opt/airflow/dags/main.py
[2026-06-01T12:04:41.394+0000] {processor.py:840} INFO - DAG(s) 'update_db', 'produce_json', 'data_quality' retrieved from /opt/airflow/dags/main.py
[2026-06-01T12:04:41.418+0000] {logging_mixin.py:188} INFO - [2026-06-01T12:04:41.418+0000] {dag.py:3096} INFO - Sync 3 DAGs
[2026-06-01T12:04:41.433+0000] {logging_mixin.py:188} INFO - [2026-06-01T12:04:41.433+0000] {dag.py:3954} INFO - Setting next_dagrun for data_quality to 2026-05-30 14:00:00+00:00, run_after=2026-05-31 14:00:00+00:00
[2026-06-01T12:04:41.437+0000] {logging_mixin.py:188} INFO - [2026-06-01T12:04:41.437+0000] {dag.py:3954} INFO - Setting next_dagrun for produce_json to 2026-06-01 12:00:00+00:00, run_after=2026-06-02 12:00:00+00:00
[2026-06-01T12:04:41.440+0000] {logging_mixin.py:188} INFO - [2026-06-01T12:04:41.440+0000] {dag.py:3954} INFO - Setting next_dagrun for update_db to 2026-05-31 13:00:00+00:00, run_after=2026-06-01 13:00:00+00:00
[2026-06-01T12:04:41.463+0000] {processor.py:183} INFO - Processing /opt/airflow/dags/main.py took 0.149 seconds
[2026-06-01T12:05:12.038+0000] {processor.py:161} INFO - Started process (PID=602) to work on /opt/airflow/dags/main.py
[2026-06-01T12:05:12.039+0000] {processor.py:830} INFO - Processing file /opt/airflow/dags/main.py for tasks to queue
[2026-06-01T12:05:12.039+0000] {logging_mixin.py:188} INFO - [2026-06-01T12:05:12.039+0000] {dagbag.py:545} INFO - Filling up the DagBag from /opt/airflow/dags/main.py
[2026-06-01T12:05:12.111+0000] {processor.py:840} INFO - DAG(s) 'produce_json', 'data_quality', 'update_db' retrieved from /opt/airflow/dags/main.py
[2026-06-01T12:05:12.135+0000] {logging_mixin.py:188} INFO - [2026-06-01T12:05:12.135+0000] {dag.py:3096} INFO - Sync 3 DAGs
[2026-06-01T12:05:12.151+0000] {logging_mixin.py:188} INFO - [2026-06-01T12:05:12.151+0000] {dag.py:3954} INFO - Setting next_dagrun for data_quality to 2026-05-30 14:00:00+00:00, run_after=2026-05-31 14:00:00+00:00
[2026-06-01T12:05:12.155+0000] {logging_mixin.py:188} INFO - [2026-06-01T12:05:12.154+0000] {dag.py:3954} INFO - Setting next_dagrun for produce_json to 2026-06-01 12:00:00+00:00, run_after=2026-06-02 12:00:00+00:00
[2026-06-01T12:05:12.157+0000] {logging_mixin.py:188} INFO - [2026-06-01T12:05:12.157+0000] {dag.py:3954} INFO - Setting next_dagrun for update_db to 2026-05-31 13:00:00+00:00, run_after=2026-06-01 13:00:00+00:00
[2026-06-01T12:05:12.178+0000] {processor.py:183} INFO - Processing /opt/airflow/dags/main.py took 0.144 seconds
[2026-06-01T12:05:28.148+0000] {processor.py:161} INFO - Started process (PID=609) to work on /opt/airflow/dags/main.py
[2026-06-01T12:05:28.149+0000] {processor.py:830} INFO - Processing file /opt/airflow/dags/main.py for tasks to queue
[2026-06-01T12:05:28.150+0000] {logging_mixin.py:188} INFO - [2026-06-01T12:05:28.150+0000] {dagbag.py:545} INFO - Filling up the DagBag from /opt/airflow/dags/main.py
[2026-06-01T12:05:28.223+0000] {processor.py:840} INFO - DAG(s) 'produce_json', 'update_db', 'data_quality' retrieved from /opt/airflow/dags/main.py
[2026-06-01T12:05:28.247+0000] {logging_mixin.py:188} INFO - [2026-06-01T12:05:28.247+0000] {dag.py:3096} INFO - Sync 3 DAGs
[2026-06-01T12:05:28.262+0000] {logging_mixin.py:188} INFO - [2026-06-01T12:05:28.262+0000] {dag.py:3954} INFO - Setting next_dagrun for data_quality to 2026-05-30 14:00:00+00:00, run_after=2026-05-31 14:00:00+00:00
[2026-06-01T12:05:28.265+0000] {logging_mixin.py:188} INFO - [2026-06-01T12:05:28.265+0000] {dag.py:3954} INFO - Setting next_dagrun for produce_json to 2026-06-01 12:00:00+00:00, run_after=2026-06-02 12:00:00+00:00
[2026-06-01T12:05:28.267+0000] {logging_mixin.py:188} INFO - [2026-06-01T12:05:28.267+0000] {dag.py:3954} INFO - Setting next_dagrun for update_db to 2026-05-31 13:00:00+00:00, run_after=2026-06-01 13:00:00+00:00
[2026-06-01T12:05:28.291+0000] {processor.py:183} INFO - Processing /opt/airflow/dags/main.py took 0.148 seconds
[2026-06-01T12:05:28.319+0000] {processor.py:161} INFO - Started process (PID=610) to work on /opt/airflow/dags/main.py
[2026-06-01T12:05:28.320+0000] {processor.py:830} INFO - Processing file /opt/airflow/dags/main.py for tasks to queue
[2026-06-01T12:05:28.320+0000] {logging_mixin.py:188} INFO - [2026-06-01T12:05:28.320+0000] {dagbag.py:545} INFO - Filling up the DagBag from /opt/airflow/dags/main.py
[2026-06-01T12:05:28.390+0000] {processor.py:840} INFO - DAG(s) 'data_quality', 'produce_json', 'update_db' retrieved from /opt/airflow/dags/main.py
[2026-06-01T12:05:28.415+0000] {logging_mixin.py:188} INFO - [2026-06-01T12:05:28.415+0000] {dag.py:3096} INFO - Sync 3 DAGs
[2026-06-01T12:05:28.430+0000] {logging_mixin.py:188} INFO - [2026-06-01T12:05:28.430+0000] {dag.py:3954} INFO - Setting next_dagrun for data_quality to 2026-05-30 14:00:00+00:00, run_after=2026-05-31 14:00:00+00:00
[2026-06-01T12:05:28.434+0000] {logging_mixin.py:188} INFO - [2026-06-01T12:05:28.433+0000] {dag.py:3954} INFO - Setting next_dagrun for produce_json to 2026-06-01 12:00:00+00:00, run_after=2026-06-02 12:00:00+00:00
[2026-06-01T12:05:28.436+0000] {logging_mixin.py:188} INFO - [2026-06-01T12:05:28.436+0000] {dag.py:3954} INFO - Setting next_dagrun for update_db to 2026-05-31 13:00:00+00:00, run_after=2026-06-01 13:00:00+00:00
[2026-06-01T12:05:28.454+0000] {processor.py:183} INFO - Processing /opt/airflow/dags/main.py took 0.141 seconds
[2026-06-01T12:05:28.481+0000] {processor.py:161} INFO - Started process (PID=611) to work on /opt/airflow/dags/main.py
[2026-06-01T12:05:28.482+0000] {processor.py:830} INFO - Processing file /opt/airflow/dags/main.py for tasks to queue
[2026-06-01T12:05:28.482+0000] {logging_mixin.py:188} INFO - [2026-06-01T12:05:28.482+0000] {dagbag.py:545} INFO - Filling up the DagBag from /opt/airflow/dags/main.py
[2026-06-01T12:05:28.562+0000] {processor.py:840} INFO - DAG(s) 'update_db', 'data_quality', 'produce_json' retrieved from /opt/airflow/dags/main.py
[2026-06-01T12:05:28.590+0000] {logging_mixin.py:188} INFO - [2026-06-01T12:05:28.590+0000] {dag.py:3096} INFO - Sync 3 DAGs
[2026-06-01T12:05:28.610+0000] {logging_mixin.py:188} INFO - [2026-06-01T12:05:28.609+0000] {dag.py:3954} INFO - Setting next_dagrun for data_quality to 2026-05-30 14:00:00+00:00, run_after=2026-05-31 14:00:00+00:00
[2026-06-01T12:05:28.616+0000] {logging_mixin.py:188} INFO - [2026-06-01T12:05:28.616+0000] {dag.py:3954} INFO - Setting next_dagrun for produce_json to 2026-06-01 12:00:00+00:00, run_after=2026-06-02 12:00:00+00:00
[2026-06-01T12:05:28.619+0000] {logging_mixin.py:188} INFO - [2026-06-01T12:05:28.619+0000] {dag.py:3954} INFO - Setting next_dagrun for update_db to 2026-05-31 13:00:00+00:00, run_after=2026-06-01 13:00:00+00:00
[2026-06-01T12:05:28.637+0000] {processor.py:183} INFO - Processing /opt/airflow/dags/main.py took 0.161 seconds
[2026-06-01T12:05:28.670+0000] {processor.py:161} INFO - Started process (PID=612) to work on /opt/airflow/dags/main.py
[2026-06-01T12:05:28.672+0000] {processor.py:830} INFO - Processing file /opt/airflow/dags/main.py for tasks to queue
[2026-06-01T12:05:28.673+0000] {logging_mixin.py:188} INFO - [2026-06-01T12:05:28.672+0000] {dagbag.py:545} INFO - Filling up the DagBag from /opt/airflow/dags/main.py
[2026-06-01T12:05:28.748+0000] {processor.py:840} INFO - DAG(s) 'produce_json', 'data_quality', 'update_db' retrieved from /opt/airflow/dags/main.py
[2026-06-01T12:05:28.775+0000] {logging_mixin.py:188} INFO - [2026-06-01T12:05:28.775+0000] {dag.py:3096} INFO - Sync 3 DAGs
[2026-06-01T12:05:28.793+0000] {logging_mixin.py:188} INFO - [2026-06-01T12:05:28.792+0000] {dag.py:3954} INFO - Setting next_dagrun for data_quality to 2026-05-30 14:00:00+00:00, run_after=2026-05-31 14:00:00+00:00
[2026-06-01T12:05:28.799+0000] {logging_mixin.py:188} INFO - [2026-06-01T12:05:28.799+0000] {dag.py:3954} INFO - Setting next_dagrun for produce_json to 2026-06-01 12:00:00+00:00, run_after=2026-06-02 12:00:00+00:00
[2026-06-01T12:05:28.802+0000] {logging_mixin.py:188} INFO - [2026-06-01T12:05:28.802+0000] {dag.py:3954} INFO - Setting next_dagrun for update_db to 2026-05-31 13:00:00+00:00, run_after=2026-06-01 13:00:00+00:00
[2026-06-01T12:05:28.821+0000] {processor.py:183} INFO - Processing /opt/airflow/dags/main.py took 0.156 seconds
[2026-06-01T12:05:28.854+0000] {processor.py:161} INFO - Started process (PID=613) to work on /opt/airflow/dags/main.py
[2026-06-01T12:05:28.855+0000] {processor.py:830} INFO - Processing file /opt/airflow/dags/main.py for tasks to queue
[2026-06-01T12:05:28.856+0000] {logging_mixin.py:188} INFO - [2026-06-01T12:05:28.856+0000] {dagbag.py:545} INFO - Filling up the DagBag from /opt/airflow/dags/main.py
[2026-06-01T12:05:28.944+0000] {processor.py:840} INFO - DAG(s) 'produce_json', 'update_db', 'data_quality' retrieved from /opt/airflow/dags/main.py
[2026-06-01T12:05:28.975+0000] {logging_mixin.py:188} INFO - [2026-06-01T12:05:28.974+0000] {dag.py:3096} INFO - Sync 3 DAGs
[2026-06-01T12:05:28.999+0000] {logging_mixin.py:188} INFO - [2026-06-01T12:05:28.998+0000] {dag.py:3954} INFO - Setting next_dagrun for data_quality to 2026-05-30 14:00:00+00:00, run_after=2026-05-31 14:00:00+00:00
[2026-06-01T12:05:29.006+0000] {logging_mixin.py:188} INFO - [2026-06-01T12:05:29.006+0000] {dag.py:3954} INFO - Setting next_dagrun for produce_json to 2026-06-01 12:00:00+00:00, run_after=2026-06-02 12:00:00+00:00
[2026-06-01T12:05:29.011+0000] {logging_mixin.py:188} INFO - [2026-06-01T12:05:29.010+0000] {dag.py:3954} INFO - Setting next_dagrun for update_db to 2026-05-31 13:00:00+00:00, run_after=2026-06-01 13:00:00+00:00
[2026-06-01T12:05:29.034+0000] {processor.py:183} INFO - Processing /opt/airflow/dags/main.py took 0.185 seconds
[2026-06-01T12:05:29.077+0000] {processor.py:161} INFO - Started process (PID=614) to work on /opt/airflow/dags/main.py
[2026-06-01T12:05:29.078+0000] {processor.py:830} INFO - Processing file /opt/airflow/dags/main.py for tasks to queue
[2026-06-01T12:05:29.079+0000] {logging_mixin.py:188} INFO - [2026-06-01T12:05:29.079+0000] {dagbag.py:545} INFO - Filling up the DagBag from /opt/airflow/dags/main.py
[2026-06-01T12:05:29.155+0000] {processor.py:840} INFO - DAG(s) 'produce_json', 'data_quality', 'update_db' retrieved from /opt/airflow/dags/main.py
[2026-06-01T12:05:29.182+0000] {logging_mixin.py:188} INFO - [2026-06-01T12:05:29.182+0000] {dag.py:3096} INFO - Sync 3 DAGs
[2026-06-01T12:05:29.197+0000] {logging_mixin.py:188} INFO - [2026-06-01T12:05:29.197+0000] {dag.py:3954} INFO - Setting next_dagrun for data_quality to 2026-05-30 14:00:00+00:00, run_after=2026-05-31 14:00:00+00:00
[2026-06-01T12:05:29.201+0000] {logging_mixin.py:188} INFO - [2026-06-01T12:05:29.201+0000] {dag.py:3954} INFO - Setting next_dagrun for produce_json to 2026-06-01 12:00:00+00:00, run_after=2026-06-02 12:00:00+00:00
[2026-06-01T12:05:29.204+0000] {logging_mixin.py:188} INFO - [2026-06-01T12:05:29.204+0000] {dag.py:3954} INFO - Setting next_dagrun for update_db to 2026-05-31 13:00:00+00:00, run_after=2026-06-01 13:00:00+00:00
[2026-06-01T12:05:29.221+0000] {processor.py:183} INFO - Processing /opt/airflow/dags/main.py took 0.150 seconds
[2026-06-01T12:05:59.657+0000] {processor.py:161} INFO - Started process (PID=621) to work on /opt/airflow/dags/main.py
[2026-06-01T12:05:59.658+0000] {processor.py:830} INFO - Processing file /opt/airflow/dags/main.py for tasks to queue
[2026-06-01T12:05:59.659+0000] {logging_mixin.py:188} INFO - [2026-06-01T12:05:59.659+0000] {dagbag.py:545} INFO - Filling up the DagBag from /opt/airflow/dags/main.py
[2026-06-01T12:05:59.743+0000] {processor.py:840} INFO - DAG(s) 'produce_json', 'data_quality', 'update_db' retrieved from /opt/airflow/dags/main.py
[2026-06-01T12:05:59.765+0000] {logging_mixin.py:188} INFO - [2026-06-01T12:05:59.765+0000] {dag.py:3096} INFO - Sync 3 DAGs
[2026-06-01T12:05:59.780+0000] {logging_mixin.py:188} INFO - [2026-06-01T12:05:59.779+0000] {dag.py:3954} INFO - Setting next_dagrun for data_quality to 2026-05-30 14:00:00+00:00, run_after=2026-05-31 14:00:00+00:00
[2026-06-01T12:05:59.783+0000] {logging_mixin.py:188} INFO - [2026-06-01T12:05:59.783+0000] {dag.py:3954} INFO - Setting next_dagrun for produce_json to 2026-06-01 12:00:00+00:00, run_after=2026-06-02 12:00:00+00:00
[2026-06-01T12:05:59.785+0000] {logging_mixin.py:188} INFO - [2026-06-01T12:05:59.785+0000] {dag.py:3954} INFO - Setting next_dagrun for update_db to 2026-05-31 13:00:00+00:00, run_after=2026-06-01 13:00:00+00:00
[2026-06-01T12:05:59.798+0000] {processor.py:183} INFO - Processing /opt/airflow/dags/main.py took 0.146 seconds
[2026-06-01T12:06:30.406+0000] {processor.py:161} INFO - Started process (PID=628) to work on /opt/airflow/dags/main.py
[2026-06-01T12:06:30.407+0000] {processor.py:830} INFO - Processing file /opt/airflow/dags/main.py for tasks to queue
[2026-06-01T12:06:30.408+0000] {logging_mixin.py:188} INFO - [2026-06-01T12:06:30.407+0000] {dagbag.py:545} INFO - Filling up the DagBag from /opt/airflow/dags/main.py
[2026-06-01T12:06:30.470+0000] {processor.py:840} INFO - DAG(s) 'update_db', 'produce_json', 'data_quality' retrieved from /opt/airflow/dags/main.py
[2026-06-01T12:06:30.491+0000] {logging_mixin.py:188} INFO - [2026-06-01T12:06:30.491+0000] {dag.py:3096} INFO - Sync 3 DAGs
[2026-06-01T12:06:30.505+0000] {logging_mixin.py:188} INFO - [2026-06-01T12:06:30.505+0000] {dag.py:3954} INFO - Setting next_dagrun for data_quality to 2026-05-31 14:00:00+00:00, run_after=2026-06-01 14:00:00+00:00
[2026-06-01T12:06:30.508+0000] {logging_mixin.py:188} INFO - [2026-06-01T12:06:30.508+0000] {dag.py:3954} INFO - Setting next_dagrun for produce_json to 2026-06-01 12:00:00+00:00, run_after=2026-06-02 12:00:00+00:00
[2026-06-01T12:06:30.510+0000] {logging_mixin.py:188} INFO - [2026-06-01T12:06:30.510+0000] {dag.py:3954} INFO - Setting next_dagrun for update_db to 2026-05-31 13:00:00+00:00, run_after=2026-06-01 13:00:00+00:00
[2026-06-01T12:06:30.531+0000] {processor.py:183} INFO - Processing /opt/airflow/dags/main.py took 0.129 seconds
[2026-06-01T12:07:00.987+0000] {processor.py:161} INFO - Started process (PID=635) to work on /opt/airflow/dags/main.py
[2026-06-01T12:07:00.988+0000] {processor.py:830} INFO - Processing file /opt/airflow/dags/main.py for tasks to queue
[2026-06-01T12:07:00.989+0000] {logging_mixin.py:188} INFO - [2026-06-01T12:07:00.988+0000] {dagbag.py:545} INFO - Filling up the DagBag from /opt/airflow/dags/main.py
[2026-06-01T12:07:01.062+0000] {processor.py:840} INFO - DAG(s) 'produce_json', 'update_db', 'data_quality' retrieved from /opt/airflow/dags/main.py
[2026-06-01T12:07:01.084+0000] {logging_mixin.py:188} INFO - [2026-06-01T12:07:01.084+0000] {dag.py:3096} INFO - Sync 3 DAGs
[2026-06-01T12:07:01.099+0000] {logging_mixin.py:188} INFO - [2026-06-01T12:07:01.099+0000] {dag.py:3954} INFO - Setting next_dagrun for data_quality to 2026-05-31 14:00:00+00:00, run_after=2026-06-01 14:00:00+00:00
[2026-06-01T12:07:01.103+0000] {logging_mixin.py:188} INFO - [2026-06-01T12:07:01.103+0000] {dag.py:3954} INFO - Setting next_dagrun for produce_json to 2026-06-01 12:00:00+00:00, run_after=2026-06-02 12:00:00+00:00
[2026-06-01T12:07:01.105+0000] {logging_mixin.py:188} INFO - [2026-06-01T12:07:01.105+0000] {dag.py:3954} INFO - Setting next_dagrun for update_db to 2026-05-31 13:00:00+00:00, run_after=2026-06-01 13:00:00+00:00
[2026-06-01T12:07:01.123+0000] {processor.py:183} INFO - Processing /opt/airflow/dags/main.py took 0.142 seconds
[2026-06-01T12:07:31.574+0000] {processor.py:161} INFO - Started process (PID=642) to work on /opt/airflow/dags/main.py
[2026-06-01T12:07:31.575+0000] {processor.py:830} INFO - Processing file /opt/airflow/dags/main.py for tasks to queue
[2026-06-01T12:07:31.576+0000] {logging_mixin.py:188} INFO - [2026-06-01T12:07:31.575+0000] {dagbag.py:545} INFO - Filling up the DagBag from /opt/airflow/dags/main.py
[2026-06-01T12:07:31.638+0000] {processor.py:840} INFO - DAG(s) 'update_db', 'produce_json', 'data_quality' retrieved from /opt/airflow/dags/main.py
[2026-06-01T12:07:31.658+0000] {logging_mixin.py:188} INFO - [2026-06-01T12:07:31.658+0000] {dag.py:3096} INFO - Sync 3 DAGs
[2026-06-01T12:07:31.671+0000] {logging_mixin.py:188} INFO - [2026-06-01T12:07:31.671+0000] {dag.py:3954} INFO - Setting next_dagrun for data_quality to 2026-05-31 14:00:00+00:00, run_after=2026-06-01 14:00:00+00:00
[2026-06-01T12:07:31.675+0000] {logging_mixin.py:188} INFO - [2026-06-01T12:07:31.675+0000] {dag.py:3954} INFO - Setting next_dagrun for produce_json to 2026-06-01 12:00:00+00:00, run_after=2026-06-02 12:00:00+00:00
[2026-06-01T12:07:31.677+0000] {logging_mixin.py:188} INFO - [2026-06-01T12:07:31.677+0000] {dag.py:3954} INFO - Setting next_dagrun for update_db to 2026-05-31 13:00:00+00:00, run_after=2026-06-01 13:00:00+00:00
[2026-06-01T12:07:31.698+0000] {processor.py:183} INFO - Processing /opt/airflow/dags/main.py took 0.128 seconds
[2026-06-01T12:08:02.230+0000] {processor.py:161} INFO - Started process (PID=643) to work on /opt/airflow/dags/main.py
[2026-06-01T12:08:02.231+0000] {processor.py:830} INFO - Processing file /opt/airflow/dags/main.py for tasks to queue
[2026-06-01T12:08:02.231+0000] {logging_mixin.py:188} INFO - [2026-06-01T12:08:02.231+0000] {dagbag.py:545} INFO - Filling up the DagBag from /opt/airflow/dags/main.py
[2026-06-01T12:08:02.294+0000] {processor.py:840} INFO - DAG(s) 'update_db', 'data_quality', 'produce_json' retrieved from /opt/airflow/dags/main.py
[2026-06-01T12:08:02.393+0000] {logging_mixin.py:188} INFO - [2026-06-01T12:08:02.393+0000] {dag.py:3096} INFO - Sync 3 DAGs
[2026-06-01T12:08:02.406+0000] {logging_mixin.py:188} INFO - [2026-06-01T12:08:02.405+0000] {dag.py:3954} INFO - Setting next_dagrun for data_quality to 2026-05-31 14:00:00+00:00, run_after=2026-06-01 14:00:00+00:00
[2026-06-01T12:08:02.409+0000] {logging_mixin.py:188} INFO - [2026-06-01T12:08:02.408+0000] {dag.py:3954} INFO - Setting next_dagrun for produce_json to 2026-06-01 12:00:00+00:00, run_after=2026-06-02 12:00:00+00:00
[2026-06-01T12:08:02.411+0000] {logging_mixin.py:188} INFO - [2026-06-01T12:08:02.411+0000] {dag.py:3954} INFO - Setting next_dagrun for update_db to 2026-05-31 13:00:00+00:00, run_after=2026-06-01 13:00:00+00:00
[2026-06-01T12:08:02.425+0000] {processor.py:183} INFO - Processing /opt/airflow/dags/main.py took 0.200 seconds
[2026-06-01T12:08:32.458+0000] {processor.py:161} INFO - Started process (PID=650) to work on /opt/airflow/dags/main.py
[2026-06-01T12:08:32.459+0000] {processor.py:830} INFO - Processing file /opt/airflow/dags/main.py for tasks to queue
[2026-06-01T12:08:32.460+0000] {logging_mixin.py:188} INFO - [2026-06-01T12:08:32.459+0000] {dagbag.py:545} INFO - Filling up the DagBag from /opt/airflow/dags/main.py
[2026-06-01T12:08:32.521+0000] {processor.py:840} INFO - DAG(s) 'data_quality', 'produce_json', 'update_db' retrieved from /opt/airflow/dags/main.py
[2026-06-01T12:08:32.544+0000] {logging_mixin.py:188} INFO - [2026-06-01T12:08:32.543+0000] {dag.py:3096} INFO - Sync 3 DAGs
[2026-06-01T12:08:32.557+0000] {logging_mixin.py:188} INFO - [2026-06-01T12:08:32.557+0000] {dag.py:3954} INFO - Setting next_dagrun for data_quality to 2026-05-31 14:00:00+00:00, run_after=2026-06-01 14:00:00+00:00
[2026-06-01T12:08:32.560+0000] {logging_mixin.py:188} INFO - [2026-06-01T12:08:32.560+0000] {dag.py:3954} INFO - Setting next_dagrun for produce_json to 2026-06-01 12:00:00+00:00, run_after=2026-06-02 12:00:00+00:00
[2026-06-01T12:08:32.563+0000] {logging_mixin.py:188} INFO - [2026-06-01T12:08:32.562+0000] {dag.py:3954} INFO - Setting next_dagrun for update_db to 2026-05-31 13:00:00+00:00, run_after=2026-06-01 13:00:00+00:00
[2026-06-01T12:08:32.584+0000] {processor.py:183} INFO - Processing /opt/airflow/dags/main.py took 0.131 seconds
[2026-06-01T12:09:02.658+0000] {processor.py:161} INFO - Started process (PID=657) to work on /opt/airflow/dags/main.py
[2026-06-01T12:09:02.659+0000] {processor.py:830} INFO - Processing file /opt/airflow/dags/main.py for tasks to queue
[2026-06-01T12:09:02.660+0000] {logging_mixin.py:188} INFO - [2026-06-01T12:09:02.660+0000] {dagbag.py:545} INFO - Filling up the DagBag from /opt/airflow/dags/main.py
[2026-06-01T12:09:02.747+0000] {processor.py:840} INFO - DAG(s) 'produce_json', 'update_db', 'data_quality' retrieved from /opt/airflow/dags/main.py
[2026-06-01T12:09:02.830+0000] {logging_mixin.py:188} INFO - [2026-06-01T12:09:02.829+0000] {dag.py:3096} INFO - Sync 3 DAGs
[2026-06-01T12:09:02.848+0000] {logging_mixin.py:188} INFO - [2026-06-01T12:09:02.848+0000] {dag.py:3954} INFO - Setting next_dagrun for data_quality to 2026-05-31 14:00:00+00:00, run_after=2026-06-01 14:00:00+00:00
[2026-06-01T12:09:02.852+0000] {logging_mixin.py:188} INFO - [2026-06-01T12:09:02.852+0000] {dag.py:3954} INFO - Setting next_dagrun for produce_json to 2026-06-01 12:00:00+00:00, run_after=2026-06-02 12:00:00+00:00
[2026-06-01T12:09:02.855+0000] {logging_mixin.py:188} INFO - [2026-06-01T12:09:02.854+0000] {dag.py:3954} INFO - Setting next_dagrun for update_db to 2026-05-31 13:00:00+00:00, run_after=2026-06-01 13:00:00+00:00
[2026-06-01T12:09:02.879+0000] {processor.py:183} INFO - Processing /opt/airflow/dags/main.py took 0.228 seconds
[2026-06-01T12:09:33.854+0000] {processor.py:161} INFO - Started process (PID=664) to work on /opt/airflow/dags/main.py
[2026-06-01T12:09:33.855+0000] {processor.py:830} INFO - Processing file /opt/airflow/dags/main.py for tasks to queue
[2026-06-01T12:09:33.855+0000] {logging_mixin.py:188} INFO - [2026-06-01T12:09:33.855+0000] {dagbag.py:545} INFO - Filling up the DagBag from /opt/airflow/dags/main.py
[2026-06-01T12:09:33.927+0000] {processor.py:840} INFO - DAG(s) 'update_db', 'produce_json', 'data_quality' retrieved from /opt/airflow/dags/main.py
[2026-06-01T12:09:33.952+0000] {logging_mixin.py:188} INFO - [2026-06-01T12:09:33.952+0000] {dag.py:3096} INFO - Sync 3 DAGs
[2026-06-01T12:09:33.968+0000] {logging_mixin.py:188} INFO - [2026-06-01T12:09:33.967+0000] {dag.py:3954} INFO - Setting next_dagrun for data_quality to 2026-05-31 14:00:00+00:00, run_after=2026-06-01 14:00:00+00:00
[2026-06-01T12:09:33.972+0000] {logging_mixin.py:188} INFO - [2026-06-01T12:09:33.971+0000] {dag.py:3954} INFO - Setting next_dagrun for produce_json to 2026-06-01 12:00:00+00:00, run_after=2026-06-02 12:00:00+00:00
[2026-06-01T12:09:33.974+0000] {logging_mixin.py:188} INFO - [2026-06-01T12:09:33.973+0000] {dag.py:3954} INFO - Setting next_dagrun for update_db to 2026-05-31 13:00:00+00:00, run_after=2026-06-01 13:00:00+00:00
[2026-06-01T12:09:33.997+0000] {processor.py:183} INFO - Processing /opt/airflow/dags/main.py took 0.147 seconds
[2026-06-01T12:10:04.267+0000] {processor.py:161} INFO - Started process (PID=671) to work on /opt/airflow/dags/main.py
[2026-06-01T12:10:04.267+0000] {processor.py:830} INFO - Processing file /opt/airflow/dags/main.py for tasks to queue
[2026-06-01T12:10:04.268+0000] {logging_mixin.py:188} INFO - [2026-06-01T12:10:04.268+0000] {dagbag.py:545} INFO - Filling up the DagBag from /opt/airflow/dags/main.py
[2026-06-01T12:10:04.337+0000] {processor.py:840} INFO - DAG(s) 'update_db', 'produce_json', 'data_quality' retrieved from /opt/airflow/dags/main.py
[2026-06-01T12:10:04.362+0000] {logging_mixin.py:188} INFO - [2026-06-01T12:10:04.362+0000] {dag.py:3096} INFO - Sync 3 DAGs
[2026-06-01T12:10:04.380+0000] {logging_mixin.py:188} INFO - [2026-06-01T12:10:04.380+0000] {dag.py:3954} INFO - Setting next_dagrun for data_quality to 2026-05-31 14:00:00+00:00, run_after=2026-06-01 14:00:00+00:00
[2026-06-01T12:10:04.384+0000] {logging_mixin.py:188} INFO - [2026-06-01T12:10:04.384+0000] {dag.py:3954} INFO - Setting next_dagrun for produce_json to 2026-06-01 12:00:00+00:00, run_after=2026-06-02 12:00:00+00:00
[2026-06-01T12:10:04.386+0000] {logging_mixin.py:188} INFO - [2026-06-01T12:10:04.386+0000] {dag.py:3954} INFO - Setting next_dagrun for update_db to 2026-05-31 13:00:00+00:00, run_after=2026-06-01 13:00:00+00:00
[2026-06-01T12:10:04.400+0000] {processor.py:183} INFO - Processing /opt/airflow/dags/main.py took 0.137 seconds
[2026-06-01T12:10:34.529+0000] {processor.py:161} INFO - Started process (PID=677) to work on /opt/airflow/dags/main.py
[2026-06-01T12:10:34.530+0000] {processor.py:830} INFO - Processing file /opt/airflow/dags/main.py for tasks to queue
[2026-06-01T12:10:34.531+0000] {logging_mixin.py:188} INFO - [2026-06-01T12:10:34.530+0000] {dagbag.py:545} INFO - Filling up the DagBag from /opt/airflow/dags/main.py
[2026-06-01T12:10:34.600+0000] {processor.py:840} INFO - DAG(s) 'produce_json', 'data_quality', 'update_db' retrieved from /opt/airflow/dags/main.py
[2026-06-01T12:10:34.624+0000] {logging_mixin.py:188} INFO - [2026-06-01T12:10:34.624+0000] {dag.py:3096} INFO - Sync 3 DAGs
[2026-06-01T12:10:34.641+0000] {logging_mixin.py:188} INFO - [2026-06-01T12:10:34.641+0000] {dag.py:3954} INFO - Setting next_dagrun for data_quality to 2026-05-31 14:00:00+00:00, run_after=2026-06-01 14:00:00+00:00
[2026-06-01T12:10:34.645+0000] {logging_mixin.py:188} INFO - [2026-06-01T12:10:34.645+0000] {dag.py:3954} INFO - Setting next_dagrun for produce_json to 2026-06-01 12:00:00+00:00, run_after=2026-06-02 12:00:00+00:00
[2026-06-01T12:10:34.647+0000] {logging_mixin.py:188} INFO - [2026-06-01T12:10:34.647+0000] {dag.py:3954} INFO - Setting next_dagrun for update_db to 2026-05-31 13:00:00+00:00, run_after=2026-06-01 13:00:00+00:00
[2026-06-01T12:10:34.669+0000] {processor.py:183} INFO - Processing /opt/airflow/dags/main.py took 0.146 seconds
[2026-06-01T12:11:04.810+0000] {processor.py:161} INFO - Started process (PID=684) to work on /opt/airflow/dags/main.py
[2026-06-01T12:11:04.810+0000] {processor.py:830} INFO - Processing file /opt/airflow/dags/main.py for tasks to queue
[2026-06-01T12:11:04.811+0000] {logging_mixin.py:188} INFO - [2026-06-01T12:11:04.811+0000] {dagbag.py:545} INFO - Filling up the DagBag from /opt/airflow/dags/main.py
[2026-06-01T12:11:04.877+0000] {processor.py:840} INFO - DAG(s) 'data_quality', 'produce_json', 'update_db' retrieved from /opt/airflow/dags/main.py
[2026-06-01T12:11:04.903+0000] {logging_mixin.py:188} INFO - [2026-06-01T12:11:04.903+0000] {dag.py:3096} INFO - Sync 3 DAGs
[2026-06-01T12:11:04.917+0000] {logging_mixin.py:188} INFO - [2026-06-01T12:11:04.917+0000] {dag.py:3954} INFO - Setting next_dagrun for data_quality to 2026-05-31 14:00:00+00:00, run_after=2026-06-01 14:00:00+00:00
[2026-06-01T12:11:04.920+0000] {logging_mixin.py:188} INFO - [2026-06-01T12:11:04.920+0000] {dag.py:3954} INFO - Setting next_dagrun for produce_json to 2026-06-01 12:00:00+00:00, run_after=2026-06-02 12:00:00+00:00
[2026-06-01T12:11:04.922+0000] {logging_mixin.py:188} INFO - [2026-06-01T12:11:04.922+0000] {dag.py:3954} INFO - Setting next_dagrun for update_db to 2026-05-31 13:00:00+00:00, run_after=2026-06-01 13:00:00+00:00
[2026-06-01T12:11:04.942+0000] {processor.py:183} INFO - Processing /opt/airflow/dags/main.py took 0.138 seconds
[2026-06-01T12:11:34.982+0000] {processor.py:161} INFO - Started process (PID=691) to work on /opt/airflow/dags/main.py
[2026-06-01T12:11:34.983+0000] {processor.py:830} INFO - Processing file /opt/airflow/dags/main.py for tasks to queue
[2026-06-01T12:11:34.984+0000] {logging_mixin.py:188} INFO - [2026-06-01T12:11:34.983+0000] {dagbag.py:545} INFO - Filling up the DagBag from /opt/airflow/dags/main.py
[2026-06-01T12:11:35.050+0000] {processor.py:840} INFO - DAG(s) 'update_db', 'data_quality', 'produce_json' retrieved from /opt/airflow/dags/main.py
[2026-06-01T12:11:35.077+0000] {logging_mixin.py:188} INFO - [2026-06-01T12:11:35.076+0000] {dag.py:3096} INFO - Sync 3 DAGs
[2026-06-01T12:11:35.091+0000] {logging_mixin.py:188} INFO - [2026-06-01T12:11:35.091+0000] {dag.py:3954} INFO - Setting next_dagrun for data_quality to 2026-05-31 14:00:00+00:00, run_after=2026-06-01 14:00:00+00:00
[2026-06-01T12:11:35.095+0000] {logging_mixin.py:188} INFO - [2026-06-01T12:11:35.095+0000] {dag.py:3954} INFO - Setting next_dagrun for produce_json to 2026-06-01 12:00:00+00:00, run_after=2026-06-02 12:00:00+00:00
[2026-06-01T12:11:35.097+0000] {logging_mixin.py:188} INFO - [2026-06-01T12:11:35.097+0000] {dag.py:3954} INFO - Setting next_dagrun for update_db to 2026-05-31 13:00:00+00:00, run_after=2026-06-01 13:00:00+00:00
[2026-06-01T12:11:35.119+0000] {processor.py:183} INFO - Processing /opt/airflow/dags/main.py took 0.143 seconds
[2026-06-01T12:12:05.310+0000] {processor.py:161} INFO - Started process (PID=698) to work on /opt/airflow/dags/main.py
[2026-06-01T12:12:05.311+0000] {processor.py:830} INFO - Processing file /opt/airflow/dags/main.py for tasks to queue
[2026-06-01T12:12:05.312+0000] {logging_mixin.py:188} INFO - [2026-06-01T12:12:05.311+0000] {dagbag.py:545} INFO - Filling up the DagBag from /opt/airflow/dags/main.py
[2026-06-01T12:12:05.376+0000] {processor.py:840} INFO - DAG(s) 'produce_json', 'data_quality', 'update_db' retrieved from /opt/airflow/dags/main.py
[2026-06-01T12:12:05.399+0000] {logging_mixin.py:188} INFO - [2026-06-01T12:12:05.399+0000] {dag.py:3096} INFO - Sync 3 DAGs
[2026-06-01T12:12:05.414+0000] {logging_mixin.py:188} INFO - [2026-06-01T12:12:05.413+0000] {dag.py:3954} INFO - Setting next_dagrun for data_quality to 2026-05-31 14:00:00+00:00, run_after=2026-06-01 14:00:00+00:00
[2026-06-01T12:12:05.417+0000] {logging_mixin.py:188} INFO - [2026-06-01T12:12:05.417+0000] {dag.py:3954} INFO - Setting next_dagrun for produce_json to 2026-06-01 12:00:00+00:00, run_after=2026-06-02 12:00:00+00:00
[2026-06-01T12:12:05.419+0000] {logging_mixin.py:188} INFO - [2026-06-01T12:12:05.419+0000] {dag.py:3954} INFO - Setting next_dagrun for update_db to 2026-05-31 13:00:00+00:00, run_after=2026-06-01 13:00:00+00:00
[2026-06-01T12:12:05.441+0000] {processor.py:183} INFO - Processing /opt/airflow/dags/main.py took 0.135 seconds
[2026-06-01T12:12:35.520+0000] {processor.py:161} INFO - Started process (PID=705) to work on /opt/airflow/dags/main.py
[2026-06-01T12:12:35.521+0000] {processor.py:830} INFO - Processing file /opt/airflow/dags/main.py for tasks to queue
[2026-06-01T12:12:35.521+0000] {logging_mixin.py:188} INFO - [2026-06-01T12:12:35.521+0000] {dagbag.py:545} INFO - Filling up the DagBag from /opt/airflow/dags/main.py
[2026-06-01T12:12:35.595+0000] {processor.py:840} INFO - DAG(s) 'produce_json', 'data_quality', 'update_db' retrieved from /opt/airflow/dags/main.py
[2026-06-01T12:12:35.617+0000] {logging_mixin.py:188} INFO - [2026-06-01T12:12:35.617+0000] {dag.py:3096} INFO - Sync 3 DAGs
[2026-06-01T12:12:35.631+0000] {logging_mixin.py:188} INFO - [2026-06-01T12:12:35.631+0000] {dag.py:3954} INFO - Setting next_dagrun for data_quality to 2026-05-31 14:00:00+00:00, run_after=2026-06-01 14:00:00+00:00
[2026-06-01T12:12:35.635+0000] {logging_mixin.py:188} INFO - [2026-06-01T12:12:35.635+0000] {dag.py:3954} INFO - Setting next_dagrun for produce_json to 2026-06-01 12:00:00+00:00, run_after=2026-06-02 12:00:00+00:00
[2026-06-01T12:12:35.637+0000] {logging_mixin.py:188} INFO - [2026-06-01T12:12:35.637+0000] {dag.py:3954} INFO - Setting next_dagrun for update_db to 2026-05-31 13:00:00+00:00, run_after=2026-06-01 13:00:00+00:00
[2026-06-01T12:12:35.658+0000] {processor.py:183} INFO - Processing /opt/airflow/dags/main.py took 0.143 seconds
[2026-06-01T12:13:05.920+0000] {processor.py:161} INFO - Started process (PID=712) to work on /opt/airflow/dags/main.py
[2026-06-01T12:13:05.921+0000] {processor.py:830} INFO - Processing file /opt/airflow/dags/main.py for tasks to queue
[2026-06-01T12:13:05.922+0000] {logging_mixin.py:188} INFO - [2026-06-01T12:13:05.921+0000] {dagbag.py:545} INFO - Filling up the DagBag from /opt/airflow/dags/main.py
[2026-06-01T12:13:06.001+0000] {processor.py:840} INFO - DAG(s) 'data_quality', 'produce_json', 'update_db' retrieved from /opt/airflow/dags/main.py
[2026-06-01T12:13:06.023+0000] {logging_mixin.py:188} INFO - [2026-06-01T12:13:06.023+0000] {dag.py:3096} INFO - Sync 3 DAGs
[2026-06-01T12:13:06.040+0000] {logging_mixin.py:188} INFO - [2026-06-01T12:13:06.039+0000] {dag.py:3954} INFO - Setting next_dagrun for data_quality to 2026-05-31 14:00:00+00:00, run_after=2026-06-01 14:00:00+00:00
[2026-06-01T12:13:06.043+0000] {logging_mixin.py:188} INFO - [2026-06-01T12:13:06.043+0000] {dag.py:3954} INFO - Setting next_dagrun for produce_json to 2026-06-01 12:00:00+00:00, run_after=2026-06-02 12:00:00+00:00
[2026-06-01T12:13:06.045+0000] {logging_mixin.py:188} INFO - [2026-06-01T12:13:06.045+0000] {dag.py:3954} INFO - Setting next_dagrun for update_db to 2026-05-31 13:00:00+00:00, run_after=2026-06-01 13:00:00+00:00
[2026-06-01T12:13:06.059+0000] {processor.py:183} INFO - Processing /opt/airflow/dags/main.py took 0.144 seconds
[2026-06-01T12:13:36.399+0000] {processor.py:161} INFO - Started process (PID=719) to work on /opt/airflow/dags/main.py
[2026-06-01T12:13:36.400+0000] {processor.py:830} INFO - Processing file /opt/airflow/dags/main.py for tasks to queue
[2026-06-01T12:13:36.401+0000] {logging_mixin.py:188} INFO - [2026-06-01T12:13:36.400+0000] {dagbag.py:545} INFO - Filling up the DagBag from /opt/airflow/dags/main.py
[2026-06-01T12:13:36.470+0000] {processor.py:840} INFO - DAG(s) 'produce_json', 'update_db', 'data_quality' retrieved from /opt/airflow/dags/main.py
[2026-06-01T12:13:36.492+0000] {logging_mixin.py:188} INFO - [2026-06-01T12:13:36.492+0000] {dag.py:3096} INFO - Sync 3 DAGs
[2026-06-01T12:13:36.509+0000] {logging_mixin.py:188} INFO - [2026-06-01T12:13:36.509+0000] {dag.py:3954} INFO - Setting next_dagrun for data_quality to 2026-05-31 14:00:00+00:00, run_after=2026-06-01 14:00:00+00:00
[2026-06-01T12:13:36.512+0000] {logging_mixin.py:188} INFO - [2026-06-01T12:13:36.512+0000] {dag.py:3954} INFO - Setting next_dagrun for produce_json to 2026-06-01 12:00:00+00:00, run_after=2026-06-02 12:00:00+00:00
[2026-06-01T12:13:36.514+0000] {logging_mixin.py:188} INFO - [2026-06-01T12:13:36.514+0000] {dag.py:3954} INFO - Setting next_dagrun for update_db to 2026-05-31 13:00:00+00:00, run_after=2026-06-01 13:00:00+00:00
[2026-06-01T12:13:36.530+0000] {processor.py:183} INFO - Processing /opt/airflow/dags/main.py took 0.135 seconds
[2026-06-01T12:14:08.970+0000] {processor.py:161} INFO - Started process (PID=726) to work on /opt/airflow/dags/main.py
[2026-06-01T12:14:08.971+0000] {processor.py:830} INFO - Processing file /opt/airflow/dags/main.py for tasks to queue
[2026-06-01T12:14:08.971+0000] {logging_mixin.py:188} INFO - [2026-06-01T12:14:08.971+0000] {dagbag.py:545} INFO - Filling up the DagBag from /opt/airflow/dags/main.py
[2026-06-01T12:14:09.048+0000] {processor.py:840} INFO - DAG(s) 'update_db', 'data_quality', 'produce_json' retrieved from /opt/airflow/dags/main.py
[2026-06-01T12:14:09.072+0000] {logging_mixin.py:188} INFO - [2026-06-01T12:14:09.072+0000] {dag.py:3096} INFO - Sync 3 DAGs
[2026-06-01T12:14:09.087+0000] {logging_mixin.py:188} INFO - [2026-06-01T12:14:09.087+0000] {dag.py:3954} INFO - Setting next_dagrun for data_quality to 2026-05-31 14:00:00+00:00, run_after=2026-06-01 14:00:00+00:00
[2026-06-01T12:14:09.091+0000] {logging_mixin.py:188} INFO - [2026-06-01T12:14:09.091+0000] {dag.py:3954} INFO - Setting next_dagrun for produce_json to 2026-06-01 12:00:00+00:00, run_after=2026-06-02 12:00:00+00:00
[2026-06-01T12:14:09.093+0000] {logging_mixin.py:188} INFO - [2026-06-01T12:14:09.093+0000] {dag.py:3954} INFO - Setting next_dagrun for update_db to 2026-05-31 13:00:00+00:00, run_after=2026-06-01 13:00:00+00:00
[2026-06-01T12:14:09.107+0000] {processor.py:183} INFO - Processing /opt/airflow/dags/main.py took 0.142 seconds
[2026-06-01T12:14:39.263+0000] {processor.py:161} INFO - Started process (PID=733) to work on /opt/airflow/dags/main.py
[2026-06-01T12:14:39.264+0000] {processor.py:830} INFO - Processing file /opt/airflow/dags/main.py for tasks to queue
[2026-06-01T12:14:39.265+0000] {logging_mixin.py:188} INFO - [2026-06-01T12:14:39.265+0000] {dagbag.py:545} INFO - Filling up the DagBag from /opt/airflow/dags/main.py
[2026-06-01T12:14:39.341+0000] {processor.py:840} INFO - DAG(s) 'produce_json', 'data_quality', 'update_db' retrieved from /opt/airflow/dags/main.py
[2026-06-01T12:14:39.365+0000] {logging_mixin.py:188} INFO - [2026-06-01T12:14:39.365+0000] {dag.py:3096} INFO - Sync 3 DAGs
[2026-06-01T12:14:39.381+0000] {logging_mixin.py:188} INFO - [2026-06-01T12:14:39.381+0000] {dag.py:3954} INFO - Setting next_dagrun for data_quality to 2026-05-31 14:00:00+00:00, run_after=2026-06-01 14:00:00+00:00
[2026-06-01T12:14:39.384+0000] {logging_mixin.py:188} INFO - [2026-06-01T12:14:39.384+0000] {dag.py:3954} INFO - Setting next_dagrun for produce_json to 2026-06-01 12:00:00+00:00, run_after=2026-06-02 12:00:00+00:00
[2026-06-01T12:14:39.387+0000] {logging_mixin.py:188} INFO - [2026-06-01T12:14:39.387+0000] {dag.py:3954} INFO - Setting next_dagrun for update_db to 2026-05-31 13:00:00+00:00, run_after=2026-06-01 13:00:00+00:00
[2026-06-01T12:14:39.402+0000] {processor.py:183} INFO - Processing /opt/airflow/dags/main.py took 0.143 seconds
[2026-06-01T12:15:09.866+0000] {processor.py:161} INFO - Started process (PID=740) to work on /opt/airflow/dags/main.py
[2026-06-01T12:15:09.867+0000] {processor.py:830} INFO - Processing file /opt/airflow/dags/main.py for tasks to queue
[2026-06-01T12:15:09.867+0000] {logging_mixin.py:188} INFO - [2026-06-01T12:15:09.867+0000] {dagbag.py:545} INFO - Filling up the DagBag from /opt/airflow/dags/main.py
[2026-06-01T12:15:09.931+0000] {processor.py:840} INFO - DAG(s) 'data_quality', 'update_db', 'produce_json' retrieved from /opt/airflow/dags/main.py
[2026-06-01T12:15:09.953+0000] {logging_mixin.py:188} INFO - [2026-06-01T12:15:09.953+0000] {dag.py:3096} INFO - Sync 3 DAGs
[2026-06-01T12:15:09.967+0000] {logging_mixin.py:188} INFO - [2026-06-01T12:15:09.967+0000] {dag.py:3954} INFO - Setting next_dagrun for data_quality to 2026-05-31 14:00:00+00:00, run_after=2026-06-01 14:00:00+00:00
[2026-06-01T12:15:09.971+0000] {logging_mixin.py:188} INFO - [2026-06-01T12:15:09.971+0000] {dag.py:3954} INFO - Setting next_dagrun for produce_json to 2026-06-01 12:00:00+00:00, run_after=2026-06-02 12:00:00+00:00
[2026-06-01T12:15:09.973+0000] {logging_mixin.py:188} INFO - [2026-06-01T12:15:09.973+0000] {dag.py:3954} INFO - Setting next_dagrun for update_db to 2026-05-31 13:00:00+00:00, run_after=2026-06-01 13:00:00+00:00
[2026-06-01T12:15:09.986+0000] {processor.py:183} INFO - Processing /opt/airflow/dags/main.py took 0.125 seconds
[2026-06-01T12:15:40.385+0000] {processor.py:161} INFO - Started process (PID=747) to work on /opt/airflow/dags/main.py
[2026-06-01T12:15:40.386+0000] {processor.py:830} INFO - Processing file /opt/airflow/dags/main.py for tasks to queue
[2026-06-01T12:15:40.387+0000] {logging_mixin.py:188} INFO - [2026-06-01T12:15:40.386+0000] {dagbag.py:545} INFO - Filling up the DagBag from /opt/airflow/dags/main.py
[2026-06-01T12:15:40.458+0000] {processor.py:840} INFO - DAG(s) 'update_db', 'produce_json', 'data_quality' retrieved from /opt/airflow/dags/main.py
[2026-06-01T12:15:40.485+0000] {logging_mixin.py:188} INFO - [2026-06-01T12:15:40.484+0000] {dag.py:3096} INFO - Sync 3 DAGs
[2026-06-01T12:15:40.499+0000] {logging_mixin.py:188} INFO - [2026-06-01T12:15:40.499+0000] {dag.py:3954} INFO - Setting next_dagrun for data_quality to 2026-05-31 14:00:00+00:00, run_after=2026-06-01 14:00:00+00:00
[2026-06-01T12:15:40.504+0000] {logging_mixin.py:188} INFO - [2026-06-01T12:15:40.504+0000] {dag.py:3954} INFO - Setting next_dagrun for produce_json to 2026-06-01 12:00:00+00:00, run_after=2026-06-02 12:00:00+00:00
[2026-06-01T12:15:40.506+0000] {logging_mixin.py:188} INFO - [2026-06-01T12:15:40.506+0000] {dag.py:3954} INFO - Setting next_dagrun for update_db to 2026-05-31 13:00:00+00:00, run_after=2026-06-01 13:00:00+00:00
[2026-06-01T12:15:40.519+0000] {processor.py:183} INFO - Processing /opt/airflow/dags/main.py took 0.139 seconds
[2026-06-01T12:16:11.134+0000] {processor.py:161} INFO - Started process (PID=754) to work on /opt/airflow/dags/main.py
[2026-06-01T12:16:11.135+0000] {processor.py:830} INFO - Processing file /opt/airflow/dags/main.py for tasks to queue
[2026-06-01T12:16:11.136+0000] {logging_mixin.py:188} INFO - [2026-06-01T12:16:11.136+0000] {dagbag.py:545} INFO - Filling up the DagBag from /opt/airflow/dags/main.py
[2026-06-01T12:16:11.203+0000] {processor.py:840} INFO - DAG(s) 'data_quality', 'produce_json', 'update_db' retrieved from /opt/airflow/dags/main.py
[2026-06-01T12:16:11.226+0000] {logging_mixin.py:188} INFO - [2026-06-01T12:16:11.226+0000] {dag.py:3096} INFO - Sync 3 DAGs
[2026-06-01T12:16:11.241+0000] {logging_mixin.py:188} INFO - [2026-06-01T12:16:11.241+0000] {dag.py:3954} INFO - Setting next_dagrun for data_quality to 2026-05-31 14:00:00+00:00, run_after=2026-06-01 14:00:00+00:00
[2026-06-01T12:16:11.245+0000] {logging_mixin.py:188} INFO - [2026-06-01T12:16:11.244+0000] {dag.py:3954} INFO - Setting next_dagrun for produce_json to 2026-06-01 12:00:00+00:00, run_after=2026-06-02 12:00:00+00:00
[2026-06-01T12:16:11.246+0000] {logging_mixin.py:188} INFO - [2026-06-01T12:16:11.246+0000] {dag.py:3954} INFO - Setting next_dagrun for update_db to 2026-05-31 13:00:00+00:00, run_after=2026-06-01 13:00:00+00:00
[2026-06-01T12:16:11.261+0000] {processor.py:183} INFO - Processing /opt/airflow/dags/main.py took 0.131 seconds
[2026-06-01T12:16:41.748+0000] {processor.py:161} INFO - Started process (PID=761) to work on /opt/airflow/dags/main.py
[2026-06-01T12:16:41.749+0000] {processor.py:830} INFO - Processing file /opt/airflow/dags/main.py for tasks to queue
[2026-06-01T12:16:41.750+0000] {logging_mixin.py:188} INFO - [2026-06-01T12:16:41.750+0000] {dagbag.py:545} INFO - Filling up the DagBag from /opt/airflow/dags/main.py
[2026-06-01T12:16:41.817+0000] {processor.py:840} INFO - DAG(s) 'data_quality', 'produce_json', 'update_db' retrieved from /opt/airflow/dags/main.py
[2026-06-01T12:16:41.841+0000] {logging_mixin.py:188} INFO - [2026-06-01T12:16:41.841+0000] {dag.py:3096} INFO - Sync 3 DAGs
[2026-06-01T12:16:41.855+0000] {logging_mixin.py:188} INFO - [2026-06-01T12:16:41.855+0000] {dag.py:3954} INFO - Setting next_dagrun for data_quality to 2026-05-31 14:00:00+00:00, run_after=2026-06-01 14:00:00+00:00
[2026-06-01T12:16:41.859+0000] {logging_mixin.py:188} INFO - [2026-06-01T12:16:41.859+0000] {dag.py:3954} INFO - Setting next_dagrun for produce_json to 2026-06-01 12:00:00+00:00, run_after=2026-06-02 12:00:00+00:00
[2026-06-01T12:16:41.861+0000] {logging_mixin.py:188} INFO - [2026-06-01T12:16:41.861+0000] {dag.py:3954} INFO - Setting next_dagrun for update_db to 2026-05-31 13:00:00+00:00, run_after=2026-06-01 13:00:00+00:00
[2026-06-01T12:16:41.873+0000] {processor.py:183} INFO - Processing /opt/airflow/dags/main.py took 0.129 seconds
[2026-06-01T12:17:12.517+0000] {processor.py:161} INFO - Started process (PID=768) to work on /opt/airflow/dags/main.py
[2026-06-01T12:17:12.518+0000] {processor.py:830} INFO - Processing file /opt/airflow/dags/main.py for tasks to queue
[2026-06-01T12:17:12.519+0000] {logging_mixin.py:188} INFO - [2026-06-01T12:17:12.519+0000] {dagbag.py:545} INFO - Filling up the DagBag from /opt/airflow/dags/main.py
[2026-06-01T12:17:12.585+0000] {processor.py:840} INFO - DAG(s) 'update_db', 'produce_json', 'data_quality' retrieved from /opt/airflow/dags/main.py
[2026-06-01T12:17:12.609+0000] {logging_mixin.py:188} INFO - [2026-06-01T12:17:12.608+0000] {dag.py:3096} INFO - Sync 3 DAGs
[2026-06-01T12:17:12.622+0000] {logging_mixin.py:188} INFO - [2026-06-01T12:17:12.621+0000] {dag.py:3954} INFO - Setting next_dagrun for data_quality to 2026-05-31 14:00:00+00:00, run_after=2026-06-01 14:00:00+00:00
[2026-06-01T12:17:12.625+0000] {logging_mixin.py:188} INFO - [2026-06-01T12:17:12.625+0000] {dag.py:3954} INFO - Setting next_dagrun for produce_json to 2026-06-01 12:00:00+00:00, run_after=2026-06-02 12:00:00+00:00
[2026-06-01T12:17:12.627+0000] {logging_mixin.py:188} INFO - [2026-06-01T12:17:12.627+0000] {dag.py:3954} INFO - Setting next_dagrun for update_db to 2026-05-31 13:00:00+00:00, run_after=2026-06-01 13:00:00+00:00
[2026-06-01T12:17:12.640+0000] {processor.py:183} INFO - Processing /opt/airflow/dags/main.py took 0.127 seconds
[2026-06-01T12:17:43.192+0000] {processor.py:161} INFO - Started process (PID=775) to work on /opt/airflow/dags/main.py
[2026-06-01T12:17:43.193+0000] {processor.py:830} INFO - Processing file /opt/airflow/dags/main.py for tasks to queue
[2026-06-01T12:17:43.193+0000] {logging_mixin.py:188} INFO - [2026-06-01T12:17:43.193+0000] {dagbag.py:545} INFO - Filling up the DagBag from /opt/airflow/dags/main.py
[2026-06-01T12:17:43.262+0000] {processor.py:840} INFO - DAG(s) 'produce_json', 'update_db', 'data_quality' retrieved from /opt/airflow/dags/main.py
[2026-06-01T12:17:43.286+0000] {logging_mixin.py:188} INFO - [2026-06-01T12:17:43.285+0000] {dag.py:3096} INFO - Sync 3 DAGs
[2026-06-01T12:17:43.301+0000] {logging_mixin.py:188} INFO - [2026-06-01T12:17:43.301+0000] {dag.py:3954} INFO - Setting next_dagrun for data_quality to 2026-05-31 14:00:00+00:00, run_after=2026-06-01 14:00:00+00:00
[2026-06-01T12:17:43.305+0000] {logging_mixin.py:188} INFO - [2026-06-01T12:17:43.305+0000] {dag.py:3954} INFO - Setting next_dagrun for produce_json to 2026-06-01 12:00:00+00:00, run_after=2026-06-02 12:00:00+00:00
[2026-06-01T12:17:43.307+0000] {logging_mixin.py:188} INFO - [2026-06-01T12:17:43.307+0000] {dag.py:3954} INFO - Setting next_dagrun for update_db to 2026-05-31 13:00:00+00:00, run_after=2026-06-01 13:00:00+00:00
[2026-06-01T12:17:43.328+0000] {processor.py:183} INFO - Processing /opt/airflow/dags/main.py took 0.141 seconds
[2026-06-01T12:18:14.003+0000] {processor.py:161} INFO - Started process (PID=776) to work on /opt/airflow/dags/main.py
[2026-06-01T12:18:14.004+0000] {processor.py:830} INFO - Processing file /opt/airflow/dags/main.py for tasks to queue
[2026-06-01T12:18:14.004+0000] {logging_mixin.py:188} INFO - [2026-06-01T12:18:14.004+0000] {dagbag.py:545} INFO - Filling up the DagBag from /opt/airflow/dags/main.py
[2026-06-01T12:18:14.067+0000] {processor.py:840} INFO - DAG(s) 'update_db', 'produce_json', 'data_quality' retrieved from /opt/airflow/dags/main.py
[2026-06-01T12:18:14.087+0000] {logging_mixin.py:188} INFO - [2026-06-01T12:18:14.087+0000] {dag.py:3096} INFO - Sync 3 DAGs
[2026-06-01T12:18:14.100+0000] {logging_mixin.py:188} INFO - [2026-06-01T12:18:14.100+0000] {dag.py:3954} INFO - Setting next_dagrun for data_quality to 2026-05-31 14:00:00+00:00, run_after=2026-06-01 14:00:00+00:00
[2026-06-01T12:18:14.104+0000] {logging_mixin.py:188} INFO - [2026-06-01T12:18:14.103+0000] {dag.py:3954} INFO - Setting next_dagrun for produce_json to 2026-06-01 12:00:00+00:00, run_after=2026-06-02 12:00:00+00:00
[2026-06-01T12:18:14.106+0000] {logging_mixin.py:188} INFO - [2026-06-01T12:18:14.105+0000] {dag.py:3954} INFO - Setting next_dagrun for update_db to 2026-05-31 13:00:00+00:00, run_after=2026-06-01 13:00:00+00:00
[2026-06-01T12:18:14.127+0000] {processor.py:183} INFO - Processing /opt/airflow/dags/main.py took 0.129 seconds
[2026-06-01T12:18:46.712+0000] {processor.py:161} INFO - Started process (PID=784) to work on /opt/airflow/dags/main.py
[2026-06-01T12:18:46.713+0000] {processor.py:830} INFO - Processing file /opt/airflow/dags/main.py for tasks to queue
[2026-06-01T12:18:46.714+0000] {logging_mixin.py:188} INFO - [2026-06-01T12:18:46.713+0000] {dagbag.py:545} INFO - Filling up the DagBag from /opt/airflow/dags/main.py
[2026-06-01T12:18:46.780+0000] {processor.py:840} INFO - DAG(s) 'produce_json', 'data_quality', 'update_db' retrieved from /opt/airflow/dags/main.py
[2026-06-01T12:18:46.803+0000] {logging_mixin.py:188} INFO - [2026-06-01T12:18:46.803+0000] {dag.py:3096} INFO - Sync 3 DAGs
[2026-06-01T12:18:46.818+0000] {logging_mixin.py:188} INFO - [2026-06-01T12:18:46.817+0000] {dag.py:3954} INFO - Setting next_dagrun for data_quality to 2026-05-31 14:00:00+00:00, run_after=2026-06-01 14:00:00+00:00
[2026-06-01T12:18:46.822+0000] {logging_mixin.py:188} INFO - [2026-06-01T12:18:46.822+0000] {dag.py:3954} INFO - Setting next_dagrun for produce_json to 2026-06-01 12:00:00+00:00, run_after=2026-06-02 12:00:00+00:00
[2026-06-01T12:18:46.824+0000] {logging_mixin.py:188} INFO - [2026-06-01T12:18:46.824+0000] {dag.py:3954} INFO - Setting next_dagrun for update_db to 2026-05-31 13:00:00+00:00, run_after=2026-06-01 13:00:00+00:00
[2026-06-01T12:18:46.837+0000] {processor.py:183} INFO - Processing /opt/airflow/dags/main.py took 0.129 seconds
[2026-06-01T12:19:17.009+0000] {processor.py:161} INFO - Started process (PID=797) to work on /opt/airflow/dags/main.py
[2026-06-01T12:19:17.010+0000] {processor.py:830} INFO - Processing file /opt/airflow/dags/main.py for tasks to queue
[2026-06-01T12:19:17.011+0000] {logging_mixin.py:188} INFO - [2026-06-01T12:19:17.010+0000] {dagbag.py:545} INFO - Filling up the DagBag from /opt/airflow/dags/main.py
[2026-06-01T12:19:17.163+0000] {processor.py:840} INFO - DAG(s) 'produce_json', 'update_db', 'data_quality' retrieved from /opt/airflow/dags/main.py
[2026-06-01T12:19:17.191+0000] {logging_mixin.py:188} INFO - [2026-06-01T12:19:17.191+0000] {dag.py:3096} INFO - Sync 3 DAGs
[2026-06-01T12:19:17.206+0000] {logging_mixin.py:188} INFO - [2026-06-01T12:19:17.206+0000] {dag.py:3954} INFO - Setting next_dagrun for data_quality to 2026-05-31 14:00:00+00:00, run_after=2026-06-01 14:00:00+00:00
[2026-06-01T12:19:17.210+0000] {logging_mixin.py:188} INFO - [2026-06-01T12:19:17.210+0000] {dag.py:3954} INFO - Setting next_dagrun for produce_json to 2026-06-01 12:00:00+00:00, run_after=2026-06-02 12:00:00+00:00
[2026-06-01T12:19:17.212+0000] {logging_mixin.py:188} INFO - [2026-06-01T12:19:17.212+0000] {dag.py:3954} INFO - Setting next_dagrun for update_db to 2026-05-31 13:00:00+00:00, run_after=2026-06-01 13:00:00+00:00
[2026-06-01T12:19:17.224+0000] {processor.py:183} INFO - Processing /opt/airflow/dags/main.py took 0.222 seconds
[2026-06-01T12:19:47.488+0000] {processor.py:161} INFO - Started process (PID=798) to work on /opt/airflow/dags/main.py
[2026-06-01T12:19:47.488+0000] {processor.py:830} INFO - Processing file /opt/airflow/dags/main.py for tasks to queue
[2026-06-01T12:19:47.489+0000] {logging_mixin.py:188} INFO - [2026-06-01T12:19:47.489+0000] {dagbag.py:545} INFO - Filling up the DagBag from /opt/airflow/dags/main.py
[2026-06-01T12:19:47.560+0000] {processor.py:840} INFO - DAG(s) 'update_db', 'data_quality', 'produce_json' retrieved from /opt/airflow/dags/main.py
[2026-06-01T12:19:47.582+0000] {logging_mixin.py:188} INFO - [2026-06-01T12:19:47.582+0000] {dag.py:3096} INFO - Sync 3 DAGs
[2026-06-01T12:19:47.597+0000] {logging_mixin.py:188} INFO - [2026-06-01T12:19:47.597+0000] {dag.py:3954} INFO - Setting next_dagrun for data_quality to 2026-05-31 14:00:00+00:00, run_after=2026-06-01 14:00:00+00:00
[2026-06-01T12:19:47.600+0000] {logging_mixin.py:188} INFO - [2026-06-01T12:19:47.600+0000] {dag.py:3954} INFO - Setting next_dagrun for produce_json to 2026-06-01 12:00:00+00:00, run_after=2026-06-02 12:00:00+00:00
[2026-06-01T12:19:47.602+0000] {logging_mixin.py:188} INFO - [2026-06-01T12:19:47.602+0000] {dag.py:3954} INFO - Setting next_dagrun for update_db to 2026-05-31 13:00:00+00:00, run_after=2026-06-01 13:00:00+00:00
[2026-06-01T12:19:47.618+0000] {processor.py:183} INFO - Processing /opt/airflow/dags/main.py took 0.136 seconds
[2026-06-01T12:20:18.300+0000] {processor.py:161} INFO - Started process (PID=805) to work on /opt/airflow/dags/main.py
[2026-06-01T12:20:18.301+0000] {processor.py:830} INFO - Processing file /opt/airflow/dags/main.py for tasks to queue
[2026-06-01T12:20:18.302+0000] {logging_mixin.py:188} INFO - [2026-06-01T12:20:18.301+0000] {dagbag.py:545} INFO - Filling up the DagBag from /opt/airflow/dags/main.py
[2026-06-01T12:20:18.379+0000] {processor.py:840} INFO - DAG(s) 'update_db', 'produce_json', 'data_quality' retrieved from /opt/airflow/dags/main.py
[2026-06-01T12:20:18.402+0000] {logging_mixin.py:188} INFO - [2026-06-01T12:20:18.402+0000] {dag.py:3096} INFO - Sync 3 DAGs
[2026-06-01T12:20:18.418+0000] {logging_mixin.py:188} INFO - [2026-06-01T12:20:18.418+0000] {dag.py:3954} INFO - Setting next_dagrun for data_quality to 2026-05-31 14:00:00+00:00, run_after=2026-06-01 14:00:00+00:00
[2026-06-01T12:20:18.422+0000] {logging_mixin.py:188} INFO - [2026-06-01T12:20:18.422+0000] {dag.py:3954} INFO - Setting next_dagrun for produce_json to 2026-06-01 12:00:00+00:00, run_after=2026-06-02 12:00:00+00:00
[2026-06-01T12:20:18.424+0000] {logging_mixin.py:188} INFO - [2026-06-01T12:20:18.424+0000] {dag.py:3954} INFO - Setting next_dagrun for update_db to 2026-05-31 13:00:00+00:00, run_after=2026-06-01 13:00:00+00:00
[2026-06-01T12:20:18.437+0000] {processor.py:183} INFO - Processing /opt/airflow/dags/main.py took 0.142 seconds
[2026-06-01T12:20:48.947+0000] {processor.py:161} INFO - Started process (PID=812) to work on /opt/airflow/dags/main.py
[2026-06-01T12:20:48.948+0000] {processor.py:830} INFO - Processing file /opt/airflow/dags/main.py for tasks to queue
[2026-06-01T12:20:48.949+0000] {logging_mixin.py:188} INFO - [2026-06-01T12:20:48.948+0000] {dagbag.py:545} INFO - Filling up the DagBag from /opt/airflow/dags/main.py
[2026-06-01T12:20:49.016+0000] {processor.py:840} INFO - DAG(s) 'data_quality', 'update_db', 'produce_json' retrieved from /opt/airflow/dags/main.py
[2026-06-01T12:20:49.039+0000] {logging_mixin.py:188} INFO - [2026-06-01T12:20:49.039+0000] {dag.py:3096} INFO - Sync 3 DAGs
[2026-06-01T12:20:49.054+0000] {logging_mixin.py:188} INFO - [2026-06-01T12:20:49.054+0000] {dag.py:3954} INFO - Setting next_dagrun for data_quality to 2026-05-31 14:00:00+00:00, run_after=2026-06-01 14:00:00+00:00
[2026-06-01T12:20:49.057+0000] {logging_mixin.py:188} INFO - [2026-06-01T12:20:49.057+0000] {dag.py:3954} INFO - Setting next_dagrun for produce_json to 2026-06-01 12:00:00+00:00, run_after=2026-06-02 12:00:00+00:00
[2026-06-01T12:20:49.059+0000] {logging_mixin.py:188} INFO - [2026-06-01T12:20:49.059+0000] {dag.py:3954} INFO - Setting next_dagrun for update_db to 2026-05-31 13:00:00+00:00, run_after=2026-06-01 13:00:00+00:00
[2026-06-01T12:20:49.081+0000] {processor.py:183} INFO - Processing /opt/airflow/dags/main.py took 0.139 seconds
[2026-06-01T12:21:19.739+0000] {processor.py:161} INFO - Started process (PID=819) to work on /opt/airflow/dags/main.py
[2026-06-01T12:21:19.739+0000] {processor.py:830} INFO - Processing file /opt/airflow/dags/main.py for tasks to queue
[2026-06-01T12:21:19.740+0000] {logging_mixin.py:188} INFO - [2026-06-01T12:21:19.740+0000] {dagbag.py:545} INFO - Filling up the DagBag from /opt/airflow/dags/main.py
[2026-06-01T12:21:19.807+0000] {processor.py:840} INFO - DAG(s) 'update_db', 'produce_json', 'data_quality' retrieved from /opt/airflow/dags/main.py
[2026-06-01T12:21:19.830+0000] {logging_mixin.py:188} INFO - [2026-06-01T12:21:19.829+0000] {dag.py:3096} INFO - Sync 3 DAGs
[2026-06-01T12:21:19.844+0000] {logging_mixin.py:188} INFO - [2026-06-01T12:21:19.844+0000] {dag.py:3954} INFO - Setting next_dagrun for data_quality to 2026-05-31 14:00:00+00:00, run_after=2026-06-01 14:00:00+00:00
[2026-06-01T12:21:19.847+0000] {logging_mixin.py:188} INFO - [2026-06-01T12:21:19.847+0000] {dag.py:3954} INFO - Setting next_dagrun for produce_json to 2026-06-01 12:00:00+00:00, run_after=2026-06-02 12:00:00+00:00
[2026-06-01T12:21:19.849+0000] {logging_mixin.py:188} INFO - [2026-06-01T12:21:19.849+0000] {dag.py:3954} INFO - Setting next_dagrun for update_db to 2026-05-31 13:00:00+00:00, run_after=2026-06-01 13:00:00+00:00
[2026-06-01T12:21:19.870+0000] {processor.py:183} INFO - Processing /opt/airflow/dags/main.py took 0.135 seconds
[2026-06-01T12:21:50.422+0000] {processor.py:161} INFO - Started process (PID=826) to work on /opt/airflow/dags/main.py
[2026-06-01T12:21:50.423+0000] {processor.py:830} INFO - Processing file /opt/airflow/dags/main.py for tasks to queue
[2026-06-01T12:21:50.424+0000] {logging_mixin.py:188} INFO - [2026-06-01T12:21:50.424+0000] {dagbag.py:545} INFO - Filling up the DagBag from /opt/airflow/dags/main.py
[2026-06-01T12:21:50.504+0000] {processor.py:840} INFO - DAG(s) 'update_db', 'data_quality', 'produce_json' retrieved from /opt/airflow/dags/main.py
[2026-06-01T12:21:50.529+0000] {logging_mixin.py:188} INFO - [2026-06-01T12:21:50.529+0000] {dag.py:3096} INFO - Sync 3 DAGs
[2026-06-01T12:21:50.545+0000] {logging_mixin.py:188} INFO - [2026-06-01T12:21:50.544+0000] {dag.py:3954} INFO - Setting next_dagrun for data_quality to 2026-05-31 14:00:00+00:00, run_after=2026-06-01 14:00:00+00:00
[2026-06-01T12:21:50.549+0000] {logging_mixin.py:188} INFO - [2026-06-01T12:21:50.549+0000] {dag.py:3954} INFO - Setting next_dagrun for produce_json to 2026-06-01 12:00:00+00:00, run_after=2026-06-02 12:00:00+00:00
[2026-06-01T12:21:50.551+0000] {logging_mixin.py:188} INFO - [2026-06-01T12:21:50.550+0000] {dag.py:3954} INFO - Setting next_dagrun for update_db to 2026-05-31 13:00:00+00:00, run_after=2026-06-01 13:00:00+00:00
[2026-06-01T12:21:50.572+0000] {processor.py:183} INFO - Processing /opt/airflow/dags/main.py took 0.154 seconds
[2026-06-01T12:22:21.195+0000] {processor.py:161} INFO - Started process (PID=833) to work on /opt/airflow/dags/main.py
[2026-06-01T12:22:21.196+0000] {processor.py:830} INFO - Processing file /opt/airflow/dags/main.py for tasks to queue
[2026-06-01T12:22:21.197+0000] {logging_mixin.py:188} INFO - [2026-06-01T12:22:21.197+0000] {dagbag.py:545} INFO - Filling up the DagBag from /opt/airflow/dags/main.py
[2026-06-01T12:22:21.286+0000] {processor.py:840} INFO - DAG(s) 'update_db', 'produce_json', 'data_quality' retrieved from /opt/airflow/dags/main.py
[2026-06-01T12:22:21.317+0000] {logging_mixin.py:188} INFO - [2026-06-01T12:22:21.317+0000] {dag.py:3096} INFO - Sync 3 DAGs
[2026-06-01T12:22:21.333+0000] {logging_mixin.py:188} INFO - [2026-06-01T12:22:21.333+0000] {dag.py:3954} INFO - Setting next_dagrun for data_quality to 2026-05-31 14:00:00+00:00, run_after=2026-06-01 14:00:00+00:00
[2026-06-01T12:22:21.336+0000] {logging_mixin.py:188} INFO - [2026-06-01T12:22:21.336+0000] {dag.py:3954} INFO - Setting next_dagrun for produce_json to 2026-06-01 12:00:00+00:00, run_after=2026-06-02 12:00:00+00:00
[2026-06-01T12:22:21.338+0000] {logging_mixin.py:188} INFO - [2026-06-01T12:22:21.338+0000] {dag.py:3954} INFO - Setting next_dagrun for update_db to 2026-05-31 13:00:00+00:00, run_after=2026-06-01 13:00:00+00:00
[2026-06-01T12:22:21.352+0000] {processor.py:183} INFO - Processing /opt/airflow/dags/main.py took 0.161 seconds
[2026-06-01T12:22:51.936+0000] {processor.py:161} INFO - Started process (PID=840) to work on /opt/airflow/dags/main.py
[2026-06-01T12:22:51.937+0000] {processor.py:830} INFO - Processing file /opt/airflow/dags/main.py for tasks to queue
[2026-06-01T12:22:51.938+0000] {logging_mixin.py:188} INFO - [2026-06-01T12:22:51.938+0000] {dagbag.py:545} INFO - Filling up the DagBag from /opt/airflow/dags/main.py
[2026-06-01T12:22:52.010+0000] {processor.py:840} INFO - DAG(s) 'produce_json', 'data_quality', 'update_db' retrieved from /opt/airflow/dags/main.py
[2026-06-01T12:22:52.035+0000] {logging_mixin.py:188} INFO - [2026-06-01T12:22:52.035+0000] {dag.py:3096} INFO - Sync 3 DAGs
[2026-06-01T12:22:52.051+0000] {logging_mixin.py:188} INFO - [2026-06-01T12:22:52.051+0000] {dag.py:3954} INFO - Setting next_dagrun for data_quality to 2026-05-31 14:00:00+00:00, run_after=2026-06-01 14:00:00+00:00
[2026-06-01T12:22:52.055+0000] {logging_mixin.py:188} INFO - [2026-06-01T12:22:52.055+0000] {dag.py:3954} INFO - Setting next_dagrun for produce_json to 2026-06-01 12:00:00+00:00, run_after=2026-06-02 12:00:00+00:00
[2026-06-01T12:22:52.057+0000] {logging_mixin.py:188} INFO - [2026-06-01T12:22:52.057+0000] {dag.py:3954} INFO - Setting next_dagrun for update_db to 2026-05-31 13:00:00+00:00, run_after=2026-06-01 13:00:00+00:00
[2026-06-01T12:22:52.073+0000] {processor.py:183} INFO - Processing /opt/airflow/dags/main.py took 0.141 seconds
[2026-06-01T12:23:24.578+0000] {processor.py:161} INFO - Started process (PID=847) to work on /opt/airflow/dags/main.py
[2026-06-01T12:23:24.579+0000] {processor.py:830} INFO - Processing file /opt/airflow/dags/main.py for tasks to queue
[2026-06-01T12:23:24.580+0000] {logging_mixin.py:188} INFO - [2026-06-01T12:23:24.579+0000] {dagbag.py:545} INFO - Filling up the DagBag from /opt/airflow/dags/main.py
[2026-06-01T12:23:24.652+0000] {processor.py:840} INFO - DAG(s) 'update_db', 'data_quality', 'produce_json' retrieved from /opt/airflow/dags/main.py
[2026-06-01T12:23:24.675+0000] {logging_mixin.py:188} INFO - [2026-06-01T12:23:24.675+0000] {dag.py:3096} INFO - Sync 3 DAGs
[2026-06-01T12:23:24.689+0000] {logging_mixin.py:188} INFO - [2026-06-01T12:23:24.689+0000] {dag.py:3954} INFO - Setting next_dagrun for data_quality to 2026-05-31 14:00:00+00:00, run_after=2026-06-01 14:00:00+00:00
[2026-06-01T12:23:24.692+0000] {logging_mixin.py:188} INFO - [2026-06-01T12:23:24.692+0000] {dag.py:3954} INFO - Setting next_dagrun for produce_json to 2026-06-01 12:00:00+00:00, run_after=2026-06-02 12:00:00+00:00
[2026-06-01T12:23:24.694+0000] {logging_mixin.py:188} INFO - [2026-06-01T12:23:24.694+0000] {dag.py:3954} INFO - Setting next_dagrun for update_db to 2026-05-31 13:00:00+00:00, run_after=2026-06-01 13:00:00+00:00
[2026-06-01T12:23:24.716+0000] {processor.py:183} INFO - Processing /opt/airflow/dags/main.py took 0.142 seconds
[2026-06-01T12:23:54.774+0000] {processor.py:161} INFO - Started process (PID=854) to work on /opt/airflow/dags/main.py
[2026-06-01T12:23:54.775+0000] {processor.py:830} INFO - Processing file /opt/airflow/dags/main.py for tasks to queue
[2026-06-01T12:23:54.776+0000] {logging_mixin.py:188} INFO - [2026-06-01T12:23:54.776+0000] {dagbag.py:545} INFO - Filling up the DagBag from /opt/airflow/dags/main.py
[2026-06-01T12:23:54.865+0000] {processor.py:840} INFO - DAG(s) 'produce_json', 'update_db', 'data_quality' retrieved from /opt/airflow/dags/main.py
[2026-06-01T12:23:54.893+0000] {logging_mixin.py:188} INFO - [2026-06-01T12:23:54.892+0000] {dag.py:3096} INFO - Sync 3 DAGs
[2026-06-01T12:23:54.906+0000] {logging_mixin.py:188} INFO - [2026-06-01T12:23:54.906+0000] {dag.py:3954} INFO - Setting next_dagrun for data_quality to 2026-05-31 14:00:00+00:00, run_after=2026-06-01 14:00:00+00:00
[2026-06-01T12:23:54.909+0000] {logging_mixin.py:188} INFO - [2026-06-01T12:23:54.909+0000] {dag.py:3954} INFO - Setting next_dagrun for produce_json to 2026-06-01 12:00:00+00:00, run_after=2026-06-02 12:00:00+00:00
[2026-06-01T12:23:54.911+0000] {logging_mixin.py:188} INFO - [2026-06-01T12:23:54.911+0000] {dag.py:3954} INFO - Setting next_dagrun for update_db to 2026-05-31 13:00:00+00:00, run_after=2026-06-01 13:00:00+00:00
[2026-06-01T12:23:54.925+0000] {processor.py:183} INFO - Processing /opt/airflow/dags/main.py took 0.155 seconds
[2026-06-01T12:24:25.541+0000] {processor.py:161} INFO - Started process (PID=861) to work on /opt/airflow/dags/main.py
[2026-06-01T12:24:25.542+0000] {processor.py:830} INFO - Processing file /opt/airflow/dags/main.py for tasks to queue
[2026-06-01T12:24:25.542+0000] {logging_mixin.py:188} INFO - [2026-06-01T12:24:25.542+0000] {dagbag.py:545} INFO - Filling up the DagBag from /opt/airflow/dags/main.py
[2026-06-01T12:24:25.614+0000] {processor.py:840} INFO - DAG(s) 'data_quality', 'produce_json', 'update_db' retrieved from /opt/airflow/dags/main.py
[2026-06-01T12:24:25.637+0000] {logging_mixin.py:188} INFO - [2026-06-01T12:24:25.637+0000] {dag.py:3096} INFO - Sync 3 DAGs
[2026-06-01T12:24:25.652+0000] {logging_mixin.py:188} INFO - [2026-06-01T12:24:25.652+0000] {dag.py:3954} INFO - Setting next_dagrun for data_quality to 2026-05-31 14:00:00+00:00, run_after=2026-06-01 14:00:00+00:00
[2026-06-01T12:24:25.656+0000] {logging_mixin.py:188} INFO - [2026-06-01T12:24:25.656+0000] {dag.py:3954} INFO - Setting next_dagrun for produce_json to 2026-06-01 12:00:00+00:00, run_after=2026-06-02 12:00:00+00:00
[2026-06-01T12:24:25.658+0000] {logging_mixin.py:188} INFO - [2026-06-01T12:24:25.658+0000] {dag.py:3954} INFO - Setting next_dagrun for update_db to 2026-05-31 13:00:00+00:00, run_after=2026-06-01 13:00:00+00:00
[2026-06-01T12:24:25.671+0000] {processor.py:183} INFO - Processing /opt/airflow/dags/main.py took 0.135 seconds
[2026-06-01T12:24:56.296+0000] {processor.py:161} INFO - Started process (PID=868) to work on /opt/airflow/dags/main.py
[2026-06-01T12:24:56.297+0000] {processor.py:830} INFO - Processing file /opt/airflow/dags/main.py for tasks to queue
[2026-06-01T12:24:56.298+0000] {logging_mixin.py:188} INFO - [2026-06-01T12:24:56.298+0000] {dagbag.py:545} INFO - Filling up the DagBag from /opt/airflow/dags/main.py
[2026-06-01T12:24:56.373+0000] {processor.py:840} INFO - DAG(s) 'data_quality', 'update_db', 'produce_json' retrieved from /opt/airflow/dags/main.py
[2026-06-01T12:24:56.396+0000] {logging_mixin.py:188} INFO - [2026-06-01T12:24:56.396+0000] {dag.py:3096} INFO - Sync 3 DAGs
[2026-06-01T12:24:56.412+0000] {logging_mixin.py:188} INFO - [2026-06-01T12:24:56.412+0000] {dag.py:3954} INFO - Setting next_dagrun for data_quality to 2026-05-31 14:00:00+00:00, run_after=2026-06-01 14:00:00+00:00
[2026-06-01T12:24:56.416+0000] {logging_mixin.py:188} INFO - [2026-06-01T12:24:56.416+0000] {dag.py:3954} INFO - Setting next_dagrun for produce_json to 2026-06-01 12:00:00+00:00, run_after=2026-06-02 12:00:00+00:00
[2026-06-01T12:24:56.418+0000] {logging_mixin.py:188} INFO - [2026-06-01T12:24:56.418+0000] {dag.py:3954} INFO - Setting next_dagrun for update_db to 2026-05-31 13:00:00+00:00, run_after=2026-06-01 13:00:00+00:00
[2026-06-01T12:24:56.434+0000] {processor.py:183} INFO - Processing /opt/airflow/dags/main.py took 0.142 seconds
[2026-06-01T12:25:26.823+0000] {processor.py:161} INFO - Started process (PID=875) to work on /opt/airflow/dags/main.py
[2026-06-01T12:25:26.824+0000] {processor.py:830} INFO - Processing file /opt/airflow/dags/main.py for tasks to queue
[2026-06-01T12:25:26.825+0000] {logging_mixin.py:188} INFO - [2026-06-01T12:25:26.825+0000] {dagbag.py:545} INFO - Filling up the DagBag from /opt/airflow/dags/main.py
[2026-06-01T12:25:26.894+0000] {processor.py:840} INFO - DAG(s) 'produce_json', 'data_quality', 'update_db' retrieved from /opt/airflow/dags/main.py
[2026-06-01T12:25:26.920+0000] {logging_mixin.py:188} INFO - [2026-06-01T12:25:26.920+0000] {dag.py:3096} INFO - Sync 3 DAGs
[2026-06-01T12:25:26.935+0000] {logging_mixin.py:188} INFO - [2026-06-01T12:25:26.935+0000] {dag.py:3954} INFO - Setting next_dagrun for data_quality to 2026-05-31 14:00:00+00:00, run_after=2026-06-01 14:00:00+00:00
[2026-06-01T12:25:26.939+0000] {logging_mixin.py:188} INFO - [2026-06-01T12:25:26.939+0000] {dag.py:3954} INFO - Setting next_dagrun for produce_json to 2026-06-01 12:00:00+00:00, run_after=2026-06-02 12:00:00+00:00
[2026-06-01T12:25:26.941+0000] {logging_mixin.py:188} INFO - [2026-06-01T12:25:26.941+0000] {dag.py:3954} INFO - Setting next_dagrun for update_db to 2026-05-31 13:00:00+00:00, run_after=2026-06-01 13:00:00+00:00
[2026-06-01T12:25:26.962+0000] {processor.py:183} INFO - Processing /opt/airflow/dags/main.py took 0.143 seconds
[2026-06-01T12:25:57.522+0000] {processor.py:161} INFO - Started process (PID=882) to work on /opt/airflow/dags/main.py
[2026-06-01T12:25:57.523+0000] {processor.py:830} INFO - Processing file /opt/airflow/dags/main.py for tasks to queue
[2026-06-01T12:25:57.524+0000] {logging_mixin.py:188} INFO - [2026-06-01T12:25:57.523+0000] {dagbag.py:545} INFO - Filling up the DagBag from /opt/airflow/dags/main.py
[2026-06-01T12:25:57.616+0000] {processor.py:840} INFO - DAG(s) 'update_db', 'produce_json', 'data_quality' retrieved from /opt/airflow/dags/main.py
[2026-06-01T12:25:57.644+0000] {logging_mixin.py:188} INFO - [2026-06-01T12:25:57.643+0000] {dag.py:3096} INFO - Sync 3 DAGs
[2026-06-01T12:25:57.660+0000] {logging_mixin.py:188} INFO - [2026-06-01T12:25:57.660+0000] {dag.py:3954} INFO - Setting next_dagrun for data_quality to 2026-05-31 14:00:00+00:00, run_after=2026-06-01 14:00:00+00:00
[2026-06-01T12:25:57.663+0000] {logging_mixin.py:188} INFO - [2026-06-01T12:25:57.663+0000] {dag.py:3954} INFO - Setting next_dagrun for produce_json to 2026-06-01 12:00:00+00:00, run_after=2026-06-02 12:00:00+00:00
[2026-06-01T12:25:57.665+0000] {logging_mixin.py:188} INFO - [2026-06-01T12:25:57.665+0000] {dag.py:3954} INFO - Setting next_dagrun for update_db to 2026-05-31 13:00:00+00:00, run_after=2026-06-01 13:00:00+00:00
[2026-06-01T12:25:57.680+0000] {processor.py:183} INFO - Processing /opt/airflow/dags/main.py took 0.162 seconds
[2026-06-01T12:26:28.240+0000] {processor.py:161} INFO - Started process (PID=889) to work on /opt/airflow/dags/main.py
[2026-06-01T12:26:28.241+0000] {processor.py:830} INFO - Processing file /opt/airflow/dags/main.py for tasks to queue
[2026-06-01T12:26:28.242+0000] {logging_mixin.py:188} INFO - [2026-06-01T12:26:28.242+0000] {dagbag.py:545} INFO - Filling up the DagBag from /opt/airflow/dags/main.py
[2026-06-01T12:26:28.310+0000] {processor.py:840} INFO - DAG(s) 'data_quality', 'update_db', 'produce_json' retrieved from /opt/airflow/dags/main.py
[2026-06-01T12:26:28.332+0000] {logging_mixin.py:188} INFO - [2026-06-01T12:26:28.332+0000] {dag.py:3096} INFO - Sync 3 DAGs
[2026-06-01T12:26:28.347+0000] {logging_mixin.py:188} INFO - [2026-06-01T12:26:28.346+0000] {dag.py:3954} INFO - Setting next_dagrun for data_quality to 2026-05-31 14:00:00+00:00, run_after=2026-06-01 14:00:00+00:00
[2026-06-01T12:26:28.350+0000] {logging_mixin.py:188} INFO - [2026-06-01T12:26:28.350+0000] {dag.py:3954} INFO - Setting next_dagrun for produce_json to 2026-06-01 12:00:00+00:00, run_after=2026-06-02 12:00:00+00:00
[2026-06-01T12:26:28.353+0000] {logging_mixin.py:188} INFO - [2026-06-01T12:26:28.353+0000] {dag.py:3954} INFO - Setting next_dagrun for update_db to 2026-05-31 13:00:00+00:00, run_after=2026-06-01 13:00:00+00:00
[2026-06-01T12:26:28.365+0000] {processor.py:183} INFO - Processing /opt/airflow/dags/main.py took 0.131 seconds
[2026-06-01T12:26:59.112+0000] {processor.py:161} INFO - Started process (PID=896) to work on /opt/airflow/dags/main.py
[2026-06-01T12:26:59.113+0000] {processor.py:830} INFO - Processing file /opt/airflow/dags/main.py for tasks to queue
[2026-06-01T12:26:59.114+0000] {logging_mixin.py:188} INFO - [2026-06-01T12:26:59.114+0000] {dagbag.py:545} INFO - Filling up the DagBag from /opt/airflow/dags/main.py
[2026-06-01T12:26:59.183+0000] {processor.py:840} INFO - DAG(s) 'produce_json', 'data_quality', 'update_db' retrieved from /opt/airflow/dags/main.py
[2026-06-01T12:26:59.205+0000] {logging_mixin.py:188} INFO - [2026-06-01T12:26:59.205+0000] {dag.py:3096} INFO - Sync 3 DAGs
[2026-06-01T12:26:59.219+0000] {logging_mixin.py:188} INFO - [2026-06-01T12:26:59.219+0000] {dag.py:3954} INFO - Setting next_dagrun for data_quality to 2026-05-31 14:00:00+00:00, run_after=2026-06-01 14:00:00+00:00
[2026-06-01T12:26:59.222+0000] {logging_mixin.py:188} INFO - [2026-06-01T12:26:59.222+0000] {dag.py:3954} INFO - Setting next_dagrun for produce_json to 2026-06-01 12:00:00+00:00, run_after=2026-06-02 12:00:00+00:00
[2026-06-01T12:26:59.223+0000] {logging_mixin.py:188} INFO - [2026-06-01T12:26:59.223+0000] {dag.py:3954} INFO - Setting next_dagrun for update_db to 2026-05-31 13:00:00+00:00, run_after=2026-06-01 13:00:00+00:00
[2026-06-01T12:26:59.235+0000] {processor.py:183} INFO - Processing /opt/airflow/dags/main.py took 0.127 seconds
[2026-06-01T12:27:29.771+0000] {processor.py:161} INFO - Started process (PID=903) to work on /opt/airflow/dags/main.py
[2026-06-01T12:27:29.771+0000] {processor.py:830} INFO - Processing file /opt/airflow/dags/main.py for tasks to queue
[2026-06-01T12:27:29.772+0000] {logging_mixin.py:188} INFO - [2026-06-01T12:27:29.772+0000] {dagbag.py:545} INFO - Filling up the DagBag from /opt/airflow/dags/main.py
[2026-06-01T12:27:29.840+0000] {processor.py:840} INFO - DAG(s) 'produce_json', 'data_quality', 'update_db' retrieved from /opt/airflow/dags/main.py
[2026-06-01T12:27:29.862+0000] {logging_mixin.py:188} INFO - [2026-06-01T12:27:29.862+0000] {dag.py:3096} INFO - Sync 3 DAGs
[2026-06-01T12:27:29.876+0000] {logging_mixin.py:188} INFO - [2026-06-01T12:27:29.876+0000] {dag.py:3954} INFO - Setting next_dagrun for data_quality to 2026-05-31 14:00:00+00:00, run_after=2026-06-01 14:00:00+00:00
[2026-06-01T12:27:29.879+0000] {logging_mixin.py:188} INFO - [2026-06-01T12:27:29.879+0000] {dag.py:3954} INFO - Setting next_dagrun for produce_json to 2026-06-01 12:00:00+00:00, run_after=2026-06-02 12:00:00+00:00
[2026-06-01T12:27:29.881+0000] {logging_mixin.py:188} INFO - [2026-06-01T12:27:29.881+0000] {dag.py:3954} INFO - Setting next_dagrun for update_db to 2026-05-31 13:00:00+00:00, run_after=2026-06-01 13:00:00+00:00
[2026-06-01T12:27:29.906+0000] {processor.py:183} INFO - Processing /opt/airflow/dags/main.py took 0.139 seconds
[2026-06-01T12:28:01.440+0000] {processor.py:161} INFO - Started process (PID=910) to work on /opt/airflow/dags/main.py
[2026-06-01T12:28:01.442+0000] {processor.py:830} INFO - Processing file /opt/airflow/dags/main.py for tasks to queue
[2026-06-01T12:28:01.443+0000] {logging_mixin.py:188} INFO - [2026-06-01T12:28:01.442+0000] {dagbag.py:545} INFO - Filling up the DagBag from /opt/airflow/dags/main.py
[2026-06-01T12:28:01.536+0000] {processor.py:840} INFO - DAG(s) 'produce_json', 'update_db', 'data_quality' retrieved from /opt/airflow/dags/main.py
[2026-06-01T12:28:01.568+0000] {logging_mixin.py:188} INFO - [2026-06-01T12:28:01.568+0000] {dag.py:3096} INFO - Sync 3 DAGs
[2026-06-01T12:28:01.587+0000] {logging_mixin.py:188} INFO - [2026-06-01T12:28:01.587+0000] {dag.py:3954} INFO - Setting next_dagrun for data_quality to 2026-05-31 14:00:00+00:00, run_after=2026-06-01 14:00:00+00:00
[2026-06-01T12:28:01.592+0000] {logging_mixin.py:188} INFO - [2026-06-01T12:28:01.592+0000] {dag.py:3954} INFO - Setting next_dagrun for produce_json to 2026-06-01 12:00:00+00:00, run_after=2026-06-02 12:00:00+00:00
[2026-06-01T12:28:01.594+0000] {logging_mixin.py:188} INFO - [2026-06-01T12:28:01.594+0000] {dag.py:3954} INFO - Setting next_dagrun for update_db to 2026-05-31 13:00:00+00:00, run_after=2026-06-01 13:00:00+00:00
[2026-06-01T12:28:01.619+0000] {processor.py:183} INFO - Processing /opt/airflow/dags/main.py took 0.186 seconds
[2026-06-01T12:28:31.677+0000] {processor.py:161} INFO - Started process (PID=917) to work on /opt/airflow/dags/main.py
[2026-06-01T12:28:31.678+0000] {processor.py:830} INFO - Processing file /opt/airflow/dags/main.py for tasks to queue
[2026-06-01T12:28:31.679+0000] {logging_mixin.py:188} INFO - [2026-06-01T12:28:31.679+0000] {dagbag.py:545} INFO - Filling up the DagBag from /opt/airflow/dags/main.py
[2026-06-01T12:28:31.758+0000] {processor.py:840} INFO - DAG(s) 'data_quality', 'update_db', 'produce_json' retrieved from /opt/airflow/dags/main.py
[2026-06-01T12:28:31.782+0000] {logging_mixin.py:188} INFO - [2026-06-01T12:28:31.782+0000] {dag.py:3096} INFO - Sync 3 DAGs
[2026-06-01T12:28:31.799+0000] {logging_mixin.py:188} INFO - [2026-06-01T12:28:31.799+0000] {dag.py:3954} INFO - Setting next_dagrun for data_quality to 2026-05-31 14:00:00+00:00, run_after=2026-06-01 14:00:00+00:00
[2026-06-01T12:28:31.805+0000] {logging_mixin.py:188} INFO - [2026-06-01T12:28:31.804+0000] {dag.py:3954} INFO - Setting next_dagrun for produce_json to 2026-06-01 12:00:00+00:00, run_after=2026-06-02 12:00:00+00:00
[2026-06-01T12:28:31.808+0000] {logging_mixin.py:188} INFO - [2026-06-01T12:28:31.808+0000] {dag.py:3954} INFO - Setting next_dagrun for update_db to 2026-05-31 13:00:00+00:00, run_after=2026-06-01 13:00:00+00:00
[2026-06-01T12:28:31.829+0000] {processor.py:183} INFO - Processing /opt/airflow/dags/main.py took 0.157 seconds
[2026-06-01T12:29:02.383+0000] {processor.py:161} INFO - Started process (PID=924) to work on /opt/airflow/dags/main.py
[2026-06-01T12:29:02.384+0000] {processor.py:830} INFO - Processing file /opt/airflow/dags/main.py for tasks to queue
[2026-06-01T12:29:02.385+0000] {logging_mixin.py:188} INFO - [2026-06-01T12:29:02.384+0000] {dagbag.py:545} INFO - Filling up the DagBag from /opt/airflow/dags/main.py
[2026-06-01T12:29:02.470+0000] {processor.py:840} INFO - DAG(s) 'update_db', 'produce_json', 'data_quality' retrieved from /opt/airflow/dags/main.py
[2026-06-01T12:29:02.495+0000] {logging_mixin.py:188} INFO - [2026-06-01T12:29:02.495+0000] {dag.py:3096} INFO - Sync 3 DAGs
[2026-06-01T12:29:02.512+0000] {logging_mixin.py:188} INFO - [2026-06-01T12:29:02.511+0000] {dag.py:3954} INFO - Setting next_dagrun for data_quality to 2026-05-31 14:00:00+00:00, run_after=2026-06-01 14:00:00+00:00
[2026-06-01T12:29:02.515+0000] {logging_mixin.py:188} INFO - [2026-06-01T12:29:02.515+0000] {dag.py:3954} INFO - Setting next_dagrun for produce_json to 2026-06-01 12:00:00+00:00, run_after=2026-06-02 12:00:00+00:00
[2026-06-01T12:29:02.518+0000] {logging_mixin.py:188} INFO - [2026-06-01T12:29:02.518+0000] {dag.py:3954} INFO - Setting next_dagrun for update_db to 2026-05-31 13:00:00+00:00, run_after=2026-06-01 13:00:00+00:00
[2026-06-01T12:29:02.542+0000] {processor.py:183} INFO - Processing /opt/airflow/dags/main.py took 0.164 seconds
[2026-06-01T12:29:33.056+0000] {processor.py:161} INFO - Started process (PID=931) to work on /opt/airflow/dags/main.py
[2026-06-01T12:29:33.057+0000] {processor.py:830} INFO - Processing file /opt/airflow/dags/main.py for tasks to queue
[2026-06-01T12:29:33.058+0000] {logging_mixin.py:188} INFO - [2026-06-01T12:29:33.058+0000] {dagbag.py:545} INFO - Filling up the DagBag from /opt/airflow/dags/main.py
[2026-06-01T12:29:33.146+0000] {processor.py:840} INFO - DAG(s) 'data_quality', 'update_db', 'produce_json' retrieved from /opt/airflow/dags/main.py
[2026-06-01T12:29:33.174+0000] {logging_mixin.py:188} INFO - [2026-06-01T12:29:33.174+0000] {dag.py:3096} INFO - Sync 3 DAGs
[2026-06-01T12:29:33.191+0000] {logging_mixin.py:188} INFO - [2026-06-01T12:29:33.191+0000] {dag.py:3954} INFO - Setting next_dagrun for data_quality to 2026-05-31 14:00:00+00:00, run_after=2026-06-01 14:00:00+00:00
[2026-06-01T12:29:33.196+0000] {logging_mixin.py:188} INFO - [2026-06-01T12:29:33.196+0000] {dag.py:3954} INFO - Setting next_dagrun for produce_json to 2026-06-01 12:00:00+00:00, run_after=2026-06-02 12:00:00+00:00
[2026-06-01T12:29:33.198+0000] {logging_mixin.py:188} INFO - [2026-06-01T12:29:33.198+0000] {dag.py:3954} INFO - Setting next_dagrun for update_db to 2026-05-31 13:00:00+00:00, run_after=2026-06-01 13:00:00+00:00
[2026-06-01T12:29:33.224+0000] {processor.py:183} INFO - Processing /opt/airflow/dags/main.py took 0.175 seconds
[2026-06-01T12:30:03.852+0000] {processor.py:161} INFO - Started process (PID=938) to work on /opt/airflow/dags/main.py
[2026-06-01T12:30:03.853+0000] {processor.py:830} INFO - Processing file /opt/airflow/dags/main.py for tasks to queue
[2026-06-01T12:30:03.853+0000] {logging_mixin.py:188} INFO - [2026-06-01T12:30:03.853+0000] {dagbag.py:545} INFO - Filling up the DagBag from /opt/airflow/dags/main.py
[2026-06-01T12:30:03.929+0000] {processor.py:840} INFO - DAG(s) 'update_db', 'data_quality', 'produce_json' retrieved from /opt/airflow/dags/main.py
[2026-06-01T12:30:03.953+0000] {logging_mixin.py:188} INFO - [2026-06-01T12:30:03.953+0000] {dag.py:3096} INFO - Sync 3 DAGs
[2026-06-01T12:30:03.967+0000] {logging_mixin.py:188} INFO - [2026-06-01T12:30:03.967+0000] {dag.py:3954} INFO - Setting next_dagrun for data_quality to 2026-05-31 14:00:00+00:00, run_after=2026-06-01 14:00:00+00:00
[2026-06-01T12:30:03.971+0000] {logging_mixin.py:188} INFO - [2026-06-01T12:30:03.971+0000] {dag.py:3954} INFO - Setting next_dagrun for produce_json to 2026-06-01 12:00:00+00:00, run_after=2026-06-02 12:00:00+00:00
[2026-06-01T12:30:03.973+0000] {logging_mixin.py:188} INFO - [2026-06-01T12:30:03.973+0000] {dag.py:3954} INFO - Setting next_dagrun for update_db to 2026-05-31 13:00:00+00:00, run_after=2026-06-01 13:00:00+00:00
[2026-06-01T12:30:03.987+0000] {processor.py:183} INFO - Processing /opt/airflow/dags/main.py took 0.139 seconds
[2026-06-01T12:30:34.458+0000] {processor.py:161} INFO - Started process (PID=939) to work on /opt/airflow/dags/main.py
[2026-06-01T12:30:34.459+0000] {processor.py:830} INFO - Processing file /opt/airflow/dags/main.py for tasks to queue
[2026-06-01T12:30:34.460+0000] {logging_mixin.py:188} INFO - [2026-06-01T12:30:34.460+0000] {dagbag.py:545} INFO - Filling up the DagBag from /opt/airflow/dags/main.py
[2026-06-01T12:30:34.540+0000] {processor.py:840} INFO - DAG(s) 'produce_json', 'update_db', 'data_quality' retrieved from /opt/airflow/dags/main.py
[2026-06-01T12:30:34.565+0000] {logging_mixin.py:188} INFO - [2026-06-01T12:30:34.565+0000] {dag.py:3096} INFO - Sync 3 DAGs
[2026-06-01T12:30:34.583+0000] {logging_mixin.py:188} INFO - [2026-06-01T12:30:34.582+0000] {dag.py:3954} INFO - Setting next_dagrun for data_quality to 2026-05-31 14:00:00+00:00, run_after=2026-06-01 14:00:00+00:00
[2026-06-01T12:30:34.587+0000] {logging_mixin.py:188} INFO - [2026-06-01T12:30:34.586+0000] {dag.py:3954} INFO - Setting next_dagrun for produce_json to 2026-06-01 12:00:00+00:00, run_after=2026-06-02 12:00:00+00:00
[2026-06-01T12:30:34.589+0000] {logging_mixin.py:188} INFO - [2026-06-01T12:30:34.589+0000] {dag.py:3954} INFO - Setting next_dagrun for update_db to 2026-05-31 13:00:00+00:00, run_after=2026-06-01 13:00:00+00:00
[2026-06-01T12:30:34.603+0000] {processor.py:183} INFO - Processing /opt/airflow/dags/main.py took 0.150 seconds
[2026-06-01T12:31:05.074+0000] {processor.py:161} INFO - Started process (PID=946) to work on /opt/airflow/dags/main.py
[2026-06-01T12:31:05.075+0000] {processor.py:830} INFO - Processing file /opt/airflow/dags/main.py for tasks to queue
[2026-06-01T12:31:05.076+0000] {logging_mixin.py:188} INFO - [2026-06-01T12:31:05.076+0000] {dagbag.py:545} INFO - Filling up the DagBag from /opt/airflow/dags/main.py
[2026-06-01T12:31:05.158+0000] {processor.py:840} INFO - DAG(s) 'data_quality', 'update_db', 'produce_json' retrieved from /opt/airflow/dags/main.py
[2026-06-01T12:31:05.183+0000] {logging_mixin.py:188} INFO - [2026-06-01T12:31:05.183+0000] {dag.py:3096} INFO - Sync 3 DAGs
[2026-06-01T12:31:05.203+0000] {logging_mixin.py:188} INFO - [2026-06-01T12:31:05.202+0000] {dag.py:3954} INFO - Setting next_dagrun for data_quality to 2026-05-31 14:00:00+00:00, run_after=2026-06-01 14:00:00+00:00
[2026-06-01T12:31:05.207+0000] {logging_mixin.py:188} INFO - [2026-06-01T12:31:05.207+0000] {dag.py:3954} INFO - Setting next_dagrun for produce_json to 2026-06-01 12:00:00+00:00, run_after=2026-06-02 12:00:00+00:00
[2026-06-01T12:31:05.209+0000] {logging_mixin.py:188} INFO - [2026-06-01T12:31:05.209+0000] {dag.py:3954} INFO - Setting next_dagrun for update_db to 2026-05-31 13:00:00+00:00, run_after=2026-06-01 13:00:00+00:00
[2026-06-01T12:31:05.227+0000] {processor.py:183} INFO - Processing /opt/airflow/dags/main.py took 0.157 seconds
[2026-06-01T12:31:35.761+0000] {processor.py:161} INFO - Started process (PID=953) to work on /opt/airflow/dags/main.py
[2026-06-01T12:31:35.762+0000] {processor.py:830} INFO - Processing file /opt/airflow/dags/main.py for tasks to queue
[2026-06-01T12:31:35.762+0000] {logging_mixin.py:188} INFO - [2026-06-01T12:31:35.762+0000] {dagbag.py:545} INFO - Filling up the DagBag from /opt/airflow/dags/main.py
[2026-06-01T12:31:35.840+0000] {processor.py:840} INFO - DAG(s) 'data_quality', 'produce_json', 'update_db' retrieved from /opt/airflow/dags/main.py
[2026-06-01T12:31:35.869+0000] {logging_mixin.py:188} INFO - [2026-06-01T12:31:35.868+0000] {dag.py:3096} INFO - Sync 3 DAGs
[2026-06-01T12:31:35.888+0000] {logging_mixin.py:188} INFO - [2026-06-01T12:31:35.888+0000] {dag.py:3954} INFO - Setting next_dagrun for data_quality to 2026-05-31 14:00:00+00:00, run_after=2026-06-01 14:00:00+00:00
[2026-06-01T12:31:35.892+0000] {logging_mixin.py:188} INFO - [2026-06-01T12:31:35.892+0000] {dag.py:3954} INFO - Setting next_dagrun for produce_json to 2026-06-01 12:00:00+00:00, run_after=2026-06-02 12:00:00+00:00
[2026-06-01T12:31:35.894+0000] {logging_mixin.py:188} INFO - [2026-06-01T12:31:35.894+0000] {dag.py:3954} INFO - Setting next_dagrun for update_db to 2026-05-31 13:00:00+00:00, run_after=2026-06-01 13:00:00+00:00
[2026-06-01T12:31:35.921+0000] {processor.py:183} INFO - Processing /opt/airflow/dags/main.py took 0.164 seconds
[2026-06-01T12:32:06.636+0000] {processor.py:161} INFO - Started process (PID=960) to work on /opt/airflow/dags/main.py
[2026-06-01T12:32:06.637+0000] {processor.py:830} INFO - Processing file /opt/airflow/dags/main.py for tasks to queue
[2026-06-01T12:32:06.638+0000] {logging_mixin.py:188} INFO - [2026-06-01T12:32:06.638+0000] {dagbag.py:545} INFO - Filling up the DagBag from /opt/airflow/dags/main.py
[2026-06-01T12:32:06.722+0000] {processor.py:840} INFO - DAG(s) 'update_db', 'data_quality', 'produce_json' retrieved from /opt/airflow/dags/main.py
[2026-06-01T12:32:06.747+0000] {logging_mixin.py:188} INFO - [2026-06-01T12:32:06.747+0000] {dag.py:3096} INFO - Sync 3 DAGs
[2026-06-01T12:32:06.763+0000] {logging_mixin.py:188} INFO - [2026-06-01T12:32:06.763+0000] {dag.py:3954} INFO - Setting next_dagrun for data_quality to 2026-05-31 14:00:00+00:00, run_after=2026-06-01 14:00:00+00:00
[2026-06-01T12:32:06.767+0000] {logging_mixin.py:188} INFO - [2026-06-01T12:32:06.767+0000] {dag.py:3954} INFO - Setting next_dagrun for produce_json to 2026-06-01 12:00:00+00:00, run_after=2026-06-02 12:00:00+00:00
[2026-06-01T12:32:06.769+0000] {logging_mixin.py:188} INFO - [2026-06-01T12:32:06.769+0000] {dag.py:3954} INFO - Setting next_dagrun for update_db to 2026-05-31 13:00:00+00:00, run_after=2026-06-01 13:00:00+00:00
[2026-06-01T12:32:06.781+0000] {processor.py:183} INFO - Processing /opt/airflow/dags/main.py took 0.149 seconds
[2026-06-01T12:32:37.549+0000] {processor.py:161} INFO - Started process (PID=967) to work on /opt/airflow/dags/main.py
[2026-06-01T12:32:37.550+0000] {processor.py:830} INFO - Processing file /opt/airflow/dags/main.py for tasks to queue
[2026-06-01T12:32:37.551+0000] {logging_mixin.py:188} INFO - [2026-06-01T12:32:37.551+0000] {dagbag.py:545} INFO - Filling up the DagBag from /opt/airflow/dags/main.py
[2026-06-01T12:32:37.621+0000] {processor.py:840} INFO - DAG(s) 'update_db', 'produce_json', 'data_quality' retrieved from /opt/airflow/dags/main.py
[2026-06-01T12:32:37.647+0000] {logging_mixin.py:188} INFO - [2026-06-01T12:32:37.647+0000] {dag.py:3096} INFO - Sync 3 DAGs
[2026-06-01T12:32:37.662+0000] {logging_mixin.py:188} INFO - [2026-06-01T12:32:37.662+0000] {dag.py:3954} INFO - Setting next_dagrun for data_quality to 2026-05-31 14:00:00+00:00, run_after=2026-06-01 14:00:00+00:00
[2026-06-01T12:32:37.666+0000] {logging_mixin.py:188} INFO - [2026-06-01T12:32:37.665+0000] {dag.py:3954} INFO - Setting next_dagrun for produce_json to 2026-06-01 12:00:00+00:00, run_after=2026-06-02 12:00:00+00:00
[2026-06-01T12:32:37.668+0000] {logging_mixin.py:188} INFO - [2026-06-01T12:32:37.668+0000] {dag.py:3954} INFO - Setting next_dagrun for update_db to 2026-05-31 13:00:00+00:00, run_after=2026-06-01 13:00:00+00:00
[2026-06-01T12:32:37.682+0000] {processor.py:183} INFO - Processing /opt/airflow/dags/main.py took 0.137 seconds
[2026-06-01T12:33:07.713+0000] {processor.py:161} INFO - Started process (PID=974) to work on /opt/airflow/dags/main.py
[2026-06-01T12:33:07.715+0000] {processor.py:830} INFO - Processing file /opt/airflow/dags/main.py for tasks to queue
[2026-06-01T12:33:07.716+0000] {logging_mixin.py:188} INFO - [2026-06-01T12:33:07.716+0000] {dagbag.py:545} INFO - Filling up the DagBag from /opt/airflow/dags/main.py
[2026-06-01T12:33:07.814+0000] {processor.py:840} INFO - DAG(s) 'data_quality', 'produce_json', 'update_db' retrieved from /opt/airflow/dags/main.py
[2026-06-01T12:33:07.849+0000] {logging_mixin.py:188} INFO - [2026-06-01T12:33:07.849+0000] {dag.py:3096} INFO - Sync 3 DAGs
[2026-06-01T12:33:07.867+0000] {logging_mixin.py:188} INFO - [2026-06-01T12:33:07.867+0000] {dag.py:3954} INFO - Setting next_dagrun for data_quality to 2026-05-31 14:00:00+00:00, run_after=2026-06-01 14:00:00+00:00
[2026-06-01T12:33:07.873+0000] {logging_mixin.py:188} INFO - [2026-06-01T12:33:07.872+0000] {dag.py:3954} INFO - Setting next_dagrun for produce_json to 2026-06-01 12:00:00+00:00, run_after=2026-06-02 12:00:00+00:00
[2026-06-01T12:33:07.876+0000] {logging_mixin.py:188} INFO - [2026-06-01T12:33:07.875+0000] {dag.py:3954} INFO - Setting next_dagrun for update_db to 2026-05-31 13:00:00+00:00, run_after=2026-06-01 13:00:00+00:00
[2026-06-01T12:33:07.892+0000] {processor.py:183} INFO - Processing /opt/airflow/dags/main.py took 0.183 seconds
[2026-06-01T12:33:38.021+0000] {processor.py:161} INFO - Started process (PID=981) to work on /opt/airflow/dags/main.py
[2026-06-01T12:33:38.022+0000] {processor.py:830} INFO - Processing file /opt/airflow/dags/main.py for tasks to queue
[2026-06-01T12:33:38.023+0000] {logging_mixin.py:188} INFO - [2026-06-01T12:33:38.022+0000] {dagbag.py:545} INFO - Filling up the DagBag from /opt/airflow/dags/main.py
[2026-06-01T12:33:38.088+0000] {processor.py:840} INFO - DAG(s) 'data_quality', 'produce_json', 'update_db' retrieved from /opt/airflow/dags/main.py
[2026-06-01T12:33:38.110+0000] {logging_mixin.py:188} INFO - [2026-06-01T12:33:38.109+0000] {dag.py:3096} INFO - Sync 3 DAGs
[2026-06-01T12:33:38.123+0000] {logging_mixin.py:188} INFO - [2026-06-01T12:33:38.123+0000] {dag.py:3954} INFO - Setting next_dagrun for data_quality to 2026-05-31 14:00:00+00:00, run_after=2026-06-01 14:00:00+00:00
[2026-06-01T12:33:38.127+0000] {logging_mixin.py:188} INFO - [2026-06-01T12:33:38.127+0000] {dag.py:3954} INFO - Setting next_dagrun for produce_json to 2026-06-01 12:00:00+00:00, run_after=2026-06-02 12:00:00+00:00
[2026-06-01T12:33:38.129+0000] {logging_mixin.py:188} INFO - [2026-06-01T12:33:38.129+0000] {dag.py:3954} INFO - Setting next_dagrun for update_db to 2026-05-31 13:00:00+00:00, run_after=2026-06-01 13:00:00+00:00
[2026-06-01T12:33:38.142+0000] {processor.py:183} INFO - Processing /opt/airflow/dags/main.py took 0.125 seconds
[2026-06-01T12:34:08.468+0000] {processor.py:161} INFO - Started process (PID=988) to work on /opt/airflow/dags/main.py
[2026-06-01T12:34:08.470+0000] {processor.py:830} INFO - Processing file /opt/airflow/dags/main.py for tasks to queue
[2026-06-01T12:34:08.471+0000] {logging_mixin.py:188} INFO - [2026-06-01T12:34:08.470+0000] {dagbag.py:545} INFO - Filling up the DagBag from /opt/airflow/dags/main.py
[2026-06-01T12:34:08.562+0000] {processor.py:840} INFO - DAG(s) 'produce_json', 'data_quality', 'update_db' retrieved from /opt/airflow/dags/main.py
[2026-06-01T12:34:08.587+0000] {logging_mixin.py:188} INFO - [2026-06-01T12:34:08.587+0000] {dag.py:3096} INFO - Sync 3 DAGs
[2026-06-01T12:34:08.603+0000] {logging_mixin.py:188} INFO - [2026-06-01T12:34:08.603+0000] {dag.py:3954} INFO - Setting next_dagrun for data_quality to 2026-05-31 14:00:00+00:00, run_after=2026-06-01 14:00:00+00:00
[2026-06-01T12:34:08.608+0000] {logging_mixin.py:188} INFO - [2026-06-01T12:34:08.608+0000] {dag.py:3954} INFO - Setting next_dagrun for produce_json to 2026-06-01 12:00:00+00:00, run_after=2026-06-02 12:00:00+00:00
[2026-06-01T12:34:08.610+0000] {logging_mixin.py:188} INFO - [2026-06-01T12:34:08.610+0000] {dag.py:3954} INFO - Setting next_dagrun for update_db to 2026-05-31 13:00:00+00:00, run_after=2026-06-01 13:00:00+00:00
[2026-06-01T12:34:08.631+0000] {processor.py:183} INFO - Processing /opt/airflow/dags/main.py took 0.168 seconds
[2026-06-01T12:34:38.923+0000] {processor.py:161} INFO - Started process (PID=995) to work on /opt/airflow/dags/main.py
[2026-06-01T12:34:38.924+0000] {processor.py:830} INFO - Processing file /opt/airflow/dags/main.py for tasks to queue
[2026-06-01T12:34:38.925+0000] {logging_mixin.py:188} INFO - [2026-06-01T12:34:38.925+0000] {dagbag.py:545} INFO - Filling up the DagBag from /opt/airflow/dags/main.py
[2026-06-01T12:34:38.991+0000] {processor.py:840} INFO - DAG(s) 'produce_json', 'update_db', 'data_quality' retrieved from /opt/airflow/dags/main.py
[2026-06-01T12:34:39.013+0000] {logging_mixin.py:188} INFO - [2026-06-01T12:34:39.013+0000] {dag.py:3096} INFO - Sync 3 DAGs
[2026-06-01T12:34:39.032+0000] {logging_mixin.py:188} INFO - [2026-06-01T12:34:39.032+0000] {dag.py:3954} INFO - Setting next_dagrun for data_quality to 2026-05-31 14:00:00+00:00, run_after=2026-06-01 14:00:00+00:00
[2026-06-01T12:34:39.036+0000] {logging_mixin.py:188} INFO - [2026-06-01T12:34:39.036+0000] {dag.py:3954} INFO - Setting next_dagrun for produce_json to 2026-06-01 12:00:00+00:00, run_after=2026-06-02 12:00:00+00:00
[2026-06-01T12:34:39.038+0000] {logging_mixin.py:188} INFO - [2026-06-01T12:34:39.038+0000] {dag.py:3954} INFO - Setting next_dagrun for update_db to 2026-05-31 13:00:00+00:00, run_after=2026-06-01 13:00:00+00:00
[2026-06-01T12:34:39.051+0000] {processor.py:183} INFO - Processing /opt/airflow/dags/main.py took 0.133 seconds
[2026-06-01T12:35:09.483+0000] {processor.py:161} INFO - Started process (PID=1002) to work on /opt/airflow/dags/main.py
[2026-06-01T12:35:09.484+0000] {processor.py:830} INFO - Processing file /opt/airflow/dags/main.py for tasks to queue
[2026-06-01T12:35:09.485+0000] {logging_mixin.py:188} INFO - [2026-06-01T12:35:09.484+0000] {dagbag.py:545} INFO - Filling up the DagBag from /opt/airflow/dags/main.py
[2026-06-01T12:35:09.567+0000] {processor.py:840} INFO - DAG(s) 'produce_json', 'data_quality', 'update_db' retrieved from /opt/airflow/dags/main.py
[2026-06-01T12:35:09.593+0000] {logging_mixin.py:188} INFO - [2026-06-01T12:35:09.593+0000] {dag.py:3096} INFO - Sync 3 DAGs
[2026-06-01T12:35:09.607+0000] {logging_mixin.py:188} INFO - [2026-06-01T12:35:09.607+0000] {dag.py:3954} INFO - Setting next_dagrun for data_quality to 2026-05-31 14:00:00+00:00, run_after=2026-06-01 14:00:00+00:00
[2026-06-01T12:35:09.611+0000] {logging_mixin.py:188} INFO - [2026-06-01T12:35:09.610+0000] {dag.py:3954} INFO - Setting next_dagrun for produce_json to 2026-06-01 12:00:00+00:00, run_after=2026-06-02 12:00:00+00:00
[2026-06-01T12:35:09.613+0000] {logging_mixin.py:188} INFO - [2026-06-01T12:35:09.613+0000] {dag.py:3954} INFO - Setting next_dagrun for update_db to 2026-05-31 13:00:00+00:00, run_after=2026-06-01 13:00:00+00:00
[2026-06-01T12:35:09.625+0000] {processor.py:183} INFO - Processing /opt/airflow/dags/main.py took 0.147 seconds
[2026-06-01T12:35:39.890+0000] {processor.py:161} INFO - Started process (PID=1009) to work on /opt/airflow/dags/main.py
[2026-06-01T12:35:39.891+0000] {processor.py:830} INFO - Processing file /opt/airflow/dags/main.py for tasks to queue
[2026-06-01T12:35:39.892+0000] {logging_mixin.py:188} INFO - [2026-06-01T12:35:39.892+0000] {dagbag.py:545} INFO - Filling up the DagBag from /opt/airflow/dags/main.py
[2026-06-01T12:35:39.956+0000] {processor.py:840} INFO - DAG(s) 'update_db', 'produce_json', 'data_quality' retrieved from /opt/airflow/dags/main.py
[2026-06-01T12:35:39.984+0000] {logging_mixin.py:188} INFO - [2026-06-01T12:35:39.983+0000] {dag.py:3096} INFO - Sync 3 DAGs
[2026-06-01T12:35:40.000+0000] {logging_mixin.py:188} INFO - [2026-06-01T12:35:40.000+0000] {dag.py:3954} INFO - Setting next_dagrun for data_quality to 2026-05-31 14:00:00+00:00, run_after=2026-06-01 14:00:00+00:00
[2026-06-01T12:35:40.004+0000] {logging_mixin.py:188} INFO - [2026-06-01T12:35:40.004+0000] {dag.py:3954} INFO - Setting next_dagrun for produce_json to 2026-06-01 12:00:00+00:00, run_after=2026-06-02 12:00:00+00:00
[2026-06-01T12:35:40.006+0000] {logging_mixin.py:188} INFO - [2026-06-01T12:35:40.006+0000] {dag.py:3954} INFO - Setting next_dagrun for update_db to 2026-05-31 13:00:00+00:00, run_after=2026-06-01 13:00:00+00:00
[2026-06-01T12:35:40.019+0000] {processor.py:183} INFO - Processing /opt/airflow/dags/main.py took 0.133 seconds
[2026-06-01T12:36:10.435+0000] {processor.py:161} INFO - Started process (PID=1016) to work on /opt/airflow/dags/main.py
[2026-06-01T12:36:10.436+0000] {processor.py:830} INFO - Processing file /opt/airflow/dags/main.py for tasks to queue
[2026-06-01T12:36:10.437+0000] {logging_mixin.py:188} INFO - [2026-06-01T12:36:10.436+0000] {dagbag.py:545} INFO - Filling up the DagBag from /opt/airflow/dags/main.py
[2026-06-01T12:36:10.502+0000] {processor.py:840} INFO - DAG(s) 'produce_json', 'data_quality', 'update_db' retrieved from /opt/airflow/dags/main.py
[2026-06-01T12:36:10.524+0000] {logging_mixin.py:188} INFO - [2026-06-01T12:36:10.523+0000] {dag.py:3096} INFO - Sync 3 DAGs
[2026-06-01T12:36:10.538+0000] {logging_mixin.py:188} INFO - [2026-06-01T12:36:10.538+0000] {dag.py:3954} INFO - Setting next_dagrun for data_quality to 2026-05-31 14:00:00+00:00, run_after=2026-06-01 14:00:00+00:00
[2026-06-01T12:36:10.542+0000] {logging_mixin.py:188} INFO - [2026-06-01T12:36:10.542+0000] {dag.py:3954} INFO - Setting next_dagrun for produce_json to 2026-06-01 12:00:00+00:00, run_after=2026-06-02 12:00:00+00:00
[2026-06-01T12:36:10.544+0000] {logging_mixin.py:188} INFO - [2026-06-01T12:36:10.543+0000] {dag.py:3954} INFO - Setting next_dagrun for update_db to 2026-05-31 13:00:00+00:00, run_after=2026-06-01 13:00:00+00:00
[2026-06-01T12:36:10.563+0000] {processor.py:183} INFO - Processing /opt/airflow/dags/main.py took 0.133 seconds
[2026-06-01T12:36:40.892+0000] {processor.py:161} INFO - Started process (PID=1023) to work on /opt/airflow/dags/main.py
[2026-06-01T12:36:40.893+0000] {processor.py:830} INFO - Processing file /opt/airflow/dags/main.py for tasks to queue
[2026-06-01T12:36:40.894+0000] {logging_mixin.py:188} INFO - [2026-06-01T12:36:40.893+0000] {dagbag.py:545} INFO - Filling up the DagBag from /opt/airflow/dags/main.py
[2026-06-01T12:36:40.963+0000] {processor.py:840} INFO - DAG(s) 'produce_json', 'update_db', 'data_quality' retrieved from /opt/airflow/dags/main.py
[2026-06-01T12:36:40.986+0000] {logging_mixin.py:188} INFO - [2026-06-01T12:36:40.986+0000] {dag.py:3096} INFO - Sync 3 DAGs
[2026-06-01T12:36:41.003+0000] {logging_mixin.py:188} INFO - [2026-06-01T12:36:41.002+0000] {dag.py:3954} INFO - Setting next_dagrun for data_quality to 2026-05-31 14:00:00+00:00, run_after=2026-06-01 14:00:00+00:00
[2026-06-01T12:36:41.007+0000] {logging_mixin.py:188} INFO - [2026-06-01T12:36:41.007+0000] {dag.py:3954} INFO - Setting next_dagrun for produce_json to 2026-06-01 12:00:00+00:00, run_after=2026-06-02 12:00:00+00:00
[2026-06-01T12:36:41.009+0000] {logging_mixin.py:188} INFO - [2026-06-01T12:36:41.009+0000] {dag.py:3954} INFO - Setting next_dagrun for update_db to 2026-05-31 13:00:00+00:00, run_after=2026-06-01 13:00:00+00:00
[2026-06-01T12:36:41.025+0000] {processor.py:183} INFO - Processing /opt/airflow/dags/main.py took 0.138 seconds
[2026-06-01T12:37:13.411+0000] {processor.py:161} INFO - Started process (PID=1030) to work on /opt/airflow/dags/main.py
[2026-06-01T12:37:13.412+0000] {processor.py:830} INFO - Processing file /opt/airflow/dags/main.py for tasks to queue
[2026-06-01T12:37:13.413+0000] {logging_mixin.py:188} INFO - [2026-06-01T12:37:13.413+0000] {dagbag.py:545} INFO - Filling up the DagBag from /opt/airflow/dags/main.py
[2026-06-01T12:37:13.496+0000] {processor.py:840} INFO - DAG(s) 'data_quality', 'update_db', 'produce_json' retrieved from /opt/airflow/dags/main.py
[2026-06-01T12:37:13.520+0000] {logging_mixin.py:188} INFO - [2026-06-01T12:37:13.520+0000] {dag.py:3096} INFO - Sync 3 DAGs
[2026-06-01T12:37:13.534+0000] {logging_mixin.py:188} INFO - [2026-06-01T12:37:13.534+0000] {dag.py:3954} INFO - Setting next_dagrun for data_quality to 2026-05-31 14:00:00+00:00, run_after=2026-06-01 14:00:00+00:00
[2026-06-01T12:37:13.538+0000] {logging_mixin.py:188} INFO - [2026-06-01T12:37:13.538+0000] {dag.py:3954} INFO - Setting next_dagrun for produce_json to 2026-06-01 12:00:00+00:00, run_after=2026-06-02 12:00:00+00:00
[2026-06-01T12:37:13.540+0000] {logging_mixin.py:188} INFO - [2026-06-01T12:37:13.540+0000] {dag.py:3954} INFO - Setting next_dagrun for update_db to 2026-05-31 13:00:00+00:00, run_after=2026-06-01 13:00:00+00:00
[2026-06-01T12:37:13.555+0000] {processor.py:183} INFO - Processing /opt/airflow/dags/main.py took 0.149 seconds
[2026-06-01T12:37:43.639+0000] {processor.py:161} INFO - Started process (PID=1037) to work on /opt/airflow/dags/main.py
[2026-06-01T12:37:43.640+0000] {processor.py:830} INFO - Processing file /opt/airflow/dags/main.py for tasks to queue
[2026-06-01T12:37:43.641+0000] {logging_mixin.py:188} INFO - [2026-06-01T12:37:43.641+0000] {dagbag.py:545} INFO - Filling up the DagBag from /opt/airflow/dags/main.py
[2026-06-01T12:37:43.704+0000] {processor.py:840} INFO - DAG(s) 'data_quality', 'produce_json', 'update_db' retrieved from /opt/airflow/dags/main.py
[2026-06-01T12:37:43.725+0000] {logging_mixin.py:188} INFO - [2026-06-01T12:37:43.725+0000] {dag.py:3096} INFO - Sync 3 DAGs
[2026-06-01T12:37:43.740+0000] {logging_mixin.py:188} INFO - [2026-06-01T12:37:43.740+0000] {dag.py:3954} INFO - Setting next_dagrun for data_quality to 2026-05-31 14:00:00+00:00, run_after=2026-06-01 14:00:00+00:00
[2026-06-01T12:37:43.743+0000] {logging_mixin.py:188} INFO - [2026-06-01T12:37:43.743+0000] {dag.py:3954} INFO - Setting next_dagrun for produce_json to 2026-06-01 12:00:00+00:00, run_after=2026-06-02 12:00:00+00:00
[2026-06-01T12:37:43.745+0000] {logging_mixin.py:188} INFO - [2026-06-01T12:37:43.745+0000] {dag.py:3954} INFO - Setting next_dagrun for update_db to 2026-05-31 13:00:00+00:00, run_after=2026-06-01 13:00:00+00:00
[2026-06-01T12:37:43.767+0000] {processor.py:183} INFO - Processing /opt/airflow/dags/main.py took 0.132 seconds
[2026-06-01T12:38:14.215+0000] {processor.py:161} INFO - Started process (PID=1044) to work on /opt/airflow/dags/main.py
[2026-06-01T12:38:14.216+0000] {processor.py:830} INFO - Processing file /opt/airflow/dags/main.py for tasks to queue
[2026-06-01T12:38:14.217+0000] {logging_mixin.py:188} INFO - [2026-06-01T12:38:14.217+0000] {dagbag.py:545} INFO - Filling up the DagBag from /opt/airflow/dags/main.py
[2026-06-01T12:38:14.313+0000] {processor.py:840} INFO - DAG(s) 'produce_json', 'data_quality', 'update_db' retrieved from /opt/airflow/dags/main.py
[2026-06-01T12:38:14.339+0000] {logging_mixin.py:188} INFO - [2026-06-01T12:38:14.338+0000] {dag.py:3096} INFO - Sync 3 DAGs
[2026-06-01T12:38:14.353+0000] {logging_mixin.py:188} INFO - [2026-06-01T12:38:14.352+0000] {dag.py:3954} INFO - Setting next_dagrun for data_quality to 2026-05-31 14:00:00+00:00, run_after=2026-06-01 14:00:00+00:00
[2026-06-01T12:38:14.356+0000] {logging_mixin.py:188} INFO - [2026-06-01T12:38:14.356+0000] {dag.py:3954} INFO - Setting next_dagrun for produce_json to 2026-06-01 12:00:00+00:00, run_after=2026-06-02 12:00:00+00:00
[2026-06-01T12:38:14.358+0000] {logging_mixin.py:188} INFO - [2026-06-01T12:38:14.358+0000] {dag.py:3954} INFO - Setting next_dagrun for update_db to 2026-05-31 13:00:00+00:00, run_after=2026-06-01 13:00:00+00:00
[2026-06-01T12:38:14.373+0000] {processor.py:183} INFO - Processing /opt/airflow/dags/main.py took 0.162 seconds
[2026-06-01T12:38:44.708+0000] {processor.py:161} INFO - Started process (PID=1051) to work on /opt/airflow/dags/main.py
[2026-06-01T12:38:44.709+0000] {processor.py:830} INFO - Processing file /opt/airflow/dags/main.py for tasks to queue
[2026-06-01T12:38:44.710+0000] {logging_mixin.py:188} INFO - [2026-06-01T12:38:44.710+0000] {dagbag.py:545} INFO - Filling up the DagBag from /opt/airflow/dags/main.py
[2026-06-01T12:38:44.789+0000] {processor.py:840} INFO - DAG(s) 'produce_json', 'data_quality', 'update_db' retrieved from /opt/airflow/dags/main.py
[2026-06-01T12:38:44.814+0000] {logging_mixin.py:188} INFO - [2026-06-01T12:38:44.814+0000] {dag.py:3096} INFO - Sync 3 DAGs
[2026-06-01T12:38:44.831+0000] {logging_mixin.py:188} INFO - [2026-06-01T12:38:44.831+0000] {dag.py:3954} INFO - Setting next_dagrun for data_quality to 2026-05-31 14:00:00+00:00, run_after=2026-06-01 14:00:00+00:00
[2026-06-01T12:38:44.834+0000] {logging_mixin.py:188} INFO - [2026-06-01T12:38:44.834+0000] {dag.py:3954} INFO - Setting next_dagrun for produce_json to 2026-06-01 12:00:00+00:00, run_after=2026-06-02 12:00:00+00:00
[2026-06-01T12:38:44.836+0000] {logging_mixin.py:188} INFO - [2026-06-01T12:38:44.836+0000] {dag.py:3954} INFO - Setting next_dagrun for update_db to 2026-05-31 13:00:00+00:00, run_after=2026-06-01 13:00:00+00:00
[2026-06-01T12:38:44.859+0000] {processor.py:183} INFO - Processing /opt/airflow/dags/main.py took 0.157 seconds
[2026-06-01T12:39:15.293+0000] {processor.py:161} INFO - Started process (PID=1058) to work on /opt/airflow/dags/main.py
[2026-06-01T12:39:15.294+0000] {processor.py:830} INFO - Processing file /opt/airflow/dags/main.py for tasks to queue
[2026-06-01T12:39:15.295+0000] {logging_mixin.py:188} INFO - [2026-06-01T12:39:15.295+0000] {dagbag.py:545} INFO - Filling up the DagBag from /opt/airflow/dags/main.py
[2026-06-01T12:39:15.374+0000] {processor.py:840} INFO - DAG(s) 'produce_json', 'data_quality', 'update_db' retrieved from /opt/airflow/dags/main.py
[2026-06-01T12:39:15.409+0000] {logging_mixin.py:188} INFO - [2026-06-01T12:39:15.409+0000] {dag.py:3096} INFO - Sync 3 DAGs
[2026-06-01T12:39:15.427+0000] {logging_mixin.py:188} INFO - [2026-06-01T12:39:15.427+0000] {dag.py:3954} INFO - Setting next_dagrun for data_quality to 2026-05-31 14:00:00+00:00, run_after=2026-06-01 14:00:00+00:00
[2026-06-01T12:39:15.432+0000] {logging_mixin.py:188} INFO - [2026-06-01T12:39:15.431+0000] {dag.py:3954} INFO - Setting next_dagrun for produce_json to 2026-06-01 12:00:00+00:00, run_after=2026-06-02 12:00:00+00:00
[2026-06-01T12:39:15.434+0000] {logging_mixin.py:188} INFO - [2026-06-01T12:39:15.433+0000] {dag.py:3954} INFO - Setting next_dagrun for update_db to 2026-05-31 13:00:00+00:00, run_after=2026-06-01 13:00:00+00:00
[2026-06-01T12:39:15.449+0000] {processor.py:183} INFO - Processing /opt/airflow/dags/main.py took 0.162 seconds
[2026-06-01T12:39:45.717+0000] {processor.py:161} INFO - Started process (PID=1065) to work on /opt/airflow/dags/main.py
[2026-06-01T12:39:45.719+0000] {processor.py:830} INFO - Processing file /opt/airflow/dags/main.py for tasks to queue
[2026-06-01T12:39:45.720+0000] {logging_mixin.py:188} INFO - [2026-06-01T12:39:45.719+0000] {dagbag.py:545} INFO - Filling up the DagBag from /opt/airflow/dags/main.py
[2026-06-01T12:39:45.799+0000] {processor.py:840} INFO - DAG(s) 'update_db', 'produce_json', 'data_quality' retrieved from /opt/airflow/dags/main.py
[2026-06-01T12:39:45.828+0000] {logging_mixin.py:188} INFO - [2026-06-01T12:39:45.827+0000] {dag.py:3096} INFO - Sync 3 DAGs
[2026-06-01T12:39:45.843+0000] {logging_mixin.py:188} INFO - [2026-06-01T12:39:45.843+0000] {dag.py:3954} INFO - Setting next_dagrun for data_quality to 2026-05-31 14:00:00+00:00, run_after=2026-06-01 14:00:00+00:00
[2026-06-01T12:39:45.849+0000] {logging_mixin.py:188} INFO - [2026-06-01T12:39:45.848+0000] {dag.py:3954} INFO - Setting next_dagrun for produce_json to 2026-06-01 12:00:00+00:00, run_after=2026-06-02 12:00:00+00:00
[2026-06-01T12:39:45.851+0000] {logging_mixin.py:188} INFO - [2026-06-01T12:39:45.851+0000] {dag.py:3954} INFO - Setting next_dagrun for update_db to 2026-05-31 13:00:00+00:00, run_after=2026-06-01 13:00:00+00:00
[2026-06-01T12:39:45.872+0000] {processor.py:183} INFO - Processing /opt/airflow/dags/main.py took 0.161 seconds
[2026-06-01T12:40:16.348+0000] {processor.py:161} INFO - Started process (PID=1072) to work on /opt/airflow/dags/main.py
[2026-06-01T12:40:16.349+0000] {processor.py:830} INFO - Processing file /opt/airflow/dags/main.py for tasks to queue
[2026-06-01T12:40:16.350+0000] {logging_mixin.py:188} INFO - [2026-06-01T12:40:16.350+0000] {dagbag.py:545} INFO - Filling up the DagBag from /opt/airflow/dags/main.py
[2026-06-01T12:40:16.419+0000] {processor.py:840} INFO - DAG(s) 'produce_json', 'update_db', 'data_quality' retrieved from /opt/airflow/dags/main.py
[2026-06-01T12:40:16.441+0000] {logging_mixin.py:188} INFO - [2026-06-01T12:40:16.441+0000] {dag.py:3096} INFO - Sync 3 DAGs
[2026-06-01T12:40:16.456+0000] {logging_mixin.py:188} INFO - [2026-06-01T12:40:16.456+0000] {dag.py:3954} INFO - Setting next_dagrun for data_quality to 2026-05-31 14:00:00+00:00, run_after=2026-06-01 14:00:00+00:00
[2026-06-01T12:40:16.460+0000] {logging_mixin.py:188} INFO - [2026-06-01T12:40:16.460+0000] {dag.py:3954} INFO - Setting next_dagrun for produce_json to 2026-06-01 12:00:00+00:00, run_after=2026-06-02 12:00:00+00:00
[2026-06-01T12:40:16.462+0000] {logging_mixin.py:188} INFO - [2026-06-01T12:40:16.462+0000] {dag.py:3954} INFO - Setting next_dagrun for update_db to 2026-05-31 13:00:00+00:00, run_after=2026-06-01 13:00:00+00:00
[2026-06-01T12:40:16.477+0000] {processor.py:183} INFO - Processing /opt/airflow/dags/main.py took 0.133 seconds
[2026-06-01T12:40:46.769+0000] {processor.py:161} INFO - Started process (PID=1073) to work on /opt/airflow/dags/main.py
[2026-06-01T12:40:46.770+0000] {processor.py:830} INFO - Processing file /opt/airflow/dags/main.py for tasks to queue
[2026-06-01T12:40:46.771+0000] {logging_mixin.py:188} INFO - [2026-06-01T12:40:46.771+0000] {dagbag.py:545} INFO - Filling up the DagBag from /opt/airflow/dags/main.py
[2026-06-01T12:40:46.841+0000] {processor.py:840} INFO - DAG(s) 'update_db', 'data_quality', 'produce_json' retrieved from /opt/airflow/dags/main.py
[2026-06-01T12:40:46.864+0000] {logging_mixin.py:188} INFO - [2026-06-01T12:40:46.864+0000] {dag.py:3096} INFO - Sync 3 DAGs
[2026-06-01T12:40:46.881+0000] {logging_mixin.py:188} INFO - [2026-06-01T12:40:46.881+0000] {dag.py:3954} INFO - Setting next_dagrun for data_quality to 2026-05-31 14:00:00+00:00, run_after=2026-06-01 14:00:00+00:00
[2026-06-01T12:40:46.885+0000] {logging_mixin.py:188} INFO - [2026-06-01T12:40:46.885+0000] {dag.py:3954} INFO - Setting next_dagrun for produce_json to 2026-06-01 12:00:00+00:00, run_after=2026-06-02 12:00:00+00:00
[2026-06-01T12:40:46.887+0000] {logging_mixin.py:188} INFO - [2026-06-01T12:40:46.887+0000] {dag.py:3954} INFO - Setting next_dagrun for update_db to 2026-05-31 13:00:00+00:00, run_after=2026-06-01 13:00:00+00:00
[2026-06-01T12:40:46.899+0000] {processor.py:183} INFO - Processing /opt/airflow/dags/main.py took 0.135 seconds
[2026-06-01T12:41:17.383+0000] {processor.py:161} INFO - Started process (PID=1080) to work on /opt/airflow/dags/main.py
[2026-06-01T12:41:17.384+0000] {processor.py:830} INFO - Processing file /opt/airflow/dags/main.py for tasks to queue
[2026-06-01T12:41:17.385+0000] {logging_mixin.py:188} INFO - [2026-06-01T12:41:17.385+0000] {dagbag.py:545} INFO - Filling up the DagBag from /opt/airflow/dags/main.py
[2026-06-01T12:41:17.471+0000] {processor.py:840} INFO - DAG(s) 'data_quality', 'produce_json', 'update_db' retrieved from /opt/airflow/dags/main.py
[2026-06-01T12:41:17.499+0000] {logging_mixin.py:188} INFO - [2026-06-01T12:41:17.499+0000] {dag.py:3096} INFO - Sync 3 DAGs
[2026-06-01T12:41:17.515+0000] {logging_mixin.py:188} INFO - [2026-06-01T12:41:17.514+0000] {dag.py:3954} INFO - Setting next_dagrun for data_quality to 2026-05-31 14:00:00+00:00, run_after=2026-06-01 14:00:00+00:00
[2026-06-01T12:41:17.518+0000] {logging_mixin.py:188} INFO - [2026-06-01T12:41:17.518+0000] {dag.py:3954} INFO - Setting next_dagrun for produce_json to 2026-06-01 12:00:00+00:00, run_after=2026-06-02 12:00:00+00:00
[2026-06-01T12:41:17.520+0000] {logging_mixin.py:188} INFO - [2026-06-01T12:41:17.520+0000] {dag.py:3954} INFO - Setting next_dagrun for update_db to 2026-05-31 13:00:00+00:00, run_after=2026-06-01 13:00:00+00:00
[2026-06-01T12:41:17.534+0000] {processor.py:183} INFO - Processing /opt/airflow/dags/main.py took 0.165 seconds
[2026-06-01T12:41:49.895+0000] {processor.py:161} INFO - Started process (PID=1087) to work on /opt/airflow/dags/main.py
[2026-06-01T12:41:49.896+0000] {processor.py:830} INFO - Processing file /opt/airflow/dags/main.py for tasks to queue
[2026-06-01T12:41:49.896+0000] {logging_mixin.py:188} INFO - [2026-06-01T12:41:49.896+0000] {dagbag.py:545} INFO - Filling up the DagBag from /opt/airflow/dags/main.py
[2026-06-01T12:41:49.964+0000] {processor.py:840} INFO - DAG(s) 'update_db', 'data_quality', 'produce_json' retrieved from /opt/airflow/dags/main.py
[2026-06-01T12:41:49.986+0000] {logging_mixin.py:188} INFO - [2026-06-01T12:41:49.985+0000] {dag.py:3096} INFO - Sync 3 DAGs
[2026-06-01T12:41:49.999+0000] {logging_mixin.py:188} INFO - [2026-06-01T12:41:49.999+0000] {dag.py:3954} INFO - Setting next_dagrun for data_quality to 2026-05-31 14:00:00+00:00, run_after=2026-06-01 14:00:00+00:00
[2026-06-01T12:41:50.002+0000] {logging_mixin.py:188} INFO - [2026-06-01T12:41:50.002+0000] {dag.py:3954} INFO - Setting next_dagrun for produce_json to 2026-06-01 12:00:00+00:00, run_after=2026-06-02 12:00:00+00:00
[2026-06-01T12:41:50.004+0000] {logging_mixin.py:188} INFO - [2026-06-01T12:41:50.004+0000] {dag.py:3954} INFO - Setting next_dagrun for update_db to 2026-05-31 13:00:00+00:00, run_after=2026-06-01 13:00:00+00:00
[2026-06-01T12:41:50.018+0000] {processor.py:183} INFO - Processing /opt/airflow/dags/main.py took 0.128 seconds
[2026-06-01T12:42:20.203+0000] {processor.py:161} INFO - Started process (PID=1094) to work on /opt/airflow/dags/main.py
[2026-06-01T12:42:20.204+0000] {processor.py:830} INFO - Processing file /opt/airflow/dags/main.py for tasks to queue
[2026-06-01T12:42:20.205+0000] {logging_mixin.py:188} INFO - [2026-06-01T12:42:20.205+0000] {dagbag.py:545} INFO - Filling up the DagBag from /opt/airflow/dags/main.py
[2026-06-01T12:42:20.269+0000] {processor.py:840} INFO - DAG(s) 'data_quality', 'update_db', 'produce_json' retrieved from /opt/airflow/dags/main.py
[2026-06-01T12:42:20.291+0000] {logging_mixin.py:188} INFO - [2026-06-01T12:42:20.290+0000] {dag.py:3096} INFO - Sync 3 DAGs
[2026-06-01T12:42:20.304+0000] {logging_mixin.py:188} INFO - [2026-06-01T12:42:20.304+0000] {dag.py:3954} INFO - Setting next_dagrun for data_quality to 2026-05-31 14:00:00+00:00, run_after=2026-06-01 14:00:00+00:00
[2026-06-01T12:42:20.308+0000] {logging_mixin.py:188} INFO - [2026-06-01T12:42:20.308+0000] {dag.py:3954} INFO - Setting next_dagrun for produce_json to 2026-06-01 12:00:00+00:00, run_after=2026-06-02 12:00:00+00:00
[2026-06-01T12:42:20.310+0000] {logging_mixin.py:188} INFO - [2026-06-01T12:42:20.310+0000] {dag.py:3954} INFO - Setting next_dagrun for update_db to 2026-05-31 13:00:00+00:00, run_after=2026-06-01 13:00:00+00:00
[2026-06-01T12:42:20.323+0000] {processor.py:183} INFO - Processing /opt/airflow/dags/main.py took 0.124 seconds
[2026-06-01T12:42:50.753+0000] {processor.py:161} INFO - Started process (PID=1101) to work on /opt/airflow/dags/main.py
[2026-06-01T12:42:50.754+0000] {processor.py:830} INFO - Processing file /opt/airflow/dags/main.py for tasks to queue
[2026-06-01T12:42:50.754+0000] {logging_mixin.py:188} INFO - [2026-06-01T12:42:50.754+0000] {dagbag.py:545} INFO - Filling up the DagBag from /opt/airflow/dags/main.py
[2026-06-01T12:42:50.821+0000] {processor.py:840} INFO - DAG(s) 'update_db', 'produce_json', 'data_quality' retrieved from /opt/airflow/dags/main.py
[2026-06-01T12:42:50.846+0000] {logging_mixin.py:188} INFO - [2026-06-01T12:42:50.846+0000] {dag.py:3096} INFO - Sync 3 DAGs
[2026-06-01T12:42:50.862+0000] {logging_mixin.py:188} INFO - [2026-06-01T12:42:50.862+0000] {dag.py:3954} INFO - Setting next_dagrun for data_quality to 2026-05-31 14:00:00+00:00, run_after=2026-06-01 14:00:00+00:00
[2026-06-01T12:42:50.865+0000] {logging_mixin.py:188} INFO - [2026-06-01T12:42:50.865+0000] {dag.py:3954} INFO - Setting next_dagrun for produce_json to 2026-06-01 12:00:00+00:00, run_after=2026-06-02 12:00:00+00:00
[2026-06-01T12:42:50.868+0000] {logging_mixin.py:188} INFO - [2026-06-01T12:42:50.867+0000] {dag.py:3954} INFO - Setting next_dagrun for update_db to 2026-05-31 13:00:00+00:00, run_after=2026-06-01 13:00:00+00:00
[2026-06-01T12:42:50.889+0000] {processor.py:183} INFO - Processing /opt/airflow/dags/main.py took 0.141 seconds
[2026-06-01T12:43:21.364+0000] {processor.py:161} INFO - Started process (PID=1108) to work on /opt/airflow/dags/main.py
[2026-06-01T12:43:21.365+0000] {processor.py:830} INFO - Processing file /opt/airflow/dags/main.py for tasks to queue
[2026-06-01T12:43:21.365+0000] {logging_mixin.py:188} INFO - [2026-06-01T12:43:21.365+0000] {dagbag.py:545} INFO - Filling up the DagBag from /opt/airflow/dags/main.py
[2026-06-01T12:43:21.434+0000] {processor.py:840} INFO - DAG(s) 'update_db', 'data_quality', 'produce_json' retrieved from /opt/airflow/dags/main.py
[2026-06-01T12:43:21.458+0000] {logging_mixin.py:188} INFO - [2026-06-01T12:43:21.457+0000] {dag.py:3096} INFO - Sync 3 DAGs
[2026-06-01T12:43:21.473+0000] {logging_mixin.py:188} INFO - [2026-06-01T12:43:21.472+0000] {dag.py:3954} INFO - Setting next_dagrun for data_quality to 2026-05-31 14:00:00+00:00, run_after=2026-06-01 14:00:00+00:00
[2026-06-01T12:43:21.478+0000] {logging_mixin.py:188} INFO - [2026-06-01T12:43:21.477+0000] {dag.py:3954} INFO - Setting next_dagrun for produce_json to 2026-06-01 12:00:00+00:00, run_after=2026-06-02 12:00:00+00:00
[2026-06-01T12:43:21.480+0000] {logging_mixin.py:188} INFO - [2026-06-01T12:43:21.480+0000] {dag.py:3954} INFO - Setting next_dagrun for update_db to 2026-05-31 13:00:00+00:00, run_after=2026-06-01 13:00:00+00:00
[2026-06-01T12:43:21.500+0000] {processor.py:183} INFO - Processing /opt/airflow/dags/main.py took 0.140 seconds
[2026-06-01T12:43:51.975+0000] {processor.py:161} INFO - Started process (PID=1115) to work on /opt/airflow/dags/main.py
[2026-06-01T12:43:51.977+0000] {processor.py:830} INFO - Processing file /opt/airflow/dags/main.py for tasks to queue
[2026-06-01T12:43:51.978+0000] {logging_mixin.py:188} INFO - [2026-06-01T12:43:51.977+0000] {dagbag.py:545} INFO - Filling up the DagBag from /opt/airflow/dags/main.py
[2026-06-01T12:43:52.049+0000] {processor.py:840} INFO - DAG(s) 'update_db', 'data_quality', 'produce_json' retrieved from /opt/airflow/dags/main.py
[2026-06-01T12:43:52.072+0000] {logging_mixin.py:188} INFO - [2026-06-01T12:43:52.071+0000] {dag.py:3096} INFO - Sync 3 DAGs
[2026-06-01T12:43:52.088+0000] {logging_mixin.py:188} INFO - [2026-06-01T12:43:52.087+0000] {dag.py:3954} INFO - Setting next_dagrun for data_quality to 2026-05-31 14:00:00+00:00, run_after=2026-06-01 14:00:00+00:00
[2026-06-01T12:43:52.091+0000] {logging_mixin.py:188} INFO - [2026-06-01T12:43:52.091+0000] {dag.py:3954} INFO - Setting next_dagrun for produce_json to 2026-06-01 12:00:00+00:00, run_after=2026-06-02 12:00:00+00:00
[2026-06-01T12:43:52.093+0000] {logging_mixin.py:188} INFO - [2026-06-01T12:43:52.093+0000] {dag.py:3954} INFO - Setting next_dagrun for update_db to 2026-05-31 13:00:00+00:00, run_after=2026-06-01 13:00:00+00:00
[2026-06-01T12:43:52.105+0000] {processor.py:183} INFO - Processing /opt/airflow/dags/main.py took 0.134 seconds
[2026-06-01T12:44:22.531+0000] {processor.py:161} INFO - Started process (PID=1122) to work on /opt/airflow/dags/main.py
[2026-06-01T12:44:22.532+0000] {processor.py:830} INFO - Processing file /opt/airflow/dags/main.py for tasks to queue
[2026-06-01T12:44:22.533+0000] {logging_mixin.py:188} INFO - [2026-06-01T12:44:22.533+0000] {dagbag.py:545} INFO - Filling up the DagBag from /opt/airflow/dags/main.py
[2026-06-01T12:44:22.609+0000] {processor.py:840} INFO - DAG(s) 'data_quality', 'produce_json', 'update_db' retrieved from /opt/airflow/dags/main.py
[2026-06-01T12:44:22.631+0000] {logging_mixin.py:188} INFO - [2026-06-01T12:44:22.630+0000] {dag.py:3096} INFO - Sync 3 DAGs
[2026-06-01T12:44:22.645+0000] {logging_mixin.py:188} INFO - [2026-06-01T12:44:22.645+0000] {dag.py:3954} INFO - Setting next_dagrun for data_quality to 2026-05-31 14:00:00+00:00, run_after=2026-06-01 14:00:00+00:00
[2026-06-01T12:44:22.648+0000] {logging_mixin.py:188} INFO - [2026-06-01T12:44:22.648+0000] {dag.py:3954} INFO - Setting next_dagrun for produce_json to 2026-06-01 12:00:00+00:00, run_after=2026-06-02 12:00:00+00:00
[2026-06-01T12:44:22.650+0000] {logging_mixin.py:188} INFO - [2026-06-01T12:44:22.650+0000] {dag.py:3954} INFO - Setting next_dagrun for update_db to 2026-05-31 13:00:00+00:00, run_after=2026-06-01 13:00:00+00:00
[2026-06-01T12:44:22.670+0000] {processor.py:183} INFO - Processing /opt/airflow/dags/main.py took 0.143 seconds
[2026-06-01T12:44:53.332+0000] {processor.py:161} INFO - Started process (PID=1129) to work on /opt/airflow/dags/main.py
[2026-06-01T12:44:53.333+0000] {processor.py:830} INFO - Processing file /opt/airflow/dags/main.py for tasks to queue
[2026-06-01T12:44:53.334+0000] {logging_mixin.py:188} INFO - [2026-06-01T12:44:53.334+0000] {dagbag.py:545} INFO - Filling up the DagBag from /opt/airflow/dags/main.py
[2026-06-01T12:44:53.418+0000] {processor.py:840} INFO - DAG(s) 'produce_json', 'update_db', 'data_quality' retrieved from /opt/airflow/dags/main.py
[2026-06-01T12:44:53.447+0000] {logging_mixin.py:188} INFO - [2026-06-01T12:44:53.447+0000] {dag.py:3096} INFO - Sync 3 DAGs
[2026-06-01T12:44:53.465+0000] {logging_mixin.py:188} INFO - [2026-06-01T12:44:53.464+0000] {dag.py:3954} INFO - Setting next_dagrun for data_quality to 2026-05-31 14:00:00+00:00, run_after=2026-06-01 14:00:00+00:00
[2026-06-01T12:44:53.468+0000] {logging_mixin.py:188} INFO - [2026-06-01T12:44:53.468+0000] {dag.py:3954} INFO - Setting next_dagrun for produce_json to 2026-06-01 12:00:00+00:00, run_after=2026-06-02 12:00:00+00:00
[2026-06-01T12:44:53.471+0000] {logging_mixin.py:188} INFO - [2026-06-01T12:44:53.470+0000] {dag.py:3954} INFO - Setting next_dagrun for update_db to 2026-05-31 13:00:00+00:00, run_after=2026-06-01 13:00:00+00:00
[2026-06-01T12:44:53.487+0000] {processor.py:183} INFO - Processing /opt/airflow/dags/main.py took 0.159 seconds
[2026-06-01T12:45:24.146+0000] {processor.py:161} INFO - Started process (PID=1136) to work on /opt/airflow/dags/main.py
[2026-06-01T12:45:24.147+0000] {processor.py:830} INFO - Processing file /opt/airflow/dags/main.py for tasks to queue
[2026-06-01T12:45:24.147+0000] {logging_mixin.py:188} INFO - [2026-06-01T12:45:24.147+0000] {dagbag.py:545} INFO - Filling up the DagBag from /opt/airflow/dags/main.py
[2026-06-01T12:45:24.211+0000] {processor.py:840} INFO - DAG(s) 'update_db', 'data_quality', 'produce_json' retrieved from /opt/airflow/dags/main.py
[2026-06-01T12:45:24.233+0000] {logging_mixin.py:188} INFO - [2026-06-01T12:45:24.233+0000] {dag.py:3096} INFO - Sync 3 DAGs
[2026-06-01T12:45:24.247+0000] {logging_mixin.py:188} INFO - [2026-06-01T12:45:24.247+0000] {dag.py:3954} INFO - Setting next_dagrun for data_quality to 2026-05-31 14:00:00+00:00, run_after=2026-06-01 14:00:00+00:00
[2026-06-01T12:45:24.250+0000] {logging_mixin.py:188} INFO - [2026-06-01T12:45:24.250+0000] {dag.py:3954} INFO - Setting next_dagrun for produce_json to 2026-06-01 12:00:00+00:00, run_after=2026-06-02 12:00:00+00:00
[2026-06-01T12:45:24.252+0000] {logging_mixin.py:188} INFO - [2026-06-01T12:45:24.252+0000] {dag.py:3954} INFO - Setting next_dagrun for update_db to 2026-05-31 13:00:00+00:00, run_after=2026-06-01 13:00:00+00:00
[2026-06-01T12:45:24.274+0000] {processor.py:183} INFO - Processing /opt/airflow/dags/main.py took 0.132 seconds
[2026-06-01T12:45:54.910+0000] {processor.py:161} INFO - Started process (PID=1143) to work on /opt/airflow/dags/main.py
[2026-06-01T12:45:54.911+0000] {processor.py:830} INFO - Processing file /opt/airflow/dags/main.py for tasks to queue
[2026-06-01T12:45:54.912+0000] {logging_mixin.py:188} INFO - [2026-06-01T12:45:54.912+0000] {dagbag.py:545} INFO - Filling up the DagBag from /opt/airflow/dags/main.py
[2026-06-01T12:45:54.994+0000] {processor.py:840} INFO - DAG(s) 'produce_json', 'data_quality', 'update_db' retrieved from /opt/airflow/dags/main.py
[2026-06-01T12:45:55.021+0000] {logging_mixin.py:188} INFO - [2026-06-01T12:45:55.021+0000] {dag.py:3096} INFO - Sync 3 DAGs
[2026-06-01T12:45:55.038+0000] {logging_mixin.py:188} INFO - [2026-06-01T12:45:55.038+0000] {dag.py:3954} INFO - Setting next_dagrun for data_quality to 2026-05-31 14:00:00+00:00, run_after=2026-06-01 14:00:00+00:00
[2026-06-01T12:45:55.042+0000] {logging_mixin.py:188} INFO - [2026-06-01T12:45:55.042+0000] {dag.py:3954} INFO - Setting next_dagrun for produce_json to 2026-06-01 12:00:00+00:00, run_after=2026-06-02 12:00:00+00:00
[2026-06-01T12:45:55.044+0000] {logging_mixin.py:188} INFO - [2026-06-01T12:45:55.044+0000] {dag.py:3954} INFO - Setting next_dagrun for update_db to 2026-05-31 13:00:00+00:00, run_after=2026-06-01 13:00:00+00:00
[2026-06-01T12:45:55.061+0000] {processor.py:183} INFO - Processing /opt/airflow/dags/main.py took 0.155 seconds
[2026-06-01T12:46:27.538+0000] {processor.py:161} INFO - Started process (PID=1150) to work on /opt/airflow/dags/main.py
[2026-06-01T12:46:27.539+0000] {processor.py:830} INFO - Processing file /opt/airflow/dags/main.py for tasks to queue
[2026-06-01T12:46:27.540+0000] {logging_mixin.py:188} INFO - [2026-06-01T12:46:27.539+0000] {dagbag.py:545} INFO - Filling up the DagBag from /opt/airflow/dags/main.py
[2026-06-01T12:46:27.617+0000] {processor.py:840} INFO - DAG(s) 'data_quality', 'produce_json', 'update_db' retrieved from /opt/airflow/dags/main.py
[2026-06-01T12:46:27.645+0000] {logging_mixin.py:188} INFO - [2026-06-01T12:46:27.645+0000] {dag.py:3096} INFO - Sync 3 DAGs
[2026-06-01T12:46:27.662+0000] {logging_mixin.py:188} INFO - [2026-06-01T12:46:27.661+0000] {dag.py:3954} INFO - Setting next_dagrun for data_quality to 2026-05-31 14:00:00+00:00, run_after=2026-06-01 14:00:00+00:00
[2026-06-01T12:46:27.666+0000] {logging_mixin.py:188} INFO - [2026-06-01T12:46:27.666+0000] {dag.py:3954} INFO - Setting next_dagrun for produce_json to 2026-06-01 12:00:00+00:00, run_after=2026-06-02 12:00:00+00:00
[2026-06-01T12:46:27.668+0000] {logging_mixin.py:188} INFO - [2026-06-01T12:46:27.668+0000] {dag.py:3954} INFO - Setting next_dagrun for update_db to 2026-05-31 13:00:00+00:00, run_after=2026-06-01 13:00:00+00:00
[2026-06-01T12:46:27.693+0000] {processor.py:183} INFO - Processing /opt/airflow/dags/main.py took 0.161 seconds
[2026-06-01T12:46:57.860+0000] {processor.py:161} INFO - Started process (PID=1157) to work on /opt/airflow/dags/main.py
[2026-06-01T12:46:57.861+0000] {processor.py:830} INFO - Processing file /opt/airflow/dags/main.py for tasks to queue
[2026-06-01T12:46:57.862+0000] {logging_mixin.py:188} INFO - [2026-06-01T12:46:57.861+0000] {dagbag.py:545} INFO - Filling up the DagBag from /opt/airflow/dags/main.py
[2026-06-01T12:46:57.938+0000] {processor.py:840} INFO - DAG(s) 'produce_json', 'update_db', 'data_quality' retrieved from /opt/airflow/dags/main.py
[2026-06-01T12:46:57.963+0000] {logging_mixin.py:188} INFO - [2026-06-01T12:46:57.963+0000] {dag.py:3096} INFO - Sync 3 DAGs
[2026-06-01T12:46:57.980+0000] {logging_mixin.py:188} INFO - [2026-06-01T12:46:57.980+0000] {dag.py:3954} INFO - Setting next_dagrun for data_quality to 2026-05-31 14:00:00+00:00, run_after=2026-06-01 14:00:00+00:00
[2026-06-01T12:46:57.985+0000] {logging_mixin.py:188} INFO - [2026-06-01T12:46:57.985+0000] {dag.py:3954} INFO - Setting next_dagrun for produce_json to 2026-06-01 12:00:00+00:00, run_after=2026-06-02 12:00:00+00:00
[2026-06-01T12:46:57.987+0000] {logging_mixin.py:188} INFO - [2026-06-01T12:46:57.987+0000] {dag.py:3954} INFO - Setting next_dagrun for update_db to 2026-05-31 13:00:00+00:00, run_after=2026-06-01 13:00:00+00:00
[2026-06-01T12:46:58.009+0000] {processor.py:183} INFO - Processing /opt/airflow/dags/main.py took 0.154 seconds
[2026-06-01T12:47:28.609+0000] {processor.py:161} INFO - Started process (PID=1164) to work on /opt/airflow/dags/main.py
[2026-06-01T12:47:28.610+0000] {processor.py:830} INFO - Processing file /opt/airflow/dags/main.py for tasks to queue
[2026-06-01T12:47:28.611+0000] {logging_mixin.py:188} INFO - [2026-06-01T12:47:28.611+0000] {dagbag.py:545} INFO - Filling up the DagBag from /opt/airflow/dags/main.py
[2026-06-01T12:47:28.683+0000] {processor.py:840} INFO - DAG(s) 'update_db', 'data_quality', 'produce_json' retrieved from /opt/airflow/dags/main.py
[2026-06-01T12:47:28.705+0000] {logging_mixin.py:188} INFO - [2026-06-01T12:47:28.705+0000] {dag.py:3096} INFO - Sync 3 DAGs
[2026-06-01T12:47:28.719+0000] {logging_mixin.py:188} INFO - [2026-06-01T12:47:28.719+0000] {dag.py:3954} INFO - Setting next_dagrun for data_quality to 2026-05-31 14:00:00+00:00, run_after=2026-06-01 14:00:00+00:00
[2026-06-01T12:47:28.723+0000] {logging_mixin.py:188} INFO - [2026-06-01T12:47:28.723+0000] {dag.py:3954} INFO - Setting next_dagrun for produce_json to 2026-06-01 12:00:00+00:00, run_after=2026-06-02 12:00:00+00:00
[2026-06-01T12:47:28.725+0000] {logging_mixin.py:188} INFO - [2026-06-01T12:47:28.725+0000] {dag.py:3954} INFO - Setting next_dagrun for update_db to 2026-05-31 13:00:00+00:00, run_after=2026-06-01 13:00:00+00:00
[2026-06-01T12:47:28.749+0000] {processor.py:183} INFO - Processing /opt/airflow/dags/main.py took 0.144 seconds
[2026-06-01T12:47:59.369+0000] {processor.py:161} INFO - Started process (PID=1171) to work on /opt/airflow/dags/main.py
[2026-06-01T12:47:59.370+0000] {processor.py:830} INFO - Processing file /opt/airflow/dags/main.py for tasks to queue
[2026-06-01T12:47:59.371+0000] {logging_mixin.py:188} INFO - [2026-06-01T12:47:59.370+0000] {dagbag.py:545} INFO - Filling up the DagBag from /opt/airflow/dags/main.py
[2026-06-01T12:47:59.436+0000] {processor.py:840} INFO - DAG(s) 'data_quality', 'produce_json', 'update_db' retrieved from /opt/airflow/dags/main.py
[2026-06-01T12:47:59.464+0000] {logging_mixin.py:188} INFO - [2026-06-01T12:47:59.464+0000] {dag.py:3096} INFO - Sync 3 DAGs
[2026-06-01T12:47:59.478+0000] {logging_mixin.py:188} INFO - [2026-06-01T12:47:59.478+0000] {dag.py:3954} INFO - Setting next_dagrun for data_quality to 2026-05-31 14:00:00+00:00, run_after=2026-06-01 14:00:00+00:00
[2026-06-01T12:47:59.482+0000] {logging_mixin.py:188} INFO - [2026-06-01T12:47:59.482+0000] {dag.py:3954} INFO - Setting next_dagrun for produce_json to 2026-06-01 12:00:00+00:00, run_after=2026-06-02 12:00:00+00:00
[2026-06-01T12:47:59.485+0000] {logging_mixin.py:188} INFO - [2026-06-01T12:47:59.485+0000] {dag.py:3954} INFO - Setting next_dagrun for update_db to 2026-05-31 13:00:00+00:00, run_after=2026-06-01 13:00:00+00:00
[2026-06-01T12:47:59.499+0000] {processor.py:183} INFO - Processing /opt/airflow/dags/main.py took 0.135 seconds
[2026-06-01T12:48:30.032+0000] {processor.py:161} INFO - Started process (PID=1178) to work on /opt/airflow/dags/main.py
[2026-06-01T12:48:30.033+0000] {processor.py:830} INFO - Processing file /opt/airflow/dags/main.py for tasks to queue
[2026-06-01T12:48:30.034+0000] {logging_mixin.py:188} INFO - [2026-06-01T12:48:30.034+0000] {dagbag.py:545} INFO - Filling up the DagBag from /opt/airflow/dags/main.py
[2026-06-01T12:48:30.104+0000] {processor.py:840} INFO - DAG(s) 'data_quality', 'produce_json', 'update_db' retrieved from /opt/airflow/dags/main.py
[2026-06-01T12:48:30.133+0000] {logging_mixin.py:188} INFO - [2026-06-01T12:48:30.133+0000] {dag.py:3096} INFO - Sync 3 DAGs
[2026-06-01T12:48:30.150+0000] {logging_mixin.py:188} INFO - [2026-06-01T12:48:30.150+0000] {dag.py:3954} INFO - Setting next_dagrun for data_quality to 2026-05-31 14:00:00+00:00, run_after=2026-06-01 14:00:00+00:00
[2026-06-01T12:48:30.154+0000] {logging_mixin.py:188} INFO - [2026-06-01T12:48:30.154+0000] {dag.py:3954} INFO - Setting next_dagrun for produce_json to 2026-06-01 12:00:00+00:00, run_after=2026-06-02 12:00:00+00:00
[2026-06-01T12:48:30.157+0000] {logging_mixin.py:188} INFO - [2026-06-01T12:48:30.156+0000] {dag.py:3954} INFO - Setting next_dagrun for update_db to 2026-05-31 13:00:00+00:00, run_after=2026-06-01 13:00:00+00:00
[2026-06-01T12:48:30.172+0000] {processor.py:183} INFO - Processing /opt/airflow/dags/main.py took 0.145 seconds
[2026-06-01T12:49:00.845+0000] {processor.py:161} INFO - Started process (PID=1185) to work on /opt/airflow/dags/main.py
[2026-06-01T12:49:00.845+0000] {processor.py:830} INFO - Processing file /opt/airflow/dags/main.py for tasks to queue
[2026-06-01T12:49:00.846+0000] {logging_mixin.py:188} INFO - [2026-06-01T12:49:00.846+0000] {dagbag.py:545} INFO - Filling up the DagBag from /opt/airflow/dags/main.py
[2026-06-01T12:49:00.922+0000] {processor.py:840} INFO - DAG(s) 'data_quality', 'produce_json', 'update_db' retrieved from /opt/airflow/dags/main.py
[2026-06-01T12:49:00.947+0000] {logging_mixin.py:188} INFO - [2026-06-01T12:49:00.947+0000] {dag.py:3096} INFO - Sync 3 DAGs
[2026-06-01T12:49:00.963+0000] {logging_mixin.py:188} INFO - [2026-06-01T12:49:00.963+0000] {dag.py:3954} INFO - Setting next_dagrun for data_quality to 2026-05-31 14:00:00+00:00, run_after=2026-06-01 14:00:00+00:00
[2026-06-01T12:49:00.967+0000] {logging_mixin.py:188} INFO - [2026-06-01T12:49:00.966+0000] {dag.py:3954} INFO - Setting next_dagrun for produce_json to 2026-06-01 12:00:00+00:00, run_after=2026-06-02 12:00:00+00:00
[2026-06-01T12:49:00.969+0000] {logging_mixin.py:188} INFO - [2026-06-01T12:49:00.969+0000] {dag.py:3954} INFO - Setting next_dagrun for update_db to 2026-05-31 13:00:00+00:00, run_after=2026-06-01 13:00:00+00:00
[2026-06-01T12:49:00.983+0000] {processor.py:183} INFO - Processing /opt/airflow/dags/main.py took 0.142 seconds
[2026-06-01T12:49:31.566+0000] {processor.py:161} INFO - Started process (PID=1192) to work on /opt/airflow/dags/main.py
[2026-06-01T12:49:31.567+0000] {processor.py:830} INFO - Processing file /opt/airflow/dags/main.py for tasks to queue
[2026-06-01T12:49:31.568+0000] {logging_mixin.py:188} INFO - [2026-06-01T12:49:31.568+0000] {dagbag.py:545} INFO - Filling up the DagBag from /opt/airflow/dags/main.py
[2026-06-01T12:49:31.647+0000] {processor.py:840} INFO - DAG(s) 'produce_json', 'update_db', 'data_quality' retrieved from /opt/airflow/dags/main.py
[2026-06-01T12:49:31.672+0000] {logging_mixin.py:188} INFO - [2026-06-01T12:49:31.672+0000] {dag.py:3096} INFO - Sync 3 DAGs
[2026-06-01T12:49:31.689+0000] {logging_mixin.py:188} INFO - [2026-06-01T12:49:31.689+0000] {dag.py:3954} INFO - Setting next_dagrun for data_quality to 2026-05-31 14:00:00+00:00, run_after=2026-06-01 14:00:00+00:00
[2026-06-01T12:49:31.694+0000] {logging_mixin.py:188} INFO - [2026-06-01T12:49:31.694+0000] {dag.py:3954} INFO - Setting next_dagrun for produce_json to 2026-06-01 12:00:00+00:00, run_after=2026-06-02 12:00:00+00:00
[2026-06-01T12:49:31.697+0000] {logging_mixin.py:188} INFO - [2026-06-01T12:49:31.697+0000] {dag.py:3954} INFO - Setting next_dagrun for update_db to 2026-05-31 13:00:00+00:00, run_after=2026-06-01 13:00:00+00:00
[2026-06-01T12:49:31.714+0000] {processor.py:183} INFO - Processing /opt/airflow/dags/main.py took 0.153 seconds
[2026-06-01T12:50:02.448+0000] {processor.py:161} INFO - Started process (PID=1199) to work on /opt/airflow/dags/main.py
[2026-06-01T12:50:02.449+0000] {processor.py:830} INFO - Processing file /opt/airflow/dags/main.py for tasks to queue
[2026-06-01T12:50:02.450+0000] {logging_mixin.py:188} INFO - [2026-06-01T12:50:02.450+0000] {dagbag.py:545} INFO - Filling up the DagBag from /opt/airflow/dags/main.py
[2026-06-01T12:50:02.512+0000] {processor.py:840} INFO - DAG(s) 'data_quality', 'update_db', 'produce_json' retrieved from /opt/airflow/dags/main.py
[2026-06-01T12:50:02.534+0000] {logging_mixin.py:188} INFO - [2026-06-01T12:50:02.534+0000] {dag.py:3096} INFO - Sync 3 DAGs
[2026-06-01T12:50:02.549+0000] {logging_mixin.py:188} INFO - [2026-06-01T12:50:02.549+0000] {dag.py:3954} INFO - Setting next_dagrun for data_quality to 2026-05-31 14:00:00+00:00, run_after=2026-06-01 14:00:00+00:00
[2026-06-01T12:50:02.552+0000] {logging_mixin.py:188} INFO - [2026-06-01T12:50:02.552+0000] {dag.py:3954} INFO - Setting next_dagrun for produce_json to 2026-06-01 12:00:00+00:00, run_after=2026-06-02 12:00:00+00:00
[2026-06-01T12:50:02.554+0000] {logging_mixin.py:188} INFO - [2026-06-01T12:50:02.554+0000] {dag.py:3954} INFO - Setting next_dagrun for update_db to 2026-05-31 13:00:00+00:00, run_after=2026-06-01 13:00:00+00:00
[2026-06-01T12:50:02.576+0000] {processor.py:183} INFO - Processing /opt/airflow/dags/main.py took 0.132 seconds
[2026-06-01T12:50:33.135+0000] {processor.py:161} INFO - Started process (PID=1206) to work on /opt/airflow/dags/main.py
[2026-06-01T12:50:33.136+0000] {processor.py:830} INFO - Processing file /opt/airflow/dags/main.py for tasks to queue
[2026-06-01T12:50:33.137+0000] {logging_mixin.py:188} INFO - [2026-06-01T12:50:33.137+0000] {dagbag.py:545} INFO - Filling up the DagBag from /opt/airflow/dags/main.py
[2026-06-01T12:50:33.218+0000] {processor.py:840} INFO - DAG(s) 'produce_json', 'update_db', 'data_quality' retrieved from /opt/airflow/dags/main.py
[2026-06-01T12:50:33.244+0000] {logging_mixin.py:188} INFO - [2026-06-01T12:50:33.244+0000] {dag.py:3096} INFO - Sync 3 DAGs
[2026-06-01T12:50:33.262+0000] {logging_mixin.py:188} INFO - [2026-06-01T12:50:33.262+0000] {dag.py:3954} INFO - Setting next_dagrun for data_quality to 2026-05-31 14:00:00+00:00, run_after=2026-06-01 14:00:00+00:00
[2026-06-01T12:50:33.266+0000] {logging_mixin.py:188} INFO - [2026-06-01T12:50:33.266+0000] {dag.py:3954} INFO - Setting next_dagrun for produce_json to 2026-06-01 12:00:00+00:00, run_after=2026-06-02 12:00:00+00:00
[2026-06-01T12:50:33.268+0000] {logging_mixin.py:188} INFO - [2026-06-01T12:50:33.268+0000] {dag.py:3954} INFO - Setting next_dagrun for update_db to 2026-05-31 13:00:00+00:00, run_after=2026-06-01 13:00:00+00:00
[2026-06-01T12:50:33.286+0000] {processor.py:183} INFO - Processing /opt/airflow/dags/main.py took 0.157 seconds
[2026-06-01T12:51:05.851+0000] {processor.py:161} INFO - Started process (PID=1213) to work on /opt/airflow/dags/main.py
[2026-06-01T12:51:05.852+0000] {processor.py:830} INFO - Processing file /opt/airflow/dags/main.py for tasks to queue
[2026-06-01T12:51:05.853+0000] {logging_mixin.py:188} INFO - [2026-06-01T12:51:05.853+0000] {dagbag.py:545} INFO - Filling up the DagBag from /opt/airflow/dags/main.py
[2026-06-01T12:51:05.925+0000] {processor.py:840} INFO - DAG(s) 'data_quality', 'produce_json', 'update_db' retrieved from /opt/airflow/dags/main.py
[2026-06-01T12:51:05.950+0000] {logging_mixin.py:188} INFO - [2026-06-01T12:51:05.950+0000] {dag.py:3096} INFO - Sync 3 DAGs
[2026-06-01T12:51:05.964+0000] {logging_mixin.py:188} INFO - [2026-06-01T12:51:05.964+0000] {dag.py:3954} INFO - Setting next_dagrun for data_quality to 2026-05-31 14:00:00+00:00, run_after=2026-06-01 14:00:00+00:00
[2026-06-01T12:51:05.968+0000] {logging_mixin.py:188} INFO - [2026-06-01T12:51:05.968+0000] {dag.py:3954} INFO - Setting next_dagrun for produce_json to 2026-06-01 12:00:00+00:00, run_after=2026-06-02 12:00:00+00:00
[2026-06-01T12:51:05.970+0000] {logging_mixin.py:188} INFO - [2026-06-01T12:51:05.970+0000] {dag.py:3954} INFO - Setting next_dagrun for update_db to 2026-05-31 13:00:00+00:00, run_after=2026-06-01 13:00:00+00:00
[2026-06-01T12:51:05.984+0000] {processor.py:183} INFO - Processing /opt/airflow/dags/main.py took 0.137 seconds
[2026-06-01T12:51:36.056+0000] {processor.py:161} INFO - Started process (PID=1220) to work on /opt/airflow/dags/main.py
[2026-06-01T12:51:36.057+0000] {processor.py:830} INFO - Processing file /opt/airflow/dags/main.py for tasks to queue
[2026-06-01T12:51:36.058+0000] {logging_mixin.py:188} INFO - [2026-06-01T12:51:36.058+0000] {dagbag.py:545} INFO - Filling up the DagBag from /opt/airflow/dags/main.py
[2026-06-01T12:51:36.134+0000] {processor.py:840} INFO - DAG(s) 'update_db', 'produce_json', 'data_quality' retrieved from /opt/airflow/dags/main.py
[2026-06-01T12:51:36.162+0000] {logging_mixin.py:188} INFO - [2026-06-01T12:51:36.162+0000] {dag.py:3096} INFO - Sync 3 DAGs
[2026-06-01T12:51:36.179+0000] {logging_mixin.py:188} INFO - [2026-06-01T12:51:36.179+0000] {dag.py:3954} INFO - Setting next_dagrun for data_quality to 2026-05-31 14:00:00+00:00, run_after=2026-06-01 14:00:00+00:00
[2026-06-01T12:51:36.183+0000] {logging_mixin.py:188} INFO - [2026-06-01T12:51:36.183+0000] {dag.py:3954} INFO - Setting next_dagrun for produce_json to 2026-06-01 12:00:00+00:00, run_after=2026-06-02 12:00:00+00:00
[2026-06-01T12:51:36.185+0000] {logging_mixin.py:188} INFO - [2026-06-01T12:51:36.185+0000] {dag.py:3954} INFO - Setting next_dagrun for update_db to 2026-05-31 13:00:00+00:00, run_after=2026-06-01 13:00:00+00:00
[2026-06-01T12:51:36.200+0000] {processor.py:183} INFO - Processing /opt/airflow/dags/main.py took 0.149 seconds
[2026-06-01T12:52:06.806+0000] {processor.py:161} INFO - Started process (PID=1227) to work on /opt/airflow/dags/main.py
[2026-06-01T12:52:06.806+0000] {processor.py:830} INFO - Processing file /opt/airflow/dags/main.py for tasks to queue
[2026-06-01T12:52:06.807+0000] {logging_mixin.py:188} INFO - [2026-06-01T12:52:06.807+0000] {dagbag.py:545} INFO - Filling up the DagBag from /opt/airflow/dags/main.py
[2026-06-01T12:52:06.880+0000] {processor.py:840} INFO - DAG(s) 'data_quality', 'update_db', 'produce_json' retrieved from /opt/airflow/dags/main.py
[2026-06-01T12:52:06.903+0000] {logging_mixin.py:188} INFO - [2026-06-01T12:52:06.903+0000] {dag.py:3096} INFO - Sync 3 DAGs
[2026-06-01T12:52:06.917+0000] {logging_mixin.py:188} INFO - [2026-06-01T12:52:06.917+0000] {dag.py:3954} INFO - Setting next_dagrun for data_quality to 2026-05-31 14:00:00+00:00, run_after=2026-06-01 14:00:00+00:00
[2026-06-01T12:52:06.922+0000] {logging_mixin.py:188} INFO - [2026-06-01T12:52:06.922+0000] {dag.py:3954} INFO - Setting next_dagrun for produce_json to 2026-06-01 12:00:00+00:00, run_after=2026-06-02 12:00:00+00:00
[2026-06-01T12:52:06.924+0000] {logging_mixin.py:188} INFO - [2026-06-01T12:52:06.924+0000] {dag.py:3954} INFO - Setting next_dagrun for update_db to 2026-05-31 13:00:00+00:00, run_after=2026-06-01 13:00:00+00:00
[2026-06-01T12:52:06.946+0000] {processor.py:183} INFO - Processing /opt/airflow/dags/main.py took 0.145 seconds
[2026-06-01T12:52:37.661+0000] {processor.py:161} INFO - Started process (PID=1234) to work on /opt/airflow/dags/main.py
[2026-06-01T12:52:37.662+0000] {processor.py:830} INFO - Processing file /opt/airflow/dags/main.py for tasks to queue
[2026-06-01T12:52:37.663+0000] {logging_mixin.py:188} INFO - [2026-06-01T12:52:37.663+0000] {dagbag.py:545} INFO - Filling up the DagBag from /opt/airflow/dags/main.py
[2026-06-01T12:52:37.732+0000] {processor.py:840} INFO - DAG(s) 'update_db', 'produce_json', 'data_quality' retrieved from /opt/airflow/dags/main.py
[2026-06-01T12:52:37.755+0000] {logging_mixin.py:188} INFO - [2026-06-01T12:52:37.755+0000] {dag.py:3096} INFO - Sync 3 DAGs
[2026-06-01T12:52:37.768+0000] {logging_mixin.py:188} INFO - [2026-06-01T12:52:37.768+0000] {dag.py:3954} INFO - Setting next_dagrun for data_quality to 2026-05-31 14:00:00+00:00, run_after=2026-06-01 14:00:00+00:00
[2026-06-01T12:52:37.772+0000] {logging_mixin.py:188} INFO - [2026-06-01T12:52:37.772+0000] {dag.py:3954} INFO - Setting next_dagrun for produce_json to 2026-06-01 12:00:00+00:00, run_after=2026-06-02 12:00:00+00:00
[2026-06-01T12:52:37.773+0000] {logging_mixin.py:188} INFO - [2026-06-01T12:52:37.773+0000] {dag.py:3954} INFO - Setting next_dagrun for update_db to 2026-05-31 13:00:00+00:00, run_after=2026-06-01 13:00:00+00:00
[2026-06-01T12:52:37.793+0000] {processor.py:183} INFO - Processing /opt/airflow/dags/main.py took 0.137 seconds
[2026-06-01T12:53:08.162+0000] {processor.py:161} INFO - Started process (PID=1235) to work on /opt/airflow/dags/main.py
[2026-06-01T12:53:08.163+0000] {processor.py:830} INFO - Processing file /opt/airflow/dags/main.py for tasks to queue
[2026-06-01T12:53:08.164+0000] {logging_mixin.py:188} INFO - [2026-06-01T12:53:08.164+0000] {dagbag.py:545} INFO - Filling up the DagBag from /opt/airflow/dags/main.py
[2026-06-01T12:53:08.254+0000] {processor.py:840} INFO - DAG(s) 'data_quality', 'produce_json', 'update_db' retrieved from /opt/airflow/dags/main.py
[2026-06-01T12:53:08.276+0000] {logging_mixin.py:188} INFO - [2026-06-01T12:53:08.276+0000] {dag.py:3096} INFO - Sync 3 DAGs
[2026-06-01T12:53:08.291+0000] {logging_mixin.py:188} INFO - [2026-06-01T12:53:08.291+0000] {dag.py:3954} INFO - Setting next_dagrun for data_quality to 2026-05-31 14:00:00+00:00, run_after=2026-06-01 14:00:00+00:00
[2026-06-01T12:53:08.295+0000] {logging_mixin.py:188} INFO - [2026-06-01T12:53:08.294+0000] {dag.py:3954} INFO - Setting next_dagrun for produce_json to 2026-06-01 12:00:00+00:00, run_after=2026-06-02 12:00:00+00:00
[2026-06-01T12:53:08.296+0000] {logging_mixin.py:188} INFO - [2026-06-01T12:53:08.296+0000] {dag.py:3954} INFO - Setting next_dagrun for update_db to 2026-05-31 13:00:00+00:00, run_after=2026-06-01 13:00:00+00:00
[2026-06-01T12:53:08.310+0000] {processor.py:183} INFO - Processing /opt/airflow/dags/main.py took 0.152 seconds
[2026-06-01T12:53:39.114+0000] {processor.py:161} INFO - Started process (PID=1241) to work on /opt/airflow/dags/main.py
[2026-06-01T12:53:39.115+0000] {processor.py:830} INFO - Processing file /opt/airflow/dags/main.py for tasks to queue
[2026-06-01T12:53:39.116+0000] {logging_mixin.py:188} INFO - [2026-06-01T12:53:39.116+0000] {dagbag.py:545} INFO - Filling up the DagBag from /opt/airflow/dags/main.py
[2026-06-01T12:53:39.184+0000] {processor.py:840} INFO - DAG(s) 'produce_json', 'update_db', 'data_quality' retrieved from /opt/airflow/dags/main.py
[2026-06-01T12:53:39.205+0000] {logging_mixin.py:188} INFO - [2026-06-01T12:53:39.204+0000] {dag.py:3096} INFO - Sync 3 DAGs
[2026-06-01T12:53:39.219+0000] {logging_mixin.py:188} INFO - [2026-06-01T12:53:39.219+0000] {dag.py:3954} INFO - Setting next_dagrun for data_quality to 2026-05-31 14:00:00+00:00, run_after=2026-06-01 14:00:00+00:00
[2026-06-01T12:53:39.223+0000] {logging_mixin.py:188} INFO - [2026-06-01T12:53:39.223+0000] {dag.py:3954} INFO - Setting next_dagrun for produce_json to 2026-06-01 12:00:00+00:00, run_after=2026-06-02 12:00:00+00:00
[2026-06-01T12:53:39.225+0000] {logging_mixin.py:188} INFO - [2026-06-01T12:53:39.225+0000] {dag.py:3954} INFO - Setting next_dagrun for update_db to 2026-05-31 13:00:00+00:00, run_after=2026-06-01 13:00:00+00:00
[2026-06-01T12:53:39.246+0000] {processor.py:183} INFO - Processing /opt/airflow/dags/main.py took 0.138 seconds
[2026-06-01T12:54:10.041+0000] {processor.py:161} INFO - Started process (PID=1248) to work on /opt/airflow/dags/main.py
[2026-06-01T12:54:10.042+0000] {processor.py:830} INFO - Processing file /opt/airflow/dags/main.py for tasks to queue
[2026-06-01T12:54:10.043+0000] {logging_mixin.py:188} INFO - [2026-06-01T12:54:10.043+0000] {dagbag.py:545} INFO - Filling up the DagBag from /opt/airflow/dags/main.py
[2026-06-01T12:54:10.124+0000] {processor.py:840} INFO - DAG(s) 'data_quality', 'produce_json', 'update_db' retrieved from /opt/airflow/dags/main.py
[2026-06-01T12:54:10.149+0000] {logging_mixin.py:188} INFO - [2026-06-01T12:54:10.149+0000] {dag.py:3096} INFO - Sync 3 DAGs
[2026-06-01T12:54:10.164+0000] {logging_mixin.py:188} INFO - [2026-06-01T12:54:10.164+0000] {dag.py:3954} INFO - Setting next_dagrun for data_quality to 2026-05-31 14:00:00+00:00, run_after=2026-06-01 14:00:00+00:00
[2026-06-01T12:54:10.168+0000] {logging_mixin.py:188} INFO - [2026-06-01T12:54:10.168+0000] {dag.py:3954} INFO - Setting next_dagrun for produce_json to 2026-06-01 12:00:00+00:00, run_after=2026-06-02 12:00:00+00:00
[2026-06-01T12:54:10.170+0000] {logging_mixin.py:188} INFO - [2026-06-01T12:54:10.170+0000] {dag.py:3954} INFO - Setting next_dagrun for update_db to 2026-05-31 13:00:00+00:00, run_after=2026-06-01 13:00:00+00:00
[2026-06-01T12:54:10.183+0000] {processor.py:183} INFO - Processing /opt/airflow/dags/main.py took 0.147 seconds
[2026-06-01T12:54:41.123+0000] {processor.py:161} INFO - Started process (PID=1255) to work on /opt/airflow/dags/main.py
[2026-06-01T12:54:41.124+0000] {processor.py:830} INFO - Processing file /opt/airflow/dags/main.py for tasks to queue
[2026-06-01T12:54:41.124+0000] {logging_mixin.py:188} INFO - [2026-06-01T12:54:41.124+0000] {dagbag.py:545} INFO - Filling up the DagBag from /opt/airflow/dags/main.py
[2026-06-01T12:54:41.212+0000] {processor.py:840} INFO - DAG(s) 'data_quality', 'produce_json', 'update_db' retrieved from /opt/airflow/dags/main.py
[2026-06-01T12:54:41.243+0000] {logging_mixin.py:188} INFO - [2026-06-01T12:54:41.243+0000] {dag.py:3096} INFO - Sync 3 DAGs
[2026-06-01T12:54:41.269+0000] {logging_mixin.py:188} INFO - [2026-06-01T12:54:41.269+0000] {dag.py:3954} INFO - Setting next_dagrun for data_quality to 2026-05-31 14:00:00+00:00, run_after=2026-06-01 14:00:00+00:00
[2026-06-01T12:54:41.274+0000] {logging_mixin.py:188} INFO - [2026-06-01T12:54:41.274+0000] {dag.py:3954} INFO - Setting next_dagrun for produce_json to 2026-06-01 12:00:00+00:00, run_after=2026-06-02 12:00:00+00:00
[2026-06-01T12:54:41.276+0000] {logging_mixin.py:188} INFO - [2026-06-01T12:54:41.276+0000] {dag.py:3954} INFO - Setting next_dagrun for update_db to 2026-05-31 13:00:00+00:00, run_after=2026-06-01 13:00:00+00:00
[2026-06-01T12:54:41.298+0000] {processor.py:183} INFO - Processing /opt/airflow/dags/main.py took 0.179 seconds
[2026-06-01T12:55:11.326+0000] {processor.py:161} INFO - Started process (PID=1262) to work on /opt/airflow/dags/main.py
[2026-06-01T12:55:11.327+0000] {processor.py:830} INFO - Processing file /opt/airflow/dags/main.py for tasks to queue
[2026-06-01T12:55:11.328+0000] {logging_mixin.py:188} INFO - [2026-06-01T12:55:11.328+0000] {dagbag.py:545} INFO - Filling up the DagBag from /opt/airflow/dags/main.py
[2026-06-01T12:55:11.393+0000] {processor.py:840} INFO - DAG(s) 'produce_json', 'update_db', 'data_quality' retrieved from /opt/airflow/dags/main.py
[2026-06-01T12:55:11.417+0000] {logging_mixin.py:188} INFO - [2026-06-01T12:55:11.416+0000] {dag.py:3096} INFO - Sync 3 DAGs
[2026-06-01T12:55:11.433+0000] {logging_mixin.py:188} INFO - [2026-06-01T12:55:11.432+0000] {dag.py:3954} INFO - Setting next_dagrun for data_quality to 2026-05-31 14:00:00+00:00, run_after=2026-06-01 14:00:00+00:00
[2026-06-01T12:55:11.436+0000] {logging_mixin.py:188} INFO - [2026-06-01T12:55:11.436+0000] {dag.py:3954} INFO - Setting next_dagrun for produce_json to 2026-06-01 12:00:00+00:00, run_after=2026-06-02 12:00:00+00:00
[2026-06-01T12:55:11.438+0000] {logging_mixin.py:188} INFO - [2026-06-01T12:55:11.438+0000] {dag.py:3954} INFO - Setting next_dagrun for update_db to 2026-05-31 13:00:00+00:00, run_after=2026-06-01 13:00:00+00:00
[2026-06-01T12:55:11.456+0000] {processor.py:183} INFO - Processing /opt/airflow/dags/main.py took 0.135 seconds
[2026-06-01T12:55:44.392+0000] {processor.py:161} INFO - Started process (PID=1269) to work on /opt/airflow/dags/main.py
[2026-06-01T12:55:44.393+0000] {processor.py:830} INFO - Processing file /opt/airflow/dags/main.py for tasks to queue
[2026-06-01T12:55:44.394+0000] {logging_mixin.py:188} INFO - [2026-06-01T12:55:44.394+0000] {dagbag.py:545} INFO - Filling up the DagBag from /opt/airflow/dags/main.py
[2026-06-01T12:55:44.485+0000] {processor.py:840} INFO - DAG(s) 'produce_json', 'data_quality', 'update_db' retrieved from /opt/airflow/dags/main.py
[2026-06-01T12:55:44.510+0000] {logging_mixin.py:188} INFO - [2026-06-01T12:55:44.510+0000] {dag.py:3096} INFO - Sync 3 DAGs
[2026-06-01T12:55:44.525+0000] {logging_mixin.py:188} INFO - [2026-06-01T12:55:44.525+0000] {dag.py:3954} INFO - Setting next_dagrun for data_quality to 2026-05-31 14:00:00+00:00, run_after=2026-06-01 14:00:00+00:00
[2026-06-01T12:55:44.529+0000] {logging_mixin.py:188} INFO - [2026-06-01T12:55:44.529+0000] {dag.py:3954} INFO - Setting next_dagrun for produce_json to 2026-06-01 12:00:00+00:00, run_after=2026-06-02 12:00:00+00:00
[2026-06-01T12:55:44.531+0000] {logging_mixin.py:188} INFO - [2026-06-01T12:55:44.531+0000] {dag.py:3954} INFO - Setting next_dagrun for update_db to 2026-05-31 13:00:00+00:00, run_after=2026-06-01 13:00:00+00:00
[2026-06-01T12:55:44.544+0000] {processor.py:183} INFO - Processing /opt/airflow/dags/main.py took 0.158 seconds
[2026-06-01T12:56:14.707+0000] {processor.py:161} INFO - Started process (PID=1276) to work on /opt/airflow/dags/main.py
[2026-06-01T12:56:14.708+0000] {processor.py:830} INFO - Processing file /opt/airflow/dags/main.py for tasks to queue
[2026-06-01T12:56:14.709+0000] {logging_mixin.py:188} INFO - [2026-06-01T12:56:14.709+0000] {dagbag.py:545} INFO - Filling up the DagBag from /opt/airflow/dags/main.py
[2026-06-01T12:56:14.781+0000] {processor.py:840} INFO - DAG(s) 'produce_json', 'update_db', 'data_quality' retrieved from /opt/airflow/dags/main.py
[2026-06-01T12:56:14.807+0000] {logging_mixin.py:188} INFO - [2026-06-01T12:56:14.807+0000] {dag.py:3096} INFO - Sync 3 DAGs
[2026-06-01T12:56:14.823+0000] {logging_mixin.py:188} INFO - [2026-06-01T12:56:14.822+0000] {dag.py:3954} INFO - Setting next_dagrun for data_quality to 2026-05-31 14:00:00+00:00, run_after=2026-06-01 14:00:00+00:00
[2026-06-01T12:56:14.826+0000] {logging_mixin.py:188} INFO - [2026-06-01T12:56:14.826+0000] {dag.py:3954} INFO - Setting next_dagrun for produce_json to 2026-06-01 12:00:00+00:00, run_after=2026-06-02 12:00:00+00:00
[2026-06-01T12:56:14.828+0000] {logging_mixin.py:188} INFO - [2026-06-01T12:56:14.828+0000] {dag.py:3954} INFO - Setting next_dagrun for update_db to 2026-05-31 13:00:00+00:00, run_after=2026-06-01 13:00:00+00:00
[2026-06-01T12:56:14.851+0000] {processor.py:183} INFO - Processing /opt/airflow/dags/main.py took 0.151 seconds
[2026-06-01T12:56:45.642+0000] {processor.py:161} INFO - Started process (PID=1283) to work on /opt/airflow/dags/main.py
[2026-06-01T12:56:45.643+0000] {processor.py:830} INFO - Processing file /opt/airflow/dags/main.py for tasks to queue
[2026-06-01T12:56:45.643+0000] {logging_mixin.py:188} INFO - [2026-06-01T12:56:45.643+0000] {dagbag.py:545} INFO - Filling up the DagBag from /opt/airflow/dags/main.py
[2026-06-01T12:56:45.713+0000] {processor.py:840} INFO - DAG(s) 'update_db', 'data_quality', 'produce_json' retrieved from /opt/airflow/dags/main.py
[2026-06-01T12:56:45.737+0000] {logging_mixin.py:188} INFO - [2026-06-01T12:56:45.737+0000] {dag.py:3096} INFO - Sync 3 DAGs
[2026-06-01T12:56:45.753+0000] {logging_mixin.py:188} INFO - [2026-06-01T12:56:45.753+0000] {dag.py:3954} INFO - Setting next_dagrun for data_quality to 2026-05-31 14:00:00+00:00, run_after=2026-06-01 14:00:00+00:00
[2026-06-01T12:56:45.756+0000] {logging_mixin.py:188} INFO - [2026-06-01T12:56:45.756+0000] {dag.py:3954} INFO - Setting next_dagrun for produce_json to 2026-06-01 12:00:00+00:00, run_after=2026-06-02 12:00:00+00:00
[2026-06-01T12:56:45.758+0000] {logging_mixin.py:188} INFO - [2026-06-01T12:56:45.758+0000] {dag.py:3954} INFO - Setting next_dagrun for update_db to 2026-05-31 13:00:00+00:00, run_after=2026-06-01 13:00:00+00:00
[2026-06-01T12:56:45.772+0000] {processor.py:183} INFO - Processing /opt/airflow/dags/main.py took 0.135 seconds
[2026-06-01T12:57:16.560+0000] {processor.py:161} INFO - Started process (PID=1290) to work on /opt/airflow/dags/main.py
[2026-06-01T12:57:16.561+0000] {processor.py:830} INFO - Processing file /opt/airflow/dags/main.py for tasks to queue
[2026-06-01T12:57:16.561+0000] {logging_mixin.py:188} INFO - [2026-06-01T12:57:16.561+0000] {dagbag.py:545} INFO - Filling up the DagBag from /opt/airflow/dags/main.py
[2026-06-01T12:57:16.634+0000] {processor.py:840} INFO - DAG(s) 'update_db', 'produce_json', 'data_quality' retrieved from /opt/airflow/dags/main.py
[2026-06-01T12:57:16.659+0000] {logging_mixin.py:188} INFO - [2026-06-01T12:57:16.659+0000] {dag.py:3096} INFO - Sync 3 DAGs
[2026-06-01T12:57:16.674+0000] {logging_mixin.py:188} INFO - [2026-06-01T12:57:16.674+0000] {dag.py:3954} INFO - Setting next_dagrun for data_quality to 2026-05-31 14:00:00+00:00, run_after=2026-06-01 14:00:00+00:00
[2026-06-01T12:57:16.678+0000] {logging_mixin.py:188} INFO - [2026-06-01T12:57:16.678+0000] {dag.py:3954} INFO - Setting next_dagrun for produce_json to 2026-06-01 12:00:00+00:00, run_after=2026-06-02 12:00:00+00:00
[2026-06-01T12:57:16.680+0000] {logging_mixin.py:188} INFO - [2026-06-01T12:57:16.680+0000] {dag.py:3954} INFO - Setting next_dagrun for update_db to 2026-05-31 13:00:00+00:00, run_after=2026-06-01 13:00:00+00:00
[2026-06-01T12:57:16.697+0000] {processor.py:183} INFO - Processing /opt/airflow/dags/main.py took 0.142 seconds
[2026-06-01T12:57:47.488+0000] {processor.py:161} INFO - Started process (PID=1297) to work on /opt/airflow/dags/main.py
[2026-06-01T12:57:47.489+0000] {processor.py:830} INFO - Processing file /opt/airflow/dags/main.py for tasks to queue
[2026-06-01T12:57:47.489+0000] {logging_mixin.py:188} INFO - [2026-06-01T12:57:47.489+0000] {dagbag.py:545} INFO - Filling up the DagBag from /opt/airflow/dags/main.py
[2026-06-01T12:57:47.571+0000] {processor.py:840} INFO - DAG(s) 'produce_json', 'data_quality', 'update_db' retrieved from /opt/airflow/dags/main.py
[2026-06-01T12:57:47.596+0000] {logging_mixin.py:188} INFO - [2026-06-01T12:57:47.596+0000] {dag.py:3096} INFO - Sync 3 DAGs
[2026-06-01T12:57:47.610+0000] {logging_mixin.py:188} INFO - [2026-06-01T12:57:47.610+0000] {dag.py:3954} INFO - Setting next_dagrun for data_quality to 2026-05-31 14:00:00+00:00, run_after=2026-06-01 14:00:00+00:00
[2026-06-01T12:57:47.613+0000] {logging_mixin.py:188} INFO - [2026-06-01T12:57:47.613+0000] {dag.py:3954} INFO - Setting next_dagrun for produce_json to 2026-06-01 12:00:00+00:00, run_after=2026-06-02 12:00:00+00:00
[2026-06-01T12:57:47.616+0000] {logging_mixin.py:188} INFO - [2026-06-01T12:57:47.616+0000] {dag.py:3954} INFO - Setting next_dagrun for update_db to 2026-05-31 13:00:00+00:00, run_after=2026-06-01 13:00:00+00:00
[2026-06-01T12:57:47.628+0000] {processor.py:183} INFO - Processing /opt/airflow/dags/main.py took 0.144 seconds
[2026-06-01T12:58:18.511+0000] {processor.py:161} INFO - Started process (PID=1304) to work on /opt/airflow/dags/main.py
[2026-06-01T12:58:18.511+0000] {processor.py:830} INFO - Processing file /opt/airflow/dags/main.py for tasks to queue
[2026-06-01T12:58:18.512+0000] {logging_mixin.py:188} INFO - [2026-06-01T12:58:18.512+0000] {dagbag.py:545} INFO - Filling up the DagBag from /opt/airflow/dags/main.py
[2026-06-01T12:58:18.588+0000] {processor.py:840} INFO - DAG(s) 'update_db', 'data_quality', 'produce_json' retrieved from /opt/airflow/dags/main.py
[2026-06-01T12:58:18.614+0000] {logging_mixin.py:188} INFO - [2026-06-01T12:58:18.614+0000] {dag.py:3096} INFO - Sync 3 DAGs
[2026-06-01T12:58:18.630+0000] {logging_mixin.py:188} INFO - [2026-06-01T12:58:18.629+0000] {dag.py:3954} INFO - Setting next_dagrun for data_quality to 2026-05-31 14:00:00+00:00, run_after=2026-06-01 14:00:00+00:00
[2026-06-01T12:58:18.634+0000] {logging_mixin.py:188} INFO - [2026-06-01T12:58:18.633+0000] {dag.py:3954} INFO - Setting next_dagrun for produce_json to 2026-06-01 12:00:00+00:00, run_after=2026-06-02 12:00:00+00:00
[2026-06-01T12:58:18.636+0000] {logging_mixin.py:188} INFO - [2026-06-01T12:58:18.636+0000] {dag.py:3954} INFO - Setting next_dagrun for update_db to 2026-05-31 13:00:00+00:00, run_after=2026-06-01 13:00:00+00:00
[2026-06-01T12:58:18.652+0000] {processor.py:183} INFO - Processing /opt/airflow/dags/main.py took 0.145 seconds
[2026-06-01T12:58:49.415+0000] {processor.py:161} INFO - Started process (PID=1311) to work on /opt/airflow/dags/main.py
[2026-06-01T12:58:49.416+0000] {processor.py:830} INFO - Processing file /opt/airflow/dags/main.py for tasks to queue
[2026-06-01T12:58:49.417+0000] {logging_mixin.py:188} INFO - [2026-06-01T12:58:49.417+0000] {dagbag.py:545} INFO - Filling up the DagBag from /opt/airflow/dags/main.py
[2026-06-01T12:58:49.506+0000] {processor.py:840} INFO - DAG(s) 'produce_json', 'data_quality', 'update_db' retrieved from /opt/airflow/dags/main.py
[2026-06-01T12:58:49.534+0000] {logging_mixin.py:188} INFO - [2026-06-01T12:58:49.534+0000] {dag.py:3096} INFO - Sync 3 DAGs
[2026-06-01T12:58:49.553+0000] {logging_mixin.py:188} INFO - [2026-06-01T12:58:49.552+0000] {dag.py:3954} INFO - Setting next_dagrun for data_quality to 2026-05-31 14:00:00+00:00, run_after=2026-06-01 14:00:00+00:00
[2026-06-01T12:58:49.559+0000] {logging_mixin.py:188} INFO - [2026-06-01T12:58:49.558+0000] {dag.py:3954} INFO - Setting next_dagrun for produce_json to 2026-06-01 12:00:00+00:00, run_after=2026-06-02 12:00:00+00:00
[2026-06-01T12:58:49.561+0000] {logging_mixin.py:188} INFO - [2026-06-01T12:58:49.561+0000] {dag.py:3954} INFO - Setting next_dagrun for update_db to 2026-05-31 13:00:00+00:00, run_after=2026-06-01 13:00:00+00:00
[2026-06-01T12:58:49.574+0000] {processor.py:183} INFO - Processing /opt/airflow/dags/main.py took 0.164 seconds
[2026-06-01T12:59:20.481+0000] {processor.py:161} INFO - Started process (PID=1318) to work on /opt/airflow/dags/main.py
[2026-06-01T12:59:20.482+0000] {processor.py:830} INFO - Processing file /opt/airflow/dags/main.py for tasks to queue
[2026-06-01T12:59:20.483+0000] {logging_mixin.py:188} INFO - [2026-06-01T12:59:20.483+0000] {dagbag.py:545} INFO - Filling up the DagBag from /opt/airflow/dags/main.py
[2026-06-01T12:59:20.547+0000] {processor.py:840} INFO - DAG(s) 'data_quality', 'produce_json', 'update_db' retrieved from /opt/airflow/dags/main.py
[2026-06-01T12:59:20.569+0000] {logging_mixin.py:188} INFO - [2026-06-01T12:59:20.569+0000] {dag.py:3096} INFO - Sync 3 DAGs
[2026-06-01T12:59:20.583+0000] {logging_mixin.py:188} INFO - [2026-06-01T12:59:20.583+0000] {dag.py:3954} INFO - Setting next_dagrun for data_quality to 2026-05-31 14:00:00+00:00, run_after=2026-06-01 14:00:00+00:00
[2026-06-01T12:59:20.586+0000] {logging_mixin.py:188} INFO - [2026-06-01T12:59:20.586+0000] {dag.py:3954} INFO - Setting next_dagrun for produce_json to 2026-06-01 12:00:00+00:00, run_after=2026-06-02 12:00:00+00:00
[2026-06-01T12:59:20.588+0000] {logging_mixin.py:188} INFO - [2026-06-01T12:59:20.588+0000] {dag.py:3954} INFO - Setting next_dagrun for update_db to 2026-05-31 13:00:00+00:00, run_after=2026-06-01 13:00:00+00:00
[2026-06-01T12:59:20.610+0000] {processor.py:183} INFO - Processing /opt/airflow/dags/main.py took 0.133 seconds
[2026-06-01T12:59:51.403+0000] {processor.py:161} INFO - Started process (PID=1325) to work on /opt/airflow/dags/main.py
[2026-06-01T12:59:51.404+0000] {processor.py:830} INFO - Processing file /opt/airflow/dags/main.py for tasks to queue
[2026-06-01T12:59:51.405+0000] {logging_mixin.py:188} INFO - [2026-06-01T12:59:51.405+0000] {dagbag.py:545} INFO - Filling up the DagBag from /opt/airflow/dags/main.py
[2026-06-01T12:59:51.488+0000] {processor.py:840} INFO - DAG(s) 'update_db', 'produce_json', 'data_quality' retrieved from /opt/airflow/dags/main.py
[2026-06-01T12:59:51.513+0000] {logging_mixin.py:188} INFO - [2026-06-01T12:59:51.513+0000] {dag.py:3096} INFO - Sync 3 DAGs
[2026-06-01T12:59:51.528+0000] {logging_mixin.py:188} INFO - [2026-06-01T12:59:51.528+0000] {dag.py:3954} INFO - Setting next_dagrun for data_quality to 2026-05-31 14:00:00+00:00, run_after=2026-06-01 14:00:00+00:00
[2026-06-01T12:59:51.531+0000] {logging_mixin.py:188} INFO - [2026-06-01T12:59:51.531+0000] {dag.py:3954} INFO - Setting next_dagrun for produce_json to 2026-06-01 12:00:00+00:00, run_after=2026-06-02 12:00:00+00:00
[2026-06-01T12:59:51.534+0000] {logging_mixin.py:188} INFO - [2026-06-01T12:59:51.534+0000] {dag.py:3954} INFO - Setting next_dagrun for update_db to 2026-05-31 13:00:00+00:00, run_after=2026-06-01 13:00:00+00:00
[2026-06-01T12:59:51.547+0000] {processor.py:183} INFO - Processing /opt/airflow/dags/main.py took 0.148 seconds
[2026-06-01T13:00:24.580+0000] {processor.py:161} INFO - Started process (PID=1332) to work on /opt/airflow/dags/main.py
[2026-06-01T13:00:24.581+0000] {processor.py:830} INFO - Processing file /opt/airflow/dags/main.py for tasks to queue
[2026-06-01T13:00:24.582+0000] {logging_mixin.py:188} INFO - [2026-06-01T13:00:24.582+0000] {dagbag.py:545} INFO - Filling up the DagBag from /opt/airflow/dags/main.py
[2026-06-01T13:00:24.650+0000] {processor.py:840} INFO - DAG(s) 'produce_json', 'data_quality', 'update_db' retrieved from /opt/airflow/dags/main.py
[2026-06-01T13:00:24.676+0000] {logging_mixin.py:188} INFO - [2026-06-01T13:00:24.676+0000] {dag.py:3096} INFO - Sync 3 DAGs
[2026-06-01T13:00:24.690+0000] {logging_mixin.py:188} INFO - [2026-06-01T13:00:24.690+0000] {dag.py:3954} INFO - Setting next_dagrun for data_quality to 2026-05-31 14:00:00+00:00, run_after=2026-06-01 14:00:00+00:00
[2026-06-01T13:00:24.694+0000] {logging_mixin.py:188} INFO - [2026-06-01T13:00:24.694+0000] {dag.py:3954} INFO - Setting next_dagrun for produce_json to 2026-06-01 12:00:00+00:00, run_after=2026-06-02 12:00:00+00:00
[2026-06-01T13:00:24.696+0000] {logging_mixin.py:188} INFO - [2026-06-01T13:00:24.696+0000] {dag.py:3954} INFO - Setting next_dagrun for update_db to 2026-06-01 13:00:00+00:00, run_after=2026-06-02 13:00:00+00:00
[2026-06-01T13:00:24.711+0000] {processor.py:183} INFO - Processing /opt/airflow/dags/main.py took 0.135 seconds
[2026-06-01T13:00:54.765+0000] {processor.py:161} INFO - Started process (PID=1339) to work on /opt/airflow/dags/main.py
[2026-06-01T13:00:54.774+0000] {processor.py:830} INFO - Processing file /opt/airflow/dags/main.py for tasks to queue
[2026-06-01T13:00:54.775+0000] {logging_mixin.py:188} INFO - [2026-06-01T13:00:54.775+0000] {dagbag.py:545} INFO - Filling up the DagBag from /opt/airflow/dags/main.py
[2026-06-01T13:00:54.856+0000] {processor.py:840} INFO - DAG(s) 'data_quality', 'update_db', 'produce_json' retrieved from /opt/airflow/dags/main.py
[2026-06-01T13:00:54.881+0000] {logging_mixin.py:188} INFO - [2026-06-01T13:00:54.881+0000] {dag.py:3096} INFO - Sync 3 DAGs
[2026-06-01T13:00:54.898+0000] {logging_mixin.py:188} INFO - [2026-06-01T13:00:54.898+0000] {dag.py:3954} INFO - Setting next_dagrun for data_quality to 2026-05-31 14:00:00+00:00, run_after=2026-06-01 14:00:00+00:00
[2026-06-01T13:00:54.903+0000] {logging_mixin.py:188} INFO - [2026-06-01T13:00:54.902+0000] {dag.py:3954} INFO - Setting next_dagrun for produce_json to 2026-06-01 12:00:00+00:00, run_after=2026-06-02 12:00:00+00:00
[2026-06-01T13:00:54.905+0000] {logging_mixin.py:188} INFO - [2026-06-01T13:00:54.905+0000] {dag.py:3954} INFO - Setting next_dagrun for update_db to 2026-06-01 13:00:00+00:00, run_after=2026-06-02 13:00:00+00:00
[2026-06-01T13:00:54.922+0000] {processor.py:183} INFO - Processing /opt/airflow/dags/main.py took 0.162 seconds
[2026-06-01T13:01:25.776+0000] {processor.py:161} INFO - Started process (PID=1346) to work on /opt/airflow/dags/main.py
[2026-06-01T13:01:25.777+0000] {processor.py:830} INFO - Processing file /opt/airflow/dags/main.py for tasks to queue
[2026-06-01T13:01:25.778+0000] {logging_mixin.py:188} INFO - [2026-06-01T13:01:25.778+0000] {dagbag.py:545} INFO - Filling up the DagBag from /opt/airflow/dags/main.py
[2026-06-01T13:01:25.866+0000] {processor.py:840} INFO - DAG(s) 'update_db', 'produce_json', 'data_quality' retrieved from /opt/airflow/dags/main.py
[2026-06-01T13:01:25.896+0000] {logging_mixin.py:188} INFO - [2026-06-01T13:01:25.896+0000] {dag.py:3096} INFO - Sync 3 DAGs
[2026-06-01T13:01:25.918+0000] {logging_mixin.py:188} INFO - [2026-06-01T13:01:25.918+0000] {dag.py:3954} INFO - Setting next_dagrun for data_quality to 2026-05-31 14:00:00+00:00, run_after=2026-06-01 14:00:00+00:00
[2026-06-01T13:01:25.924+0000] {logging_mixin.py:188} INFO - [2026-06-01T13:01:25.924+0000] {dag.py:3954} INFO - Setting next_dagrun for produce_json to 2026-06-01 12:00:00+00:00, run_after=2026-06-02 12:00:00+00:00
[2026-06-01T13:01:25.927+0000] {logging_mixin.py:188} INFO - [2026-06-01T13:01:25.927+0000] {dag.py:3954} INFO - Setting next_dagrun for update_db to 2026-06-01 13:00:00+00:00, run_after=2026-06-02 13:00:00+00:00
[2026-06-01T13:01:25.942+0000] {processor.py:183} INFO - Processing /opt/airflow/dags/main.py took 0.180 seconds
[2026-06-01T13:01:56.654+0000] {processor.py:161} INFO - Started process (PID=1353) to work on /opt/airflow/dags/main.py
[2026-06-01T13:01:56.655+0000] {processor.py:830} INFO - Processing file /opt/airflow/dags/main.py for tasks to queue
[2026-06-01T13:01:56.656+0000] {logging_mixin.py:188} INFO - [2026-06-01T13:01:56.655+0000] {dagbag.py:545} INFO - Filling up the DagBag from /opt/airflow/dags/main.py
[2026-06-01T13:01:56.728+0000] {processor.py:840} INFO - DAG(s) 'update_db', 'produce_json', 'data_quality' retrieved from /opt/airflow/dags/main.py
[2026-06-01T13:01:56.752+0000] {logging_mixin.py:188} INFO - [2026-06-01T13:01:56.751+0000] {dag.py:3096} INFO - Sync 3 DAGs
[2026-06-01T13:01:56.767+0000] {logging_mixin.py:188} INFO - [2026-06-01T13:01:56.766+0000] {dag.py:3954} INFO - Setting next_dagrun for data_quality to 2026-05-31 14:00:00+00:00, run_after=2026-06-01 14:00:00+00:00
[2026-06-01T13:01:56.771+0000] {logging_mixin.py:188} INFO - [2026-06-01T13:01:56.771+0000] {dag.py:3954} INFO - Setting next_dagrun for produce_json to 2026-06-01 12:00:00+00:00, run_after=2026-06-02 12:00:00+00:00
[2026-06-01T13:01:56.773+0000] {logging_mixin.py:188} INFO - [2026-06-01T13:01:56.773+0000] {dag.py:3954} INFO - Setting next_dagrun for update_db to 2026-06-01 13:00:00+00:00, run_after=2026-06-02 13:00:00+00:00
[2026-06-01T13:01:56.794+0000] {processor.py:183} INFO - Processing /opt/airflow/dags/main.py took 0.145 seconds
[2026-06-01T13:02:27.715+0000] {processor.py:161} INFO - Started process (PID=1360) to work on /opt/airflow/dags/main.py
[2026-06-01T13:02:27.716+0000] {processor.py:830} INFO - Processing file /opt/airflow/dags/main.py for tasks to queue
[2026-06-01T13:02:27.717+0000] {logging_mixin.py:188} INFO - [2026-06-01T13:02:27.717+0000] {dagbag.py:545} INFO - Filling up the DagBag from /opt/airflow/dags/main.py
[2026-06-01T13:02:27.789+0000] {processor.py:840} INFO - DAG(s) 'update_db', 'produce_json', 'data_quality' retrieved from /opt/airflow/dags/main.py
[2026-06-01T13:02:27.812+0000] {logging_mixin.py:188} INFO - [2026-06-01T13:02:27.812+0000] {dag.py:3096} INFO - Sync 3 DAGs
[2026-06-01T13:02:27.828+0000] {logging_mixin.py:188} INFO - [2026-06-01T13:02:27.828+0000] {dag.py:3954} INFO - Setting next_dagrun for data_quality to 2026-05-31 14:00:00+00:00, run_after=2026-06-01 14:00:00+00:00
[2026-06-01T13:02:27.832+0000] {logging_mixin.py:188} INFO - [2026-06-01T13:02:27.832+0000] {dag.py:3954} INFO - Setting next_dagrun for produce_json to 2026-06-01 12:00:00+00:00, run_after=2026-06-02 12:00:00+00:00
[2026-06-01T13:02:27.834+0000] {logging_mixin.py:188} INFO - [2026-06-01T13:02:27.834+0000] {dag.py:3954} INFO - Setting next_dagrun for update_db to 2026-06-01 13:00:00+00:00, run_after=2026-06-02 13:00:00+00:00
[2026-06-01T13:02:27.847+0000] {processor.py:183} INFO - Processing /opt/airflow/dags/main.py took 0.136 seconds
[2026-06-01T13:02:58.713+0000] {processor.py:161} INFO - Started process (PID=1367) to work on /opt/airflow/dags/main.py
[2026-06-01T13:02:58.714+0000] {processor.py:830} INFO - Processing file /opt/airflow/dags/main.py for tasks to queue
[2026-06-01T13:02:58.715+0000] {logging_mixin.py:188} INFO - [2026-06-01T13:02:58.715+0000] {dagbag.py:545} INFO - Filling up the DagBag from /opt/airflow/dags/main.py
[2026-06-01T13:02:58.775+0000] {processor.py:840} INFO - DAG(s) 'update_db', 'produce_json', 'data_quality' retrieved from /opt/airflow/dags/main.py
[2026-06-01T13:02:58.797+0000] {logging_mixin.py:188} INFO - [2026-06-01T13:02:58.796+0000] {dag.py:3096} INFO - Sync 3 DAGs
[2026-06-01T13:02:58.811+0000] {logging_mixin.py:188} INFO - [2026-06-01T13:02:58.811+0000] {dag.py:3954} INFO - Setting next_dagrun for data_quality to 2026-05-31 14:00:00+00:00, run_after=2026-06-01 14:00:00+00:00
[2026-06-01T13:02:58.814+0000] {logging_mixin.py:188} INFO - [2026-06-01T13:02:58.814+0000] {dag.py:3954} INFO - Setting next_dagrun for produce_json to 2026-06-01 12:00:00+00:00, run_after=2026-06-02 12:00:00+00:00
[2026-06-01T13:02:58.816+0000] {logging_mixin.py:188} INFO - [2026-06-01T13:02:58.816+0000] {dag.py:3954} INFO - Setting next_dagrun for update_db to 2026-06-01 13:00:00+00:00, run_after=2026-06-02 13:00:00+00:00
[2026-06-01T13:02:58.839+0000] {processor.py:183} INFO - Processing /opt/airflow/dags/main.py took 0.130 seconds
[2026-06-01T13:03:29.786+0000] {processor.py:161} INFO - Started process (PID=1368) to work on /opt/airflow/dags/main.py
[2026-06-01T13:03:29.787+0000] {processor.py:830} INFO - Processing file /opt/airflow/dags/main.py for tasks to queue
[2026-06-01T13:03:29.787+0000] {logging_mixin.py:188} INFO - [2026-06-01T13:03:29.787+0000] {dagbag.py:545} INFO - Filling up the DagBag from /opt/airflow/dags/main.py
[2026-06-01T13:03:29.872+0000] {processor.py:840} INFO - DAG(s) 'update_db', 'data_quality', 'produce_json' retrieved from /opt/airflow/dags/main.py
[2026-06-01T13:03:29.900+0000] {logging_mixin.py:188} INFO - [2026-06-01T13:03:29.900+0000] {dag.py:3096} INFO - Sync 3 DAGs
[2026-06-01T13:03:29.916+0000] {logging_mixin.py:188} INFO - [2026-06-01T13:03:29.915+0000] {dag.py:3954} INFO - Setting next_dagrun for data_quality to 2026-05-31 14:00:00+00:00, run_after=2026-06-01 14:00:00+00:00
[2026-06-01T13:03:29.919+0000] {logging_mixin.py:188} INFO - [2026-06-01T13:03:29.919+0000] {dag.py:3954} INFO - Setting next_dagrun for produce_json to 2026-06-01 12:00:00+00:00, run_after=2026-06-02 12:00:00+00:00
[2026-06-01T13:03:29.922+0000] {logging_mixin.py:188} INFO - [2026-06-01T13:03:29.922+0000] {dag.py:3954} INFO - Setting next_dagrun for update_db to 2026-06-01 13:00:00+00:00, run_after=2026-06-02 13:00:00+00:00
[2026-06-01T13:03:29.937+0000] {processor.py:183} INFO - Processing /opt/airflow/dags/main.py took 0.157 seconds
[2026-06-01T13:04:00.701+0000] {processor.py:161} INFO - Started process (PID=1375) to work on /opt/airflow/dags/main.py
[2026-06-01T13:04:00.702+0000] {processor.py:830} INFO - Processing file /opt/airflow/dags/main.py for tasks to queue
[2026-06-01T13:04:00.703+0000] {logging_mixin.py:188} INFO - [2026-06-01T13:04:00.703+0000] {dagbag.py:545} INFO - Filling up the DagBag from /opt/airflow/dags/main.py
[2026-06-01T13:04:00.771+0000] {processor.py:840} INFO - DAG(s) 'data_quality', 'update_db', 'produce_json' retrieved from /opt/airflow/dags/main.py
[2026-06-01T13:04:00.796+0000] {logging_mixin.py:188} INFO - [2026-06-01T13:04:00.795+0000] {dag.py:3096} INFO - Sync 3 DAGs
[2026-06-01T13:04:00.811+0000] {logging_mixin.py:188} INFO - [2026-06-01T13:04:00.811+0000] {dag.py:3954} INFO - Setting next_dagrun for data_quality to 2026-05-31 14:00:00+00:00, run_after=2026-06-01 14:00:00+00:00
[2026-06-01T13:04:00.815+0000] {logging_mixin.py:188} INFO - [2026-06-01T13:04:00.815+0000] {dag.py:3954} INFO - Setting next_dagrun for produce_json to 2026-06-01 12:00:00+00:00, run_after=2026-06-02 12:00:00+00:00
[2026-06-01T13:04:00.817+0000] {logging_mixin.py:188} INFO - [2026-06-01T13:04:00.817+0000] {dag.py:3954} INFO - Setting next_dagrun for update_db to 2026-06-01 13:00:00+00:00, run_after=2026-06-02 13:00:00+00:00
[2026-06-01T13:04:00.831+0000] {processor.py:183} INFO - Processing /opt/airflow/dags/main.py took 0.135 seconds
[2026-06-01T13:04:31.766+0000] {processor.py:161} INFO - Started process (PID=1382) to work on /opt/airflow/dags/main.py
[2026-06-01T13:04:31.767+0000] {processor.py:830} INFO - Processing file /opt/airflow/dags/main.py for tasks to queue
[2026-06-01T13:04:31.768+0000] {logging_mixin.py:188} INFO - [2026-06-01T13:04:31.768+0000] {dagbag.py:545} INFO - Filling up the DagBag from /opt/airflow/dags/main.py
[2026-06-01T13:04:31.848+0000] {processor.py:840} INFO - DAG(s) 'produce_json', 'update_db', 'data_quality' retrieved from /opt/airflow/dags/main.py
[2026-06-01T13:04:31.871+0000] {logging_mixin.py:188} INFO - [2026-06-01T13:04:31.871+0000] {dag.py:3096} INFO - Sync 3 DAGs
[2026-06-01T13:04:31.886+0000] {logging_mixin.py:188} INFO - [2026-06-01T13:04:31.886+0000] {dag.py:3954} INFO - Setting next_dagrun for data_quality to 2026-05-31 14:00:00+00:00, run_after=2026-06-01 14:00:00+00:00
[2026-06-01T13:04:31.890+0000] {logging_mixin.py:188} INFO - [2026-06-01T13:04:31.890+0000] {dag.py:3954} INFO - Setting next_dagrun for produce_json to 2026-06-01 12:00:00+00:00, run_after=2026-06-02 12:00:00+00:00
[2026-06-01T13:04:31.892+0000] {logging_mixin.py:188} INFO - [2026-06-01T13:04:31.892+0000] {dag.py:3954} INFO - Setting next_dagrun for update_db to 2026-06-01 13:00:00+00:00, run_after=2026-06-02 13:00:00+00:00
[2026-06-01T13:04:31.905+0000] {processor.py:183} INFO - Processing /opt/airflow/dags/main.py took 0.144 seconds
[2026-06-01T13:05:04.815+0000] {processor.py:161} INFO - Started process (PID=1389) to work on /opt/airflow/dags/main.py
[2026-06-01T13:05:04.816+0000] {processor.py:830} INFO - Processing file /opt/airflow/dags/main.py for tasks to queue
[2026-06-01T13:05:04.817+0000] {logging_mixin.py:188} INFO - [2026-06-01T13:05:04.817+0000] {dagbag.py:545} INFO - Filling up the DagBag from /opt/airflow/dags/main.py
[2026-06-01T13:05:04.881+0000] {processor.py:840} INFO - DAG(s) 'update_db', 'data_quality', 'produce_json' retrieved from /opt/airflow/dags/main.py
[2026-06-01T13:05:04.903+0000] {logging_mixin.py:188} INFO - [2026-06-01T13:05:04.903+0000] {dag.py:3096} INFO - Sync 3 DAGs
[2026-06-01T13:05:04.919+0000] {logging_mixin.py:188} INFO - [2026-06-01T13:05:04.919+0000] {dag.py:3954} INFO - Setting next_dagrun for data_quality to 2026-05-31 14:00:00+00:00, run_after=2026-06-01 14:00:00+00:00
[2026-06-01T13:05:04.923+0000] {logging_mixin.py:188} INFO - [2026-06-01T13:05:04.923+0000] {dag.py:3954} INFO - Setting next_dagrun for produce_json to 2026-06-01 12:00:00+00:00, run_after=2026-06-02 12:00:00+00:00
[2026-06-01T13:05:04.925+0000] {logging_mixin.py:188} INFO - [2026-06-01T13:05:04.925+0000] {dag.py:3954} INFO - Setting next_dagrun for update_db to 2026-06-01 13:00:00+00:00, run_after=2026-06-02 13:00:00+00:00
[2026-06-01T13:05:04.941+0000] {processor.py:183} INFO - Processing /opt/airflow/dags/main.py took 0.130 seconds
[2026-06-01T13:05:35.029+0000] {processor.py:161} INFO - Started process (PID=1396) to work on /opt/airflow/dags/main.py
[2026-06-01T13:05:35.029+0000] {processor.py:830} INFO - Processing file /opt/airflow/dags/main.py for tasks to queue
[2026-06-01T13:05:35.030+0000] {logging_mixin.py:188} INFO - [2026-06-01T13:05:35.030+0000] {dagbag.py:545} INFO - Filling up the DagBag from /opt/airflow/dags/main.py
[2026-06-01T13:05:35.122+0000] {processor.py:840} INFO - DAG(s) 'produce_json', 'update_db', 'data_quality' retrieved from /opt/airflow/dags/main.py
[2026-06-01T13:05:35.147+0000] {logging_mixin.py:188} INFO - [2026-06-01T13:05:35.147+0000] {dag.py:3096} INFO - Sync 3 DAGs
[2026-06-01T13:05:35.161+0000] {logging_mixin.py:188} INFO - [2026-06-01T13:05:35.161+0000] {dag.py:3954} INFO - Setting next_dagrun for data_quality to 2026-05-31 14:00:00+00:00, run_after=2026-06-01 14:00:00+00:00
[2026-06-01T13:05:35.165+0000] {logging_mixin.py:188} INFO - [2026-06-01T13:05:35.165+0000] {dag.py:3954} INFO - Setting next_dagrun for produce_json to 2026-06-01 12:00:00+00:00, run_after=2026-06-02 12:00:00+00:00
[2026-06-01T13:05:35.167+0000] {logging_mixin.py:188} INFO - [2026-06-01T13:05:35.167+0000] {dag.py:3954} INFO - Setting next_dagrun for update_db to 2026-06-01 13:00:00+00:00, run_after=2026-06-02 13:00:00+00:00
[2026-06-01T13:05:35.179+0000] {processor.py:183} INFO - Processing /opt/airflow/dags/main.py took 0.155 seconds
[2026-06-01T13:06:05.943+0000] {processor.py:161} INFO - Started process (PID=1403) to work on /opt/airflow/dags/main.py
[2026-06-01T13:06:05.944+0000] {processor.py:830} INFO - Processing file /opt/airflow/dags/main.py for tasks to queue
[2026-06-01T13:06:05.945+0000] {logging_mixin.py:188} INFO - [2026-06-01T13:06:05.945+0000] {dagbag.py:545} INFO - Filling up the DagBag from /opt/airflow/dags/main.py
[2026-06-01T13:06:06.014+0000] {processor.py:840} INFO - DAG(s) 'produce_json', 'data_quality', 'update_db' retrieved from /opt/airflow/dags/main.py
[2026-06-01T13:06:06.034+0000] {logging_mixin.py:188} INFO - [2026-06-01T13:06:06.034+0000] {dag.py:3096} INFO - Sync 3 DAGs
[2026-06-01T13:06:06.049+0000] {logging_mixin.py:188} INFO - [2026-06-01T13:06:06.048+0000] {dag.py:3954} INFO - Setting next_dagrun for data_quality to 2026-05-31 14:00:00+00:00, run_after=2026-06-01 14:00:00+00:00
[2026-06-01T13:06:06.052+0000] {logging_mixin.py:188} INFO - [2026-06-01T13:06:06.052+0000] {dag.py:3954} INFO - Setting next_dagrun for produce_json to 2026-06-01 12:00:00+00:00, run_after=2026-06-02 12:00:00+00:00
[2026-06-01T13:06:06.054+0000] {logging_mixin.py:188} INFO - [2026-06-01T13:06:06.054+0000] {dag.py:3954} INFO - Setting next_dagrun for update_db to 2026-06-01 13:00:00+00:00, run_after=2026-06-02 13:00:00+00:00
[2026-06-01T13:06:06.067+0000] {processor.py:183} INFO - Processing /opt/airflow/dags/main.py took 0.128 seconds
[2026-06-01T13:06:36.770+0000] {processor.py:161} INFO - Started process (PID=1410) to work on /opt/airflow/dags/main.py
[2026-06-01T13:06:36.770+0000] {processor.py:830} INFO - Processing file /opt/airflow/dags/main.py for tasks to queue
[2026-06-01T13:06:36.771+0000] {logging_mixin.py:188} INFO - [2026-06-01T13:06:36.771+0000] {dagbag.py:545} INFO - Filling up the DagBag from /opt/airflow/dags/main.py
[2026-06-01T13:06:36.830+0000] {processor.py:840} INFO - DAG(s) 'produce_json', 'update_db', 'data_quality' retrieved from /opt/airflow/dags/main.py
[2026-06-01T13:06:36.854+0000] {logging_mixin.py:188} INFO - [2026-06-01T13:06:36.854+0000] {dag.py:3096} INFO - Sync 3 DAGs
[2026-06-01T13:06:36.867+0000] {logging_mixin.py:188} INFO - [2026-06-01T13:06:36.867+0000] {dag.py:3954} INFO - Setting next_dagrun for data_quality to 2026-05-31 14:00:00+00:00, run_after=2026-06-01 14:00:00+00:00
[2026-06-01T13:06:36.870+0000] {logging_mixin.py:188} INFO - [2026-06-01T13:06:36.870+0000] {dag.py:3954} INFO - Setting next_dagrun for produce_json to 2026-06-01 12:00:00+00:00, run_after=2026-06-02 12:00:00+00:00
[2026-06-01T13:06:36.872+0000] {logging_mixin.py:188} INFO - [2026-06-01T13:06:36.872+0000] {dag.py:3954} INFO - Setting next_dagrun for update_db to 2026-06-01 13:00:00+00:00, run_after=2026-06-02 13:00:00+00:00
[2026-06-01T13:06:36.885+0000] {processor.py:183} INFO - Processing /opt/airflow/dags/main.py took 0.120 seconds
[2026-06-01T13:07:07.593+0000] {processor.py:161} INFO - Started process (PID=1417) to work on /opt/airflow/dags/main.py
[2026-06-01T13:07:07.594+0000] {processor.py:830} INFO - Processing file /opt/airflow/dags/main.py for tasks to queue
[2026-06-01T13:07:07.594+0000] {logging_mixin.py:188} INFO - [2026-06-01T13:07:07.594+0000] {dagbag.py:545} INFO - Filling up the DagBag from /opt/airflow/dags/main.py
[2026-06-01T13:07:07.656+0000] {processor.py:840} INFO - DAG(s) 'update_db', 'data_quality', 'produce_json' retrieved from /opt/airflow/dags/main.py
[2026-06-01T13:07:07.678+0000] {logging_mixin.py:188} INFO - [2026-06-01T13:07:07.678+0000] {dag.py:3096} INFO - Sync 3 DAGs
[2026-06-01T13:07:07.692+0000] {logging_mixin.py:188} INFO - [2026-06-01T13:07:07.692+0000] {dag.py:3954} INFO - Setting next_dagrun for data_quality to 2026-05-31 14:00:00+00:00, run_after=2026-06-01 14:00:00+00:00
[2026-06-01T13:07:07.695+0000] {logging_mixin.py:188} INFO - [2026-06-01T13:07:07.695+0000] {dag.py:3954} INFO - Setting next_dagrun for produce_json to 2026-06-01 12:00:00+00:00, run_after=2026-06-02 12:00:00+00:00
[2026-06-01T13:07:07.697+0000] {logging_mixin.py:188} INFO - [2026-06-01T13:07:07.697+0000] {dag.py:3954} INFO - Setting next_dagrun for update_db to 2026-06-01 13:00:00+00:00, run_after=2026-06-02 13:00:00+00:00
[2026-06-01T13:07:07.719+0000] {processor.py:183} INFO - Processing /opt/airflow/dags/main.py took 0.131 seconds
[2026-06-01T13:07:38.551+0000] {processor.py:161} INFO - Started process (PID=1424) to work on /opt/airflow/dags/main.py
[2026-06-01T13:07:38.552+0000] {processor.py:830} INFO - Processing file /opt/airflow/dags/main.py for tasks to queue
[2026-06-01T13:07:38.553+0000] {logging_mixin.py:188} INFO - [2026-06-01T13:07:38.553+0000] {dagbag.py:545} INFO - Filling up the DagBag from /opt/airflow/dags/main.py
[2026-06-01T13:07:38.632+0000] {processor.py:840} INFO - DAG(s) 'produce_json', 'data_quality', 'update_db' retrieved from /opt/airflow/dags/main.py
[2026-06-01T13:07:38.662+0000] {logging_mixin.py:188} INFO - [2026-06-01T13:07:38.662+0000] {dag.py:3096} INFO - Sync 3 DAGs
[2026-06-01T13:07:38.677+0000] {logging_mixin.py:188} INFO - [2026-06-01T13:07:38.677+0000] {dag.py:3954} INFO - Setting next_dagrun for data_quality to 2026-05-31 14:00:00+00:00, run_after=2026-06-01 14:00:00+00:00
[2026-06-01T13:07:38.680+0000] {logging_mixin.py:188} INFO - [2026-06-01T13:07:38.680+0000] {dag.py:3954} INFO - Setting next_dagrun for produce_json to 2026-06-01 12:00:00+00:00, run_after=2026-06-02 12:00:00+00:00
[2026-06-01T13:07:38.682+0000] {logging_mixin.py:188} INFO - [2026-06-01T13:07:38.682+0000] {dag.py:3954} INFO - Setting next_dagrun for update_db to 2026-06-01 13:00:00+00:00, run_after=2026-06-02 13:00:00+00:00
[2026-06-01T13:07:38.696+0000] {processor.py:183} INFO - Processing /opt/airflow/dags/main.py took 0.158 seconds
[2026-06-01T13:08:09.542+0000] {processor.py:161} INFO - Started process (PID=1431) to work on /opt/airflow/dags/main.py
[2026-06-01T13:08:09.543+0000] {processor.py:830} INFO - Processing file /opt/airflow/dags/main.py for tasks to queue
[2026-06-01T13:08:09.543+0000] {logging_mixin.py:188} INFO - [2026-06-01T13:08:09.543+0000] {dagbag.py:545} INFO - Filling up the DagBag from /opt/airflow/dags/main.py
[2026-06-01T13:08:09.602+0000] {processor.py:840} INFO - DAG(s) 'produce_json', 'data_quality', 'update_db' retrieved from /opt/airflow/dags/main.py
[2026-06-01T13:08:09.624+0000] {logging_mixin.py:188} INFO - [2026-06-01T13:08:09.623+0000] {dag.py:3096} INFO - Sync 3 DAGs
[2026-06-01T13:08:09.637+0000] {logging_mixin.py:188} INFO - [2026-06-01T13:08:09.637+0000] {dag.py:3954} INFO - Setting next_dagrun for data_quality to 2026-05-31 14:00:00+00:00, run_after=2026-06-01 14:00:00+00:00
[2026-06-01T13:08:09.642+0000] {logging_mixin.py:188} INFO - [2026-06-01T13:08:09.641+0000] {dag.py:3954} INFO - Setting next_dagrun for produce_json to 2026-06-01 12:00:00+00:00, run_after=2026-06-02 12:00:00+00:00
[2026-06-01T13:08:09.644+0000] {logging_mixin.py:188} INFO - [2026-06-01T13:08:09.643+0000] {dag.py:3954} INFO - Setting next_dagrun for update_db to 2026-06-01 13:00:00+00:00, run_after=2026-06-02 13:00:00+00:00
[2026-06-01T13:08:09.666+0000] {processor.py:183} INFO - Processing /opt/airflow/dags/main.py took 0.128 seconds
[2026-06-01T13:08:40.291+0000] {processor.py:161} INFO - Started process (PID=1438) to work on /opt/airflow/dags/main.py
[2026-06-01T13:08:40.292+0000] {processor.py:830} INFO - Processing file /opt/airflow/dags/main.py for tasks to queue
[2026-06-01T13:08:40.293+0000] {logging_mixin.py:188} INFO - [2026-06-01T13:08:40.293+0000] {dagbag.py:545} INFO - Filling up the DagBag from /opt/airflow/dags/main.py
[2026-06-01T13:08:40.356+0000] {processor.py:840} INFO - DAG(s) 'produce_json', 'data_quality', 'update_db' retrieved from /opt/airflow/dags/main.py
[2026-06-01T13:08:40.379+0000] {logging_mixin.py:188} INFO - [2026-06-01T13:08:40.379+0000] {dag.py:3096} INFO - Sync 3 DAGs
[2026-06-01T13:08:40.393+0000] {logging_mixin.py:188} INFO - [2026-06-01T13:08:40.393+0000] {dag.py:3954} INFO - Setting next_dagrun for data_quality to 2026-05-31 14:00:00+00:00, run_after=2026-06-01 14:00:00+00:00
[2026-06-01T13:08:40.397+0000] {logging_mixin.py:188} INFO - [2026-06-01T13:08:40.397+0000] {dag.py:3954} INFO - Setting next_dagrun for produce_json to 2026-06-01 12:00:00+00:00, run_after=2026-06-02 12:00:00+00:00
[2026-06-01T13:08:40.399+0000] {logging_mixin.py:188} INFO - [2026-06-01T13:08:40.399+0000] {dag.py:3954} INFO - Setting next_dagrun for update_db to 2026-06-01 13:00:00+00:00, run_after=2026-06-02 13:00:00+00:00
[2026-06-01T13:08:40.419+0000] {processor.py:183} INFO - Processing /opt/airflow/dags/main.py took 0.132 seconds
[2026-06-01T13:09:11.227+0000] {processor.py:161} INFO - Started process (PID=1445) to work on /opt/airflow/dags/main.py
[2026-06-01T13:09:11.228+0000] {processor.py:830} INFO - Processing file /opt/airflow/dags/main.py for tasks to queue
[2026-06-01T13:09:11.229+0000] {logging_mixin.py:188} INFO - [2026-06-01T13:09:11.229+0000] {dagbag.py:545} INFO - Filling up the DagBag from /opt/airflow/dags/main.py
[2026-06-01T13:09:11.294+0000] {processor.py:840} INFO - DAG(s) 'update_db', 'produce_json', 'data_quality' retrieved from /opt/airflow/dags/main.py
[2026-06-01T13:09:11.318+0000] {logging_mixin.py:188} INFO - [2026-06-01T13:09:11.318+0000] {dag.py:3096} INFO - Sync 3 DAGs
[2026-06-01T13:09:11.334+0000] {logging_mixin.py:188} INFO - [2026-06-01T13:09:11.334+0000] {dag.py:3954} INFO - Setting next_dagrun for data_quality to 2026-05-31 14:00:00+00:00, run_after=2026-06-01 14:00:00+00:00
[2026-06-01T13:09:11.338+0000] {logging_mixin.py:188} INFO - [2026-06-01T13:09:11.338+0000] {dag.py:3954} INFO - Setting next_dagrun for produce_json to 2026-06-01 12:00:00+00:00, run_after=2026-06-02 12:00:00+00:00
[2026-06-01T13:09:11.340+0000] {logging_mixin.py:188} INFO - [2026-06-01T13:09:11.340+0000] {dag.py:3954} INFO - Setting next_dagrun for update_db to 2026-06-01 13:00:00+00:00, run_after=2026-06-02 13:00:00+00:00
[2026-06-01T13:09:11.356+0000] {processor.py:183} INFO - Processing /opt/airflow/dags/main.py took 0.133 seconds
[2026-06-01T13:09:44.120+0000] {processor.py:161} INFO - Started process (PID=1452) to work on /opt/airflow/dags/main.py
[2026-06-01T13:09:44.121+0000] {processor.py:830} INFO - Processing file /opt/airflow/dags/main.py for tasks to queue
[2026-06-01T13:09:44.122+0000] {logging_mixin.py:188} INFO - [2026-06-01T13:09:44.122+0000] {dagbag.py:545} INFO - Filling up the DagBag from /opt/airflow/dags/main.py
[2026-06-01T13:09:44.188+0000] {processor.py:840} INFO - DAG(s) 'update_db', 'produce_json', 'data_quality' retrieved from /opt/airflow/dags/main.py
[2026-06-01T13:09:44.215+0000] {logging_mixin.py:188} INFO - [2026-06-01T13:09:44.215+0000] {dag.py:3096} INFO - Sync 3 DAGs
[2026-06-01T13:09:44.231+0000] {logging_mixin.py:188} INFO - [2026-06-01T13:09:44.231+0000] {dag.py:3954} INFO - Setting next_dagrun for data_quality to 2026-05-31 14:00:00+00:00, run_after=2026-06-01 14:00:00+00:00
[2026-06-01T13:09:44.235+0000] {logging_mixin.py:188} INFO - [2026-06-01T13:09:44.235+0000] {dag.py:3954} INFO - Setting next_dagrun for produce_json to 2026-06-01 12:00:00+00:00, run_after=2026-06-02 12:00:00+00:00
[2026-06-01T13:09:44.237+0000] {logging_mixin.py:188} INFO - [2026-06-01T13:09:44.237+0000] {dag.py:3954} INFO - Setting next_dagrun for update_db to 2026-06-01 13:00:00+00:00, run_after=2026-06-02 13:00:00+00:00
[2026-06-01T13:09:44.252+0000] {processor.py:183} INFO - Processing /opt/airflow/dags/main.py took 0.136 seconds
[2026-06-01T13:10:14.557+0000] {processor.py:161} INFO - Started process (PID=1459) to work on /opt/airflow/dags/main.py
[2026-06-01T13:10:14.557+0000] {processor.py:830} INFO - Processing file /opt/airflow/dags/main.py for tasks to queue
[2026-06-01T13:10:14.558+0000] {logging_mixin.py:188} INFO - [2026-06-01T13:10:14.558+0000] {dagbag.py:545} INFO - Filling up the DagBag from /opt/airflow/dags/main.py
[2026-06-01T13:10:14.651+0000] {processor.py:840} INFO - DAG(s) 'produce_json', 'data_quality', 'update_db' retrieved from /opt/airflow/dags/main.py
[2026-06-01T13:10:14.677+0000] {logging_mixin.py:188} INFO - [2026-06-01T13:10:14.677+0000] {dag.py:3096} INFO - Sync 3 DAGs
[2026-06-01T13:10:14.693+0000] {logging_mixin.py:188} INFO - [2026-06-01T13:10:14.693+0000] {dag.py:3954} INFO - Setting next_dagrun for data_quality to 2026-05-31 14:00:00+00:00, run_after=2026-06-01 14:00:00+00:00
[2026-06-01T13:10:14.696+0000] {logging_mixin.py:188} INFO - [2026-06-01T13:10:14.696+0000] {dag.py:3954} INFO - Setting next_dagrun for produce_json to 2026-06-01 12:00:00+00:00, run_after=2026-06-02 12:00:00+00:00
[2026-06-01T13:10:14.699+0000] {logging_mixin.py:188} INFO - [2026-06-01T13:10:14.699+0000] {dag.py:3954} INFO - Setting next_dagrun for update_db to 2026-06-01 13:00:00+00:00, run_after=2026-06-02 13:00:00+00:00
[2026-06-01T13:10:14.711+0000] {processor.py:183} INFO - Processing /opt/airflow/dags/main.py took 0.159 seconds
[2026-06-01T13:10:45.487+0000] {processor.py:161} INFO - Started process (PID=1466) to work on /opt/airflow/dags/main.py
[2026-06-01T13:10:45.488+0000] {processor.py:830} INFO - Processing file /opt/airflow/dags/main.py for tasks to queue
[2026-06-01T13:10:45.489+0000] {logging_mixin.py:188} INFO - [2026-06-01T13:10:45.489+0000] {dagbag.py:545} INFO - Filling up the DagBag from /opt/airflow/dags/main.py
[2026-06-01T13:10:45.553+0000] {processor.py:840} INFO - DAG(s) 'data_quality', 'produce_json', 'update_db' retrieved from /opt/airflow/dags/main.py
[2026-06-01T13:10:45.575+0000] {logging_mixin.py:188} INFO - [2026-06-01T13:10:45.575+0000] {dag.py:3096} INFO - Sync 3 DAGs
[2026-06-01T13:10:45.590+0000] {logging_mixin.py:188} INFO - [2026-06-01T13:10:45.590+0000] {dag.py:3954} INFO - Setting next_dagrun for data_quality to 2026-05-31 14:00:00+00:00, run_after=2026-06-01 14:00:00+00:00
[2026-06-01T13:10:45.594+0000] {logging_mixin.py:188} INFO - [2026-06-01T13:10:45.594+0000] {dag.py:3954} INFO - Setting next_dagrun for produce_json to 2026-06-01 12:00:00+00:00, run_after=2026-06-02 12:00:00+00:00
[2026-06-01T13:10:45.596+0000] {logging_mixin.py:188} INFO - [2026-06-01T13:10:45.596+0000] {dag.py:3954} INFO - Setting next_dagrun for update_db to 2026-06-01 13:00:00+00:00, run_after=2026-06-02 13:00:00+00:00
[2026-06-01T13:10:45.619+0000] {processor.py:183} INFO - Processing /opt/airflow/dags/main.py took 0.136 seconds
[2026-06-01T13:11:16.379+0000] {processor.py:161} INFO - Started process (PID=1473) to work on /opt/airflow/dags/main.py
[2026-06-01T13:11:16.380+0000] {processor.py:830} INFO - Processing file /opt/airflow/dags/main.py for tasks to queue
[2026-06-01T13:11:16.381+0000] {logging_mixin.py:188} INFO - [2026-06-01T13:11:16.380+0000] {dagbag.py:545} INFO - Filling up the DagBag from /opt/airflow/dags/main.py
[2026-06-01T13:11:16.469+0000] {processor.py:840} INFO - DAG(s) 'produce_json', 'update_db', 'data_quality' retrieved from /opt/airflow/dags/main.py
[2026-06-01T13:11:16.498+0000] {logging_mixin.py:188} INFO - [2026-06-01T13:11:16.498+0000] {dag.py:3096} INFO - Sync 3 DAGs
[2026-06-01T13:11:16.512+0000] {logging_mixin.py:188} INFO - [2026-06-01T13:11:16.512+0000] {dag.py:3954} INFO - Setting next_dagrun for data_quality to 2026-05-31 14:00:00+00:00, run_after=2026-06-01 14:00:00+00:00
[2026-06-01T13:11:16.516+0000] {logging_mixin.py:188} INFO - [2026-06-01T13:11:16.516+0000] {dag.py:3954} INFO - Setting next_dagrun for produce_json to 2026-06-01 12:00:00+00:00, run_after=2026-06-02 12:00:00+00:00
[2026-06-01T13:11:16.518+0000] {logging_mixin.py:188} INFO - [2026-06-01T13:11:16.518+0000] {dag.py:3954} INFO - Setting next_dagrun for update_db to 2026-06-01 13:00:00+00:00, run_after=2026-06-02 13:00:00+00:00
[2026-06-01T13:11:16.530+0000] {processor.py:183} INFO - Processing /opt/airflow/dags/main.py took 0.155 seconds
[2026-06-01T13:11:47.436+0000] {processor.py:161} INFO - Started process (PID=1480) to work on /opt/airflow/dags/main.py
[2026-06-01T13:11:47.437+0000] {processor.py:830} INFO - Processing file /opt/airflow/dags/main.py for tasks to queue
[2026-06-01T13:11:47.438+0000] {logging_mixin.py:188} INFO - [2026-06-01T13:11:47.437+0000] {dagbag.py:545} INFO - Filling up the DagBag from /opt/airflow/dags/main.py
[2026-06-01T13:11:47.498+0000] {processor.py:840} INFO - DAG(s) 'update_db', 'data_quality', 'produce_json' retrieved from /opt/airflow/dags/main.py
[2026-06-01T13:11:47.520+0000] {logging_mixin.py:188} INFO - [2026-06-01T13:11:47.520+0000] {dag.py:3096} INFO - Sync 3 DAGs
[2026-06-01T13:11:47.534+0000] {logging_mixin.py:188} INFO - [2026-06-01T13:11:47.534+0000] {dag.py:3954} INFO - Setting next_dagrun for data_quality to 2026-05-31 14:00:00+00:00, run_after=2026-06-01 14:00:00+00:00
[2026-06-01T13:11:47.537+0000] {logging_mixin.py:188} INFO - [2026-06-01T13:11:47.537+0000] {dag.py:3954} INFO - Setting next_dagrun for produce_json to 2026-06-01 12:00:00+00:00, run_after=2026-06-02 12:00:00+00:00
[2026-06-01T13:11:47.539+0000] {logging_mixin.py:188} INFO - [2026-06-01T13:11:47.539+0000] {dag.py:3954} INFO - Setting next_dagrun for update_db to 2026-06-01 13:00:00+00:00, run_after=2026-06-02 13:00:00+00:00
[2026-06-01T13:11:47.561+0000] {processor.py:183} INFO - Processing /opt/airflow/dags/main.py took 0.129 seconds
[2026-06-01T13:12:18.389+0000] {processor.py:161} INFO - Started process (PID=1487) to work on /opt/airflow/dags/main.py
[2026-06-01T13:12:18.390+0000] {processor.py:830} INFO - Processing file /opt/airflow/dags/main.py for tasks to queue
[2026-06-01T13:12:18.391+0000] {logging_mixin.py:188} INFO - [2026-06-01T13:12:18.391+0000] {dagbag.py:545} INFO - Filling up the DagBag from /opt/airflow/dags/main.py
[2026-06-01T13:12:18.457+0000] {processor.py:840} INFO - DAG(s) 'produce_json', 'data_quality', 'update_db' retrieved from /opt/airflow/dags/main.py
[2026-06-01T13:12:18.485+0000] {logging_mixin.py:188} INFO - [2026-06-01T13:12:18.484+0000] {dag.py:3096} INFO - Sync 3 DAGs
[2026-06-01T13:12:18.502+0000] {logging_mixin.py:188} INFO - [2026-06-01T13:12:18.501+0000] {dag.py:3954} INFO - Setting next_dagrun for data_quality to 2026-05-31 14:00:00+00:00, run_after=2026-06-01 14:00:00+00:00
[2026-06-01T13:12:18.506+0000] {logging_mixin.py:188} INFO - [2026-06-01T13:12:18.505+0000] {dag.py:3954} INFO - Setting next_dagrun for produce_json to 2026-06-01 12:00:00+00:00, run_after=2026-06-02 12:00:00+00:00
[2026-06-01T13:12:18.508+0000] {logging_mixin.py:188} INFO - [2026-06-01T13:12:18.508+0000] {dag.py:3954} INFO - Setting next_dagrun for update_db to 2026-06-01 13:00:00+00:00, run_after=2026-06-02 13:00:00+00:00
[2026-06-01T13:12:18.525+0000] {processor.py:183} INFO - Processing /opt/airflow/dags/main.py took 0.141 seconds
[2026-06-01T13:12:49.322+0000] {processor.py:161} INFO - Started process (PID=1494) to work on /opt/airflow/dags/main.py
[2026-06-01T13:12:49.323+0000] {processor.py:830} INFO - Processing file /opt/airflow/dags/main.py for tasks to queue
[2026-06-01T13:12:49.324+0000] {logging_mixin.py:188} INFO - [2026-06-01T13:12:49.323+0000] {dagbag.py:545} INFO - Filling up the DagBag from /opt/airflow/dags/main.py
[2026-06-01T13:12:49.395+0000] {processor.py:840} INFO - DAG(s) 'produce_json', 'update_db', 'data_quality' retrieved from /opt/airflow/dags/main.py
[2026-06-01T13:12:49.418+0000] {logging_mixin.py:188} INFO - [2026-06-01T13:12:49.418+0000] {dag.py:3096} INFO - Sync 3 DAGs
[2026-06-01T13:12:49.433+0000] {logging_mixin.py:188} INFO - [2026-06-01T13:12:49.433+0000] {dag.py:3954} INFO - Setting next_dagrun for data_quality to 2026-05-31 14:00:00+00:00, run_after=2026-06-01 14:00:00+00:00
[2026-06-01T13:12:49.437+0000] {logging_mixin.py:188} INFO - [2026-06-01T13:12:49.437+0000] {dag.py:3954} INFO - Setting next_dagrun for produce_json to 2026-06-01 12:00:00+00:00, run_after=2026-06-02 12:00:00+00:00
[2026-06-01T13:12:49.439+0000] {logging_mixin.py:188} INFO - [2026-06-01T13:12:49.439+0000] {dag.py:3954} INFO - Setting next_dagrun for update_db to 2026-06-01 13:00:00+00:00, run_after=2026-06-02 13:00:00+00:00
[2026-06-01T13:12:49.459+0000] {processor.py:183} INFO - Processing /opt/airflow/dags/main.py took 0.141 seconds
[2026-06-01T13:13:20.297+0000] {processor.py:161} INFO - Started process (PID=1501) to work on /opt/airflow/dags/main.py
[2026-06-01T13:13:20.298+0000] {processor.py:830} INFO - Processing file /opt/airflow/dags/main.py for tasks to queue
[2026-06-01T13:13:20.299+0000] {logging_mixin.py:188} INFO - [2026-06-01T13:13:20.299+0000] {dagbag.py:545} INFO - Filling up the DagBag from /opt/airflow/dags/main.py
[2026-06-01T13:13:20.392+0000] {processor.py:840} INFO - DAG(s) 'data_quality', 'produce_json', 'update_db' retrieved from /opt/airflow/dags/main.py
[2026-06-01T13:13:20.425+0000] {logging_mixin.py:188} INFO - [2026-06-01T13:13:20.425+0000] {dag.py:3096} INFO - Sync 3 DAGs
[2026-06-01T13:13:20.443+0000] {logging_mixin.py:188} INFO - [2026-06-01T13:13:20.443+0000] {dag.py:3954} INFO - Setting next_dagrun for data_quality to 2026-05-31 14:00:00+00:00, run_after=2026-06-01 14:00:00+00:00
[2026-06-01T13:13:20.447+0000] {logging_mixin.py:188} INFO - [2026-06-01T13:13:20.447+0000] {dag.py:3954} INFO - Setting next_dagrun for produce_json to 2026-06-01 12:00:00+00:00, run_after=2026-06-02 12:00:00+00:00
[2026-06-01T13:13:20.450+0000] {logging_mixin.py:188} INFO - [2026-06-01T13:13:20.449+0000] {dag.py:3954} INFO - Setting next_dagrun for update_db to 2026-06-01 13:00:00+00:00, run_after=2026-06-02 13:00:00+00:00
[2026-06-01T13:13:20.462+0000] {processor.py:183} INFO - Processing /opt/airflow/dags/main.py took 0.179 seconds
[2026-06-01T13:13:51.180+0000] {processor.py:161} INFO - Started process (PID=1508) to work on /opt/airflow/dags/main.py
[2026-06-01T13:13:51.181+0000] {processor.py:830} INFO - Processing file /opt/airflow/dags/main.py for tasks to queue
[2026-06-01T13:13:51.181+0000] {logging_mixin.py:188} INFO - [2026-06-01T13:13:51.181+0000] {dagbag.py:545} INFO - Filling up the DagBag from /opt/airflow/dags/main.py
[2026-06-01T13:13:51.248+0000] {processor.py:840} INFO - DAG(s) 'produce_json', 'data_quality', 'update_db' retrieved from /opt/airflow/dags/main.py
[2026-06-01T13:13:51.271+0000] {logging_mixin.py:188} INFO - [2026-06-01T13:13:51.271+0000] {dag.py:3096} INFO - Sync 3 DAGs
[2026-06-01T13:13:51.285+0000] {logging_mixin.py:188} INFO - [2026-06-01T13:13:51.285+0000] {dag.py:3954} INFO - Setting next_dagrun for data_quality to 2026-05-31 14:00:00+00:00, run_after=2026-06-01 14:00:00+00:00
[2026-06-01T13:13:51.288+0000] {logging_mixin.py:188} INFO - [2026-06-01T13:13:51.288+0000] {dag.py:3954} INFO - Setting next_dagrun for produce_json to 2026-06-01 12:00:00+00:00, run_after=2026-06-02 12:00:00+00:00
[2026-06-01T13:13:51.290+0000] {logging_mixin.py:188} INFO - [2026-06-01T13:13:51.290+0000] {dag.py:3954} INFO - Setting next_dagrun for update_db to 2026-06-01 13:00:00+00:00, run_after=2026-06-02 13:00:00+00:00
[2026-06-01T13:13:51.303+0000] {processor.py:183} INFO - Processing /opt/airflow/dags/main.py took 0.128 seconds
[2026-06-01T13:14:23.128+0000] {processor.py:161} INFO - Started process (PID=1515) to work on /opt/airflow/dags/main.py
[2026-06-01T13:14:23.129+0000] {processor.py:830} INFO - Processing file /opt/airflow/dags/main.py for tasks to queue
[2026-06-01T13:14:23.130+0000] {logging_mixin.py:188} INFO - [2026-06-01T13:14:23.130+0000] {dagbag.py:545} INFO - Filling up the DagBag from /opt/airflow/dags/main.py
[2026-06-01T13:14:23.213+0000] {processor.py:840} INFO - DAG(s) 'produce_json', 'data_quality', 'update_db' retrieved from /opt/airflow/dags/main.py
[2026-06-01T13:14:23.238+0000] {logging_mixin.py:188} INFO - [2026-06-01T13:14:23.237+0000] {dag.py:3096} INFO - Sync 3 DAGs
[2026-06-01T13:14:23.254+0000] {logging_mixin.py:188} INFO - [2026-06-01T13:14:23.254+0000] {dag.py:3954} INFO - Setting next_dagrun for data_quality to 2026-05-31 14:00:00+00:00, run_after=2026-06-01 14:00:00+00:00
[2026-06-01T13:14:23.259+0000] {logging_mixin.py:188} INFO - [2026-06-01T13:14:23.259+0000] {dag.py:3954} INFO - Setting next_dagrun for produce_json to 2026-06-01 12:00:00+00:00, run_after=2026-06-02 12:00:00+00:00
[2026-06-01T13:14:23.261+0000] {logging_mixin.py:188} INFO - [2026-06-01T13:14:23.261+0000] {dag.py:3954} INFO - Setting next_dagrun for update_db to 2026-06-01 13:00:00+00:00, run_after=2026-06-02 13:00:00+00:00
[2026-06-01T13:14:23.274+0000] {processor.py:183} INFO - Processing /opt/airflow/dags/main.py took 0.151 seconds
[2026-06-01T13:14:54.029+0000] {processor.py:161} INFO - Started process (PID=1522) to work on /opt/airflow/dags/main.py
[2026-06-01T13:14:54.030+0000] {processor.py:830} INFO - Processing file /opt/airflow/dags/main.py for tasks to queue
[2026-06-01T13:14:54.031+0000] {logging_mixin.py:188} INFO - [2026-06-01T13:14:54.031+0000] {dagbag.py:545} INFO - Filling up the DagBag from /opt/airflow/dags/main.py
[2026-06-01T13:14:54.105+0000] {processor.py:840} INFO - DAG(s) 'data_quality', 'update_db', 'produce_json' retrieved from /opt/airflow/dags/main.py
[2026-06-01T13:14:54.131+0000] {logging_mixin.py:188} INFO - [2026-06-01T13:14:54.131+0000] {dag.py:3096} INFO - Sync 3 DAGs
[2026-06-01T13:14:54.148+0000] {logging_mixin.py:188} INFO - [2026-06-01T13:14:54.148+0000] {dag.py:3954} INFO - Setting next_dagrun for data_quality to 2026-05-31 14:00:00+00:00, run_after=2026-06-01 14:00:00+00:00
[2026-06-01T13:14:54.152+0000] {logging_mixin.py:188} INFO - [2026-06-01T13:14:54.151+0000] {dag.py:3954} INFO - Setting next_dagrun for produce_json to 2026-06-01 12:00:00+00:00, run_after=2026-06-02 12:00:00+00:00
[2026-06-01T13:14:54.154+0000] {logging_mixin.py:188} INFO - [2026-06-01T13:14:54.154+0000] {dag.py:3954} INFO - Setting next_dagrun for update_db to 2026-06-01 13:00:00+00:00, run_after=2026-06-02 13:00:00+00:00
[2026-06-01T13:14:54.168+0000] {processor.py:183} INFO - Processing /opt/airflow/dags/main.py took 0.145 seconds
[2026-06-01T13:15:25.066+0000] {processor.py:161} INFO - Started process (PID=1529) to work on /opt/airflow/dags/main.py
[2026-06-01T13:15:25.067+0000] {processor.py:830} INFO - Processing file /opt/airflow/dags/main.py for tasks to queue
[2026-06-01T13:15:25.068+0000] {logging_mixin.py:188} INFO - [2026-06-01T13:15:25.068+0000] {dagbag.py:545} INFO - Filling up the DagBag from /opt/airflow/dags/main.py
[2026-06-01T13:15:25.154+0000] {processor.py:840} INFO - DAG(s) 'update_db', 'produce_json', 'data_quality' retrieved from /opt/airflow/dags/main.py
[2026-06-01T13:15:25.181+0000] {logging_mixin.py:188} INFO - [2026-06-01T13:15:25.181+0000] {dag.py:3096} INFO - Sync 3 DAGs
[2026-06-01T13:15:25.201+0000] {logging_mixin.py:188} INFO - [2026-06-01T13:15:25.201+0000] {dag.py:3954} INFO - Setting next_dagrun for data_quality to 2026-05-31 14:00:00+00:00, run_after=2026-06-01 14:00:00+00:00
[2026-06-01T13:15:25.206+0000] {logging_mixin.py:188} INFO - [2026-06-01T13:15:25.206+0000] {dag.py:3954} INFO - Setting next_dagrun for produce_json to 2026-06-01 12:00:00+00:00, run_after=2026-06-02 12:00:00+00:00
[2026-06-01T13:15:25.208+0000] {logging_mixin.py:188} INFO - [2026-06-01T13:15:25.208+0000] {dag.py:3954} INFO - Setting next_dagrun for update_db to 2026-06-01 13:00:00+00:00, run_after=2026-06-02 13:00:00+00:00
[2026-06-01T13:15:25.224+0000] {processor.py:183} INFO - Processing /opt/airflow/dags/main.py took 0.162 seconds
[2026-06-01T13:15:55.311+0000] {processor.py:161} INFO - Started process (PID=1530) to work on /opt/airflow/dags/main.py
[2026-06-01T13:15:55.312+0000] {processor.py:830} INFO - Processing file /opt/airflow/dags/main.py for tasks to queue
[2026-06-01T13:15:55.313+0000] {logging_mixin.py:188} INFO - [2026-06-01T13:15:55.313+0000] {dagbag.py:545} INFO - Filling up the DagBag from /opt/airflow/dags/main.py
[2026-06-01T13:15:55.379+0000] {processor.py:840} INFO - DAG(s) 'update_db', 'produce_json', 'data_quality' retrieved from /opt/airflow/dags/main.py
[2026-06-01T13:15:55.403+0000] {logging_mixin.py:188} INFO - [2026-06-01T13:15:55.403+0000] {dag.py:3096} INFO - Sync 3 DAGs
[2026-06-01T13:15:55.417+0000] {logging_mixin.py:188} INFO - [2026-06-01T13:15:55.417+0000] {dag.py:3954} INFO - Setting next_dagrun for data_quality to 2026-05-31 14:00:00+00:00, run_after=2026-06-01 14:00:00+00:00
[2026-06-01T13:15:55.420+0000] {logging_mixin.py:188} INFO - [2026-06-01T13:15:55.420+0000] {dag.py:3954} INFO - Setting next_dagrun for produce_json to 2026-06-01 12:00:00+00:00, run_after=2026-06-02 12:00:00+00:00
[2026-06-01T13:15:55.423+0000] {logging_mixin.py:188} INFO - [2026-06-01T13:15:55.422+0000] {dag.py:3954} INFO - Setting next_dagrun for update_db to 2026-06-01 13:00:00+00:00, run_after=2026-06-02 13:00:00+00:00
[2026-06-01T13:15:55.438+0000] {processor.py:183} INFO - Processing /opt/airflow/dags/main.py took 0.131 seconds
[2026-06-01T13:16:25.774+0000] {processor.py:161} INFO - Started process (PID=1537) to work on /opt/airflow/dags/main.py
[2026-06-01T13:16:25.775+0000] {processor.py:830} INFO - Processing file /opt/airflow/dags/main.py for tasks to queue
[2026-06-01T13:16:25.776+0000] {logging_mixin.py:188} INFO - [2026-06-01T13:16:25.776+0000] {dagbag.py:545} INFO - Filling up the DagBag from /opt/airflow/dags/main.py
[2026-06-01T13:16:25.894+0000] {processor.py:840} INFO - DAG(s) 'data_quality', 'update_db', 'produce_json' retrieved from /opt/airflow/dags/main.py
[2026-06-01T13:16:25.933+0000] {logging_mixin.py:188} INFO - [2026-06-01T13:16:25.932+0000] {dag.py:3096} INFO - Sync 3 DAGs
[2026-06-01T13:16:25.953+0000] {logging_mixin.py:188} INFO - [2026-06-01T13:16:25.952+0000] {dag.py:3954} INFO - Setting next_dagrun for data_quality to 2026-05-31 14:00:00+00:00, run_after=2026-06-01 14:00:00+00:00
[2026-06-01T13:16:25.958+0000] {logging_mixin.py:188} INFO - [2026-06-01T13:16:25.958+0000] {dag.py:3954} INFO - Setting next_dagrun for produce_json to 2026-06-01 12:00:00+00:00, run_after=2026-06-02 12:00:00+00:00
[2026-06-01T13:16:25.961+0000] {logging_mixin.py:188} INFO - [2026-06-01T13:16:25.961+0000] {dag.py:3954} INFO - Setting next_dagrun for update_db to 2026-06-01 13:00:00+00:00, run_after=2026-06-02 13:00:00+00:00
[2026-06-01T13:16:25.979+0000] {processor.py:183} INFO - Processing /opt/airflow/dags/main.py took 0.210 seconds
[2026-06-01T13:16:56.564+0000] {processor.py:161} INFO - Started process (PID=1544) to work on /opt/airflow/dags/main.py
[2026-06-01T13:16:56.565+0000] {processor.py:830} INFO - Processing file /opt/airflow/dags/main.py for tasks to queue
[2026-06-01T13:16:56.566+0000] {logging_mixin.py:188} INFO - [2026-06-01T13:16:56.566+0000] {dagbag.py:545} INFO - Filling up the DagBag from /opt/airflow/dags/main.py
[2026-06-01T13:16:56.638+0000] {processor.py:840} INFO - DAG(s) 'data_quality', 'produce_json', 'update_db' retrieved from /opt/airflow/dags/main.py
[2026-06-01T13:16:56.667+0000] {logging_mixin.py:188} INFO - [2026-06-01T13:16:56.667+0000] {dag.py:3096} INFO - Sync 3 DAGs
[2026-06-01T13:16:56.687+0000] {logging_mixin.py:188} INFO - [2026-06-01T13:16:56.687+0000] {dag.py:3954} INFO - Setting next_dagrun for data_quality to 2026-05-31 14:00:00+00:00, run_after=2026-06-01 14:00:00+00:00
[2026-06-01T13:16:56.692+0000] {logging_mixin.py:188} INFO - [2026-06-01T13:16:56.692+0000] {dag.py:3954} INFO - Setting next_dagrun for produce_json to 2026-06-01 12:00:00+00:00, run_after=2026-06-02 12:00:00+00:00
[2026-06-01T13:16:56.695+0000] {logging_mixin.py:188} INFO - [2026-06-01T13:16:56.695+0000] {dag.py:3954} INFO - Setting next_dagrun for update_db to 2026-06-01 13:00:00+00:00, run_after=2026-06-02 13:00:00+00:00
[2026-06-01T13:16:56.711+0000] {processor.py:183} INFO - Processing /opt/airflow/dags/main.py took 0.153 seconds
[2026-06-01T13:17:27.178+0000] {processor.py:161} INFO - Started process (PID=1551) to work on /opt/airflow/dags/main.py
[2026-06-01T13:17:27.179+0000] {processor.py:830} INFO - Processing file /opt/airflow/dags/main.py for tasks to queue
[2026-06-01T13:17:27.180+0000] {logging_mixin.py:188} INFO - [2026-06-01T13:17:27.180+0000] {dagbag.py:545} INFO - Filling up the DagBag from /opt/airflow/dags/main.py
[2026-06-01T13:17:27.252+0000] {processor.py:840} INFO - DAG(s) 'data_quality', 'update_db', 'produce_json' retrieved from /opt/airflow/dags/main.py
[2026-06-01T13:17:27.276+0000] {logging_mixin.py:188} INFO - [2026-06-01T13:17:27.276+0000] {dag.py:3096} INFO - Sync 3 DAGs
[2026-06-01T13:17:27.291+0000] {logging_mixin.py:188} INFO - [2026-06-01T13:17:27.291+0000] {dag.py:3954} INFO - Setting next_dagrun for data_quality to 2026-05-31 14:00:00+00:00, run_after=2026-06-01 14:00:00+00:00
[2026-06-01T13:17:27.296+0000] {logging_mixin.py:188} INFO - [2026-06-01T13:17:27.296+0000] {dag.py:3954} INFO - Setting next_dagrun for produce_json to 2026-06-01 12:00:00+00:00, run_after=2026-06-02 12:00:00+00:00
[2026-06-01T13:17:27.299+0000] {logging_mixin.py:188} INFO - [2026-06-01T13:17:27.299+0000] {dag.py:3954} INFO - Setting next_dagrun for update_db to 2026-06-01 13:00:00+00:00, run_after=2026-06-02 13:00:00+00:00
[2026-06-01T13:17:27.321+0000] {processor.py:183} INFO - Processing /opt/airflow/dags/main.py took 0.148 seconds
[2026-06-01T13:17:58.002+0000] {processor.py:161} INFO - Started process (PID=1558) to work on /opt/airflow/dags/main.py
[2026-06-01T13:17:58.002+0000] {processor.py:830} INFO - Processing file /opt/airflow/dags/main.py for tasks to queue
[2026-06-01T13:17:58.003+0000] {logging_mixin.py:188} INFO - [2026-06-01T13:17:58.003+0000] {dagbag.py:545} INFO - Filling up the DagBag from /opt/airflow/dags/main.py
[2026-06-01T13:17:58.078+0000] {processor.py:840} INFO - DAG(s) 'update_db', 'produce_json', 'data_quality' retrieved from /opt/airflow/dags/main.py
[2026-06-01T13:17:58.101+0000] {logging_mixin.py:188} INFO - [2026-06-01T13:17:58.101+0000] {dag.py:3096} INFO - Sync 3 DAGs
[2026-06-01T13:17:58.118+0000] {logging_mixin.py:188} INFO - [2026-06-01T13:17:58.118+0000] {dag.py:3954} INFO - Setting next_dagrun for data_quality to 2026-05-31 14:00:00+00:00, run_after=2026-06-01 14:00:00+00:00
[2026-06-01T13:17:58.122+0000] {logging_mixin.py:188} INFO - [2026-06-01T13:17:58.122+0000] {dag.py:3954} INFO - Setting next_dagrun for produce_json to 2026-06-01 12:00:00+00:00, run_after=2026-06-02 12:00:00+00:00
[2026-06-01T13:17:58.124+0000] {logging_mixin.py:188} INFO - [2026-06-01T13:17:58.124+0000] {dag.py:3954} INFO - Setting next_dagrun for update_db to 2026-06-01 13:00:00+00:00, run_after=2026-06-02 13:00:00+00:00
[2026-06-01T13:17:58.140+0000] {processor.py:183} INFO - Processing /opt/airflow/dags/main.py took 0.143 seconds
[2026-06-01T13:18:28.690+0000] {processor.py:161} INFO - Started process (PID=1565) to work on /opt/airflow/dags/main.py
[2026-06-01T13:18:28.691+0000] {processor.py:830} INFO - Processing file /opt/airflow/dags/main.py for tasks to queue
[2026-06-01T13:18:28.692+0000] {logging_mixin.py:188} INFO - [2026-06-01T13:18:28.692+0000] {dagbag.py:545} INFO - Filling up the DagBag from /opt/airflow/dags/main.py
[2026-06-01T13:18:28.784+0000] {processor.py:840} INFO - DAG(s) 'produce_json', 'update_db', 'data_quality' retrieved from /opt/airflow/dags/main.py
[2026-06-01T13:18:28.813+0000] {logging_mixin.py:188} INFO - [2026-06-01T13:18:28.813+0000] {dag.py:3096} INFO - Sync 3 DAGs
[2026-06-01T13:18:28.831+0000] {logging_mixin.py:188} INFO - [2026-06-01T13:18:28.830+0000] {dag.py:3954} INFO - Setting next_dagrun for data_quality to 2026-05-31 14:00:00+00:00, run_after=2026-06-01 14:00:00+00:00
[2026-06-01T13:18:28.834+0000] {logging_mixin.py:188} INFO - [2026-06-01T13:18:28.834+0000] {dag.py:3954} INFO - Setting next_dagrun for produce_json to 2026-06-01 12:00:00+00:00, run_after=2026-06-02 12:00:00+00:00
[2026-06-01T13:18:28.837+0000] {logging_mixin.py:188} INFO - [2026-06-01T13:18:28.836+0000] {dag.py:3954} INFO - Setting next_dagrun for update_db to 2026-06-01 13:00:00+00:00, run_after=2026-06-02 13:00:00+00:00
[2026-06-01T13:18:28.850+0000] {processor.py:183} INFO - Processing /opt/airflow/dags/main.py took 0.166 seconds
[2026-06-01T13:18:58.971+0000] {processor.py:161} INFO - Started process (PID=1572) to work on /opt/airflow/dags/main.py
[2026-06-01T13:18:58.972+0000] {processor.py:830} INFO - Processing file /opt/airflow/dags/main.py for tasks to queue
[2026-06-01T13:18:58.973+0000] {logging_mixin.py:188} INFO - [2026-06-01T13:18:58.973+0000] {dagbag.py:545} INFO - Filling up the DagBag from /opt/airflow/dags/main.py
[2026-06-01T13:18:59.042+0000] {processor.py:840} INFO - DAG(s) 'produce_json', 'update_db', 'data_quality' retrieved from /opt/airflow/dags/main.py
[2026-06-01T13:18:59.064+0000] {logging_mixin.py:188} INFO - [2026-06-01T13:18:59.064+0000] {dag.py:3096} INFO - Sync 3 DAGs
[2026-06-01T13:18:59.079+0000] {logging_mixin.py:188} INFO - [2026-06-01T13:18:59.079+0000] {dag.py:3954} INFO - Setting next_dagrun for data_quality to 2026-05-31 14:00:00+00:00, run_after=2026-06-01 14:00:00+00:00
[2026-06-01T13:18:59.083+0000] {logging_mixin.py:188} INFO - [2026-06-01T13:18:59.083+0000] {dag.py:3954} INFO - Setting next_dagrun for produce_json to 2026-06-01 12:00:00+00:00, run_after=2026-06-02 12:00:00+00:00
[2026-06-01T13:18:59.085+0000] {logging_mixin.py:188} INFO - [2026-06-01T13:18:59.085+0000] {dag.py:3954} INFO - Setting next_dagrun for update_db to 2026-06-01 13:00:00+00:00, run_after=2026-06-02 13:00:00+00:00
[2026-06-01T13:18:59.100+0000] {processor.py:183} INFO - Processing /opt/airflow/dags/main.py took 0.135 seconds
[2026-06-01T13:19:29.700+0000] {processor.py:161} INFO - Started process (PID=1579) to work on /opt/airflow/dags/main.py
[2026-06-01T13:19:29.701+0000] {processor.py:830} INFO - Processing file /opt/airflow/dags/main.py for tasks to queue
[2026-06-01T13:19:29.702+0000] {logging_mixin.py:188} INFO - [2026-06-01T13:19:29.702+0000] {dagbag.py:545} INFO - Filling up the DagBag from /opt/airflow/dags/main.py
[2026-06-01T13:19:29.791+0000] {processor.py:840} INFO - DAG(s) 'produce_json', 'data_quality', 'update_db' retrieved from /opt/airflow/dags/main.py
[2026-06-01T13:19:29.820+0000] {logging_mixin.py:188} INFO - [2026-06-01T13:19:29.820+0000] {dag.py:3096} INFO - Sync 3 DAGs
[2026-06-01T13:19:29.836+0000] {logging_mixin.py:188} INFO - [2026-06-01T13:19:29.836+0000] {dag.py:3954} INFO - Setting next_dagrun for data_quality to 2026-05-31 14:00:00+00:00, run_after=2026-06-01 14:00:00+00:00
[2026-06-01T13:19:29.840+0000] {logging_mixin.py:188} INFO - [2026-06-01T13:19:29.840+0000] {dag.py:3954} INFO - Setting next_dagrun for produce_json to 2026-06-01 12:00:00+00:00, run_after=2026-06-02 12:00:00+00:00
[2026-06-01T13:19:29.842+0000] {logging_mixin.py:188} INFO - [2026-06-01T13:19:29.842+0000] {dag.py:3954} INFO - Setting next_dagrun for update_db to 2026-06-01 13:00:00+00:00, run_after=2026-06-02 13:00:00+00:00
[2026-06-01T13:19:29.857+0000] {processor.py:183} INFO - Processing /opt/airflow/dags/main.py took 0.163 seconds
[2026-06-01T13:20:00.454+0000] {processor.py:161} INFO - Started process (PID=1586) to work on /opt/airflow/dags/main.py
[2026-06-01T13:20:00.455+0000] {processor.py:830} INFO - Processing file /opt/airflow/dags/main.py for tasks to queue
[2026-06-01T13:20:00.455+0000] {logging_mixin.py:188} INFO - [2026-06-01T13:20:00.455+0000] {dagbag.py:545} INFO - Filling up the DagBag from /opt/airflow/dags/main.py
[2026-06-01T13:20:00.530+0000] {processor.py:840} INFO - DAG(s) 'update_db', 'data_quality', 'produce_json' retrieved from /opt/airflow/dags/main.py
[2026-06-01T13:20:00.555+0000] {logging_mixin.py:188} INFO - [2026-06-01T13:20:00.555+0000] {dag.py:3096} INFO - Sync 3 DAGs
[2026-06-01T13:20:00.571+0000] {logging_mixin.py:188} INFO - [2026-06-01T13:20:00.571+0000] {dag.py:3954} INFO - Setting next_dagrun for data_quality to 2026-05-31 14:00:00+00:00, run_after=2026-06-01 14:00:00+00:00
[2026-06-01T13:20:00.575+0000] {logging_mixin.py:188} INFO - [2026-06-01T13:20:00.575+0000] {dag.py:3954} INFO - Setting next_dagrun for produce_json to 2026-06-01 12:00:00+00:00, run_after=2026-06-02 12:00:00+00:00
[2026-06-01T13:20:00.577+0000] {logging_mixin.py:188} INFO - [2026-06-01T13:20:00.577+0000] {dag.py:3954} INFO - Setting next_dagrun for update_db to 2026-06-01 13:00:00+00:00, run_after=2026-06-02 13:00:00+00:00
[2026-06-01T13:20:00.594+0000] {processor.py:183} INFO - Processing /opt/airflow/dags/main.py took 0.145 seconds
[2026-06-01T13:20:31.313+0000] {processor.py:161} INFO - Started process (PID=1593) to work on /opt/airflow/dags/main.py
[2026-06-01T13:20:31.314+0000] {processor.py:830} INFO - Processing file /opt/airflow/dags/main.py for tasks to queue
[2026-06-01T13:20:31.315+0000] {logging_mixin.py:188} INFO - [2026-06-01T13:20:31.315+0000] {dagbag.py:545} INFO - Filling up the DagBag from /opt/airflow/dags/main.py
[2026-06-01T13:20:31.407+0000] {processor.py:840} INFO - DAG(s) 'data_quality', 'produce_json', 'update_db' retrieved from /opt/airflow/dags/main.py
[2026-06-01T13:20:31.437+0000] {logging_mixin.py:188} INFO - [2026-06-01T13:20:31.437+0000] {dag.py:3096} INFO - Sync 3 DAGs
[2026-06-01T13:20:31.451+0000] {logging_mixin.py:188} INFO - [2026-06-01T13:20:31.451+0000] {dag.py:3954} INFO - Setting next_dagrun for data_quality to 2026-05-31 14:00:00+00:00, run_after=2026-06-01 14:00:00+00:00
[2026-06-01T13:20:31.456+0000] {logging_mixin.py:188} INFO - [2026-06-01T13:20:31.456+0000] {dag.py:3954} INFO - Setting next_dagrun for produce_json to 2026-06-01 12:00:00+00:00, run_after=2026-06-02 12:00:00+00:00
[2026-06-01T13:20:31.458+0000] {logging_mixin.py:188} INFO - [2026-06-01T13:20:31.458+0000] {dag.py:3954} INFO - Setting next_dagrun for update_db to 2026-06-01 13:00:00+00:00, run_after=2026-06-02 13:00:00+00:00
[2026-06-01T13:20:31.474+0000] {processor.py:183} INFO - Processing /opt/airflow/dags/main.py took 0.165 seconds
[2026-06-01T13:21:02.012+0000] {processor.py:161} INFO - Started process (PID=1600) to work on /opt/airflow/dags/main.py
[2026-06-01T13:21:02.013+0000] {processor.py:830} INFO - Processing file /opt/airflow/dags/main.py for tasks to queue
[2026-06-01T13:21:02.014+0000] {logging_mixin.py:188} INFO - [2026-06-01T13:21:02.014+0000] {dagbag.py:545} INFO - Filling up the DagBag from /opt/airflow/dags/main.py
[2026-06-01T13:21:02.095+0000] {processor.py:840} INFO - DAG(s) 'data_quality', 'produce_json', 'update_db' retrieved from /opt/airflow/dags/main.py
[2026-06-01T13:21:02.119+0000] {logging_mixin.py:188} INFO - [2026-06-01T13:21:02.118+0000] {dag.py:3096} INFO - Sync 3 DAGs
[2026-06-01T13:21:02.134+0000] {logging_mixin.py:188} INFO - [2026-06-01T13:21:02.134+0000] {dag.py:3954} INFO - Setting next_dagrun for data_quality to 2026-05-31 14:00:00+00:00, run_after=2026-06-01 14:00:00+00:00
[2026-06-01T13:21:02.139+0000] {logging_mixin.py:188} INFO - [2026-06-01T13:21:02.139+0000] {dag.py:3954} INFO - Setting next_dagrun for produce_json to 2026-06-01 12:00:00+00:00, run_after=2026-06-02 12:00:00+00:00
[2026-06-01T13:21:02.141+0000] {logging_mixin.py:188} INFO - [2026-06-01T13:21:02.141+0000] {dag.py:3954} INFO - Setting next_dagrun for update_db to 2026-06-01 13:00:00+00:00, run_after=2026-06-02 13:00:00+00:00
[2026-06-01T13:21:02.153+0000] {processor.py:183} INFO - Processing /opt/airflow/dags/main.py took 0.147 seconds
[2026-06-01T13:21:32.886+0000] {processor.py:161} INFO - Started process (PID=1607) to work on /opt/airflow/dags/main.py
[2026-06-01T13:21:32.888+0000] {processor.py:830} INFO - Processing file /opt/airflow/dags/main.py for tasks to queue
[2026-06-01T13:21:32.889+0000] {logging_mixin.py:188} INFO - [2026-06-01T13:21:32.888+0000] {dagbag.py:545} INFO - Filling up the DagBag from /opt/airflow/dags/main.py
[2026-06-01T13:21:32.964+0000] {processor.py:840} INFO - DAG(s) 'data_quality', 'produce_json', 'update_db' retrieved from /opt/airflow/dags/main.py
[2026-06-01T13:21:32.991+0000] {logging_mixin.py:188} INFO - [2026-06-01T13:21:32.990+0000] {dag.py:3096} INFO - Sync 3 DAGs
[2026-06-01T13:21:33.007+0000] {logging_mixin.py:188} INFO - [2026-06-01T13:21:33.007+0000] {dag.py:3954} INFO - Setting next_dagrun for data_quality to 2026-05-31 14:00:00+00:00, run_after=2026-06-01 14:00:00+00:00
[2026-06-01T13:21:33.012+0000] {logging_mixin.py:188} INFO - [2026-06-01T13:21:33.012+0000] {dag.py:3954} INFO - Setting next_dagrun for produce_json to 2026-06-01 12:00:00+00:00, run_after=2026-06-02 12:00:00+00:00
[2026-06-01T13:21:33.014+0000] {logging_mixin.py:188} INFO - [2026-06-01T13:21:33.014+0000] {dag.py:3954} INFO - Setting next_dagrun for update_db to 2026-06-01 13:00:00+00:00, run_after=2026-06-02 13:00:00+00:00
[2026-06-01T13:21:33.029+0000] {processor.py:183} INFO - Processing /opt/airflow/dags/main.py took 0.148 seconds
[2026-06-01T13:22:03.578+0000] {processor.py:161} INFO - Started process (PID=1614) to work on /opt/airflow/dags/main.py
[2026-06-01T13:22:03.579+0000] {processor.py:830} INFO - Processing file /opt/airflow/dags/main.py for tasks to queue
[2026-06-01T13:22:03.580+0000] {logging_mixin.py:188} INFO - [2026-06-01T13:22:03.580+0000] {dagbag.py:545} INFO - Filling up the DagBag from /opt/airflow/dags/main.py
[2026-06-01T13:22:03.653+0000] {processor.py:840} INFO - DAG(s) 'data_quality', 'produce_json', 'update_db' retrieved from /opt/airflow/dags/main.py
[2026-06-01T13:22:03.682+0000] {logging_mixin.py:188} INFO - [2026-06-01T13:22:03.682+0000] {dag.py:3096} INFO - Sync 3 DAGs
[2026-06-01T13:22:03.699+0000] {logging_mixin.py:188} INFO - [2026-06-01T13:22:03.699+0000] {dag.py:3954} INFO - Setting next_dagrun for data_quality to 2026-05-31 14:00:00+00:00, run_after=2026-06-01 14:00:00+00:00
[2026-06-01T13:22:03.703+0000] {logging_mixin.py:188} INFO - [2026-06-01T13:22:03.702+0000] {dag.py:3954} INFO - Setting next_dagrun for produce_json to 2026-06-01 12:00:00+00:00, run_after=2026-06-02 12:00:00+00:00
[2026-06-01T13:22:03.705+0000] {logging_mixin.py:188} INFO - [2026-06-01T13:22:03.705+0000] {dag.py:3954} INFO - Setting next_dagrun for update_db to 2026-06-01 13:00:00+00:00, run_after=2026-06-02 13:00:00+00:00
[2026-06-01T13:22:03.718+0000] {processor.py:183} INFO - Processing /opt/airflow/dags/main.py took 0.145 seconds
[2026-06-01T13:22:34.450+0000] {processor.py:161} INFO - Started process (PID=1622) to work on /opt/airflow/dags/main.py
[2026-06-01T13:22:34.451+0000] {processor.py:830} INFO - Processing file /opt/airflow/dags/main.py for tasks to queue
[2026-06-01T13:22:34.452+0000] {logging_mixin.py:188} INFO - [2026-06-01T13:22:34.452+0000] {dagbag.py:545} INFO - Filling up the DagBag from /opt/airflow/dags/main.py
[2026-06-01T13:22:34.537+0000] {processor.py:840} INFO - DAG(s) 'produce_json', 'data_quality', 'update_db' retrieved from /opt/airflow/dags/main.py
[2026-06-01T13:22:34.564+0000] {logging_mixin.py:188} INFO - [2026-06-01T13:22:34.564+0000] {dag.py:3096} INFO - Sync 3 DAGs
[2026-06-01T13:22:34.578+0000] {logging_mixin.py:188} INFO - [2026-06-01T13:22:34.577+0000] {dag.py:3954} INFO - Setting next_dagrun for data_quality to 2026-05-31 14:00:00+00:00, run_after=2026-06-01 14:00:00+00:00
[2026-06-01T13:22:34.581+0000] {logging_mixin.py:188} INFO - [2026-06-01T13:22:34.581+0000] {dag.py:3954} INFO - Setting next_dagrun for produce_json to 2026-06-01 12:00:00+00:00, run_after=2026-06-02 12:00:00+00:00
[2026-06-01T13:22:34.583+0000] {logging_mixin.py:188} INFO - [2026-06-01T13:22:34.583+0000] {dag.py:3954} INFO - Setting next_dagrun for update_db to 2026-06-01 13:00:00+00:00, run_after=2026-06-02 13:00:00+00:00
[2026-06-01T13:22:34.595+0000] {processor.py:183} INFO - Processing /opt/airflow/dags/main.py took 0.151 seconds
[2026-06-01T13:23:06.189+0000] {processor.py:161} INFO - Started process (PID=1629) to work on /opt/airflow/dags/main.py
[2026-06-01T13:23:06.190+0000] {processor.py:830} INFO - Processing file /opt/airflow/dags/main.py for tasks to queue
[2026-06-01T13:23:06.191+0000] {logging_mixin.py:188} INFO - [2026-06-01T13:23:06.191+0000] {dagbag.py:545} INFO - Filling up the DagBag from /opt/airflow/dags/main.py
[2026-06-01T13:23:06.271+0000] {processor.py:840} INFO - DAG(s) 'produce_json', 'data_quality', 'update_db' retrieved from /opt/airflow/dags/main.py
[2026-06-01T13:23:06.295+0000] {logging_mixin.py:188} INFO - [2026-06-01T13:23:06.295+0000] {dag.py:3096} INFO - Sync 3 DAGs
[2026-06-01T13:23:06.310+0000] {logging_mixin.py:188} INFO - [2026-06-01T13:23:06.310+0000] {dag.py:3954} INFO - Setting next_dagrun for data_quality to 2026-05-31 14:00:00+00:00, run_after=2026-06-01 14:00:00+00:00
[2026-06-01T13:23:06.313+0000] {logging_mixin.py:188} INFO - [2026-06-01T13:23:06.313+0000] {dag.py:3954} INFO - Setting next_dagrun for produce_json to 2026-06-01 12:00:00+00:00, run_after=2026-06-02 12:00:00+00:00
[2026-06-01T13:23:06.315+0000] {logging_mixin.py:188} INFO - [2026-06-01T13:23:06.315+0000] {dag.py:3954} INFO - Setting next_dagrun for update_db to 2026-06-01 13:00:00+00:00, run_after=2026-06-02 13:00:00+00:00
[2026-06-01T13:23:06.327+0000] {processor.py:183} INFO - Processing /opt/airflow/dags/main.py took 0.142 seconds
[2026-06-01T13:23:36.493+0000] {processor.py:161} INFO - Started process (PID=1636) to work on /opt/airflow/dags/main.py
[2026-06-01T13:23:36.494+0000] {processor.py:830} INFO - Processing file /opt/airflow/dags/main.py for tasks to queue
[2026-06-01T13:23:36.495+0000] {logging_mixin.py:188} INFO - [2026-06-01T13:23:36.495+0000] {dagbag.py:545} INFO - Filling up the DagBag from /opt/airflow/dags/main.py
[2026-06-01T13:23:36.567+0000] {processor.py:840} INFO - DAG(s) 'update_db', 'data_quality', 'produce_json' retrieved from /opt/airflow/dags/main.py
[2026-06-01T13:23:36.593+0000] {logging_mixin.py:188} INFO - [2026-06-01T13:23:36.593+0000] {dag.py:3096} INFO - Sync 3 DAGs
[2026-06-01T13:23:36.609+0000] {logging_mixin.py:188} INFO - [2026-06-01T13:23:36.609+0000] {dag.py:3954} INFO - Setting next_dagrun for data_quality to 2026-05-31 14:00:00+00:00, run_after=2026-06-01 14:00:00+00:00
[2026-06-01T13:23:36.613+0000] {logging_mixin.py:188} INFO - [2026-06-01T13:23:36.613+0000] {dag.py:3954} INFO - Setting next_dagrun for produce_json to 2026-06-01 12:00:00+00:00, run_after=2026-06-02 12:00:00+00:00
[2026-06-01T13:23:36.615+0000] {logging_mixin.py:188} INFO - [2026-06-01T13:23:36.615+0000] {dag.py:3954} INFO - Setting next_dagrun for update_db to 2026-06-01 13:00:00+00:00, run_after=2026-06-02 13:00:00+00:00
[2026-06-01T13:23:36.639+0000] {processor.py:183} INFO - Processing /opt/airflow/dags/main.py took 0.151 seconds
[2026-06-01T13:24:07.240+0000] {processor.py:161} INFO - Started process (PID=1643) to work on /opt/airflow/dags/main.py
[2026-06-01T13:24:07.241+0000] {processor.py:830} INFO - Processing file /opt/airflow/dags/main.py for tasks to queue
[2026-06-01T13:24:07.242+0000] {logging_mixin.py:188} INFO - [2026-06-01T13:24:07.242+0000] {dagbag.py:545} INFO - Filling up the DagBag from /opt/airflow/dags/main.py
[2026-06-01T13:24:07.336+0000] {processor.py:840} INFO - DAG(s) 'update_db', 'produce_json', 'data_quality' retrieved from /opt/airflow/dags/main.py
[2026-06-01T13:24:07.365+0000] {logging_mixin.py:188} INFO - [2026-06-01T13:24:07.365+0000] {dag.py:3096} INFO - Sync 3 DAGs
[2026-06-01T13:24:07.383+0000] {logging_mixin.py:188} INFO - [2026-06-01T13:24:07.383+0000] {dag.py:3954} INFO - Setting next_dagrun for data_quality to 2026-05-31 14:00:00+00:00, run_after=2026-06-01 14:00:00+00:00
[2026-06-01T13:24:07.387+0000] {logging_mixin.py:188} INFO - [2026-06-01T13:24:07.387+0000] {dag.py:3954} INFO - Setting next_dagrun for produce_json to 2026-06-01 12:00:00+00:00, run_after=2026-06-02 12:00:00+00:00
[2026-06-01T13:24:07.389+0000] {logging_mixin.py:188} INFO - [2026-06-01T13:24:07.389+0000] {dag.py:3954} INFO - Setting next_dagrun for update_db to 2026-06-01 13:00:00+00:00, run_after=2026-06-02 13:00:00+00:00
[2026-06-01T13:24:07.402+0000] {processor.py:183} INFO - Processing /opt/airflow/dags/main.py took 0.168 seconds
[2026-06-01T13:24:38.131+0000] {processor.py:161} INFO - Started process (PID=1650) to work on /opt/airflow/dags/main.py
[2026-06-01T13:24:38.132+0000] {processor.py:830} INFO - Processing file /opt/airflow/dags/main.py for tasks to queue
[2026-06-01T13:24:38.133+0000] {logging_mixin.py:188} INFO - [2026-06-01T13:24:38.132+0000] {dagbag.py:545} INFO - Filling up the DagBag from /opt/airflow/dags/main.py
[2026-06-01T13:24:38.209+0000] {processor.py:840} INFO - DAG(s) 'produce_json', 'data_quality', 'update_db' retrieved from /opt/airflow/dags/main.py
[2026-06-01T13:24:38.236+0000] {logging_mixin.py:188} INFO - [2026-06-01T13:24:38.236+0000] {dag.py:3096} INFO - Sync 3 DAGs
[2026-06-01T13:24:38.258+0000] {logging_mixin.py:188} INFO - [2026-06-01T13:24:38.258+0000] {dag.py:3954} INFO - Setting next_dagrun for data_quality to 2026-05-31 14:00:00+00:00, run_after=2026-06-01 14:00:00+00:00
[2026-06-01T13:24:38.262+0000] {logging_mixin.py:188} INFO - [2026-06-01T13:24:38.262+0000] {dag.py:3954} INFO - Setting next_dagrun for produce_json to 2026-06-01 12:00:00+00:00, run_after=2026-06-02 12:00:00+00:00
[2026-06-01T13:24:38.265+0000] {logging_mixin.py:188} INFO - [2026-06-01T13:24:38.265+0000] {dag.py:3954} INFO - Setting next_dagrun for update_db to 2026-06-01 13:00:00+00:00, run_after=2026-06-02 13:00:00+00:00
[2026-06-01T13:24:38.279+0000] {processor.py:183} INFO - Processing /opt/airflow/dags/main.py took 0.153 seconds
[2026-06-01T13:25:08.970+0000] {processor.py:161} INFO - Started process (PID=1651) to work on /opt/airflow/dags/main.py
[2026-06-01T13:25:08.971+0000] {processor.py:830} INFO - Processing file /opt/airflow/dags/main.py for tasks to queue
[2026-06-01T13:25:08.972+0000] {logging_mixin.py:188} INFO - [2026-06-01T13:25:08.971+0000] {dagbag.py:545} INFO - Filling up the DagBag from /opt/airflow/dags/main.py
[2026-06-01T13:25:09.061+0000] {processor.py:840} INFO - DAG(s) 'update_db', 'data_quality', 'produce_json' retrieved from /opt/airflow/dags/main.py
[2026-06-01T13:25:09.086+0000] {logging_mixin.py:188} INFO - [2026-06-01T13:25:09.086+0000] {dag.py:3096} INFO - Sync 3 DAGs
[2026-06-01T13:25:09.102+0000] {logging_mixin.py:188} INFO - [2026-06-01T13:25:09.101+0000] {dag.py:3954} INFO - Setting next_dagrun for data_quality to 2026-05-31 14:00:00+00:00, run_after=2026-06-01 14:00:00+00:00
[2026-06-01T13:25:09.106+0000] {logging_mixin.py:188} INFO - [2026-06-01T13:25:09.105+0000] {dag.py:3954} INFO - Setting next_dagrun for produce_json to 2026-06-01 12:00:00+00:00, run_after=2026-06-02 12:00:00+00:00
[2026-06-01T13:25:09.108+0000] {logging_mixin.py:188} INFO - [2026-06-01T13:25:09.108+0000] {dag.py:3954} INFO - Setting next_dagrun for update_db to 2026-06-01 13:00:00+00:00, run_after=2026-06-02 13:00:00+00:00
[2026-06-01T13:25:09.121+0000] {processor.py:183} INFO - Processing /opt/airflow/dags/main.py took 0.156 seconds
[2026-06-01T13:25:39.767+0000] {processor.py:161} INFO - Started process (PID=1658) to work on /opt/airflow/dags/main.py
[2026-06-01T13:25:39.767+0000] {processor.py:830} INFO - Processing file /opt/airflow/dags/main.py for tasks to queue
[2026-06-01T13:25:39.768+0000] {logging_mixin.py:188} INFO - [2026-06-01T13:25:39.768+0000] {dagbag.py:545} INFO - Filling up the DagBag from /opt/airflow/dags/main.py
[2026-06-01T13:25:39.832+0000] {processor.py:840} INFO - DAG(s) 'update_db', 'produce_json', 'data_quality' retrieved from /opt/airflow/dags/main.py
[2026-06-01T13:25:39.857+0000] {logging_mixin.py:188} INFO - [2026-06-01T13:25:39.856+0000] {dag.py:3096} INFO - Sync 3 DAGs
[2026-06-01T13:25:39.871+0000] {logging_mixin.py:188} INFO - [2026-06-01T13:25:39.871+0000] {dag.py:3954} INFO - Setting next_dagrun for data_quality to 2026-05-31 14:00:00+00:00, run_after=2026-06-01 14:00:00+00:00
[2026-06-01T13:25:39.874+0000] {logging_mixin.py:188} INFO - [2026-06-01T13:25:39.874+0000] {dag.py:3954} INFO - Setting next_dagrun for produce_json to 2026-06-01 12:00:00+00:00, run_after=2026-06-02 12:00:00+00:00
[2026-06-01T13:25:39.876+0000] {logging_mixin.py:188} INFO - [2026-06-01T13:25:39.876+0000] {dag.py:3954} INFO - Setting next_dagrun for update_db to 2026-06-01 13:00:00+00:00, run_after=2026-06-02 13:00:00+00:00
[2026-06-01T13:25:39.897+0000] {processor.py:183} INFO - Processing /opt/airflow/dags/main.py took 0.135 seconds
[2026-06-01T13:26:10.624+0000] {processor.py:161} INFO - Started process (PID=1665) to work on /opt/airflow/dags/main.py
[2026-06-01T13:26:10.624+0000] {processor.py:830} INFO - Processing file /opt/airflow/dags/main.py for tasks to queue
[2026-06-01T13:26:10.625+0000] {logging_mixin.py:188} INFO - [2026-06-01T13:26:10.625+0000] {dagbag.py:545} INFO - Filling up the DagBag from /opt/airflow/dags/main.py
[2026-06-01T13:26:10.720+0000] {processor.py:840} INFO - DAG(s) 'produce_json', 'data_quality', 'update_db' retrieved from /opt/airflow/dags/main.py
[2026-06-01T13:26:10.754+0000] {logging_mixin.py:188} INFO - [2026-06-01T13:26:10.753+0000] {dag.py:3096} INFO - Sync 3 DAGs
[2026-06-01T13:26:10.770+0000] {logging_mixin.py:188} INFO - [2026-06-01T13:26:10.770+0000] {dag.py:3954} INFO - Setting next_dagrun for data_quality to 2026-05-31 14:00:00+00:00, run_after=2026-06-01 14:00:00+00:00
[2026-06-01T13:26:10.775+0000] {logging_mixin.py:188} INFO - [2026-06-01T13:26:10.775+0000] {dag.py:3954} INFO - Setting next_dagrun for produce_json to 2026-06-01 12:00:00+00:00, run_after=2026-06-02 12:00:00+00:00
[2026-06-01T13:26:10.778+0000] {logging_mixin.py:188} INFO - [2026-06-01T13:26:10.778+0000] {dag.py:3954} INFO - Setting next_dagrun for update_db to 2026-06-01 13:00:00+00:00, run_after=2026-06-02 13:00:00+00:00
[2026-06-01T13:26:10.793+0000] {processor.py:183} INFO - Processing /opt/airflow/dags/main.py took 0.174 seconds
[2026-06-01T13:26:41.459+0000] {processor.py:161} INFO - Started process (PID=1672) to work on /opt/airflow/dags/main.py
[2026-06-01T13:26:41.460+0000] {processor.py:830} INFO - Processing file /opt/airflow/dags/main.py for tasks to queue
[2026-06-01T13:26:41.460+0000] {logging_mixin.py:188} INFO - [2026-06-01T13:26:41.460+0000] {dagbag.py:545} INFO - Filling up the DagBag from /opt/airflow/dags/main.py
[2026-06-01T13:26:41.533+0000] {processor.py:840} INFO - DAG(s) 'produce_json', 'data_quality', 'update_db' retrieved from /opt/airflow/dags/main.py
[2026-06-01T13:26:41.559+0000] {logging_mixin.py:188} INFO - [2026-06-01T13:26:41.559+0000] {dag.py:3096} INFO - Sync 3 DAGs
[2026-06-01T13:26:41.576+0000] {logging_mixin.py:188} INFO - [2026-06-01T13:26:41.576+0000] {dag.py:3954} INFO - Setting next_dagrun for data_quality to 2026-05-31 14:00:00+00:00, run_after=2026-06-01 14:00:00+00:00
[2026-06-01T13:26:41.581+0000] {logging_mixin.py:188} INFO - [2026-06-01T13:26:41.581+0000] {dag.py:3954} INFO - Setting next_dagrun for produce_json to 2026-06-01 12:00:00+00:00, run_after=2026-06-02 12:00:00+00:00
[2026-06-01T13:26:41.583+0000] {logging_mixin.py:188} INFO - [2026-06-01T13:26:41.583+0000] {dag.py:3954} INFO - Setting next_dagrun for update_db to 2026-06-01 13:00:00+00:00, run_after=2026-06-02 13:00:00+00:00
[2026-06-01T13:26:41.606+0000] {processor.py:183} INFO - Processing /opt/airflow/dags/main.py took 0.153 seconds
[2026-06-01T13:27:12.460+0000] {processor.py:161} INFO - Started process (PID=1679) to work on /opt/airflow/dags/main.py
[2026-06-01T13:27:12.461+0000] {processor.py:830} INFO - Processing file /opt/airflow/dags/main.py for tasks to queue
[2026-06-01T13:27:12.462+0000] {logging_mixin.py:188} INFO - [2026-06-01T13:27:12.462+0000] {dagbag.py:545} INFO - Filling up the DagBag from /opt/airflow/dags/main.py
[2026-06-01T13:27:12.553+0000] {processor.py:840} INFO - DAG(s) 'produce_json', 'data_quality', 'update_db' retrieved from /opt/airflow/dags/main.py
[2026-06-01T13:27:12.581+0000] {logging_mixin.py:188} INFO - [2026-06-01T13:27:12.581+0000] {dag.py:3096} INFO - Sync 3 DAGs
[2026-06-01T13:27:12.596+0000] {logging_mixin.py:188} INFO - [2026-06-01T13:27:12.596+0000] {dag.py:3954} INFO - Setting next_dagrun for data_quality to 2026-05-31 14:00:00+00:00, run_after=2026-06-01 14:00:00+00:00
[2026-06-01T13:27:12.600+0000] {logging_mixin.py:188} INFO - [2026-06-01T13:27:12.599+0000] {dag.py:3954} INFO - Setting next_dagrun for produce_json to 2026-06-01 12:00:00+00:00, run_after=2026-06-02 12:00:00+00:00
[2026-06-01T13:27:12.602+0000] {logging_mixin.py:188} INFO - [2026-06-01T13:27:12.602+0000] {dag.py:3954} INFO - Setting next_dagrun for update_db to 2026-06-01 13:00:00+00:00, run_after=2026-06-02 13:00:00+00:00
[2026-06-01T13:27:12.616+0000] {processor.py:183} INFO - Processing /opt/airflow/dags/main.py took 0.169 seconds
[2026-06-01T13:27:45.150+0000] {processor.py:161} INFO - Started process (PID=1686) to work on /opt/airflow/dags/main.py
[2026-06-01T13:27:45.151+0000] {processor.py:830} INFO - Processing file /opt/airflow/dags/main.py for tasks to queue
[2026-06-01T13:27:45.152+0000] {logging_mixin.py:188} INFO - [2026-06-01T13:27:45.152+0000] {dagbag.py:545} INFO - Filling up the DagBag from /opt/airflow/dags/main.py
[2026-06-01T13:27:45.228+0000] {processor.py:840} INFO - DAG(s) 'produce_json', 'data_quality', 'update_db' retrieved from /opt/airflow/dags/main.py
[2026-06-01T13:27:45.254+0000] {logging_mixin.py:188} INFO - [2026-06-01T13:27:45.254+0000] {dag.py:3096} INFO - Sync 3 DAGs
[2026-06-01T13:27:45.269+0000] {logging_mixin.py:188} INFO - [2026-06-01T13:27:45.268+0000] {dag.py:3954} INFO - Setting next_dagrun for data_quality to 2026-05-31 14:00:00+00:00, run_after=2026-06-01 14:00:00+00:00
[2026-06-01T13:27:45.272+0000] {logging_mixin.py:188} INFO - [2026-06-01T13:27:45.272+0000] {dag.py:3954} INFO - Setting next_dagrun for produce_json to 2026-06-01 12:00:00+00:00, run_after=2026-06-02 12:00:00+00:00
[2026-06-01T13:27:45.274+0000] {logging_mixin.py:188} INFO - [2026-06-01T13:27:45.274+0000] {dag.py:3954} INFO - Setting next_dagrun for update_db to 2026-06-01 13:00:00+00:00, run_after=2026-06-02 13:00:00+00:00
[2026-06-01T13:27:45.288+0000] {processor.py:183} INFO - Processing /opt/airflow/dags/main.py took 0.143 seconds
[2026-06-01T13:28:15.334+0000] {processor.py:161} INFO - Started process (PID=1693) to work on /opt/airflow/dags/main.py
[2026-06-01T13:28:15.335+0000] {processor.py:830} INFO - Processing file /opt/airflow/dags/main.py for tasks to queue
[2026-06-01T13:28:15.336+0000] {logging_mixin.py:188} INFO - [2026-06-01T13:28:15.336+0000] {dagbag.py:545} INFO - Filling up the DagBag from /opt/airflow/dags/main.py
[2026-06-01T13:28:15.410+0000] {processor.py:840} INFO - DAG(s) 'data_quality', 'update_db', 'produce_json' retrieved from /opt/airflow/dags/main.py
[2026-06-01T13:28:15.438+0000] {logging_mixin.py:188} INFO - [2026-06-01T13:28:15.437+0000] {dag.py:3096} INFO - Sync 3 DAGs
[2026-06-01T13:28:15.453+0000] {logging_mixin.py:188} INFO - [2026-06-01T13:28:15.453+0000] {dag.py:3954} INFO - Setting next_dagrun for data_quality to 2026-05-31 14:00:00+00:00, run_after=2026-06-01 14:00:00+00:00
[2026-06-01T13:28:15.456+0000] {logging_mixin.py:188} INFO - [2026-06-01T13:28:15.456+0000] {dag.py:3954} INFO - Setting next_dagrun for produce_json to 2026-06-01 12:00:00+00:00, run_after=2026-06-02 12:00:00+00:00
[2026-06-01T13:28:15.458+0000] {logging_mixin.py:188} INFO - [2026-06-01T13:28:15.458+0000] {dag.py:3954} INFO - Setting next_dagrun for update_db to 2026-06-01 13:00:00+00:00, run_after=2026-06-02 13:00:00+00:00
[2026-06-01T13:28:15.472+0000] {processor.py:183} INFO - Processing /opt/airflow/dags/main.py took 0.143 seconds
[2026-06-01T13:28:46.208+0000] {processor.py:161} INFO - Started process (PID=1700) to work on /opt/airflow/dags/main.py
[2026-06-01T13:28:46.208+0000] {processor.py:830} INFO - Processing file /opt/airflow/dags/main.py for tasks to queue
[2026-06-01T13:28:46.209+0000] {logging_mixin.py:188} INFO - [2026-06-01T13:28:46.209+0000] {dagbag.py:545} INFO - Filling up the DagBag from /opt/airflow/dags/main.py
[2026-06-01T13:28:46.290+0000] {processor.py:840} INFO - DAG(s) 'data_quality', 'produce_json', 'update_db' retrieved from /opt/airflow/dags/main.py
[2026-06-01T13:28:46.316+0000] {logging_mixin.py:188} INFO - [2026-06-01T13:28:46.316+0000] {dag.py:3096} INFO - Sync 3 DAGs
[2026-06-01T13:28:46.331+0000] {logging_mixin.py:188} INFO - [2026-06-01T13:28:46.331+0000] {dag.py:3954} INFO - Setting next_dagrun for data_quality to 2026-05-31 14:00:00+00:00, run_after=2026-06-01 14:00:00+00:00
[2026-06-01T13:28:46.335+0000] {logging_mixin.py:188} INFO - [2026-06-01T13:28:46.335+0000] {dag.py:3954} INFO - Setting next_dagrun for produce_json to 2026-06-01 12:00:00+00:00, run_after=2026-06-02 12:00:00+00:00
[2026-06-01T13:28:46.337+0000] {logging_mixin.py:188} INFO - [2026-06-01T13:28:46.337+0000] {dag.py:3954} INFO - Setting next_dagrun for update_db to 2026-06-01 13:00:00+00:00, run_after=2026-06-02 13:00:00+00:00
[2026-06-01T13:28:46.350+0000] {processor.py:183} INFO - Processing /opt/airflow/dags/main.py took 0.147 seconds
[2026-06-01T13:29:17.088+0000] {processor.py:161} INFO - Started process (PID=1707) to work on /opt/airflow/dags/main.py
[2026-06-01T13:29:17.089+0000] {processor.py:830} INFO - Processing file /opt/airflow/dags/main.py for tasks to queue
[2026-06-01T13:29:17.090+0000] {logging_mixin.py:188} INFO - [2026-06-01T13:29:17.090+0000] {dagbag.py:545} INFO - Filling up the DagBag from /opt/airflow/dags/main.py
[2026-06-01T13:29:17.160+0000] {processor.py:840} INFO - DAG(s) 'update_db', 'data_quality', 'produce_json' retrieved from /opt/airflow/dags/main.py
[2026-06-01T13:29:17.184+0000] {logging_mixin.py:188} INFO - [2026-06-01T13:29:17.184+0000] {dag.py:3096} INFO - Sync 3 DAGs
[2026-06-01T13:29:17.200+0000] {logging_mixin.py:188} INFO - [2026-06-01T13:29:17.200+0000] {dag.py:3954} INFO - Setting next_dagrun for data_quality to 2026-05-31 14:00:00+00:00, run_after=2026-06-01 14:00:00+00:00
[2026-06-01T13:29:17.204+0000] {logging_mixin.py:188} INFO - [2026-06-01T13:29:17.203+0000] {dag.py:3954} INFO - Setting next_dagrun for produce_json to 2026-06-01 12:00:00+00:00, run_after=2026-06-02 12:00:00+00:00
[2026-06-01T13:29:17.205+0000] {logging_mixin.py:188} INFO - [2026-06-01T13:29:17.205+0000] {dag.py:3954} INFO - Setting next_dagrun for update_db to 2026-06-01 13:00:00+00:00, run_after=2026-06-02 13:00:00+00:00
[2026-06-01T13:29:17.220+0000] {processor.py:183} INFO - Processing /opt/airflow/dags/main.py took 0.137 seconds
[2026-06-01T13:29:47.817+0000] {processor.py:161} INFO - Started process (PID=1714) to work on /opt/airflow/dags/main.py
[2026-06-01T13:29:47.818+0000] {processor.py:830} INFO - Processing file /opt/airflow/dags/main.py for tasks to queue
[2026-06-01T13:29:47.819+0000] {logging_mixin.py:188} INFO - [2026-06-01T13:29:47.818+0000] {dagbag.py:545} INFO - Filling up the DagBag from /opt/airflow/dags/main.py
[2026-06-01T13:29:47.891+0000] {processor.py:840} INFO - DAG(s) 'data_quality', 'update_db', 'produce_json' retrieved from /opt/airflow/dags/main.py
[2026-06-01T13:29:47.918+0000] {logging_mixin.py:188} INFO - [2026-06-01T13:29:47.918+0000] {dag.py:3096} INFO - Sync 3 DAGs
[2026-06-01T13:29:47.934+0000] {logging_mixin.py:188} INFO - [2026-06-01T13:29:47.934+0000] {dag.py:3954} INFO - Setting next_dagrun for data_quality to 2026-05-31 14:00:00+00:00, run_after=2026-06-01 14:00:00+00:00
[2026-06-01T13:29:47.939+0000] {logging_mixin.py:188} INFO - [2026-06-01T13:29:47.939+0000] {dag.py:3954} INFO - Setting next_dagrun for produce_json to 2026-06-01 12:00:00+00:00, run_after=2026-06-02 12:00:00+00:00
[2026-06-01T13:29:47.941+0000] {logging_mixin.py:188} INFO - [2026-06-01T13:29:47.941+0000] {dag.py:3954} INFO - Setting next_dagrun for update_db to 2026-06-01 13:00:00+00:00, run_after=2026-06-02 13:00:00+00:00
[2026-06-01T13:29:47.953+0000] {processor.py:183} INFO - Processing /opt/airflow/dags/main.py took 0.140 seconds
[2026-06-01T13:30:18.841+0000] {processor.py:161} INFO - Started process (PID=1721) to work on /opt/airflow/dags/main.py
[2026-06-01T13:30:18.842+0000] {processor.py:830} INFO - Processing file /opt/airflow/dags/main.py for tasks to queue
[2026-06-01T13:30:18.842+0000] {logging_mixin.py:188} INFO - [2026-06-01T13:30:18.842+0000] {dagbag.py:545} INFO - Filling up the DagBag from /opt/airflow/dags/main.py
[2026-06-01T13:30:18.928+0000] {processor.py:840} INFO - DAG(s) 'update_db', 'data_quality', 'produce_json' retrieved from /opt/airflow/dags/main.py
[2026-06-01T13:30:18.957+0000] {logging_mixin.py:188} INFO - [2026-06-01T13:30:18.957+0000] {dag.py:3096} INFO - Sync 3 DAGs
[2026-06-01T13:30:18.973+0000] {logging_mixin.py:188} INFO - [2026-06-01T13:30:18.972+0000] {dag.py:3954} INFO - Setting next_dagrun for data_quality to 2026-05-31 14:00:00+00:00, run_after=2026-06-01 14:00:00+00:00
[2026-06-01T13:30:18.977+0000] {logging_mixin.py:188} INFO - [2026-06-01T13:30:18.977+0000] {dag.py:3954} INFO - Setting next_dagrun for produce_json to 2026-06-01 12:00:00+00:00, run_after=2026-06-02 12:00:00+00:00
[2026-06-01T13:30:18.980+0000] {logging_mixin.py:188} INFO - [2026-06-01T13:30:18.980+0000] {dag.py:3954} INFO - Setting next_dagrun for update_db to 2026-06-01 13:00:00+00:00, run_after=2026-06-02 13:00:00+00:00
[2026-06-01T13:30:18.993+0000] {processor.py:183} INFO - Processing /opt/airflow/dags/main.py took 0.166 seconds
[2026-06-01T13:30:49.724+0000] {processor.py:161} INFO - Started process (PID=1728) to work on /opt/airflow/dags/main.py
[2026-06-01T13:30:49.725+0000] {processor.py:830} INFO - Processing file /opt/airflow/dags/main.py for tasks to queue
[2026-06-01T13:30:49.726+0000] {logging_mixin.py:188} INFO - [2026-06-01T13:30:49.725+0000] {dagbag.py:545} INFO - Filling up the DagBag from /opt/airflow/dags/main.py
[2026-06-01T13:30:49.797+0000] {processor.py:840} INFO - DAG(s) 'produce_json', 'data_quality', 'update_db' retrieved from /opt/airflow/dags/main.py
[2026-06-01T13:30:49.820+0000] {logging_mixin.py:188} INFO - [2026-06-01T13:30:49.820+0000] {dag.py:3096} INFO - Sync 3 DAGs
[2026-06-01T13:30:49.834+0000] {logging_mixin.py:188} INFO - [2026-06-01T13:30:49.834+0000] {dag.py:3954} INFO - Setting next_dagrun for data_quality to 2026-05-31 14:00:00+00:00, run_after=2026-06-01 14:00:00+00:00
[2026-06-01T13:30:49.837+0000] {logging_mixin.py:188} INFO - [2026-06-01T13:30:49.837+0000] {dag.py:3954} INFO - Setting next_dagrun for produce_json to 2026-06-01 12:00:00+00:00, run_after=2026-06-02 12:00:00+00:00
[2026-06-01T13:30:49.839+0000] {logging_mixin.py:188} INFO - [2026-06-01T13:30:49.839+0000] {dag.py:3954} INFO - Setting next_dagrun for update_db to 2026-06-01 13:00:00+00:00, run_after=2026-06-02 13:00:00+00:00
[2026-06-01T13:30:49.853+0000] {processor.py:183} INFO - Processing /opt/airflow/dags/main.py took 0.134 seconds
[2026-06-01T13:31:20.747+0000] {processor.py:161} INFO - Started process (PID=1735) to work on /opt/airflow/dags/main.py
[2026-06-01T13:31:20.748+0000] {processor.py:830} INFO - Processing file /opt/airflow/dags/main.py for tasks to queue
[2026-06-01T13:31:20.749+0000] {logging_mixin.py:188} INFO - [2026-06-01T13:31:20.749+0000] {dagbag.py:545} INFO - Filling up the DagBag from /opt/airflow/dags/main.py
[2026-06-01T13:31:20.834+0000] {processor.py:840} INFO - DAG(s) 'produce_json', 'update_db', 'data_quality' retrieved from /opt/airflow/dags/main.py
[2026-06-01T13:31:20.866+0000] {logging_mixin.py:188} INFO - [2026-06-01T13:31:20.866+0000] {dag.py:3096} INFO - Sync 3 DAGs
[2026-06-01T13:31:20.882+0000] {logging_mixin.py:188} INFO - [2026-06-01T13:31:20.882+0000] {dag.py:3954} INFO - Setting next_dagrun for data_quality to 2026-05-31 14:00:00+00:00, run_after=2026-06-01 14:00:00+00:00
[2026-06-01T13:31:20.885+0000] {logging_mixin.py:188} INFO - [2026-06-01T13:31:20.885+0000] {dag.py:3954} INFO - Setting next_dagrun for produce_json to 2026-06-01 12:00:00+00:00, run_after=2026-06-02 12:00:00+00:00
[2026-06-01T13:31:20.888+0000] {logging_mixin.py:188} INFO - [2026-06-01T13:31:20.888+0000] {dag.py:3954} INFO - Setting next_dagrun for update_db to 2026-06-01 13:00:00+00:00, run_after=2026-06-02 13:00:00+00:00
[2026-06-01T13:31:20.903+0000] {processor.py:183} INFO - Processing /opt/airflow/dags/main.py took 0.161 seconds
[2026-06-01T13:31:51.582+0000] {processor.py:161} INFO - Started process (PID=1742) to work on /opt/airflow/dags/main.py
[2026-06-01T13:31:51.583+0000] {processor.py:830} INFO - Processing file /opt/airflow/dags/main.py for tasks to queue
[2026-06-01T13:31:51.584+0000] {logging_mixin.py:188} INFO - [2026-06-01T13:31:51.583+0000] {dagbag.py:545} INFO - Filling up the DagBag from /opt/airflow/dags/main.py
[2026-06-01T13:31:51.670+0000] {processor.py:840} INFO - DAG(s) 'produce_json', 'data_quality', 'update_db' retrieved from /opt/airflow/dags/main.py
[2026-06-01T13:31:51.694+0000] {logging_mixin.py:188} INFO - [2026-06-01T13:31:51.694+0000] {dag.py:3096} INFO - Sync 3 DAGs
[2026-06-01T13:31:51.710+0000] {logging_mixin.py:188} INFO - [2026-06-01T13:31:51.709+0000] {dag.py:3954} INFO - Setting next_dagrun for data_quality to 2026-05-31 14:00:00+00:00, run_after=2026-06-01 14:00:00+00:00
[2026-06-01T13:31:51.713+0000] {logging_mixin.py:188} INFO - [2026-06-01T13:31:51.713+0000] {dag.py:3954} INFO - Setting next_dagrun for produce_json to 2026-06-01 12:00:00+00:00, run_after=2026-06-02 12:00:00+00:00
[2026-06-01T13:31:51.716+0000] {logging_mixin.py:188} INFO - [2026-06-01T13:31:51.716+0000] {dag.py:3954} INFO - Setting next_dagrun for update_db to 2026-06-01 13:00:00+00:00, run_after=2026-06-02 13:00:00+00:00
[2026-06-01T13:31:51.735+0000] {processor.py:183} INFO - Processing /opt/airflow/dags/main.py took 0.158 seconds
[2026-06-01T13:32:24.672+0000] {processor.py:161} INFO - Started process (PID=1749) to work on /opt/airflow/dags/main.py
[2026-06-01T13:32:24.672+0000] {processor.py:830} INFO - Processing file /opt/airflow/dags/main.py for tasks to queue
[2026-06-01T13:32:24.673+0000] {logging_mixin.py:188} INFO - [2026-06-01T13:32:24.673+0000] {dagbag.py:545} INFO - Filling up the DagBag from /opt/airflow/dags/main.py
[2026-06-01T13:32:24.753+0000] {processor.py:840} INFO - DAG(s) 'data_quality', 'produce_json', 'update_db' retrieved from /opt/airflow/dags/main.py
[2026-06-01T13:32:24.780+0000] {logging_mixin.py:188} INFO - [2026-06-01T13:32:24.779+0000] {dag.py:3096} INFO - Sync 3 DAGs
[2026-06-01T13:32:24.796+0000] {logging_mixin.py:188} INFO - [2026-06-01T13:32:24.796+0000] {dag.py:3954} INFO - Setting next_dagrun for data_quality to 2026-05-31 14:00:00+00:00, run_after=2026-06-01 14:00:00+00:00
[2026-06-01T13:32:24.799+0000] {logging_mixin.py:188} INFO - [2026-06-01T13:32:24.799+0000] {dag.py:3954} INFO - Setting next_dagrun for produce_json to 2026-06-01 12:00:00+00:00, run_after=2026-06-02 12:00:00+00:00
[2026-06-01T13:32:24.802+0000] {logging_mixin.py:188} INFO - [2026-06-01T13:32:24.802+0000] {dag.py:3954} INFO - Setting next_dagrun for update_db to 2026-06-01 13:00:00+00:00, run_after=2026-06-02 13:00:00+00:00
[2026-06-01T13:32:24.815+0000] {processor.py:183} INFO - Processing /opt/airflow/dags/main.py took 0.148 seconds
[2026-06-01T13:32:54.985+0000] {processor.py:161} INFO - Started process (PID=1756) to work on /opt/airflow/dags/main.py
[2026-06-01T13:32:54.986+0000] {processor.py:830} INFO - Processing file /opt/airflow/dags/main.py for tasks to queue
[2026-06-01T13:32:54.987+0000] {logging_mixin.py:188} INFO - [2026-06-01T13:32:54.987+0000] {dagbag.py:545} INFO - Filling up the DagBag from /opt/airflow/dags/main.py
[2026-06-01T13:32:55.068+0000] {processor.py:840} INFO - DAG(s) 'update_db', 'produce_json', 'data_quality' retrieved from /opt/airflow/dags/main.py
[2026-06-01T13:32:55.092+0000] {logging_mixin.py:188} INFO - [2026-06-01T13:32:55.092+0000] {dag.py:3096} INFO - Sync 3 DAGs
[2026-06-01T13:32:55.108+0000] {logging_mixin.py:188} INFO - [2026-06-01T13:32:55.108+0000] {dag.py:3954} INFO - Setting next_dagrun for data_quality to 2026-05-31 14:00:00+00:00, run_after=2026-06-01 14:00:00+00:00
[2026-06-01T13:32:55.112+0000] {logging_mixin.py:188} INFO - [2026-06-01T13:32:55.112+0000] {dag.py:3954} INFO - Setting next_dagrun for produce_json to 2026-06-01 12:00:00+00:00, run_after=2026-06-02 12:00:00+00:00
[2026-06-01T13:32:55.115+0000] {logging_mixin.py:188} INFO - [2026-06-01T13:32:55.114+0000] {dag.py:3954} INFO - Setting next_dagrun for update_db to 2026-06-01 13:00:00+00:00, run_after=2026-06-02 13:00:00+00:00
[2026-06-01T13:32:55.131+0000] {processor.py:183} INFO - Processing /opt/airflow/dags/main.py took 0.151 seconds
[2026-06-01T13:33:25.811+0000] {processor.py:161} INFO - Started process (PID=1763) to work on /opt/airflow/dags/main.py
[2026-06-01T13:33:25.811+0000] {processor.py:830} INFO - Processing file /opt/airflow/dags/main.py for tasks to queue
[2026-06-01T13:33:25.812+0000] {logging_mixin.py:188} INFO - [2026-06-01T13:33:25.812+0000] {dagbag.py:545} INFO - Filling up the DagBag from /opt/airflow/dags/main.py
[2026-06-01T13:33:25.899+0000] {processor.py:840} INFO - DAG(s) 'update_db', 'data_quality', 'produce_json' retrieved from /opt/airflow/dags/main.py
[2026-06-01T13:33:25.929+0000] {logging_mixin.py:188} INFO - [2026-06-01T13:33:25.929+0000] {dag.py:3096} INFO - Sync 3 DAGs
[2026-06-01T13:33:25.946+0000] {logging_mixin.py:188} INFO - [2026-06-01T13:33:25.946+0000] {dag.py:3954} INFO - Setting next_dagrun for data_quality to 2026-05-31 14:00:00+00:00, run_after=2026-06-01 14:00:00+00:00
[2026-06-01T13:33:25.950+0000] {logging_mixin.py:188} INFO - [2026-06-01T13:33:25.950+0000] {dag.py:3954} INFO - Setting next_dagrun for produce_json to 2026-06-01 12:00:00+00:00, run_after=2026-06-02 12:00:00+00:00
[2026-06-01T13:33:25.952+0000] {logging_mixin.py:188} INFO - [2026-06-01T13:33:25.952+0000] {dag.py:3954} INFO - Setting next_dagrun for update_db to 2026-06-01 13:00:00+00:00, run_after=2026-06-02 13:00:00+00:00
[2026-06-01T13:33:25.967+0000] {processor.py:183} INFO - Processing /opt/airflow/dags/main.py took 0.162 seconds
[2026-06-01T13:33:56.873+0000] {processor.py:161} INFO - Started process (PID=1770) to work on /opt/airflow/dags/main.py
[2026-06-01T13:33:56.875+0000] {processor.py:830} INFO - Processing file /opt/airflow/dags/main.py for tasks to queue
[2026-06-01T13:33:56.876+0000] {logging_mixin.py:188} INFO - [2026-06-01T13:33:56.876+0000] {dagbag.py:545} INFO - Filling up the DagBag from /opt/airflow/dags/main.py
[2026-06-01T13:33:56.952+0000] {processor.py:840} INFO - DAG(s) 'update_db', 'produce_json', 'data_quality' retrieved from /opt/airflow/dags/main.py
[2026-06-01T13:33:56.977+0000] {logging_mixin.py:188} INFO - [2026-06-01T13:33:56.976+0000] {dag.py:3096} INFO - Sync 3 DAGs
[2026-06-01T13:33:56.994+0000] {logging_mixin.py:188} INFO - [2026-06-01T13:33:56.994+0000] {dag.py:3954} INFO - Setting next_dagrun for data_quality to 2026-05-31 14:00:00+00:00, run_after=2026-06-01 14:00:00+00:00
[2026-06-01T13:33:56.998+0000] {logging_mixin.py:188} INFO - [2026-06-01T13:33:56.998+0000] {dag.py:3954} INFO - Setting next_dagrun for produce_json to 2026-06-01 12:00:00+00:00, run_after=2026-06-02 12:00:00+00:00
[2026-06-01T13:33:57.001+0000] {logging_mixin.py:188} INFO - [2026-06-01T13:33:57.001+0000] {dag.py:3954} INFO - Setting next_dagrun for update_db to 2026-06-01 13:00:00+00:00, run_after=2026-06-02 13:00:00+00:00
[2026-06-01T13:33:57.018+0000] {processor.py:183} INFO - Processing /opt/airflow/dags/main.py took 0.150 seconds
[2026-06-01T13:34:27.764+0000] {processor.py:161} INFO - Started process (PID=1777) to work on /opt/airflow/dags/main.py
[2026-06-01T13:34:27.765+0000] {processor.py:830} INFO - Processing file /opt/airflow/dags/main.py for tasks to queue
[2026-06-01T13:34:27.765+0000] {logging_mixin.py:188} INFO - [2026-06-01T13:34:27.765+0000] {dagbag.py:545} INFO - Filling up the DagBag from /opt/airflow/dags/main.py
[2026-06-01T13:34:27.909+0000] {processor.py:840} INFO - DAG(s) 'update_db', 'produce_json', 'data_quality' retrieved from /opt/airflow/dags/main.py
[2026-06-01T13:34:27.934+0000] {logging_mixin.py:188} INFO - [2026-06-01T13:34:27.934+0000] {dag.py:3096} INFO - Sync 3 DAGs
[2026-06-01T13:34:27.949+0000] {logging_mixin.py:188} INFO - [2026-06-01T13:34:27.948+0000] {dag.py:3954} INFO - Setting next_dagrun for data_quality to 2026-05-31 14:00:00+00:00, run_after=2026-06-01 14:00:00+00:00
[2026-06-01T13:34:27.953+0000] {logging_mixin.py:188} INFO - [2026-06-01T13:34:27.952+0000] {dag.py:3954} INFO - Setting next_dagrun for produce_json to 2026-06-01 12:00:00+00:00, run_after=2026-06-02 12:00:00+00:00
[2026-06-01T13:34:27.955+0000] {logging_mixin.py:188} INFO - [2026-06-01T13:34:27.955+0000] {dag.py:3954} INFO - Setting next_dagrun for update_db to 2026-06-01 13:00:00+00:00, run_after=2026-06-02 13:00:00+00:00
[2026-06-01T13:34:27.977+0000] {processor.py:183} INFO - Processing /opt/airflow/dags/main.py took 0.218 seconds
[2026-06-01T13:34:58.748+0000] {processor.py:161} INFO - Started process (PID=1784) to work on /opt/airflow/dags/main.py
[2026-06-01T13:34:58.749+0000] {processor.py:830} INFO - Processing file /opt/airflow/dags/main.py for tasks to queue
[2026-06-01T13:34:58.749+0000] {logging_mixin.py:188} INFO - [2026-06-01T13:34:58.749+0000] {dagbag.py:545} INFO - Filling up the DagBag from /opt/airflow/dags/main.py
[2026-06-01T13:34:58.836+0000] {processor.py:840} INFO - DAG(s) 'produce_json', 'data_quality', 'update_db' retrieved from /opt/airflow/dags/main.py
[2026-06-01T13:34:58.862+0000] {logging_mixin.py:188} INFO - [2026-06-01T13:34:58.862+0000] {dag.py:3096} INFO - Sync 3 DAGs
[2026-06-01T13:34:58.875+0000] {logging_mixin.py:188} INFO - [2026-06-01T13:34:58.875+0000] {dag.py:3954} INFO - Setting next_dagrun for data_quality to 2026-05-31 14:00:00+00:00, run_after=2026-06-01 14:00:00+00:00
[2026-06-01T13:34:58.878+0000] {logging_mixin.py:188} INFO - [2026-06-01T13:34:58.878+0000] {dag.py:3954} INFO - Setting next_dagrun for produce_json to 2026-06-01 12:00:00+00:00, run_after=2026-06-02 12:00:00+00:00
[2026-06-01T13:34:58.881+0000] {logging_mixin.py:188} INFO - [2026-06-01T13:34:58.881+0000] {dag.py:3954} INFO - Setting next_dagrun for update_db to 2026-06-01 13:00:00+00:00, run_after=2026-06-02 13:00:00+00:00
[2026-06-01T13:34:58.893+0000] {processor.py:183} INFO - Processing /opt/airflow/dags/main.py took 0.150 seconds
[2026-06-01T13:35:29.864+0000] {processor.py:161} INFO - Started process (PID=1791) to work on /opt/airflow/dags/main.py
[2026-06-01T13:35:29.865+0000] {processor.py:830} INFO - Processing file /opt/airflow/dags/main.py for tasks to queue
[2026-06-01T13:35:29.866+0000] {logging_mixin.py:188} INFO - [2026-06-01T13:35:29.865+0000] {dagbag.py:545} INFO - Filling up the DagBag from /opt/airflow/dags/main.py
[2026-06-01T13:35:29.939+0000] {processor.py:840} INFO - DAG(s) 'produce_json', 'update_db', 'data_quality' retrieved from /opt/airflow/dags/main.py
[2026-06-01T13:35:29.960+0000] {logging_mixin.py:188} INFO - [2026-06-01T13:35:29.959+0000] {dag.py:3096} INFO - Sync 3 DAGs
[2026-06-01T13:35:29.973+0000] {logging_mixin.py:188} INFO - [2026-06-01T13:35:29.973+0000] {dag.py:3954} INFO - Setting next_dagrun for data_quality to 2026-05-31 14:00:00+00:00, run_after=2026-06-01 14:00:00+00:00
[2026-06-01T13:35:29.976+0000] {logging_mixin.py:188} INFO - [2026-06-01T13:35:29.976+0000] {dag.py:3954} INFO - Setting next_dagrun for produce_json to 2026-06-01 12:00:00+00:00, run_after=2026-06-02 12:00:00+00:00
[2026-06-01T13:35:29.978+0000] {logging_mixin.py:188} INFO - [2026-06-01T13:35:29.978+0000] {dag.py:3954} INFO - Setting next_dagrun for update_db to 2026-06-01 13:00:00+00:00, run_after=2026-06-02 13:00:00+00:00
[2026-06-01T13:35:29.992+0000] {processor.py:183} INFO - Processing /opt/airflow/dags/main.py took 0.132 seconds
[2026-06-01T13:36:00.756+0000] {processor.py:161} INFO - Started process (PID=1792) to work on /opt/airflow/dags/main.py
[2026-06-01T13:36:00.757+0000] {processor.py:830} INFO - Processing file /opt/airflow/dags/main.py for tasks to queue
[2026-06-01T13:36:00.758+0000] {logging_mixin.py:188} INFO - [2026-06-01T13:36:00.757+0000] {dagbag.py:545} INFO - Filling up the DagBag from /opt/airflow/dags/main.py
[2026-06-01T13:36:00.858+0000] {processor.py:840} INFO - DAG(s) 'produce_json', 'update_db', 'data_quality' retrieved from /opt/airflow/dags/main.py
[2026-06-01T13:36:00.887+0000] {logging_mixin.py:188} INFO - [2026-06-01T13:36:00.887+0000] {dag.py:3096} INFO - Sync 3 DAGs
[2026-06-01T13:36:00.900+0000] {logging_mixin.py:188} INFO - [2026-06-01T13:36:00.900+0000] {dag.py:3954} INFO - Setting next_dagrun for data_quality to 2026-05-31 14:00:00+00:00, run_after=2026-06-01 14:00:00+00:00
[2026-06-01T13:36:00.905+0000] {logging_mixin.py:188} INFO - [2026-06-01T13:36:00.905+0000] {dag.py:3954} INFO - Setting next_dagrun for produce_json to 2026-06-01 12:00:00+00:00, run_after=2026-06-02 12:00:00+00:00
[2026-06-01T13:36:00.907+0000] {logging_mixin.py:188} INFO - [2026-06-01T13:36:00.907+0000] {dag.py:3954} INFO - Setting next_dagrun for update_db to 2026-06-01 13:00:00+00:00, run_after=2026-06-02 13:00:00+00:00
[2026-06-01T13:36:00.918+0000] {processor.py:183} INFO - Processing /opt/airflow/dags/main.py took 0.167 seconds
[2026-06-01T13:36:31.653+0000] {processor.py:161} INFO - Started process (PID=1799) to work on /opt/airflow/dags/main.py
[2026-06-01T13:36:31.654+0000] {processor.py:830} INFO - Processing file /opt/airflow/dags/main.py for tasks to queue
[2026-06-01T13:36:31.655+0000] {logging_mixin.py:188} INFO - [2026-06-01T13:36:31.655+0000] {dagbag.py:545} INFO - Filling up the DagBag from /opt/airflow/dags/main.py
[2026-06-01T13:36:31.730+0000] {processor.py:840} INFO - DAG(s) 'update_db', 'data_quality', 'produce_json' retrieved from /opt/airflow/dags/main.py
[2026-06-01T13:36:31.756+0000] {logging_mixin.py:188} INFO - [2026-06-01T13:36:31.756+0000] {dag.py:3096} INFO - Sync 3 DAGs
[2026-06-01T13:36:31.774+0000] {logging_mixin.py:188} INFO - [2026-06-01T13:36:31.774+0000] {dag.py:3954} INFO - Setting next_dagrun for data_quality to 2026-05-31 14:00:00+00:00, run_after=2026-06-01 14:00:00+00:00
[2026-06-01T13:36:31.778+0000] {logging_mixin.py:188} INFO - [2026-06-01T13:36:31.778+0000] {dag.py:3954} INFO - Setting next_dagrun for produce_json to 2026-06-01 12:00:00+00:00, run_after=2026-06-02 12:00:00+00:00
[2026-06-01T13:36:31.780+0000] {logging_mixin.py:188} INFO - [2026-06-01T13:36:31.780+0000] {dag.py:3954} INFO - Setting next_dagrun for update_db to 2026-06-01 13:00:00+00:00, run_after=2026-06-02 13:00:00+00:00
[2026-06-01T13:36:31.797+0000] {processor.py:183} INFO - Processing /opt/airflow/dags/main.py took 0.150 seconds
[2026-06-01T13:37:03.684+0000] {processor.py:161} INFO - Started process (PID=1806) to work on /opt/airflow/dags/main.py
[2026-06-01T13:37:03.686+0000] {processor.py:830} INFO - Processing file /opt/airflow/dags/main.py for tasks to queue
[2026-06-01T13:37:03.687+0000] {logging_mixin.py:188} INFO - [2026-06-01T13:37:03.687+0000] {dagbag.py:545} INFO - Filling up the DagBag from /opt/airflow/dags/main.py
[2026-06-01T13:37:03.790+0000] {processor.py:840} INFO - DAG(s) 'produce_json', 'data_quality', 'update_db' retrieved from /opt/airflow/dags/main.py
[2026-06-01T13:37:03.823+0000] {logging_mixin.py:188} INFO - [2026-06-01T13:37:03.823+0000] {dag.py:3096} INFO - Sync 3 DAGs
[2026-06-01T13:37:03.841+0000] {logging_mixin.py:188} INFO - [2026-06-01T13:37:03.841+0000] {dag.py:3954} INFO - Setting next_dagrun for data_quality to 2026-05-31 14:00:00+00:00, run_after=2026-06-01 14:00:00+00:00
[2026-06-01T13:37:03.845+0000] {logging_mixin.py:188} INFO - [2026-06-01T13:37:03.845+0000] {dag.py:3954} INFO - Setting next_dagrun for produce_json to 2026-06-01 12:00:00+00:00, run_after=2026-06-02 12:00:00+00:00
[2026-06-01T13:37:03.848+0000] {logging_mixin.py:188} INFO - [2026-06-01T13:37:03.848+0000] {dag.py:3954} INFO - Setting next_dagrun for update_db to 2026-06-01 13:00:00+00:00, run_after=2026-06-02 13:00:00+00:00
[2026-06-01T13:37:03.863+0000] {processor.py:183} INFO - Processing /opt/airflow/dags/main.py took 0.189 seconds
[2026-06-01T13:37:34.021+0000] {processor.py:161} INFO - Started process (PID=1813) to work on /opt/airflow/dags/main.py
[2026-06-01T13:37:34.022+0000] {processor.py:830} INFO - Processing file /opt/airflow/dags/main.py for tasks to queue
[2026-06-01T13:37:34.023+0000] {logging_mixin.py:188} INFO - [2026-06-01T13:37:34.022+0000] {dagbag.py:545} INFO - Filling up the DagBag from /opt/airflow/dags/main.py
[2026-06-01T13:37:34.095+0000] {processor.py:840} INFO - DAG(s) 'produce_json', 'update_db', 'data_quality' retrieved from /opt/airflow/dags/main.py
[2026-06-01T13:37:34.120+0000] {logging_mixin.py:188} INFO - [2026-06-01T13:37:34.120+0000] {dag.py:3096} INFO - Sync 3 DAGs
[2026-06-01T13:37:34.139+0000] {logging_mixin.py:188} INFO - [2026-06-01T13:37:34.139+0000] {dag.py:3954} INFO - Setting next_dagrun for data_quality to 2026-05-31 14:00:00+00:00, run_after=2026-06-01 14:00:00+00:00
[2026-06-01T13:37:34.143+0000] {logging_mixin.py:188} INFO - [2026-06-01T13:37:34.142+0000] {dag.py:3954} INFO - Setting next_dagrun for produce_json to 2026-06-01 12:00:00+00:00, run_after=2026-06-02 12:00:00+00:00
[2026-06-01T13:37:34.145+0000] {logging_mixin.py:188} INFO - [2026-06-01T13:37:34.145+0000] {dag.py:3954} INFO - Setting next_dagrun for update_db to 2026-06-01 13:00:00+00:00, run_after=2026-06-02 13:00:00+00:00
[2026-06-01T13:37:34.158+0000] {processor.py:183} INFO - Processing /opt/airflow/dags/main.py took 0.143 seconds
[2026-06-01T13:38:04.248+0000] {processor.py:161} INFO - Started process (PID=1820) to work on /opt/airflow/dags/main.py
[2026-06-01T13:38:04.249+0000] {processor.py:830} INFO - Processing file /opt/airflow/dags/main.py for tasks to queue
[2026-06-01T13:38:04.250+0000] {logging_mixin.py:188} INFO - [2026-06-01T13:38:04.250+0000] {dagbag.py:545} INFO - Filling up the DagBag from /opt/airflow/dags/main.py
[2026-06-01T13:38:04.344+0000] {processor.py:840} INFO - DAG(s) 'update_db', 'produce_json', 'data_quality' retrieved from /opt/airflow/dags/main.py
[2026-06-01T13:38:04.374+0000] {logging_mixin.py:188} INFO - [2026-06-01T13:38:04.374+0000] {dag.py:3096} INFO - Sync 3 DAGs
[2026-06-01T13:38:04.389+0000] {logging_mixin.py:188} INFO - [2026-06-01T13:38:04.388+0000] {dag.py:3954} INFO - Setting next_dagrun for data_quality to 2026-05-31 14:00:00+00:00, run_after=2026-06-01 14:00:00+00:00
[2026-06-01T13:38:04.392+0000] {logging_mixin.py:188} INFO - [2026-06-01T13:38:04.392+0000] {dag.py:3954} INFO - Setting next_dagrun for produce_json to 2026-06-01 12:00:00+00:00, run_after=2026-06-02 12:00:00+00:00
[2026-06-01T13:38:04.394+0000] {logging_mixin.py:188} INFO - [2026-06-01T13:38:04.394+0000] {dag.py:3954} INFO - Setting next_dagrun for update_db to 2026-06-01 13:00:00+00:00, run_after=2026-06-02 13:00:00+00:00
[2026-06-01T13:38:04.406+0000] {processor.py:183} INFO - Processing /opt/airflow/dags/main.py took 0.173 seconds
[2026-06-01T13:38:35.235+0000] {processor.py:161} INFO - Started process (PID=1827) to work on /opt/airflow/dags/main.py
[2026-06-01T13:38:35.236+0000] {processor.py:830} INFO - Processing file /opt/airflow/dags/main.py for tasks to queue
[2026-06-01T13:38:35.237+0000] {logging_mixin.py:188} INFO - [2026-06-01T13:38:35.236+0000] {dagbag.py:545} INFO - Filling up the DagBag from /opt/airflow/dags/main.py
[2026-06-01T13:38:35.314+0000] {processor.py:840} INFO - DAG(s) 'data_quality', 'update_db', 'produce_json' retrieved from /opt/airflow/dags/main.py
[2026-06-01T13:38:35.337+0000] {logging_mixin.py:188} INFO - [2026-06-01T13:38:35.337+0000] {dag.py:3096} INFO - Sync 3 DAGs
[2026-06-01T13:38:35.352+0000] {logging_mixin.py:188} INFO - [2026-06-01T13:38:35.352+0000] {dag.py:3954} INFO - Setting next_dagrun for data_quality to 2026-05-31 14:00:00+00:00, run_after=2026-06-01 14:00:00+00:00
[2026-06-01T13:38:35.355+0000] {logging_mixin.py:188} INFO - [2026-06-01T13:38:35.355+0000] {dag.py:3954} INFO - Setting next_dagrun for produce_json to 2026-06-01 12:00:00+00:00, run_after=2026-06-02 12:00:00+00:00
[2026-06-01T13:38:35.357+0000] {logging_mixin.py:188} INFO - [2026-06-01T13:38:35.357+0000] {dag.py:3954} INFO - Setting next_dagrun for update_db to 2026-06-01 13:00:00+00:00, run_after=2026-06-02 13:00:00+00:00
[2026-06-01T13:38:35.371+0000] {processor.py:183} INFO - Processing /opt/airflow/dags/main.py took 0.141 seconds
[2026-06-01T13:39:05.708+0000] {processor.py:161} INFO - Started process (PID=1834) to work on /opt/airflow/dags/main.py
[2026-06-01T13:39:05.709+0000] {processor.py:830} INFO - Processing file /opt/airflow/dags/main.py for tasks to queue
[2026-06-01T13:39:05.709+0000] {logging_mixin.py:188} INFO - [2026-06-01T13:39:05.709+0000] {dagbag.py:545} INFO - Filling up the DagBag from /opt/airflow/dags/main.py
[2026-06-01T13:39:05.803+0000] {processor.py:840} INFO - DAG(s) 'produce_json', 'update_db', 'data_quality' retrieved from /opt/airflow/dags/main.py
[2026-06-01T13:39:05.830+0000] {logging_mixin.py:188} INFO - [2026-06-01T13:39:05.830+0000] {dag.py:3096} INFO - Sync 3 DAGs
[2026-06-01T13:39:05.845+0000] {logging_mixin.py:188} INFO - [2026-06-01T13:39:05.845+0000] {dag.py:3954} INFO - Setting next_dagrun for data_quality to 2026-05-31 14:00:00+00:00, run_after=2026-06-01 14:00:00+00:00
[2026-06-01T13:39:05.850+0000] {logging_mixin.py:188} INFO - [2026-06-01T13:39:05.850+0000] {dag.py:3954} INFO - Setting next_dagrun for produce_json to 2026-06-01 12:00:00+00:00, run_after=2026-06-02 12:00:00+00:00
[2026-06-01T13:39:05.852+0000] {logging_mixin.py:188} INFO - [2026-06-01T13:39:05.852+0000] {dag.py:3954} INFO - Setting next_dagrun for update_db to 2026-06-01 13:00:00+00:00, run_after=2026-06-02 13:00:00+00:00
[2026-06-01T13:39:05.865+0000] {processor.py:183} INFO - Processing /opt/airflow/dags/main.py took 0.162 seconds
[2026-06-01T13:39:36.382+0000] {processor.py:161} INFO - Started process (PID=1841) to work on /opt/airflow/dags/main.py
[2026-06-01T13:39:36.382+0000] {processor.py:830} INFO - Processing file /opt/airflow/dags/main.py for tasks to queue
[2026-06-01T13:39:36.383+0000] {logging_mixin.py:188} INFO - [2026-06-01T13:39:36.383+0000] {dagbag.py:545} INFO - Filling up the DagBag from /opt/airflow/dags/main.py
[2026-06-01T13:39:36.450+0000] {processor.py:840} INFO - DAG(s) 'update_db', 'produce_json', 'data_quality' retrieved from /opt/airflow/dags/main.py
[2026-06-01T13:39:36.472+0000] {logging_mixin.py:188} INFO - [2026-06-01T13:39:36.472+0000] {dag.py:3096} INFO - Sync 3 DAGs
[2026-06-01T13:39:36.487+0000] {logging_mixin.py:188} INFO - [2026-06-01T13:39:36.487+0000] {dag.py:3954} INFO - Setting next_dagrun for data_quality to 2026-05-31 14:00:00+00:00, run_after=2026-06-01 14:00:00+00:00
[2026-06-01T13:39:36.490+0000] {logging_mixin.py:188} INFO - [2026-06-01T13:39:36.490+0000] {dag.py:3954} INFO - Setting next_dagrun for produce_json to 2026-06-01 12:00:00+00:00, run_after=2026-06-02 12:00:00+00:00
[2026-06-01T13:39:36.492+0000] {logging_mixin.py:188} INFO - [2026-06-01T13:39:36.492+0000] {dag.py:3954} INFO - Setting next_dagrun for update_db to 2026-06-01 13:00:00+00:00, run_after=2026-06-02 13:00:00+00:00
[2026-06-01T13:39:36.506+0000] {processor.py:183} INFO - Processing /opt/airflow/dags/main.py took 0.129 seconds
[2026-06-01T13:40:07.352+0000] {processor.py:161} INFO - Started process (PID=1848) to work on /opt/airflow/dags/main.py
[2026-06-01T13:40:07.353+0000] {processor.py:830} INFO - Processing file /opt/airflow/dags/main.py for tasks to queue
[2026-06-01T13:40:07.354+0000] {logging_mixin.py:188} INFO - [2026-06-01T13:40:07.354+0000] {dagbag.py:545} INFO - Filling up the DagBag from /opt/airflow/dags/main.py
[2026-06-01T13:40:07.438+0000] {processor.py:840} INFO - DAG(s) 'produce_json', 'data_quality', 'update_db' retrieved from /opt/airflow/dags/main.py
[2026-06-01T13:40:07.465+0000] {logging_mixin.py:188} INFO - [2026-06-01T13:40:07.465+0000] {dag.py:3096} INFO - Sync 3 DAGs
[2026-06-01T13:40:07.479+0000] {logging_mixin.py:188} INFO - [2026-06-01T13:40:07.479+0000] {dag.py:3954} INFO - Setting next_dagrun for data_quality to 2026-05-31 14:00:00+00:00, run_after=2026-06-01 14:00:00+00:00
[2026-06-01T13:40:07.482+0000] {logging_mixin.py:188} INFO - [2026-06-01T13:40:07.482+0000] {dag.py:3954} INFO - Setting next_dagrun for produce_json to 2026-06-01 12:00:00+00:00, run_after=2026-06-02 12:00:00+00:00
[2026-06-01T13:40:07.484+0000] {logging_mixin.py:188} INFO - [2026-06-01T13:40:07.484+0000] {dag.py:3954} INFO - Setting next_dagrun for update_db to 2026-06-01 13:00:00+00:00, run_after=2026-06-02 13:00:00+00:00
[2026-06-01T13:40:07.497+0000] {processor.py:183} INFO - Processing /opt/airflow/dags/main.py took 0.151 seconds
[2026-06-01T13:40:38.172+0000] {processor.py:161} INFO - Started process (PID=1855) to work on /opt/airflow/dags/main.py
[2026-06-01T13:40:38.173+0000] {processor.py:830} INFO - Processing file /opt/airflow/dags/main.py for tasks to queue
[2026-06-01T13:40:38.174+0000] {logging_mixin.py:188} INFO - [2026-06-01T13:40:38.173+0000] {dagbag.py:545} INFO - Filling up the DagBag from /opt/airflow/dags/main.py
[2026-06-01T13:40:38.257+0000] {processor.py:840} INFO - DAG(s) 'produce_json', 'data_quality', 'update_db' retrieved from /opt/airflow/dags/main.py
[2026-06-01T13:40:38.283+0000] {logging_mixin.py:188} INFO - [2026-06-01T13:40:38.283+0000] {dag.py:3096} INFO - Sync 3 DAGs
[2026-06-01T13:40:38.298+0000] {logging_mixin.py:188} INFO - [2026-06-01T13:40:38.298+0000] {dag.py:3954} INFO - Setting next_dagrun for data_quality to 2026-05-31 14:00:00+00:00, run_after=2026-06-01 14:00:00+00:00
[2026-06-01T13:40:38.302+0000] {logging_mixin.py:188} INFO - [2026-06-01T13:40:38.302+0000] {dag.py:3954} INFO - Setting next_dagrun for produce_json to 2026-06-01 12:00:00+00:00, run_after=2026-06-02 12:00:00+00:00
[2026-06-01T13:40:38.304+0000] {logging_mixin.py:188} INFO - [2026-06-01T13:40:38.304+0000] {dag.py:3954} INFO - Setting next_dagrun for update_db to 2026-06-01 13:00:00+00:00, run_after=2026-06-02 13:00:00+00:00
[2026-06-01T13:40:38.316+0000] {processor.py:183} INFO - Processing /opt/airflow/dags/main.py took 0.149 seconds
[2026-06-01T13:41:09.124+0000] {processor.py:161} INFO - Started process (PID=1862) to work on /opt/airflow/dags/main.py
[2026-06-01T13:41:09.125+0000] {processor.py:830} INFO - Processing file /opt/airflow/dags/main.py for tasks to queue
[2026-06-01T13:41:09.126+0000] {logging_mixin.py:188} INFO - [2026-06-01T13:41:09.125+0000] {dagbag.py:545} INFO - Filling up the DagBag from /opt/airflow/dags/main.py
[2026-06-01T13:41:09.204+0000] {processor.py:840} INFO - DAG(s) 'data_quality', 'update_db', 'produce_json' retrieved from /opt/airflow/dags/main.py
[2026-06-01T13:41:09.227+0000] {logging_mixin.py:188} INFO - [2026-06-01T13:41:09.227+0000] {dag.py:3096} INFO - Sync 3 DAGs
[2026-06-01T13:41:09.243+0000] {logging_mixin.py:188} INFO - [2026-06-01T13:41:09.243+0000] {dag.py:3954} INFO - Setting next_dagrun for data_quality to 2026-05-31 14:00:00+00:00, run_after=2026-06-01 14:00:00+00:00
[2026-06-01T13:41:09.248+0000] {logging_mixin.py:188} INFO - [2026-06-01T13:41:09.247+0000] {dag.py:3954} INFO - Setting next_dagrun for produce_json to 2026-06-01 12:00:00+00:00, run_after=2026-06-02 12:00:00+00:00
[2026-06-01T13:41:09.250+0000] {logging_mixin.py:188} INFO - [2026-06-01T13:41:09.250+0000] {dag.py:3954} INFO - Setting next_dagrun for update_db to 2026-06-01 13:00:00+00:00, run_after=2026-06-02 13:00:00+00:00
[2026-06-01T13:41:09.273+0000] {processor.py:183} INFO - Processing /opt/airflow/dags/main.py took 0.153 seconds
[2026-06-01T13:41:41.986+0000] {processor.py:161} INFO - Started process (PID=1869) to work on /opt/airflow/dags/main.py
[2026-06-01T13:41:41.987+0000] {processor.py:830} INFO - Processing file /opt/airflow/dags/main.py for tasks to queue
[2026-06-01T13:41:41.988+0000] {logging_mixin.py:188} INFO - [2026-06-01T13:41:41.988+0000] {dagbag.py:545} INFO - Filling up the DagBag from /opt/airflow/dags/main.py
[2026-06-01T13:41:42.080+0000] {processor.py:840} INFO - DAG(s) 'produce_json', 'update_db', 'data_quality' retrieved from /opt/airflow/dags/main.py
[2026-06-01T13:41:42.116+0000] {logging_mixin.py:188} INFO - [2026-06-01T13:41:42.116+0000] {dag.py:3096} INFO - Sync 3 DAGs
[2026-06-01T13:41:42.135+0000] {logging_mixin.py:188} INFO - [2026-06-01T13:41:42.135+0000] {dag.py:3954} INFO - Setting next_dagrun for data_quality to 2026-05-31 14:00:00+00:00, run_after=2026-06-01 14:00:00+00:00
[2026-06-01T13:41:42.140+0000] {logging_mixin.py:188} INFO - [2026-06-01T13:41:42.140+0000] {dag.py:3954} INFO - Setting next_dagrun for produce_json to 2026-06-01 12:00:00+00:00, run_after=2026-06-02 12:00:00+00:00
[2026-06-01T13:41:42.142+0000] {logging_mixin.py:188} INFO - [2026-06-01T13:41:42.142+0000] {dag.py:3954} INFO - Setting next_dagrun for update_db to 2026-06-01 13:00:00+00:00, run_after=2026-06-02 13:00:00+00:00
[2026-06-01T13:41:42.166+0000] {processor.py:183} INFO - Processing /opt/airflow/dags/main.py took 0.187 seconds
[2026-06-01T13:42:12.284+0000] {processor.py:161} INFO - Started process (PID=1875) to work on /opt/airflow/dags/main.py
[2026-06-01T13:42:12.285+0000] {processor.py:830} INFO - Processing file /opt/airflow/dags/main.py for tasks to queue
[2026-06-01T13:42:12.285+0000] {logging_mixin.py:188} INFO - [2026-06-01T13:42:12.285+0000] {dagbag.py:545} INFO - Filling up the DagBag from /opt/airflow/dags/main.py
[2026-06-01T13:42:12.357+0000] {processor.py:840} INFO - DAG(s) 'data_quality', 'produce_json', 'update_db' retrieved from /opt/airflow/dags/main.py
[2026-06-01T13:42:12.380+0000] {logging_mixin.py:188} INFO - [2026-06-01T13:42:12.380+0000] {dag.py:3096} INFO - Sync 3 DAGs
[2026-06-01T13:42:12.397+0000] {logging_mixin.py:188} INFO - [2026-06-01T13:42:12.397+0000] {dag.py:3954} INFO - Setting next_dagrun for data_quality to 2026-05-31 14:00:00+00:00, run_after=2026-06-01 14:00:00+00:00
[2026-06-01T13:42:12.404+0000] {logging_mixin.py:188} INFO - [2026-06-01T13:42:12.403+0000] {dag.py:3954} INFO - Setting next_dagrun for produce_json to 2026-06-01 12:00:00+00:00, run_after=2026-06-02 12:00:00+00:00
[2026-06-01T13:42:12.407+0000] {logging_mixin.py:188} INFO - [2026-06-01T13:42:12.406+0000] {dag.py:3954} INFO - Setting next_dagrun for update_db to 2026-06-01 13:00:00+00:00, run_after=2026-06-02 13:00:00+00:00
[2026-06-01T13:42:12.424+0000] {processor.py:183} INFO - Processing /opt/airflow/dags/main.py took 0.145 seconds
[2026-06-01T13:42:43.178+0000] {processor.py:161} INFO - Started process (PID=1882) to work on /opt/airflow/dags/main.py
[2026-06-01T13:42:43.179+0000] {processor.py:830} INFO - Processing file /opt/airflow/dags/main.py for tasks to queue
[2026-06-01T13:42:43.180+0000] {logging_mixin.py:188} INFO - [2026-06-01T13:42:43.180+0000] {dagbag.py:545} INFO - Filling up the DagBag from /opt/airflow/dags/main.py
[2026-06-01T13:42:43.255+0000] {processor.py:840} INFO - DAG(s) 'produce_json', 'data_quality', 'update_db' retrieved from /opt/airflow/dags/main.py
[2026-06-01T13:42:43.278+0000] {logging_mixin.py:188} INFO - [2026-06-01T13:42:43.278+0000] {dag.py:3096} INFO - Sync 3 DAGs
[2026-06-01T13:42:43.292+0000] {logging_mixin.py:188} INFO - [2026-06-01T13:42:43.292+0000] {dag.py:3954} INFO - Setting next_dagrun for data_quality to 2026-05-31 14:00:00+00:00, run_after=2026-06-01 14:00:00+00:00
[2026-06-01T13:42:43.296+0000] {logging_mixin.py:188} INFO - [2026-06-01T13:42:43.296+0000] {dag.py:3954} INFO - Setting next_dagrun for produce_json to 2026-06-01 12:00:00+00:00, run_after=2026-06-02 12:00:00+00:00
[2026-06-01T13:42:43.298+0000] {logging_mixin.py:188} INFO - [2026-06-01T13:42:43.298+0000] {dag.py:3954} INFO - Setting next_dagrun for update_db to 2026-06-01 13:00:00+00:00, run_after=2026-06-02 13:00:00+00:00
[2026-06-01T13:42:43.318+0000] {processor.py:183} INFO - Processing /opt/airflow/dags/main.py took 0.144 seconds
[2026-06-01T13:43:14.124+0000] {processor.py:161} INFO - Started process (PID=1889) to work on /opt/airflow/dags/main.py
[2026-06-01T13:43:14.125+0000] {processor.py:830} INFO - Processing file /opt/airflow/dags/main.py for tasks to queue
[2026-06-01T13:43:14.126+0000] {logging_mixin.py:188} INFO - [2026-06-01T13:43:14.126+0000] {dagbag.py:545} INFO - Filling up the DagBag from /opt/airflow/dags/main.py
[2026-06-01T13:43:14.207+0000] {processor.py:840} INFO - DAG(s) 'produce_json', 'update_db', 'data_quality' retrieved from /opt/airflow/dags/main.py
[2026-06-01T13:43:14.229+0000] {logging_mixin.py:188} INFO - [2026-06-01T13:43:14.229+0000] {dag.py:3096} INFO - Sync 3 DAGs
[2026-06-01T13:43:14.244+0000] {logging_mixin.py:188} INFO - [2026-06-01T13:43:14.243+0000] {dag.py:3954} INFO - Setting next_dagrun for data_quality to 2026-05-31 14:00:00+00:00, run_after=2026-06-01 14:00:00+00:00
[2026-06-01T13:43:14.248+0000] {logging_mixin.py:188} INFO - [2026-06-01T13:43:14.248+0000] {dag.py:3954} INFO - Setting next_dagrun for produce_json to 2026-06-01 12:00:00+00:00, run_after=2026-06-02 12:00:00+00:00
[2026-06-01T13:43:14.250+0000] {logging_mixin.py:188} INFO - [2026-06-01T13:43:14.250+0000] {dag.py:3954} INFO - Setting next_dagrun for update_db to 2026-06-01 13:00:00+00:00, run_after=2026-06-02 13:00:00+00:00
[2026-06-01T13:43:14.272+0000] {processor.py:183} INFO - Processing /opt/airflow/dags/main.py took 0.152 seconds
[2026-06-01T13:43:44.969+0000] {processor.py:161} INFO - Started process (PID=1896) to work on /opt/airflow/dags/main.py
[2026-06-01T13:43:44.970+0000] {processor.py:830} INFO - Processing file /opt/airflow/dags/main.py for tasks to queue
[2026-06-01T13:43:44.971+0000] {logging_mixin.py:188} INFO - [2026-06-01T13:43:44.971+0000] {dagbag.py:545} INFO - Filling up the DagBag from /opt/airflow/dags/main.py
[2026-06-01T13:43:45.036+0000] {processor.py:840} INFO - DAG(s) 'data_quality', 'update_db', 'produce_json' retrieved from /opt/airflow/dags/main.py
[2026-06-01T13:43:45.061+0000] {logging_mixin.py:188} INFO - [2026-06-01T13:43:45.060+0000] {dag.py:3096} INFO - Sync 3 DAGs
[2026-06-01T13:43:45.076+0000] {logging_mixin.py:188} INFO - [2026-06-01T13:43:45.076+0000] {dag.py:3954} INFO - Setting next_dagrun for data_quality to 2026-05-31 14:00:00+00:00, run_after=2026-06-01 14:00:00+00:00
[2026-06-01T13:43:45.080+0000] {logging_mixin.py:188} INFO - [2026-06-01T13:43:45.080+0000] {dag.py:3954} INFO - Setting next_dagrun for produce_json to 2026-06-01 12:00:00+00:00, run_after=2026-06-02 12:00:00+00:00
[2026-06-01T13:43:45.082+0000] {logging_mixin.py:188} INFO - [2026-06-01T13:43:45.082+0000] {dag.py:3954} INFO - Setting next_dagrun for update_db to 2026-06-01 13:00:00+00:00, run_after=2026-06-02 13:00:00+00:00
[2026-06-01T13:43:45.104+0000] {processor.py:183} INFO - Processing /opt/airflow/dags/main.py took 0.140 seconds
[2026-06-01T13:44:15.891+0000] {processor.py:161} INFO - Started process (PID=1903) to work on /opt/airflow/dags/main.py
[2026-06-01T13:44:15.892+0000] {processor.py:830} INFO - Processing file /opt/airflow/dags/main.py for tasks to queue
[2026-06-01T13:44:15.893+0000] {logging_mixin.py:188} INFO - [2026-06-01T13:44:15.892+0000] {dagbag.py:545} INFO - Filling up the DagBag from /opt/airflow/dags/main.py
[2026-06-01T13:44:15.989+0000] {processor.py:840} INFO - DAG(s) 'produce_json', 'update_db', 'data_quality' retrieved from /opt/airflow/dags/main.py
[2026-06-01T13:44:16.019+0000] {logging_mixin.py:188} INFO - [2026-06-01T13:44:16.019+0000] {dag.py:3096} INFO - Sync 3 DAGs
[2026-06-01T13:44:16.035+0000] {logging_mixin.py:188} INFO - [2026-06-01T13:44:16.035+0000] {dag.py:3954} INFO - Setting next_dagrun for data_quality to 2026-05-31 14:00:00+00:00, run_after=2026-06-01 14:00:00+00:00
[2026-06-01T13:44:16.039+0000] {logging_mixin.py:188} INFO - [2026-06-01T13:44:16.039+0000] {dag.py:3954} INFO - Setting next_dagrun for produce_json to 2026-06-01 12:00:00+00:00, run_after=2026-06-02 12:00:00+00:00
[2026-06-01T13:44:16.041+0000] {logging_mixin.py:188} INFO - [2026-06-01T13:44:16.041+0000] {dag.py:3954} INFO - Setting next_dagrun for update_db to 2026-06-01 13:00:00+00:00, run_after=2026-06-02 13:00:00+00:00
[2026-06-01T13:44:16.056+0000] {processor.py:183} INFO - Processing /opt/airflow/dags/main.py took 0.178 seconds
[2026-06-01T13:44:46.712+0000] {processor.py:161} INFO - Started process (PID=1910) to work on /opt/airflow/dags/main.py
[2026-06-01T13:44:46.712+0000] {processor.py:830} INFO - Processing file /opt/airflow/dags/main.py for tasks to queue
[2026-06-01T13:44:46.713+0000] {logging_mixin.py:188} INFO - [2026-06-01T13:44:46.713+0000] {dagbag.py:545} INFO - Filling up the DagBag from /opt/airflow/dags/main.py
[2026-06-01T13:44:46.779+0000] {processor.py:840} INFO - DAG(s) 'produce_json', 'update_db', 'data_quality' retrieved from /opt/airflow/dags/main.py
[2026-06-01T13:44:46.803+0000] {logging_mixin.py:188} INFO - [2026-06-01T13:44:46.803+0000] {dag.py:3096} INFO - Sync 3 DAGs
[2026-06-01T13:44:46.818+0000] {logging_mixin.py:188} INFO - [2026-06-01T13:44:46.818+0000] {dag.py:3954} INFO - Setting next_dagrun for data_quality to 2026-05-31 14:00:00+00:00, run_after=2026-06-01 14:00:00+00:00
[2026-06-01T13:44:46.821+0000] {logging_mixin.py:188} INFO - [2026-06-01T13:44:46.821+0000] {dag.py:3954} INFO - Setting next_dagrun for produce_json to 2026-06-01 12:00:00+00:00, run_after=2026-06-02 12:00:00+00:00
[2026-06-01T13:44:46.824+0000] {logging_mixin.py:188} INFO - [2026-06-01T13:44:46.824+0000] {dag.py:3954} INFO - Setting next_dagrun for update_db to 2026-06-01 13:00:00+00:00, run_after=2026-06-02 13:00:00+00:00
[2026-06-01T13:44:46.838+0000] {processor.py:183} INFO - Processing /opt/airflow/dags/main.py took 0.131 seconds
[2026-06-01T13:45:17.610+0000] {processor.py:161} INFO - Started process (PID=1917) to work on /opt/airflow/dags/main.py
[2026-06-01T13:45:17.611+0000] {processor.py:830} INFO - Processing file /opt/airflow/dags/main.py for tasks to queue
[2026-06-01T13:45:17.612+0000] {logging_mixin.py:188} INFO - [2026-06-01T13:45:17.612+0000] {dagbag.py:545} INFO - Filling up the DagBag from /opt/airflow/dags/main.py
[2026-06-01T13:45:17.684+0000] {processor.py:840} INFO - DAG(s) 'update_db', 'data_quality', 'produce_json' retrieved from /opt/airflow/dags/main.py
[2026-06-01T13:45:17.709+0000] {logging_mixin.py:188} INFO - [2026-06-01T13:45:17.709+0000] {dag.py:3096} INFO - Sync 3 DAGs
[2026-06-01T13:45:17.725+0000] {logging_mixin.py:188} INFO - [2026-06-01T13:45:17.725+0000] {dag.py:3954} INFO - Setting next_dagrun for data_quality to 2026-05-31 14:00:00+00:00, run_after=2026-06-01 14:00:00+00:00
[2026-06-01T13:45:17.730+0000] {logging_mixin.py:188} INFO - [2026-06-01T13:45:17.730+0000] {dag.py:3954} INFO - Setting next_dagrun for produce_json to 2026-06-01 12:00:00+00:00, run_after=2026-06-02 12:00:00+00:00
[2026-06-01T13:45:17.731+0000] {logging_mixin.py:188} INFO - [2026-06-01T13:45:17.731+0000] {dag.py:3954} INFO - Setting next_dagrun for update_db to 2026-06-01 13:00:00+00:00, run_after=2026-06-02 13:00:00+00:00
[2026-06-01T13:45:17.745+0000] {processor.py:183} INFO - Processing /opt/airflow/dags/main.py took 0.140 seconds
[2026-06-01T13:45:48.535+0000] {processor.py:161} INFO - Started process (PID=1924) to work on /opt/airflow/dags/main.py
[2026-06-01T13:45:48.536+0000] {processor.py:830} INFO - Processing file /opt/airflow/dags/main.py for tasks to queue
[2026-06-01T13:45:48.536+0000] {logging_mixin.py:188} INFO - [2026-06-01T13:45:48.536+0000] {dagbag.py:545} INFO - Filling up the DagBag from /opt/airflow/dags/main.py
[2026-06-01T13:45:48.602+0000] {processor.py:840} INFO - DAG(s) 'produce_json', 'data_quality', 'update_db' retrieved from /opt/airflow/dags/main.py
[2026-06-01T13:45:48.627+0000] {logging_mixin.py:188} INFO - [2026-06-01T13:45:48.627+0000] {dag.py:3096} INFO - Sync 3 DAGs
[2026-06-01T13:45:48.642+0000] {logging_mixin.py:188} INFO - [2026-06-01T13:45:48.642+0000] {dag.py:3954} INFO - Setting next_dagrun for data_quality to 2026-05-31 14:00:00+00:00, run_after=2026-06-01 14:00:00+00:00
[2026-06-01T13:45:48.647+0000] {logging_mixin.py:188} INFO - [2026-06-01T13:45:48.646+0000] {dag.py:3954} INFO - Setting next_dagrun for produce_json to 2026-06-01 12:00:00+00:00, run_after=2026-06-02 12:00:00+00:00
[2026-06-01T13:45:48.649+0000] {logging_mixin.py:188} INFO - [2026-06-01T13:45:48.649+0000] {dag.py:3954} INFO - Setting next_dagrun for update_db to 2026-06-01 13:00:00+00:00, run_after=2026-06-02 13:00:00+00:00
[2026-06-01T13:45:48.669+0000] {processor.py:183} INFO - Processing /opt/airflow/dags/main.py took 0.139 seconds
[2026-06-01T13:46:21.561+0000] {processor.py:161} INFO - Started process (PID=1931) to work on /opt/airflow/dags/main.py
[2026-06-01T13:46:21.562+0000] {processor.py:830} INFO - Processing file /opt/airflow/dags/main.py for tasks to queue
[2026-06-01T13:46:21.563+0000] {logging_mixin.py:188} INFO - [2026-06-01T13:46:21.563+0000] {dagbag.py:545} INFO - Filling up the DagBag from /opt/airflow/dags/main.py
[2026-06-01T13:46:21.648+0000] {processor.py:840} INFO - DAG(s) 'data_quality', 'produce_json', 'update_db' retrieved from /opt/airflow/dags/main.py
[2026-06-01T13:46:21.672+0000] {logging_mixin.py:188} INFO - [2026-06-01T13:46:21.672+0000] {dag.py:3096} INFO - Sync 3 DAGs
[2026-06-01T13:46:21.689+0000] {logging_mixin.py:188} INFO - [2026-06-01T13:46:21.689+0000] {dag.py:3954} INFO - Setting next_dagrun for data_quality to 2026-05-31 14:00:00+00:00, run_after=2026-06-01 14:00:00+00:00
[2026-06-01T13:46:21.693+0000] {logging_mixin.py:188} INFO - [2026-06-01T13:46:21.693+0000] {dag.py:3954} INFO - Setting next_dagrun for produce_json to 2026-06-01 12:00:00+00:00, run_after=2026-06-02 12:00:00+00:00
[2026-06-01T13:46:21.695+0000] {logging_mixin.py:188} INFO - [2026-06-01T13:46:21.695+0000] {dag.py:3954} INFO - Setting next_dagrun for update_db to 2026-06-01 13:00:00+00:00, run_after=2026-06-02 13:00:00+00:00
[2026-06-01T13:46:21.709+0000] {processor.py:183} INFO - Processing /opt/airflow/dags/main.py took 0.153 seconds
[2026-06-01T13:46:51.774+0000] {processor.py:161} INFO - Started process (PID=1938) to work on /opt/airflow/dags/main.py
[2026-06-01T13:46:51.775+0000] {processor.py:830} INFO - Processing file /opt/airflow/dags/main.py for tasks to queue
[2026-06-01T13:46:51.775+0000] {logging_mixin.py:188} INFO - [2026-06-01T13:46:51.775+0000] {dagbag.py:545} INFO - Filling up the DagBag from /opt/airflow/dags/main.py
[2026-06-01T13:46:51.842+0000] {processor.py:840} INFO - DAG(s) 'update_db', 'data_quality', 'produce_json' retrieved from /opt/airflow/dags/main.py
[2026-06-01T13:46:51.866+0000] {logging_mixin.py:188} INFO - [2026-06-01T13:46:51.866+0000] {dag.py:3096} INFO - Sync 3 DAGs
[2026-06-01T13:46:51.881+0000] {logging_mixin.py:188} INFO - [2026-06-01T13:46:51.881+0000] {dag.py:3954} INFO - Setting next_dagrun for data_quality to 2026-05-31 14:00:00+00:00, run_after=2026-06-01 14:00:00+00:00
[2026-06-01T13:46:51.884+0000] {logging_mixin.py:188} INFO - [2026-06-01T13:46:51.884+0000] {dag.py:3954} INFO - Setting next_dagrun for produce_json to 2026-06-01 12:00:00+00:00, run_after=2026-06-02 12:00:00+00:00
[2026-06-01T13:46:51.887+0000] {logging_mixin.py:188} INFO - [2026-06-01T13:46:51.887+0000] {dag.py:3954} INFO - Setting next_dagrun for update_db to 2026-06-01 13:00:00+00:00, run_after=2026-06-02 13:00:00+00:00
[2026-06-01T13:46:51.899+0000] {processor.py:183} INFO - Processing /opt/airflow/dags/main.py took 0.130 seconds
[2026-06-01T13:47:22.849+0000] {processor.py:161} INFO - Started process (PID=1945) to work on /opt/airflow/dags/main.py
[2026-06-01T13:47:22.850+0000] {processor.py:830} INFO - Processing file /opt/airflow/dags/main.py for tasks to queue
[2026-06-01T13:47:22.851+0000] {logging_mixin.py:188} INFO - [2026-06-01T13:47:22.851+0000] {dagbag.py:545} INFO - Filling up the DagBag from /opt/airflow/dags/main.py
[2026-06-01T13:47:22.937+0000] {processor.py:840} INFO - DAG(s) 'produce_json', 'update_db', 'data_quality' retrieved from /opt/airflow/dags/main.py
[2026-06-01T13:47:22.967+0000] {logging_mixin.py:188} INFO - [2026-06-01T13:47:22.966+0000] {dag.py:3096} INFO - Sync 3 DAGs
[2026-06-01T13:47:22.982+0000] {logging_mixin.py:188} INFO - [2026-06-01T13:47:22.982+0000] {dag.py:3954} INFO - Setting next_dagrun for data_quality to 2026-05-31 14:00:00+00:00, run_after=2026-06-01 14:00:00+00:00
[2026-06-01T13:47:22.986+0000] {logging_mixin.py:188} INFO - [2026-06-01T13:47:22.985+0000] {dag.py:3954} INFO - Setting next_dagrun for produce_json to 2026-06-01 12:00:00+00:00, run_after=2026-06-02 12:00:00+00:00
[2026-06-01T13:47:22.988+0000] {logging_mixin.py:188} INFO - [2026-06-01T13:47:22.988+0000] {dag.py:3954} INFO - Setting next_dagrun for update_db to 2026-06-01 13:00:00+00:00, run_after=2026-06-02 13:00:00+00:00
[2026-06-01T13:47:23.003+0000] {processor.py:183} INFO - Processing /opt/airflow/dags/main.py took 0.158 seconds
[2026-06-01T13:47:53.806+0000] {processor.py:161} INFO - Started process (PID=1946) to work on /opt/airflow/dags/main.py
[2026-06-01T13:47:53.807+0000] {processor.py:830} INFO - Processing file /opt/airflow/dags/main.py for tasks to queue
[2026-06-01T13:47:53.808+0000] {logging_mixin.py:188} INFO - [2026-06-01T13:47:53.807+0000] {dagbag.py:545} INFO - Filling up the DagBag from /opt/airflow/dags/main.py
[2026-06-01T13:47:53.875+0000] {processor.py:840} INFO - DAG(s) 'update_db', 'data_quality', 'produce_json' retrieved from /opt/airflow/dags/main.py
[2026-06-01T13:47:53.898+0000] {logging_mixin.py:188} INFO - [2026-06-01T13:47:53.898+0000] {dag.py:3096} INFO - Sync 3 DAGs
[2026-06-01T13:47:53.912+0000] {logging_mixin.py:188} INFO - [2026-06-01T13:47:53.912+0000] {dag.py:3954} INFO - Setting next_dagrun for data_quality to 2026-05-31 14:00:00+00:00, run_after=2026-06-01 14:00:00+00:00
[2026-06-01T13:47:53.915+0000] {logging_mixin.py:188} INFO - [2026-06-01T13:47:53.915+0000] {dag.py:3954} INFO - Setting next_dagrun for produce_json to 2026-06-01 12:00:00+00:00, run_after=2026-06-02 12:00:00+00:00
[2026-06-01T13:47:53.917+0000] {logging_mixin.py:188} INFO - [2026-06-01T13:47:53.917+0000] {dag.py:3954} INFO - Setting next_dagrun for update_db to 2026-06-01 13:00:00+00:00, run_after=2026-06-02 13:00:00+00:00
[2026-06-01T13:47:53.930+0000] {processor.py:183} INFO - Processing /opt/airflow/dags/main.py took 0.129 seconds
[2026-06-01T13:48:24.672+0000] {processor.py:161} INFO - Started process (PID=1953) to work on /opt/airflow/dags/main.py
[2026-06-01T13:48:24.673+0000] {processor.py:830} INFO - Processing file /opt/airflow/dags/main.py for tasks to queue
[2026-06-01T13:48:24.674+0000] {logging_mixin.py:188} INFO - [2026-06-01T13:48:24.674+0000] {dagbag.py:545} INFO - Filling up the DagBag from /opt/airflow/dags/main.py
[2026-06-01T13:48:24.757+0000] {processor.py:840} INFO - DAG(s) 'produce_json', 'data_quality', 'update_db' retrieved from /opt/airflow/dags/main.py
[2026-06-01T13:48:24.785+0000] {logging_mixin.py:188} INFO - [2026-06-01T13:48:24.785+0000] {dag.py:3096} INFO - Sync 3 DAGs
[2026-06-01T13:48:24.802+0000] {logging_mixin.py:188} INFO - [2026-06-01T13:48:24.801+0000] {dag.py:3954} INFO - Setting next_dagrun for data_quality to 2026-05-31 14:00:00+00:00, run_after=2026-06-01 14:00:00+00:00
[2026-06-01T13:48:24.806+0000] {logging_mixin.py:188} INFO - [2026-06-01T13:48:24.806+0000] {dag.py:3954} INFO - Setting next_dagrun for produce_json to 2026-06-01 12:00:00+00:00, run_after=2026-06-02 12:00:00+00:00
[2026-06-01T13:48:24.809+0000] {logging_mixin.py:188} INFO - [2026-06-01T13:48:24.809+0000] {dag.py:3954} INFO - Setting next_dagrun for update_db to 2026-06-01 13:00:00+00:00, run_after=2026-06-02 13:00:00+00:00
[2026-06-01T13:48:24.830+0000] {processor.py:183} INFO - Processing /opt/airflow/dags/main.py took 0.163 seconds
[2026-06-01T13:48:55.373+0000] {processor.py:161} INFO - Started process (PID=1960) to work on /opt/airflow/dags/main.py
[2026-06-01T13:48:55.374+0000] {processor.py:830} INFO - Processing file /opt/airflow/dags/main.py for tasks to queue
[2026-06-01T13:48:55.375+0000] {logging_mixin.py:188} INFO - [2026-06-01T13:48:55.375+0000] {dagbag.py:545} INFO - Filling up the DagBag from /opt/airflow/dags/main.py
[2026-06-01T13:48:55.447+0000] {processor.py:840} INFO - DAG(s) 'update_db', 'data_quality', 'produce_json' retrieved from /opt/airflow/dags/main.py
[2026-06-01T13:48:55.475+0000] {logging_mixin.py:188} INFO - [2026-06-01T13:48:55.474+0000] {dag.py:3096} INFO - Sync 3 DAGs
[2026-06-01T13:48:55.491+0000] {logging_mixin.py:188} INFO - [2026-06-01T13:48:55.491+0000] {dag.py:3954} INFO - Setting next_dagrun for data_quality to 2026-05-31 14:00:00+00:00, run_after=2026-06-01 14:00:00+00:00
[2026-06-01T13:48:55.495+0000] {logging_mixin.py:188} INFO - [2026-06-01T13:48:55.494+0000] {dag.py:3954} INFO - Setting next_dagrun for produce_json to 2026-06-01 12:00:00+00:00, run_after=2026-06-02 12:00:00+00:00
[2026-06-01T13:48:55.497+0000] {logging_mixin.py:188} INFO - [2026-06-01T13:48:55.496+0000] {dag.py:3954} INFO - Setting next_dagrun for update_db to 2026-06-01 13:00:00+00:00, run_after=2026-06-02 13:00:00+00:00
[2026-06-01T13:48:55.509+0000] {processor.py:183} INFO - Processing /opt/airflow/dags/main.py took 0.141 seconds
[2026-06-01T13:49:26.038+0000] {processor.py:161} INFO - Started process (PID=1967) to work on /opt/airflow/dags/main.py
[2026-06-01T13:49:26.039+0000] {processor.py:830} INFO - Processing file /opt/airflow/dags/main.py for tasks to queue
[2026-06-01T13:49:26.040+0000] {logging_mixin.py:188} INFO - [2026-06-01T13:49:26.040+0000] {dagbag.py:545} INFO - Filling up the DagBag from /opt/airflow/dags/main.py
[2026-06-01T13:49:26.222+0000] {processor.py:840} INFO - DAG(s) 'update_db', 'produce_json', 'data_quality' retrieved from /opt/airflow/dags/main.py
[2026-06-01T13:49:26.252+0000] {logging_mixin.py:188} INFO - [2026-06-01T13:49:26.252+0000] {dag.py:3096} INFO - Sync 3 DAGs
[2026-06-01T13:49:26.269+0000] {logging_mixin.py:188} INFO - [2026-06-01T13:49:26.269+0000] {dag.py:3954} INFO - Setting next_dagrun for data_quality to 2026-05-31 14:00:00+00:00, run_after=2026-06-01 14:00:00+00:00
[2026-06-01T13:49:26.273+0000] {logging_mixin.py:188} INFO - [2026-06-01T13:49:26.273+0000] {dag.py:3954} INFO - Setting next_dagrun for produce_json to 2026-06-01 12:00:00+00:00, run_after=2026-06-02 12:00:00+00:00
[2026-06-01T13:49:26.275+0000] {logging_mixin.py:188} INFO - [2026-06-01T13:49:26.275+0000] {dag.py:3954} INFO - Setting next_dagrun for update_db to 2026-06-01 13:00:00+00:00, run_after=2026-06-02 13:00:00+00:00
[2026-06-01T13:49:26.289+0000] {processor.py:183} INFO - Processing /opt/airflow/dags/main.py took 0.256 seconds
[2026-06-01T13:49:56.786+0000] {processor.py:161} INFO - Started process (PID=1974) to work on /opt/airflow/dags/main.py
[2026-06-01T13:49:56.787+0000] {processor.py:830} INFO - Processing file /opt/airflow/dags/main.py for tasks to queue
[2026-06-01T13:49:56.788+0000] {logging_mixin.py:188} INFO - [2026-06-01T13:49:56.788+0000] {dagbag.py:545} INFO - Filling up the DagBag from /opt/airflow/dags/main.py
[2026-06-01T13:49:56.867+0000] {processor.py:840} INFO - DAG(s) 'update_db', 'data_quality', 'produce_json' retrieved from /opt/airflow/dags/main.py
[2026-06-01T13:49:56.895+0000] {logging_mixin.py:188} INFO - [2026-06-01T13:49:56.894+0000] {dag.py:3096} INFO - Sync 3 DAGs
[2026-06-01T13:49:56.910+0000] {logging_mixin.py:188} INFO - [2026-06-01T13:49:56.910+0000] {dag.py:3954} INFO - Setting next_dagrun for data_quality to 2026-05-31 14:00:00+00:00, run_after=2026-06-01 14:00:00+00:00
[2026-06-01T13:49:56.914+0000] {logging_mixin.py:188} INFO - [2026-06-01T13:49:56.914+0000] {dag.py:3954} INFO - Setting next_dagrun for produce_json to 2026-06-01 12:00:00+00:00, run_after=2026-06-02 12:00:00+00:00
[2026-06-01T13:49:56.916+0000] {logging_mixin.py:188} INFO - [2026-06-01T13:49:56.916+0000] {dag.py:3954} INFO - Setting next_dagrun for update_db to 2026-06-01 13:00:00+00:00, run_after=2026-06-02 13:00:00+00:00
[2026-06-01T13:49:56.930+0000] {processor.py:183} INFO - Processing /opt/airflow/dags/main.py took 0.149 seconds
[2026-06-01T13:50:27.671+0000] {processor.py:161} INFO - Started process (PID=1981) to work on /opt/airflow/dags/main.py
[2026-06-01T13:50:27.672+0000] {processor.py:830} INFO - Processing file /opt/airflow/dags/main.py for tasks to queue
[2026-06-01T13:50:27.674+0000] {logging_mixin.py:188} INFO - [2026-06-01T13:50:27.673+0000] {dagbag.py:545} INFO - Filling up the DagBag from /opt/airflow/dags/main.py
[2026-06-01T13:50:27.797+0000] {processor.py:840} INFO - DAG(s) 'data_quality', 'update_db', 'produce_json' retrieved from /opt/airflow/dags/main.py
[2026-06-01T13:50:27.832+0000] {logging_mixin.py:188} INFO - [2026-06-01T13:50:27.832+0000] {dag.py:3096} INFO - Sync 3 DAGs
[2026-06-01T13:50:27.852+0000] {logging_mixin.py:188} INFO - [2026-06-01T13:50:27.852+0000] {dag.py:3954} INFO - Setting next_dagrun for data_quality to 2026-05-31 14:00:00+00:00, run_after=2026-06-01 14:00:00+00:00
[2026-06-01T13:50:27.859+0000] {logging_mixin.py:188} INFO - [2026-06-01T13:50:27.859+0000] {dag.py:3954} INFO - Setting next_dagrun for produce_json to 2026-06-01 12:00:00+00:00, run_after=2026-06-02 12:00:00+00:00
[2026-06-01T13:50:27.864+0000] {logging_mixin.py:188} INFO - [2026-06-01T13:50:27.864+0000] {dag.py:3954} INFO - Setting next_dagrun for update_db to 2026-06-01 13:00:00+00:00, run_after=2026-06-02 13:00:00+00:00
[2026-06-01T13:50:27.884+0000] {processor.py:183} INFO - Processing /opt/airflow/dags/main.py took 0.219 seconds
[2026-06-01T13:51:00.345+0000] {processor.py:161} INFO - Started process (PID=1988) to work on /opt/airflow/dags/main.py
[2026-06-01T13:51:00.346+0000] {processor.py:830} INFO - Processing file /opt/airflow/dags/main.py for tasks to queue
[2026-06-01T13:51:00.347+0000] {logging_mixin.py:188} INFO - [2026-06-01T13:51:00.346+0000] {dagbag.py:545} INFO - Filling up the DagBag from /opt/airflow/dags/main.py
[2026-06-01T13:51:00.428+0000] {processor.py:840} INFO - DAG(s) 'data_quality', 'update_db', 'produce_json' retrieved from /opt/airflow/dags/main.py
[2026-06-01T13:51:00.454+0000] {logging_mixin.py:188} INFO - [2026-06-01T13:51:00.453+0000] {dag.py:3096} INFO - Sync 3 DAGs
[2026-06-01T13:51:00.473+0000] {logging_mixin.py:188} INFO - [2026-06-01T13:51:00.472+0000] {dag.py:3954} INFO - Setting next_dagrun for data_quality to 2026-05-31 14:00:00+00:00, run_after=2026-06-01 14:00:00+00:00
[2026-06-01T13:51:00.477+0000] {logging_mixin.py:188} INFO - [2026-06-01T13:51:00.477+0000] {dag.py:3954} INFO - Setting next_dagrun for produce_json to 2026-06-01 12:00:00+00:00, run_after=2026-06-02 12:00:00+00:00
[2026-06-01T13:51:00.479+0000] {logging_mixin.py:188} INFO - [2026-06-01T13:51:00.479+0000] {dag.py:3954} INFO - Setting next_dagrun for update_db to 2026-06-01 13:00:00+00:00, run_after=2026-06-02 13:00:00+00:00
[2026-06-01T13:51:00.496+0000] {processor.py:183} INFO - Processing /opt/airflow/dags/main.py took 0.156 seconds
[2026-06-01T13:51:30.664+0000] {processor.py:161} INFO - Started process (PID=1995) to work on /opt/airflow/dags/main.py
[2026-06-01T13:51:30.665+0000] {processor.py:830} INFO - Processing file /opt/airflow/dags/main.py for tasks to queue
[2026-06-01T13:51:30.666+0000] {logging_mixin.py:188} INFO - [2026-06-01T13:51:30.666+0000] {dagbag.py:545} INFO - Filling up the DagBag from /opt/airflow/dags/main.py
[2026-06-01T13:51:30.753+0000] {processor.py:840} INFO - DAG(s) 'produce_json', 'update_db', 'data_quality' retrieved from /opt/airflow/dags/main.py
[2026-06-01T13:51:30.780+0000] {logging_mixin.py:188} INFO - [2026-06-01T13:51:30.780+0000] {dag.py:3096} INFO - Sync 3 DAGs
[2026-06-01T13:51:30.800+0000] {logging_mixin.py:188} INFO - [2026-06-01T13:51:30.800+0000] {dag.py:3954} INFO - Setting next_dagrun for data_quality to 2026-05-31 14:00:00+00:00, run_after=2026-06-01 14:00:00+00:00
[2026-06-01T13:51:30.805+0000] {logging_mixin.py:188} INFO - [2026-06-01T13:51:30.805+0000] {dag.py:3954} INFO - Setting next_dagrun for produce_json to 2026-06-01 12:00:00+00:00, run_after=2026-06-02 12:00:00+00:00
[2026-06-01T13:51:30.808+0000] {logging_mixin.py:188} INFO - [2026-06-01T13:51:30.807+0000] {dag.py:3954} INFO - Setting next_dagrun for update_db to 2026-06-01 13:00:00+00:00, run_after=2026-06-02 13:00:00+00:00
[2026-06-01T13:51:30.823+0000] {processor.py:183} INFO - Processing /opt/airflow/dags/main.py took 0.165 seconds
[2026-06-01T13:52:01.344+0000] {processor.py:161} INFO - Started process (PID=2002) to work on /opt/airflow/dags/main.py
[2026-06-01T13:52:01.345+0000] {processor.py:830} INFO - Processing file /opt/airflow/dags/main.py for tasks to queue
[2026-06-01T13:52:01.346+0000] {logging_mixin.py:188} INFO - [2026-06-01T13:52:01.346+0000] {dagbag.py:545} INFO - Filling up the DagBag from /opt/airflow/dags/main.py
[2026-06-01T13:52:01.418+0000] {processor.py:840} INFO - DAG(s) 'update_db', 'data_quality', 'produce_json' retrieved from /opt/airflow/dags/main.py
[2026-06-01T13:52:01.443+0000] {logging_mixin.py:188} INFO - [2026-06-01T13:52:01.442+0000] {dag.py:3096} INFO - Sync 3 DAGs
[2026-06-01T13:52:01.459+0000] {logging_mixin.py:188} INFO - [2026-06-01T13:52:01.459+0000] {dag.py:3954} INFO - Setting next_dagrun for data_quality to 2026-05-31 14:00:00+00:00, run_after=2026-06-01 14:00:00+00:00
[2026-06-01T13:52:01.462+0000] {logging_mixin.py:188} INFO - [2026-06-01T13:52:01.462+0000] {dag.py:3954} INFO - Setting next_dagrun for produce_json to 2026-06-01 12:00:00+00:00, run_after=2026-06-02 12:00:00+00:00
[2026-06-01T13:52:01.464+0000] {logging_mixin.py:188} INFO - [2026-06-01T13:52:01.464+0000] {dag.py:3954} INFO - Setting next_dagrun for update_db to 2026-06-01 13:00:00+00:00, run_after=2026-06-02 13:00:00+00:00
[2026-06-01T13:52:01.480+0000] {processor.py:183} INFO - Processing /opt/airflow/dags/main.py took 0.141 seconds
[2026-06-01T13:52:32.228+0000] {processor.py:161} INFO - Started process (PID=2009) to work on /opt/airflow/dags/main.py
[2026-06-01T13:52:32.229+0000] {processor.py:830} INFO - Processing file /opt/airflow/dags/main.py for tasks to queue
[2026-06-01T13:52:32.229+0000] {logging_mixin.py:188} INFO - [2026-06-01T13:52:32.229+0000] {dagbag.py:545} INFO - Filling up the DagBag from /opt/airflow/dags/main.py
[2026-06-01T13:52:32.300+0000] {processor.py:840} INFO - DAG(s) 'data_quality', 'update_db', 'produce_json' retrieved from /opt/airflow/dags/main.py
[2026-06-01T13:52:32.324+0000] {logging_mixin.py:188} INFO - [2026-06-01T13:52:32.323+0000] {dag.py:3096} INFO - Sync 3 DAGs
[2026-06-01T13:52:32.340+0000] {logging_mixin.py:188} INFO - [2026-06-01T13:52:32.340+0000] {dag.py:3954} INFO - Setting next_dagrun for data_quality to 2026-05-31 14:00:00+00:00, run_after=2026-06-01 14:00:00+00:00
[2026-06-01T13:52:32.345+0000] {logging_mixin.py:188} INFO - [2026-06-01T13:52:32.345+0000] {dag.py:3954} INFO - Setting next_dagrun for produce_json to 2026-06-01 12:00:00+00:00, run_after=2026-06-02 12:00:00+00:00
[2026-06-01T13:52:32.347+0000] {logging_mixin.py:188} INFO - [2026-06-01T13:52:32.347+0000] {dag.py:3954} INFO - Setting next_dagrun for update_db to 2026-06-01 13:00:00+00:00, run_after=2026-06-02 13:00:00+00:00
[2026-06-01T13:52:32.361+0000] {processor.py:183} INFO - Processing /opt/airflow/dags/main.py took 0.138 seconds
[2026-06-01T13:53:03.064+0000] {processor.py:161} INFO - Started process (PID=2016) to work on /opt/airflow/dags/main.py
[2026-06-01T13:53:03.065+0000] {processor.py:830} INFO - Processing file /opt/airflow/dags/main.py for tasks to queue
[2026-06-01T13:53:03.066+0000] {logging_mixin.py:188} INFO - [2026-06-01T13:53:03.066+0000] {dagbag.py:545} INFO - Filling up the DagBag from /opt/airflow/dags/main.py
[2026-06-01T13:53:03.133+0000] {processor.py:840} INFO - DAG(s) 'produce_json', 'data_quality', 'update_db' retrieved from /opt/airflow/dags/main.py
[2026-06-01T13:53:03.158+0000] {logging_mixin.py:188} INFO - [2026-06-01T13:53:03.158+0000] {dag.py:3096} INFO - Sync 3 DAGs
[2026-06-01T13:53:03.174+0000] {logging_mixin.py:188} INFO - [2026-06-01T13:53:03.174+0000] {dag.py:3954} INFO - Setting next_dagrun for data_quality to 2026-05-31 14:00:00+00:00, run_after=2026-06-01 14:00:00+00:00
[2026-06-01T13:53:03.178+0000] {logging_mixin.py:188} INFO - [2026-06-01T13:53:03.177+0000] {dag.py:3954} INFO - Setting next_dagrun for produce_json to 2026-06-01 12:00:00+00:00, run_after=2026-06-02 12:00:00+00:00
[2026-06-01T13:53:03.180+0000] {logging_mixin.py:188} INFO - [2026-06-01T13:53:03.179+0000] {dag.py:3954} INFO - Setting next_dagrun for update_db to 2026-06-01 13:00:00+00:00, run_after=2026-06-02 13:00:00+00:00
[2026-06-01T13:53:03.194+0000] {processor.py:183} INFO - Processing /opt/airflow/dags/main.py took 0.134 seconds
[2026-06-01T13:53:34.132+0000] {processor.py:161} INFO - Started process (PID=2023) to work on /opt/airflow/dags/main.py
[2026-06-01T13:53:34.133+0000] {processor.py:830} INFO - Processing file /opt/airflow/dags/main.py for tasks to queue
[2026-06-01T13:53:34.134+0000] {logging_mixin.py:188} INFO - [2026-06-01T13:53:34.134+0000] {dagbag.py:545} INFO - Filling up the DagBag from /opt/airflow/dags/main.py
[2026-06-01T13:53:34.203+0000] {processor.py:840} INFO - DAG(s) 'produce_json', 'data_quality', 'update_db' retrieved from /opt/airflow/dags/main.py
[2026-06-01T13:53:34.227+0000] {logging_mixin.py:188} INFO - [2026-06-01T13:53:34.227+0000] {dag.py:3096} INFO - Sync 3 DAGs
[2026-06-01T13:53:34.242+0000] {logging_mixin.py:188} INFO - [2026-06-01T13:53:34.242+0000] {dag.py:3954} INFO - Setting next_dagrun for data_quality to 2026-05-31 14:00:00+00:00, run_after=2026-06-01 14:00:00+00:00
[2026-06-01T13:53:34.245+0000] {logging_mixin.py:188} INFO - [2026-06-01T13:53:34.245+0000] {dag.py:3954} INFO - Setting next_dagrun for produce_json to 2026-06-01 12:00:00+00:00, run_after=2026-06-02 12:00:00+00:00
[2026-06-01T13:53:34.247+0000] {logging_mixin.py:188} INFO - [2026-06-01T13:53:34.247+0000] {dag.py:3954} INFO - Setting next_dagrun for update_db to 2026-06-01 13:00:00+00:00, run_after=2026-06-02 13:00:00+00:00
[2026-06-01T13:53:34.268+0000] {processor.py:183} INFO - Processing /opt/airflow/dags/main.py took 0.140 seconds
[2026-06-01T13:54:04.991+0000] {processor.py:161} INFO - Started process (PID=2030) to work on /opt/airflow/dags/main.py
[2026-06-01T13:54:04.992+0000] {processor.py:830} INFO - Processing file /opt/airflow/dags/main.py for tasks to queue
[2026-06-01T13:54:04.992+0000] {logging_mixin.py:188} INFO - [2026-06-01T13:54:04.992+0000] {dagbag.py:545} INFO - Filling up the DagBag from /opt/airflow/dags/main.py
[2026-06-01T13:54:05.063+0000] {processor.py:840} INFO - DAG(s) 'data_quality', 'produce_json', 'update_db' retrieved from /opt/airflow/dags/main.py
[2026-06-01T13:54:05.087+0000] {logging_mixin.py:188} INFO - [2026-06-01T13:54:05.087+0000] {dag.py:3096} INFO - Sync 3 DAGs
[2026-06-01T13:54:05.101+0000] {logging_mixin.py:188} INFO - [2026-06-01T13:54:05.101+0000] {dag.py:3954} INFO - Setting next_dagrun for data_quality to 2026-05-31 14:00:00+00:00, run_after=2026-06-01 14:00:00+00:00
[2026-06-01T13:54:05.105+0000] {logging_mixin.py:188} INFO - [2026-06-01T13:54:05.105+0000] {dag.py:3954} INFO - Setting next_dagrun for produce_json to 2026-06-01 12:00:00+00:00, run_after=2026-06-02 12:00:00+00:00
[2026-06-01T13:54:05.107+0000] {logging_mixin.py:188} INFO - [2026-06-01T13:54:05.107+0000] {dag.py:3954} INFO - Setting next_dagrun for update_db to 2026-06-01 13:00:00+00:00, run_after=2026-06-02 13:00:00+00:00
[2026-06-01T13:54:05.120+0000] {processor.py:183} INFO - Processing /opt/airflow/dags/main.py took 0.135 seconds
[2026-06-01T13:54:35.264+0000] {processor.py:161} INFO - Started process (PID=2037) to work on /opt/airflow/dags/main.py
[2026-06-01T13:54:35.265+0000] {processor.py:830} INFO - Processing file /opt/airflow/dags/main.py for tasks to queue
[2026-06-01T13:54:35.265+0000] {logging_mixin.py:188} INFO - [2026-06-01T13:54:35.265+0000] {dagbag.py:545} INFO - Filling up the DagBag from /opt/airflow/dags/main.py
[2026-06-01T13:54:35.341+0000] {processor.py:840} INFO - DAG(s) 'produce_json', 'update_db', 'data_quality' retrieved from /opt/airflow/dags/main.py
[2026-06-01T13:54:35.366+0000] {logging_mixin.py:188} INFO - [2026-06-01T13:54:35.365+0000] {dag.py:3096} INFO - Sync 3 DAGs
[2026-06-01T13:54:35.383+0000] {logging_mixin.py:188} INFO - [2026-06-01T13:54:35.383+0000] {dag.py:3954} INFO - Setting next_dagrun for data_quality to 2026-05-31 14:00:00+00:00, run_after=2026-06-01 14:00:00+00:00
[2026-06-01T13:54:35.387+0000] {logging_mixin.py:188} INFO - [2026-06-01T13:54:35.387+0000] {dag.py:3954} INFO - Setting next_dagrun for produce_json to 2026-06-01 12:00:00+00:00, run_after=2026-06-02 12:00:00+00:00
[2026-06-01T13:54:35.390+0000] {logging_mixin.py:188} INFO - [2026-06-01T13:54:35.390+0000] {dag.py:3954} INFO - Setting next_dagrun for update_db to 2026-06-01 13:00:00+00:00, run_after=2026-06-02 13:00:00+00:00
[2026-06-01T13:54:35.405+0000] {processor.py:183} INFO - Processing /opt/airflow/dags/main.py took 0.146 seconds
[2026-06-01T13:55:06.079+0000] {processor.py:161} INFO - Started process (PID=2044) to work on /opt/airflow/dags/main.py
[2026-06-01T13:55:06.080+0000] {processor.py:830} INFO - Processing file /opt/airflow/dags/main.py for tasks to queue
[2026-06-01T13:55:06.081+0000] {logging_mixin.py:188} INFO - [2026-06-01T13:55:06.081+0000] {dagbag.py:545} INFO - Filling up the DagBag from /opt/airflow/dags/main.py
[2026-06-01T13:55:06.157+0000] {processor.py:840} INFO - DAG(s) 'produce_json', 'update_db', 'data_quality' retrieved from /opt/airflow/dags/main.py
[2026-06-01T13:55:06.182+0000] {logging_mixin.py:188} INFO - [2026-06-01T13:55:06.182+0000] {dag.py:3096} INFO - Sync 3 DAGs
[2026-06-01T13:55:06.201+0000] {logging_mixin.py:188} INFO - [2026-06-01T13:55:06.201+0000] {dag.py:3954} INFO - Setting next_dagrun for data_quality to 2026-05-31 14:00:00+00:00, run_after=2026-06-01 14:00:00+00:00
[2026-06-01T13:55:06.205+0000] {logging_mixin.py:188} INFO - [2026-06-01T13:55:06.205+0000] {dag.py:3954} INFO - Setting next_dagrun for produce_json to 2026-06-01 12:00:00+00:00, run_after=2026-06-02 12:00:00+00:00
[2026-06-01T13:55:06.207+0000] {logging_mixin.py:188} INFO - [2026-06-01T13:55:06.207+0000] {dag.py:3954} INFO - Setting next_dagrun for update_db to 2026-06-01 13:00:00+00:00, run_after=2026-06-02 13:00:00+00:00
[2026-06-01T13:55:06.220+0000] {processor.py:183} INFO - Processing /opt/airflow/dags/main.py took 0.146 seconds
[2026-06-01T13:55:27.261+0000] {processor.py:161} INFO - Started process (PID=2045) to work on /opt/airflow/dags/main.py
[2026-06-01T13:55:27.262+0000] {processor.py:830} INFO - Processing file /opt/airflow/dags/main.py for tasks to queue
[2026-06-01T13:55:27.263+0000] {logging_mixin.py:188} INFO - [2026-06-01T13:55:27.263+0000] {dagbag.py:545} INFO - Filling up the DagBag from /opt/airflow/dags/main.py
[2026-06-01T13:55:27.348+0000] {processor.py:840} INFO - DAG(s) 'update_db', 'produce_json', 'data_quality' retrieved from /opt/airflow/dags/main.py
[2026-06-01T13:55:27.375+0000] {logging_mixin.py:188} INFO - [2026-06-01T13:55:27.374+0000] {dag.py:3096} INFO - Sync 3 DAGs
[2026-06-01T13:55:27.391+0000] {logging_mixin.py:188} INFO - [2026-06-01T13:55:27.391+0000] {dag.py:3954} INFO - Setting next_dagrun for data_quality to 2026-05-31 14:00:00+00:00, run_after=2026-06-01 14:00:00+00:00
[2026-06-01T13:55:27.395+0000] {logging_mixin.py:188} INFO - [2026-06-01T13:55:27.395+0000] {dag.py:3954} INFO - Setting next_dagrun for produce_json to 2026-06-01 12:00:00+00:00, run_after=2026-06-02 12:00:00+00:00
[2026-06-01T13:55:27.397+0000] {logging_mixin.py:188} INFO - [2026-06-01T13:55:27.397+0000] {dag.py:3954} INFO - Setting next_dagrun for update_db to 2026-06-01 13:00:00+00:00, run_after=2026-06-02 13:00:00+00:00
[2026-06-01T13:55:27.417+0000] {processor.py:183} INFO - Processing /opt/airflow/dags/main.py took 0.162 seconds
[2026-06-01T13:55:27.447+0000] {processor.py:161} INFO - Started process (PID=2046) to work on /opt/airflow/dags/main.py
[2026-06-01T13:55:27.448+0000] {processor.py:830} INFO - Processing file /opt/airflow/dags/main.py for tasks to queue
[2026-06-01T13:55:27.449+0000] {logging_mixin.py:188} INFO - [2026-06-01T13:55:27.449+0000] {dagbag.py:545} INFO - Filling up the DagBag from /opt/airflow/dags/main.py
[2026-06-01T13:55:27.523+0000] {processor.py:840} INFO - DAG(s) 'produce_json', 'data_quality', 'update_db' retrieved from /opt/airflow/dags/main.py
[2026-06-01T13:55:27.548+0000] {logging_mixin.py:188} INFO - [2026-06-01T13:55:27.548+0000] {dag.py:3096} INFO - Sync 3 DAGs
[2026-06-01T13:55:27.563+0000] {logging_mixin.py:188} INFO - [2026-06-01T13:55:27.563+0000] {dag.py:3954} INFO - Setting next_dagrun for data_quality to 2026-05-31 14:00:00+00:00, run_after=2026-06-01 14:00:00+00:00
[2026-06-01T13:55:27.567+0000] {logging_mixin.py:188} INFO - [2026-06-01T13:55:27.567+0000] {dag.py:3954} INFO - Setting next_dagrun for produce_json to 2026-06-01 12:00:00+00:00, run_after=2026-06-02 12:00:00+00:00
[2026-06-01T13:55:27.569+0000] {logging_mixin.py:188} INFO - [2026-06-01T13:55:27.569+0000] {dag.py:3954} INFO - Setting next_dagrun for update_db to 2026-06-01 13:00:00+00:00, run_after=2026-06-02 13:00:00+00:00
[2026-06-01T13:55:27.582+0000] {processor.py:183} INFO - Processing /opt/airflow/dags/main.py took 0.142 seconds
[2026-06-01T13:55:41.088+0000] {processor.py:161} INFO - Started process (PID=2053) to work on /opt/airflow/dags/main.py
[2026-06-01T13:55:41.090+0000] {processor.py:830} INFO - Processing file /opt/airflow/dags/main.py for tasks to queue
[2026-06-01T13:55:41.091+0000] {logging_mixin.py:188} INFO - [2026-06-01T13:55:41.091+0000] {dagbag.py:545} INFO - Filling up the DagBag from /opt/airflow/dags/main.py
[2026-06-01T13:55:41.105+0000] {logging_mixin.py:188} INFO - [2026-06-01T13:55:41.102+0000] {dagbag.py:355} ERROR - Failed to import: /opt/airflow/dags/main.py
Traceback (most recent call last):
  File "/home/airflow/.local/lib/python3.10/site-packages/airflow/models/dagbag.py", line 351, in parse
    loader.exec_module(new_module)
  File "<frozen importlib._bootstrap_external>", line 879, in exec_module
  File "<frozen importlib._bootstrap_external>", line 1017, in get_code
  File "<frozen importlib._bootstrap_external>", line 947, in source_to_code
  File "<frozen importlib._bootstrap>", line 241, in _call_with_frames_removed
  File "/opt/airflow/dags/main.py", line 2
    from airflow 
                 ^
SyntaxError: invalid syntax
[2026-06-01T13:55:41.105+0000] {processor.py:842} WARNING - No viable dags retrieved from /opt/airflow/dags/main.py
[2026-06-01T13:55:41.125+0000] {processor.py:183} INFO - Processing /opt/airflow/dags/main.py took 0.041 seconds
[2026-06-01T13:55:53.177+0000] {processor.py:161} INFO - Started process (PID=2054) to work on /opt/airflow/dags/main.py
[2026-06-01T13:55:53.178+0000] {processor.py:830} INFO - Processing file /opt/airflow/dags/main.py for tasks to queue
[2026-06-01T13:55:53.179+0000] {logging_mixin.py:188} INFO - [2026-06-01T13:55:53.179+0000] {dagbag.py:545} INFO - Filling up the DagBag from /opt/airflow/dags/main.py
[2026-06-01T13:55:53.193+0000] {logging_mixin.py:188} INFO - [2026-06-01T13:55:53.192+0000] {dagbag.py:355} ERROR - Failed to import: /opt/airflow/dags/main.py
Traceback (most recent call last):
  File "/home/airflow/.local/lib/python3.10/site-packages/airflow/models/dagbag.py", line 351, in parse
    loader.exec_module(new_module)
  File "<frozen importlib._bootstrap_external>", line 879, in exec_module
  File "<frozen importlib._bootstrap_external>", line 1017, in get_code
  File "<frozen importlib._bootstrap_external>", line 947, in source_to_code
  File "<frozen importlib._bootstrap>", line 241, in _call_with_frames_removed
  File "/opt/airflow/dags/main.py", line 2
    from airflow.operators.
                           ^
SyntaxError: invalid syntax
[2026-06-01T13:55:53.193+0000] {processor.py:842} WARNING - No viable dags retrieved from /opt/airflow/dags/main.py
[2026-06-01T13:55:53.216+0000] {processor.py:183} INFO - Processing /opt/airflow/dags/main.py took 0.044 seconds
[2026-06-01T13:55:57.253+0000] {processor.py:161} INFO - Started process (PID=2055) to work on /opt/airflow/dags/main.py
[2026-06-01T13:55:57.254+0000] {processor.py:830} INFO - Processing file /opt/airflow/dags/main.py for tasks to queue
[2026-06-01T13:55:57.255+0000] {logging_mixin.py:188} INFO - [2026-06-01T13:55:57.255+0000] {dagbag.py:545} INFO - Filling up the DagBag from /opt/airflow/dags/main.py
[2026-06-01T13:55:57.269+0000] {logging_mixin.py:188} INFO - [2026-06-01T13:55:57.268+0000] {dagbag.py:355} ERROR - Failed to import: /opt/airflow/dags/main.py
Traceback (most recent call last):
  File "/home/airflow/.local/lib/python3.10/site-packages/airflow/models/dagbag.py", line 351, in parse
    loader.exec_module(new_module)
  File "<frozen importlib._bootstrap_external>", line 879, in exec_module
  File "<frozen importlib._bootstrap_external>", line 1017, in get_code
  File "<frozen importlib._bootstrap_external>", line 947, in source_to_code
  File "<frozen importlib._bootstrap>", line 241, in _call_with_frames_removed
  File "/opt/airflow/dags/main.py", line 2
    from airflow.operators.trigger
                                  ^
SyntaxError: invalid syntax
[2026-06-01T13:55:57.269+0000] {processor.py:842} WARNING - No viable dags retrieved from /opt/airflow/dags/main.py
[2026-06-01T13:55:57.288+0000] {processor.py:183} INFO - Processing /opt/airflow/dags/main.py took 0.041 seconds
[2026-06-01T13:56:06.320+0000] {processor.py:161} INFO - Started process (PID=2062) to work on /opt/airflow/dags/main.py
[2026-06-01T13:56:06.321+0000] {processor.py:830} INFO - Processing file /opt/airflow/dags/main.py for tasks to queue
[2026-06-01T13:56:06.322+0000] {logging_mixin.py:188} INFO - [2026-06-01T13:56:06.321+0000] {dagbag.py:545} INFO - Filling up the DagBag from /opt/airflow/dags/main.py
[2026-06-01T13:56:06.330+0000] {logging_mixin.py:188} INFO - [2026-06-01T13:56:06.329+0000] {dagbag.py:355} ERROR - Failed to import: /opt/airflow/dags/main.py
Traceback (most recent call last):
  File "/home/airflow/.local/lib/python3.10/site-packages/airflow/models/dagbag.py", line 351, in parse
    loader.exec_module(new_module)
  File "<frozen importlib._bootstrap_external>", line 879, in exec_module
  File "<frozen importlib._bootstrap_external>", line 1017, in get_code
  File "<frozen importlib._bootstrap_external>", line 947, in source_to_code
  File "<frozen importlib._bootstrap>", line 241, in _call_with_frames_removed
  File "/opt/airflow/dags/main.py", line 2
    from airflow.operators.trigger_dagrun
                                         ^
SyntaxError: invalid syntax
[2026-06-01T13:56:06.330+0000] {processor.py:842} WARNING - No viable dags retrieved from /opt/airflow/dags/main.py
[2026-06-01T13:56:06.345+0000] {processor.py:183} INFO - Processing /opt/airflow/dags/main.py took 0.029 seconds
[2026-06-01T13:56:06.368+0000] {processor.py:161} INFO - Started process (PID=2063) to work on /opt/airflow/dags/main.py
[2026-06-01T13:56:06.370+0000] {processor.py:830} INFO - Processing file /opt/airflow/dags/main.py for tasks to queue
[2026-06-01T13:56:06.371+0000] {logging_mixin.py:188} INFO - [2026-06-01T13:56:06.371+0000] {dagbag.py:545} INFO - Filling up the DagBag from /opt/airflow/dags/main.py
[2026-06-01T13:56:06.383+0000] {logging_mixin.py:188} INFO - [2026-06-01T13:56:06.383+0000] {dagbag.py:355} ERROR - Failed to import: /opt/airflow/dags/main.py
Traceback (most recent call last):
  File "/home/airflow/.local/lib/python3.10/site-packages/airflow/models/dagbag.py", line 351, in parse
    loader.exec_module(new_module)
  File "<frozen importlib._bootstrap_external>", line 879, in exec_module
  File "<frozen importlib._bootstrap_external>", line 1017, in get_code
  File "<frozen importlib._bootstrap_external>", line 947, in source_to_code
  File "<frozen importlib._bootstrap>", line 241, in _call_with_frames_removed
  File "/opt/airflow/dags/main.py", line 2
    from airflow.operators.trigger_dagrun
                                         ^
SyntaxError: invalid syntax
[2026-06-01T13:56:06.384+0000] {processor.py:842} WARNING - No viable dags retrieved from /opt/airflow/dags/main.py
[2026-06-01T13:56:06.399+0000] {processor.py:183} INFO - Processing /opt/airflow/dags/main.py took 0.035 seconds
[2026-06-01T13:56:06.426+0000] {processor.py:161} INFO - Started process (PID=2064) to work on /opt/airflow/dags/main.py
[2026-06-01T13:56:06.427+0000] {processor.py:830} INFO - Processing file /opt/airflow/dags/main.py for tasks to queue
[2026-06-01T13:56:06.428+0000] {logging_mixin.py:188} INFO - [2026-06-01T13:56:06.428+0000] {dagbag.py:545} INFO - Filling up the DagBag from /opt/airflow/dags/main.py
[2026-06-01T13:56:06.436+0000] {logging_mixin.py:188} INFO - [2026-06-01T13:56:06.435+0000] {dagbag.py:355} ERROR - Failed to import: /opt/airflow/dags/main.py
Traceback (most recent call last):
  File "/home/airflow/.local/lib/python3.10/site-packages/airflow/models/dagbag.py", line 351, in parse
    loader.exec_module(new_module)
  File "<frozen importlib._bootstrap_external>", line 879, in exec_module
  File "<frozen importlib._bootstrap_external>", line 1017, in get_code
  File "<frozen importlib._bootstrap_external>", line 947, in source_to_code
  File "<frozen importlib._bootstrap>", line 241, in _call_with_frames_removed
  File "/opt/airflow/dags/main.py", line 2
    from airflow.operators.trigger_dagrun
                                         ^
SyntaxError: invalid syntax
[2026-06-01T13:56:06.436+0000] {processor.py:842} WARNING - No viable dags retrieved from /opt/airflow/dags/main.py
[2026-06-01T13:56:06.453+0000] {processor.py:183} INFO - Processing /opt/airflow/dags/main.py took 0.032 seconds
[2026-06-01T13:56:06.480+0000] {processor.py:161} INFO - Started process (PID=2065) to work on /opt/airflow/dags/main.py
[2026-06-01T13:56:06.481+0000] {processor.py:830} INFO - Processing file /opt/airflow/dags/main.py for tasks to queue
[2026-06-01T13:56:06.482+0000] {logging_mixin.py:188} INFO - [2026-06-01T13:56:06.482+0000] {dagbag.py:545} INFO - Filling up the DagBag from /opt/airflow/dags/main.py
[2026-06-01T13:56:06.491+0000] {logging_mixin.py:188} INFO - [2026-06-01T13:56:06.490+0000] {dagbag.py:355} ERROR - Failed to import: /opt/airflow/dags/main.py
Traceback (most recent call last):
  File "/home/airflow/.local/lib/python3.10/site-packages/airflow/models/dagbag.py", line 351, in parse
    loader.exec_module(new_module)
  File "<frozen importlib._bootstrap_external>", line 879, in exec_module
  File "<frozen importlib._bootstrap_external>", line 1017, in get_code
  File "<frozen importlib._bootstrap_external>", line 947, in source_to_code
  File "<frozen importlib._bootstrap>", line 241, in _call_with_frames_removed
  File "/opt/airflow/dags/main.py", line 2
    from airflow.operators.trigger_dagrun
                                         ^
SyntaxError: invalid syntax
[2026-06-01T13:56:06.491+0000] {processor.py:842} WARNING - No viable dags retrieved from /opt/airflow/dags/main.py
[2026-06-01T13:56:06.506+0000] {processor.py:183} INFO - Processing /opt/airflow/dags/main.py took 0.030 seconds
[2026-06-01T13:56:06.532+0000] {processor.py:161} INFO - Started process (PID=2066) to work on /opt/airflow/dags/main.py
[2026-06-01T13:56:06.533+0000] {processor.py:830} INFO - Processing file /opt/airflow/dags/main.py for tasks to queue
[2026-06-01T13:56:06.534+0000] {logging_mixin.py:188} INFO - [2026-06-01T13:56:06.533+0000] {dagbag.py:545} INFO - Filling up the DagBag from /opt/airflow/dags/main.py
[2026-06-01T13:56:06.542+0000] {logging_mixin.py:188} INFO - [2026-06-01T13:56:06.541+0000] {dagbag.py:355} ERROR - Failed to import: /opt/airflow/dags/main.py
Traceback (most recent call last):
  File "/home/airflow/.local/lib/python3.10/site-packages/airflow/models/dagbag.py", line 351, in parse
    loader.exec_module(new_module)
  File "<frozen importlib._bootstrap_external>", line 879, in exec_module
  File "<frozen importlib._bootstrap_external>", line 1017, in get_code
  File "<frozen importlib._bootstrap_external>", line 947, in source_to_code
  File "<frozen importlib._bootstrap>", line 241, in _call_with_frames_removed
  File "/opt/airflow/dags/main.py", line 2
    from airflow.operators.trigger_dagrun
                                         ^
SyntaxError: invalid syntax
[2026-06-01T13:56:06.542+0000] {processor.py:842} WARNING - No viable dags retrieved from /opt/airflow/dags/main.py
[2026-06-01T13:56:06.558+0000] {processor.py:183} INFO - Processing /opt/airflow/dags/main.py took 0.030 seconds
[2026-06-01T13:56:06.583+0000] {processor.py:161} INFO - Started process (PID=2067) to work on /opt/airflow/dags/main.py
[2026-06-01T13:56:06.584+0000] {processor.py:830} INFO - Processing file /opt/airflow/dags/main.py for tasks to queue
[2026-06-01T13:56:06.584+0000] {logging_mixin.py:188} INFO - [2026-06-01T13:56:06.584+0000] {dagbag.py:545} INFO - Filling up the DagBag from /opt/airflow/dags/main.py
[2026-06-01T13:56:06.594+0000] {logging_mixin.py:188} INFO - [2026-06-01T13:56:06.594+0000] {dagbag.py:355} ERROR - Failed to import: /opt/airflow/dags/main.py
Traceback (most recent call last):
  File "/home/airflow/.local/lib/python3.10/site-packages/airflow/models/dagbag.py", line 351, in parse
    loader.exec_module(new_module)
  File "<frozen importlib._bootstrap_external>", line 879, in exec_module
  File "<frozen importlib._bootstrap_external>", line 1017, in get_code
  File "<frozen importlib._bootstrap_external>", line 947, in source_to_code
  File "<frozen importlib._bootstrap>", line 241, in _call_with_frames_removed
  File "/opt/airflow/dags/main.py", line 2
    from airflow.operators.trigger_dagrun
                                         ^
SyntaxError: invalid syntax
[2026-06-01T13:56:06.595+0000] {processor.py:842} WARNING - No viable dags retrieved from /opt/airflow/dags/main.py
[2026-06-01T13:56:06.609+0000] {processor.py:183} INFO - Processing /opt/airflow/dags/main.py took 0.031 seconds
[2026-06-01T13:56:14.220+0000] {processor.py:161} INFO - Started process (PID=2068) to work on /opt/airflow/dags/main.py
[2026-06-01T13:56:14.221+0000] {processor.py:830} INFO - Processing file /opt/airflow/dags/main.py for tasks to queue
[2026-06-01T13:56:14.222+0000] {logging_mixin.py:188} INFO - [2026-06-01T13:56:14.222+0000] {dagbag.py:545} INFO - Filling up the DagBag from /opt/airflow/dags/main.py
[2026-06-01T13:56:14.231+0000] {logging_mixin.py:188} INFO - [2026-06-01T13:56:14.230+0000] {dagbag.py:355} ERROR - Failed to import: /opt/airflow/dags/main.py
Traceback (most recent call last):
  File "/home/airflow/.local/lib/python3.10/site-packages/airflow/models/dagbag.py", line 351, in parse
    loader.exec_module(new_module)
  File "<frozen importlib._bootstrap_external>", line 879, in exec_module
  File "<frozen importlib._bootstrap_external>", line 1017, in get_code
  File "<frozen importlib._bootstrap_external>", line 947, in source_to_code
  File "<frozen importlib._bootstrap>", line 241, in _call_with_frames_removed
  File "/opt/airflow/dags/main.py", line 2
    from airflow.operators.trigger_dagrun import 
                                                 ^
SyntaxError: invalid syntax
[2026-06-01T13:56:14.231+0000] {processor.py:842} WARNING - No viable dags retrieved from /opt/airflow/dags/main.py
[2026-06-01T13:56:14.253+0000] {processor.py:183} INFO - Processing /opt/airflow/dags/main.py took 0.037 seconds
[2026-06-01T13:56:21.297+0000] {processor.py:161} INFO - Started process (PID=2069) to work on /opt/airflow/dags/main.py
[2026-06-01T13:56:21.298+0000] {processor.py:830} INFO - Processing file /opt/airflow/dags/main.py for tasks to queue
[2026-06-01T13:56:21.298+0000] {logging_mixin.py:188} INFO - [2026-06-01T13:56:21.298+0000] {dagbag.py:545} INFO - Filling up the DagBag from /opt/airflow/dags/main.py
[2026-06-01T13:56:21.313+0000] {logging_mixin.py:188} INFO - [2026-06-01T13:56:21.310+0000] {dagbag.py:355} ERROR - Failed to import: /opt/airflow/dags/main.py
Traceback (most recent call last):
  File "/home/airflow/.local/lib/python3.10/site-packages/airflow/models/dagbag.py", line 351, in parse
    loader.exec_module(new_module)
  File "<frozen importlib._bootstrap_external>", line 883, in exec_module
  File "<frozen importlib._bootstrap>", line 241, in _call_with_frames_removed
  File "/opt/airflow/dags/main.py", line 2, in <module>
    from airflow.operators.trigger_dagrun import Trigger
ImportError: cannot import name 'Trigger' from 'airflow.operators.trigger_dagrun' (/home/airflow/.local/lib/python3.10/site-packages/airflow/operators/trigger_dagrun.py)
[2026-06-01T13:56:21.314+0000] {processor.py:842} WARNING - No viable dags retrieved from /opt/airflow/dags/main.py
[2026-06-01T13:56:21.330+0000] {processor.py:183} INFO - Processing /opt/airflow/dags/main.py took 0.037 seconds
[2026-06-01T13:56:34.402+0000] {processor.py:161} INFO - Started process (PID=2070) to work on /opt/airflow/dags/main.py
[2026-06-01T13:56:34.403+0000] {processor.py:830} INFO - Processing file /opt/airflow/dags/main.py for tasks to queue
[2026-06-01T13:56:34.404+0000] {logging_mixin.py:188} INFO - [2026-06-01T13:56:34.403+0000] {dagbag.py:545} INFO - Filling up the DagBag from /opt/airflow/dags/main.py
[2026-06-01T13:56:34.489+0000] {processor.py:840} INFO - DAG(s) 'data_quality', 'produce_json', 'update_db' retrieved from /opt/airflow/dags/main.py
[2026-06-01T13:56:34.510+0000] {logging_mixin.py:188} INFO - [2026-06-01T13:56:34.510+0000] {dag.py:3096} INFO - Sync 3 DAGs
[2026-06-01T13:56:34.530+0000] {logging_mixin.py:188} INFO - [2026-06-01T13:56:34.530+0000] {dag.py:3954} INFO - Setting next_dagrun for data_quality to 2026-05-31 14:00:00+00:00, run_after=2026-06-01 14:00:00+00:00
[2026-06-01T13:56:34.534+0000] {logging_mixin.py:188} INFO - [2026-06-01T13:56:34.534+0000] {dag.py:3954} INFO - Setting next_dagrun for produce_json to 2026-06-01 12:00:00+00:00, run_after=2026-06-02 12:00:00+00:00
[2026-06-01T13:56:34.536+0000] {logging_mixin.py:188} INFO - [2026-06-01T13:56:34.536+0000] {dag.py:3954} INFO - Setting next_dagrun for update_db to 2026-06-01 13:00:00+00:00, run_after=2026-06-02 13:00:00+00:00
[2026-06-01T13:56:34.556+0000] {processor.py:183} INFO - Processing /opt/airflow/dags/main.py took 0.158 seconds
[2026-06-01T13:56:34.584+0000] {processor.py:161} INFO - Started process (PID=2071) to work on /opt/airflow/dags/main.py
[2026-06-01T13:56:34.585+0000] {processor.py:830} INFO - Processing file /opt/airflow/dags/main.py for tasks to queue
[2026-06-01T13:56:34.586+0000] {logging_mixin.py:188} INFO - [2026-06-01T13:56:34.586+0000] {dagbag.py:545} INFO - Filling up the DagBag from /opt/airflow/dags/main.py
[2026-06-01T13:56:34.670+0000] {processor.py:840} INFO - DAG(s) 'update_db', 'produce_json', 'data_quality' retrieved from /opt/airflow/dags/main.py
[2026-06-01T13:56:34.689+0000] {logging_mixin.py:188} INFO - [2026-06-01T13:56:34.689+0000] {dag.py:3096} INFO - Sync 3 DAGs
[2026-06-01T13:56:34.704+0000] {logging_mixin.py:188} INFO - [2026-06-01T13:56:34.703+0000] {dag.py:3954} INFO - Setting next_dagrun for data_quality to 2026-05-31 14:00:00+00:00, run_after=2026-06-01 14:00:00+00:00
[2026-06-01T13:56:34.708+0000] {logging_mixin.py:188} INFO - [2026-06-01T13:56:34.708+0000] {dag.py:3954} INFO - Setting next_dagrun for produce_json to 2026-06-01 12:00:00+00:00, run_after=2026-06-02 12:00:00+00:00
[2026-06-01T13:56:34.710+0000] {logging_mixin.py:188} INFO - [2026-06-01T13:56:34.710+0000] {dag.py:3954} INFO - Setting next_dagrun for update_db to 2026-06-01 13:00:00+00:00, run_after=2026-06-02 13:00:00+00:00
[2026-06-01T13:56:34.724+0000] {processor.py:183} INFO - Processing /opt/airflow/dags/main.py took 0.145 seconds
[2026-06-01T13:56:55.758+0000] {processor.py:161} INFO - Started process (PID=2078) to work on /opt/airflow/dags/main.py
[2026-06-01T13:56:55.759+0000] {processor.py:830} INFO - Processing file /opt/airflow/dags/main.py for tasks to queue
[2026-06-01T13:56:55.760+0000] {logging_mixin.py:188} INFO - [2026-06-01T13:56:55.760+0000] {dagbag.py:545} INFO - Filling up the DagBag from /opt/airflow/dags/main.py
[2026-06-01T13:56:55.836+0000] {processor.py:840} INFO - DAG(s) 'produce_json', 'update_db', 'data_quality' retrieved from /opt/airflow/dags/main.py
[2026-06-01T13:56:55.857+0000] {logging_mixin.py:188} INFO - [2026-06-01T13:56:55.857+0000] {dag.py:3096} INFO - Sync 3 DAGs
[2026-06-01T13:56:55.873+0000] {logging_mixin.py:188} INFO - [2026-06-01T13:56:55.872+0000] {dag.py:3954} INFO - Setting next_dagrun for data_quality to 2026-05-31 14:00:00+00:00, run_after=2026-06-01 14:00:00+00:00
[2026-06-01T13:56:55.876+0000] {logging_mixin.py:188} INFO - [2026-06-01T13:56:55.876+0000] {dag.py:3954} INFO - Setting next_dagrun for produce_json to 2026-06-01 12:00:00+00:00, run_after=2026-06-02 12:00:00+00:00
[2026-06-01T13:56:55.878+0000] {logging_mixin.py:188} INFO - [2026-06-01T13:56:55.878+0000] {dag.py:3954} INFO - Setting next_dagrun for update_db to 2026-06-01 13:00:00+00:00, run_after=2026-06-02 13:00:00+00:00
[2026-06-01T13:56:55.902+0000] {processor.py:183} INFO - Processing /opt/airflow/dags/main.py took 0.149 seconds
[2026-06-01T13:56:59.938+0000] {processor.py:161} INFO - Started process (PID=2079) to work on /opt/airflow/dags/main.py
[2026-06-01T13:56:59.939+0000] {processor.py:830} INFO - Processing file /opt/airflow/dags/main.py for tasks to queue
[2026-06-01T13:56:59.939+0000] {logging_mixin.py:188} INFO - [2026-06-01T13:56:59.939+0000] {dagbag.py:545} INFO - Filling up the DagBag from /opt/airflow/dags/main.py
[2026-06-01T13:57:00.015+0000] {processor.py:840} INFO - DAG(s) 'data_quality', 'produce_json', 'update_db' retrieved from /opt/airflow/dags/main.py
[2026-06-01T13:57:00.035+0000] {logging_mixin.py:188} INFO - [2026-06-01T13:57:00.035+0000] {dag.py:3096} INFO - Sync 3 DAGs
[2026-06-01T13:57:00.049+0000] {logging_mixin.py:188} INFO - [2026-06-01T13:57:00.049+0000] {dag.py:3954} INFO - Setting next_dagrun for data_quality to 2026-05-31 14:00:00+00:00, run_after=2026-06-01 14:00:00+00:00
[2026-06-01T13:57:00.053+0000] {logging_mixin.py:188} INFO - [2026-06-01T13:57:00.052+0000] {dag.py:3954} INFO - Setting next_dagrun for produce_json to 2026-06-01 12:00:00+00:00, run_after=2026-06-02 12:00:00+00:00
[2026-06-01T13:57:00.054+0000] {logging_mixin.py:188} INFO - [2026-06-01T13:57:00.054+0000] {dag.py:3954} INFO - Setting next_dagrun for update_db to 2026-06-01 13:00:00+00:00, run_after=2026-06-02 13:00:00+00:00
[2026-06-01T13:57:00.076+0000] {processor.py:183} INFO - Processing /opt/airflow/dags/main.py took 0.143 seconds
[2026-06-01T13:57:04.989+0000] {processor.py:161} INFO - Started process (PID=2080) to work on /opt/airflow/dags/main.py
[2026-06-01T13:57:04.990+0000] {processor.py:830} INFO - Processing file /opt/airflow/dags/main.py for tasks to queue
[2026-06-01T13:57:04.991+0000] {logging_mixin.py:188} INFO - [2026-06-01T13:57:04.991+0000] {dagbag.py:545} INFO - Filling up the DagBag from /opt/airflow/dags/main.py
[2026-06-01T13:57:05.072+0000] {processor.py:840} INFO - DAG(s) 'data_quality', 'update_db', 'produce_json' retrieved from /opt/airflow/dags/main.py
[2026-06-01T13:57:05.092+0000] {logging_mixin.py:188} INFO - [2026-06-01T13:57:05.092+0000] {dag.py:3096} INFO - Sync 3 DAGs
[2026-06-01T13:57:05.107+0000] {logging_mixin.py:188} INFO - [2026-06-01T13:57:05.107+0000] {dag.py:3954} INFO - Setting next_dagrun for data_quality to 2026-05-31 14:00:00+00:00, run_after=2026-06-01 14:00:00+00:00
[2026-06-01T13:57:05.110+0000] {logging_mixin.py:188} INFO - [2026-06-01T13:57:05.110+0000] {dag.py:3954} INFO - Setting next_dagrun for produce_json to 2026-06-01 12:00:00+00:00, run_after=2026-06-02 12:00:00+00:00
[2026-06-01T13:57:05.113+0000] {logging_mixin.py:188} INFO - [2026-06-01T13:57:05.113+0000] {dag.py:3954} INFO - Setting next_dagrun for update_db to 2026-06-01 13:00:00+00:00, run_after=2026-06-02 13:00:00+00:00
[2026-06-01T13:57:05.133+0000] {processor.py:183} INFO - Processing /opt/airflow/dags/main.py took 0.148 seconds
[2026-06-01T13:57:17.214+0000] {processor.py:161} INFO - Started process (PID=2087) to work on /opt/airflow/dags/main.py
[2026-06-01T13:57:17.215+0000] {processor.py:830} INFO - Processing file /opt/airflow/dags/main.py for tasks to queue
[2026-06-01T13:57:17.216+0000] {logging_mixin.py:188} INFO - [2026-06-01T13:57:17.216+0000] {dagbag.py:545} INFO - Filling up the DagBag from /opt/airflow/dags/main.py
[2026-06-01T13:57:17.293+0000] {processor.py:840} INFO - DAG(s) 'data_quality', 'update_db', 'produce_json' retrieved from /opt/airflow/dags/main.py
[2026-06-01T13:57:17.314+0000] {logging_mixin.py:188} INFO - [2026-06-01T13:57:17.313+0000] {dag.py:3096} INFO - Sync 3 DAGs
[2026-06-01T13:57:17.330+0000] {logging_mixin.py:188} INFO - [2026-06-01T13:57:17.329+0000] {dag.py:3954} INFO - Setting next_dagrun for data_quality to 2026-05-31 14:00:00+00:00, run_after=2026-06-01 14:00:00+00:00
[2026-06-01T13:57:17.333+0000] {logging_mixin.py:188} INFO - [2026-06-01T13:57:17.333+0000] {dag.py:3954} INFO - Setting next_dagrun for produce_json to 2026-06-01 12:00:00+00:00, run_after=2026-06-02 12:00:00+00:00
[2026-06-01T13:57:17.335+0000] {logging_mixin.py:188} INFO - [2026-06-01T13:57:17.335+0000] {dag.py:3954} INFO - Setting next_dagrun for update_db to 2026-06-01 13:00:00+00:00, run_after=2026-06-02 13:00:00+00:00
[2026-06-01T13:57:17.360+0000] {processor.py:183} INFO - Processing /opt/airflow/dags/main.py took 0.150 seconds
[2026-06-01T13:57:17.386+0000] {processor.py:161} INFO - Started process (PID=2088) to work on /opt/airflow/dags/main.py
[2026-06-01T13:57:17.387+0000] {processor.py:830} INFO - Processing file /opt/airflow/dags/main.py for tasks to queue
[2026-06-01T13:57:17.388+0000] {logging_mixin.py:188} INFO - [2026-06-01T13:57:17.387+0000] {dagbag.py:545} INFO - Filling up the DagBag from /opt/airflow/dags/main.py
[2026-06-01T13:57:17.455+0000] {processor.py:840} INFO - DAG(s) 'data_quality', 'produce_json', 'update_db' retrieved from /opt/airflow/dags/main.py
[2026-06-01T13:57:17.473+0000] {logging_mixin.py:188} INFO - [2026-06-01T13:57:17.473+0000] {dag.py:3096} INFO - Sync 3 DAGs
[2026-06-01T13:57:17.488+0000] {logging_mixin.py:188} INFO - [2026-06-01T13:57:17.488+0000] {dag.py:3954} INFO - Setting next_dagrun for data_quality to 2026-05-31 14:00:00+00:00, run_after=2026-06-01 14:00:00+00:00
[2026-06-01T13:57:17.491+0000] {logging_mixin.py:188} INFO - [2026-06-01T13:57:17.491+0000] {dag.py:3954} INFO - Setting next_dagrun for produce_json to 2026-06-01 12:00:00+00:00, run_after=2026-06-02 12:00:00+00:00
[2026-06-01T13:57:17.494+0000] {logging_mixin.py:188} INFO - [2026-06-01T13:57:17.494+0000] {dag.py:3954} INFO - Setting next_dagrun for update_db to 2026-06-01 13:00:00+00:00, run_after=2026-06-02 13:00:00+00:00
[2026-06-01T13:57:17.509+0000] {processor.py:183} INFO - Processing /opt/airflow/dags/main.py took 0.128 seconds
[2026-06-01T13:57:17.536+0000] {processor.py:161} INFO - Started process (PID=2089) to work on /opt/airflow/dags/main.py
[2026-06-01T13:57:17.537+0000] {processor.py:830} INFO - Processing file /opt/airflow/dags/main.py for tasks to queue
[2026-06-01T13:57:17.538+0000] {logging_mixin.py:188} INFO - [2026-06-01T13:57:17.538+0000] {dagbag.py:545} INFO - Filling up the DagBag from /opt/airflow/dags/main.py
[2026-06-01T13:57:17.605+0000] {processor.py:840} INFO - DAG(s) 'update_db', 'data_quality', 'produce_json' retrieved from /opt/airflow/dags/main.py
[2026-06-01T13:57:17.626+0000] {logging_mixin.py:188} INFO - [2026-06-01T13:57:17.625+0000] {dag.py:3096} INFO - Sync 3 DAGs
[2026-06-01T13:57:17.641+0000] {logging_mixin.py:188} INFO - [2026-06-01T13:57:17.641+0000] {dag.py:3954} INFO - Setting next_dagrun for data_quality to 2026-05-31 14:00:00+00:00, run_after=2026-06-01 14:00:00+00:00
[2026-06-01T13:57:17.644+0000] {logging_mixin.py:188} INFO - [2026-06-01T13:57:17.644+0000] {dag.py:3954} INFO - Setting next_dagrun for produce_json to 2026-06-01 12:00:00+00:00, run_after=2026-06-02 12:00:00+00:00
[2026-06-01T13:57:17.647+0000] {logging_mixin.py:188} INFO - [2026-06-01T13:57:17.647+0000] {dag.py:3954} INFO - Setting next_dagrun for update_db to 2026-06-01 13:00:00+00:00, run_after=2026-06-02 13:00:00+00:00
[2026-06-01T13:57:17.662+0000] {processor.py:183} INFO - Processing /opt/airflow/dags/main.py took 0.130 seconds
[2026-06-01T13:57:17.689+0000] {processor.py:161} INFO - Started process (PID=2090) to work on /opt/airflow/dags/main.py
[2026-06-01T13:57:17.690+0000] {processor.py:830} INFO - Processing file /opt/airflow/dags/main.py for tasks to queue
[2026-06-01T13:57:17.690+0000] {logging_mixin.py:188} INFO - [2026-06-01T13:57:17.690+0000] {dagbag.py:545} INFO - Filling up the DagBag from /opt/airflow/dags/main.py
[2026-06-01T13:57:17.758+0000] {processor.py:840} INFO - DAG(s) 'data_quality', 'produce_json', 'update_db' retrieved from /opt/airflow/dags/main.py
[2026-06-01T13:57:17.777+0000] {logging_mixin.py:188} INFO - [2026-06-01T13:57:17.777+0000] {dag.py:3096} INFO - Sync 3 DAGs
[2026-06-01T13:57:17.793+0000] {logging_mixin.py:188} INFO - [2026-06-01T13:57:17.793+0000] {dag.py:3954} INFO - Setting next_dagrun for data_quality to 2026-05-31 14:00:00+00:00, run_after=2026-06-01 14:00:00+00:00
[2026-06-01T13:57:17.796+0000] {logging_mixin.py:188} INFO - [2026-06-01T13:57:17.796+0000] {dag.py:3954} INFO - Setting next_dagrun for produce_json to 2026-06-01 12:00:00+00:00, run_after=2026-06-02 12:00:00+00:00
[2026-06-01T13:57:17.799+0000] {logging_mixin.py:188} INFO - [2026-06-01T13:57:17.799+0000] {dag.py:3954} INFO - Setting next_dagrun for update_db to 2026-06-01 13:00:00+00:00, run_after=2026-06-02 13:00:00+00:00
[2026-06-01T13:57:17.812+0000] {processor.py:183} INFO - Processing /opt/airflow/dags/main.py took 0.128 seconds
[2026-06-01T13:57:35.582+0000] {processor.py:161} INFO - Started process (PID=2091) to work on /opt/airflow/dags/main.py
[2026-06-01T13:57:35.583+0000] {processor.py:830} INFO - Processing file /opt/airflow/dags/main.py for tasks to queue
[2026-06-01T13:57:35.584+0000] {logging_mixin.py:188} INFO - [2026-06-01T13:57:35.584+0000] {dagbag.py:545} INFO - Filling up the DagBag from /opt/airflow/dags/main.py
[2026-06-01T13:57:35.670+0000] {processor.py:840} INFO - DAG(s) 'data_quality', 'produce_json', 'update_db' retrieved from /opt/airflow/dags/main.py
[2026-06-01T13:57:35.691+0000] {logging_mixin.py:188} INFO - [2026-06-01T13:57:35.691+0000] {dag.py:3096} INFO - Sync 3 DAGs
[2026-06-01T13:57:35.708+0000] {logging_mixin.py:188} INFO - [2026-06-01T13:57:35.708+0000] {dag.py:3954} INFO - Setting next_dagrun for data_quality to 2026-05-31 14:00:00+00:00, run_after=2026-06-01 14:00:00+00:00
[2026-06-01T13:57:35.712+0000] {logging_mixin.py:188} INFO - [2026-06-01T13:57:35.711+0000] {dag.py:3954} INFO - Setting next_dagrun for produce_json to 2026-06-01 12:00:00+00:00, run_after=2026-06-02 12:00:00+00:00
[2026-06-01T13:57:35.714+0000] {logging_mixin.py:188} INFO - [2026-06-01T13:57:35.714+0000] {dag.py:3954} INFO - Setting next_dagrun for update_db to 2026-06-01 13:00:00+00:00, run_after=2026-06-02 13:00:00+00:00
[2026-06-01T13:57:35.730+0000] {processor.py:183} INFO - Processing /opt/airflow/dags/main.py took 0.154 seconds
[2026-06-01T13:57:41.739+0000] {processor.py:161} INFO - Started process (PID=2098) to work on /opt/airflow/dags/main.py
[2026-06-01T13:57:41.740+0000] {processor.py:830} INFO - Processing file /opt/airflow/dags/main.py for tasks to queue
[2026-06-01T13:57:41.740+0000] {logging_mixin.py:188} INFO - [2026-06-01T13:57:41.740+0000] {dagbag.py:545} INFO - Filling up the DagBag from /opt/airflow/dags/main.py
[2026-06-01T13:57:41.817+0000] {logging_mixin.py:188} INFO - [2026-06-01T13:57:41.814+0000] {dagbag.py:355} ERROR - Failed to import: /opt/airflow/dags/main.py
Traceback (most recent call last):
  File "/home/airflow/.local/lib/python3.10/site-packages/airflow/models/dagbag.py", line 351, in parse
    loader.exec_module(new_module)
  File "<frozen importlib._bootstrap_external>", line 883, in exec_module
  File "<frozen importlib._bootstrap>", line 241, in _call_with_frames_removed
  File "/opt/airflow/dags/main.py", line 44, in <module>
    trigger
NameError: name 'trigger' is not defined
[2026-06-01T13:57:41.819+0000] {processor.py:842} WARNING - No viable dags retrieved from /opt/airflow/dags/main.py
[2026-06-01T13:57:41.834+0000] {processor.py:183} INFO - Processing /opt/airflow/dags/main.py took 0.100 seconds
[2026-06-01T13:57:49.841+0000] {processor.py:161} INFO - Started process (PID=2099) to work on /opt/airflow/dags/main.py
[2026-06-01T13:57:49.843+0000] {processor.py:830} INFO - Processing file /opt/airflow/dags/main.py for tasks to queue
[2026-06-01T13:57:49.843+0000] {logging_mixin.py:188} INFO - [2026-06-01T13:57:49.843+0000] {dagbag.py:545} INFO - Filling up the DagBag from /opt/airflow/dags/main.py
[2026-06-01T13:57:49.946+0000] {logging_mixin.py:188} INFO - [2026-06-01T13:57:49.939+0000] {dagbag.py:355} ERROR - Failed to import: /opt/airflow/dags/main.py
Traceback (most recent call last):
  File "/home/airflow/.local/lib/python3.10/site-packages/airflow/models/dagbag.py", line 351, in parse
    loader.exec_module(new_module)
  File "<frozen importlib._bootstrap_external>", line 883, in exec_module
  File "<frozen importlib._bootstrap>", line 241, in _call_with_frames_removed
  File "/opt/airflow/dags/main.py", line 44, in <module>
    trigger_update_db
NameError: name 'trigger_update_db' is not defined
[2026-06-01T13:57:49.951+0000] {processor.py:842} WARNING - No viable dags retrieved from /opt/airflow/dags/main.py
[2026-06-01T13:57:49.966+0000] {processor.py:183} INFO - Processing /opt/airflow/dags/main.py took 0.131 seconds
[2026-06-01T13:57:49.992+0000] {processor.py:161} INFO - Started process (PID=2100) to work on /opt/airflow/dags/main.py
[2026-06-01T13:57:49.993+0000] {processor.py:830} INFO - Processing file /opt/airflow/dags/main.py for tasks to queue
[2026-06-01T13:57:49.994+0000] {logging_mixin.py:188} INFO - [2026-06-01T13:57:49.994+0000] {dagbag.py:545} INFO - Filling up the DagBag from /opt/airflow/dags/main.py
[2026-06-01T13:57:50.067+0000] {logging_mixin.py:188} INFO - [2026-06-01T13:57:50.060+0000] {dagbag.py:355} ERROR - Failed to import: /opt/airflow/dags/main.py
Traceback (most recent call last):
  File "/home/airflow/.local/lib/python3.10/site-packages/airflow/models/dagbag.py", line 351, in parse
    loader.exec_module(new_module)
  File "<frozen importlib._bootstrap_external>", line 883, in exec_module
  File "<frozen importlib._bootstrap>", line 241, in _call_with_frames_removed
  File "/opt/airflow/dags/main.py", line 44, in <module>
    trigger_update_db
NameError: name 'trigger_update_db' is not defined
[2026-06-01T13:57:50.072+0000] {processor.py:842} WARNING - No viable dags retrieved from /opt/airflow/dags/main.py
[2026-06-01T13:57:50.088+0000] {processor.py:183} INFO - Processing /opt/airflow/dags/main.py took 0.102 seconds
[2026-06-01T13:57:50.116+0000] {processor.py:161} INFO - Started process (PID=2101) to work on /opt/airflow/dags/main.py
[2026-06-01T13:57:50.117+0000] {processor.py:830} INFO - Processing file /opt/airflow/dags/main.py for tasks to queue
[2026-06-01T13:57:50.118+0000] {logging_mixin.py:188} INFO - [2026-06-01T13:57:50.118+0000] {dagbag.py:545} INFO - Filling up the DagBag from /opt/airflow/dags/main.py
[2026-06-01T13:57:50.192+0000] {logging_mixin.py:188} INFO - [2026-06-01T13:57:50.186+0000] {dagbag.py:355} ERROR - Failed to import: /opt/airflow/dags/main.py
Traceback (most recent call last):
  File "/home/airflow/.local/lib/python3.10/site-packages/airflow/models/dagbag.py", line 351, in parse
    loader.exec_module(new_module)
  File "<frozen importlib._bootstrap_external>", line 883, in exec_module
  File "<frozen importlib._bootstrap>", line 241, in _call_with_frames_removed
  File "/opt/airflow/dags/main.py", line 44, in <module>
    trigger_update_db
NameError: name 'trigger_update_db' is not defined
[2026-06-01T13:57:50.196+0000] {processor.py:842} WARNING - No viable dags retrieved from /opt/airflow/dags/main.py
[2026-06-01T13:57:50.211+0000] {processor.py:183} INFO - Processing /opt/airflow/dags/main.py took 0.100 seconds
[2026-06-01T13:57:50.238+0000] {processor.py:161} INFO - Started process (PID=2102) to work on /opt/airflow/dags/main.py
[2026-06-01T13:57:50.239+0000] {processor.py:830} INFO - Processing file /opt/airflow/dags/main.py for tasks to queue
[2026-06-01T13:57:50.240+0000] {logging_mixin.py:188} INFO - [2026-06-01T13:57:50.240+0000] {dagbag.py:545} INFO - Filling up the DagBag from /opt/airflow/dags/main.py
[2026-06-01T13:57:50.320+0000] {logging_mixin.py:188} INFO - [2026-06-01T13:57:50.313+0000] {dagbag.py:355} ERROR - Failed to import: /opt/airflow/dags/main.py
Traceback (most recent call last):
  File "/home/airflow/.local/lib/python3.10/site-packages/airflow/models/dagbag.py", line 351, in parse
    loader.exec_module(new_module)
  File "<frozen importlib._bootstrap_external>", line 883, in exec_module
  File "<frozen importlib._bootstrap>", line 241, in _call_with_frames_removed
  File "/opt/airflow/dags/main.py", line 44, in <module>
    trigger_update_db
NameError: name 'trigger_update_db' is not defined
[2026-06-01T13:57:50.326+0000] {processor.py:842} WARNING - No viable dags retrieved from /opt/airflow/dags/main.py
[2026-06-01T13:57:50.341+0000] {processor.py:183} INFO - Processing /opt/airflow/dags/main.py took 0.107 seconds
[2026-06-01T13:57:50.369+0000] {processor.py:161} INFO - Started process (PID=2103) to work on /opt/airflow/dags/main.py
[2026-06-01T13:57:50.370+0000] {processor.py:830} INFO - Processing file /opt/airflow/dags/main.py for tasks to queue
[2026-06-01T13:57:50.371+0000] {logging_mixin.py:188} INFO - [2026-06-01T13:57:50.370+0000] {dagbag.py:545} INFO - Filling up the DagBag from /opt/airflow/dags/main.py
[2026-06-01T13:57:50.442+0000] {logging_mixin.py:188} INFO - [2026-06-01T13:57:50.436+0000] {dagbag.py:355} ERROR - Failed to import: /opt/airflow/dags/main.py
Traceback (most recent call last):
  File "/home/airflow/.local/lib/python3.10/site-packages/airflow/models/dagbag.py", line 351, in parse
    loader.exec_module(new_module)
  File "<frozen importlib._bootstrap_external>", line 883, in exec_module
  File "<frozen importlib._bootstrap>", line 241, in _call_with_frames_removed
  File "/opt/airflow/dags/main.py", line 44, in <module>
    trigger_update_db
NameError: name 'trigger_update_db' is not defined
[2026-06-01T13:57:50.446+0000] {processor.py:842} WARNING - No viable dags retrieved from /opt/airflow/dags/main.py
[2026-06-01T13:57:50.462+0000] {processor.py:183} INFO - Processing /opt/airflow/dags/main.py took 0.099 seconds
[2026-06-01T13:57:54.407+0000] {processor.py:161} INFO - Started process (PID=2104) to work on /opt/airflow/dags/main.py
[2026-06-01T13:57:54.408+0000] {processor.py:830} INFO - Processing file /opt/airflow/dags/main.py for tasks to queue
[2026-06-01T13:57:54.409+0000] {logging_mixin.py:188} INFO - [2026-06-01T13:57:54.408+0000] {dagbag.py:545} INFO - Filling up the DagBag from /opt/airflow/dags/main.py
[2026-06-01T13:57:54.478+0000] {processor.py:840} INFO - DAG(s) 'data_quality', 'update_db', 'produce_json' retrieved from /opt/airflow/dags/main.py
[2026-06-01T13:57:54.498+0000] {logging_mixin.py:188} INFO - [2026-06-01T13:57:54.498+0000] {dag.py:3096} INFO - Sync 3 DAGs
[2026-06-01T13:57:54.514+0000] {logging_mixin.py:188} INFO - [2026-06-01T13:57:54.514+0000] {dag.py:3954} INFO - Setting next_dagrun for data_quality to 2026-05-31 14:00:00+00:00, run_after=2026-06-01 14:00:00+00:00
[2026-06-01T13:57:54.517+0000] {logging_mixin.py:188} INFO - [2026-06-01T13:57:54.517+0000] {dag.py:3954} INFO - Setting next_dagrun for produce_json to 2026-06-01 12:00:00+00:00, run_after=2026-06-02 12:00:00+00:00
[2026-06-01T13:57:54.519+0000] {logging_mixin.py:188} INFO - [2026-06-01T13:57:54.519+0000] {dag.py:3954} INFO - Setting next_dagrun for update_db to 2026-06-01 13:00:00+00:00, run_after=2026-06-02 13:00:00+00:00
[2026-06-01T13:57:54.538+0000] {processor.py:183} INFO - Processing /opt/airflow/dags/main.py took 0.136 seconds
[2026-06-01T13:57:54.566+0000] {processor.py:161} INFO - Started process (PID=2105) to work on /opt/airflow/dags/main.py
[2026-06-01T13:57:54.567+0000] {processor.py:830} INFO - Processing file /opt/airflow/dags/main.py for tasks to queue
[2026-06-01T13:57:54.567+0000] {logging_mixin.py:188} INFO - [2026-06-01T13:57:54.567+0000] {dagbag.py:545} INFO - Filling up the DagBag from /opt/airflow/dags/main.py
[2026-06-01T13:57:54.629+0000] {processor.py:840} INFO - DAG(s) 'update_db', 'data_quality', 'produce_json' retrieved from /opt/airflow/dags/main.py
[2026-06-01T13:57:54.648+0000] {logging_mixin.py:188} INFO - [2026-06-01T13:57:54.648+0000] {dag.py:3096} INFO - Sync 3 DAGs
[2026-06-01T13:57:54.662+0000] {logging_mixin.py:188} INFO - [2026-06-01T13:57:54.662+0000] {dag.py:3954} INFO - Setting next_dagrun for data_quality to 2026-05-31 14:00:00+00:00, run_after=2026-06-01 14:00:00+00:00
[2026-06-01T13:57:54.666+0000] {logging_mixin.py:188} INFO - [2026-06-01T13:57:54.666+0000] {dag.py:3954} INFO - Setting next_dagrun for produce_json to 2026-06-01 12:00:00+00:00, run_after=2026-06-02 12:00:00+00:00
[2026-06-01T13:57:54.668+0000] {logging_mixin.py:188} INFO - [2026-06-01T13:57:54.668+0000] {dag.py:3954} INFO - Setting next_dagrun for update_db to 2026-06-01 13:00:00+00:00, run_after=2026-06-02 13:00:00+00:00
[2026-06-01T13:57:54.682+0000] {processor.py:183} INFO - Processing /opt/airflow/dags/main.py took 0.121 seconds
[2026-06-01T13:58:01.331+0000] {processor.py:161} INFO - Started process (PID=2106) to work on /opt/airflow/dags/main.py
[2026-06-01T13:58:01.332+0000] {processor.py:830} INFO - Processing file /opt/airflow/dags/main.py for tasks to queue
[2026-06-01T13:58:01.333+0000] {logging_mixin.py:188} INFO - [2026-06-01T13:58:01.333+0000] {dagbag.py:545} INFO - Filling up the DagBag from /opt/airflow/dags/main.py
[2026-06-01T13:58:01.423+0000] {logging_mixin.py:188} INFO - [2026-06-01T13:58:01.420+0000] {dagbag.py:355} ERROR - Failed to import: /opt/airflow/dags/main.py
Traceback (most recent call last):
  File "/home/airflow/.local/lib/python3.10/site-packages/airflow/models/dagbag.py", line 351, in parse
    loader.exec_module(new_module)
  File "<frozen importlib._bootstrap_external>", line 883, in exec_module
  File "<frozen importlib._bootstrap>", line 241, in _call_with_frames_removed
  File "/opt/airflow/dags/main.py", line 44, in <module>
    trigger_update_db = TriggerDagRunOperator(
  File "/home/airflow/.local/lib/python3.10/site-packages/airflow/models/baseoperator.py", line 468, in apply_defaults
    raise AirflowException(f"missing keyword argument {missing_args.pop()!r}")
airflow.exceptions.AirflowException: missing keyword argument 'trigger_dag_id'
[2026-06-01T13:58:01.424+0000] {processor.py:842} WARNING - No viable dags retrieved from /opt/airflow/dags/main.py
[2026-06-01T13:58:01.441+0000] {processor.py:183} INFO - Processing /opt/airflow/dags/main.py took 0.117 seconds
[2026-06-01T13:58:07.499+0000] {processor.py:161} INFO - Started process (PID=2107) to work on /opt/airflow/dags/main.py
[2026-06-01T13:58:07.500+0000] {processor.py:830} INFO - Processing file /opt/airflow/dags/main.py for tasks to queue
[2026-06-01T13:58:07.500+0000] {logging_mixin.py:188} INFO - [2026-06-01T13:58:07.500+0000] {dagbag.py:545} INFO - Filling up the DagBag from /opt/airflow/dags/main.py
[2026-06-01T13:58:07.579+0000] {logging_mixin.py:188} INFO - [2026-06-01T13:58:07.577+0000] {dagbag.py:355} ERROR - Failed to import: /opt/airflow/dags/main.py
Traceback (most recent call last):
  File "/home/airflow/.local/lib/python3.10/site-packages/airflow/models/dagbag.py", line 351, in parse
    loader.exec_module(new_module)
  File "<frozen importlib._bootstrap_external>", line 883, in exec_module
  File "<frozen importlib._bootstrap>", line 241, in _call_with_frames_removed
  File "/opt/airflow/dags/main.py", line 44, in <module>
    trigger_update_db = TriggerDagRunOperator(
  File "/home/airflow/.local/lib/python3.10/site-packages/airflow/models/baseoperator.py", line 468, in apply_defaults
    raise AirflowException(f"missing keyword argument {missing_args.pop()!r}")
airflow.exceptions.AirflowException: missing keyword argument 'trigger_dag_id'
[2026-06-01T13:58:07.579+0000] {processor.py:842} WARNING - No viable dags retrieved from /opt/airflow/dags/main.py
[2026-06-01T13:58:07.592+0000] {processor.py:183} INFO - Processing /opt/airflow/dags/main.py took 0.097 seconds
[2026-06-01T13:58:25.622+0000] {processor.py:161} INFO - Started process (PID=2114) to work on /opt/airflow/dags/main.py
[2026-06-01T13:58:25.623+0000] {processor.py:830} INFO - Processing file /opt/airflow/dags/main.py for tasks to queue
[2026-06-01T13:58:25.624+0000] {logging_mixin.py:188} INFO - [2026-06-01T13:58:25.624+0000] {dagbag.py:545} INFO - Filling up the DagBag from /opt/airflow/dags/main.py
[2026-06-01T13:58:25.704+0000] {logging_mixin.py:188} INFO - [2026-06-01T13:58:25.702+0000] {dagbag.py:355} ERROR - Failed to import: /opt/airflow/dags/main.py
Traceback (most recent call last):
  File "/home/airflow/.local/lib/python3.10/site-packages/airflow/models/dagbag.py", line 351, in parse
    loader.exec_module(new_module)
  File "<frozen importlib._bootstrap_external>", line 883, in exec_module
  File "<frozen importlib._bootstrap>", line 241, in _call_with_frames_removed
  File "/opt/airflow/dags/main.py", line 44, in <module>
    trigger_update_db = TriggerDagRunOperator(
  File "/home/airflow/.local/lib/python3.10/site-packages/airflow/models/baseoperator.py", line 468, in apply_defaults
    raise AirflowException(f"missing keyword argument {missing_args.pop()!r}")
airflow.exceptions.AirflowException: missing keyword argument 'trigger_dag_id'
[2026-06-01T13:58:25.705+0000] {processor.py:842} WARNING - No viable dags retrieved from /opt/airflow/dags/main.py
[2026-06-01T13:58:25.720+0000] {processor.py:183} INFO - Processing /opt/airflow/dags/main.py took 0.103 seconds
[2026-06-01T13:58:25.745+0000] {processor.py:161} INFO - Started process (PID=2115) to work on /opt/airflow/dags/main.py
[2026-06-01T13:58:25.746+0000] {processor.py:830} INFO - Processing file /opt/airflow/dags/main.py for tasks to queue
[2026-06-01T13:58:25.747+0000] {logging_mixin.py:188} INFO - [2026-06-01T13:58:25.747+0000] {dagbag.py:545} INFO - Filling up the DagBag from /opt/airflow/dags/main.py
[2026-06-01T13:58:25.815+0000] {logging_mixin.py:188} INFO - [2026-06-01T13:58:25.812+0000] {dagbag.py:355} ERROR - Failed to import: /opt/airflow/dags/main.py
Traceback (most recent call last):
  File "/home/airflow/.local/lib/python3.10/site-packages/airflow/models/dagbag.py", line 351, in parse
    loader.exec_module(new_module)
  File "<frozen importlib._bootstrap_external>", line 883, in exec_module
  File "<frozen importlib._bootstrap>", line 241, in _call_with_frames_removed
  File "/opt/airflow/dags/main.py", line 44, in <module>
    trigger_update_db = TriggerDagRunOperator(
  File "/home/airflow/.local/lib/python3.10/site-packages/airflow/models/baseoperator.py", line 468, in apply_defaults
    raise AirflowException(f"missing keyword argument {missing_args.pop()!r}")
airflow.exceptions.AirflowException: missing keyword argument 'trigger_dag_id'
[2026-06-01T13:58:25.816+0000] {processor.py:842} WARNING - No viable dags retrieved from /opt/airflow/dags/main.py
[2026-06-01T13:58:25.830+0000] {processor.py:183} INFO - Processing /opt/airflow/dags/main.py took 0.089 seconds
[2026-06-01T13:58:56.635+0000] {processor.py:161} INFO - Started process (PID=2122) to work on /opt/airflow/dags/main.py
[2026-06-01T13:58:56.636+0000] {processor.py:830} INFO - Processing file /opt/airflow/dags/main.py for tasks to queue
[2026-06-01T13:58:56.637+0000] {logging_mixin.py:188} INFO - [2026-06-01T13:58:56.637+0000] {dagbag.py:545} INFO - Filling up the DagBag from /opt/airflow/dags/main.py
[2026-06-01T13:58:56.709+0000] {logging_mixin.py:188} INFO - [2026-06-01T13:58:56.706+0000] {dagbag.py:355} ERROR - Failed to import: /opt/airflow/dags/main.py
Traceback (most recent call last):
  File "/home/airflow/.local/lib/python3.10/site-packages/airflow/models/dagbag.py", line 351, in parse
    loader.exec_module(new_module)
  File "<frozen importlib._bootstrap_external>", line 883, in exec_module
  File "<frozen importlib._bootstrap>", line 241, in _call_with_frames_removed
  File "/opt/airflow/dags/main.py", line 44, in <module>
    trigger_update_db = TriggerDagRunOperator(
  File "/home/airflow/.local/lib/python3.10/site-packages/airflow/models/baseoperator.py", line 468, in apply_defaults
    raise AirflowException(f"missing keyword argument {missing_args.pop()!r}")
airflow.exceptions.AirflowException: missing keyword argument 'trigger_dag_id'
[2026-06-01T13:58:56.710+0000] {processor.py:842} WARNING - No viable dags retrieved from /opt/airflow/dags/main.py
[2026-06-01T13:58:56.723+0000] {processor.py:183} INFO - Processing /opt/airflow/dags/main.py took 0.093 seconds
[2026-06-01T13:59:16.518+0000] {processor.py:161} INFO - Started process (PID=2123) to work on /opt/airflow/dags/main.py
[2026-06-01T13:59:16.519+0000] {processor.py:830} INFO - Processing file /opt/airflow/dags/main.py for tasks to queue
[2026-06-01T13:59:16.520+0000] {logging_mixin.py:188} INFO - [2026-06-01T13:59:16.520+0000] {dagbag.py:545} INFO - Filling up the DagBag from /opt/airflow/dags/main.py
[2026-06-01T13:59:16.606+0000] {logging_mixin.py:188} INFO - [2026-06-01T13:59:16.603+0000] {dagbag.py:355} ERROR - Failed to import: /opt/airflow/dags/main.py
Traceback (most recent call last):
  File "/home/airflow/.local/lib/python3.10/site-packages/airflow/models/dagbag.py", line 351, in parse
    loader.exec_module(new_module)
  File "<frozen importlib._bootstrap_external>", line 883, in exec_module
  File "<frozen importlib._bootstrap>", line 241, in _call_with_frames_removed
  File "/opt/airflow/dags/main.py", line 44, in <module>
    trigger_update_db = TriggerDagRunOperator(
  File "/home/airflow/.local/lib/python3.10/site-packages/airflow/models/baseoperator.py", line 468, in apply_defaults
    raise AirflowException(f"missing keyword argument {missing_args.pop()!r}")
airflow.exceptions.AirflowException: missing keyword argument 'trigger_dag_id'
[2026-06-01T13:59:16.607+0000] {processor.py:842} WARNING - No viable dags retrieved from /opt/airflow/dags/main.py
[2026-06-01T13:59:16.621+0000] {processor.py:183} INFO - Processing /opt/airflow/dags/main.py took 0.109 seconds
[2026-06-01T13:59:34.638+0000] {processor.py:161} INFO - Started process (PID=2130) to work on /opt/airflow/dags/main.py
[2026-06-01T13:59:34.639+0000] {processor.py:830} INFO - Processing file /opt/airflow/dags/main.py for tasks to queue
[2026-06-01T13:59:34.640+0000] {logging_mixin.py:188} INFO - [2026-06-01T13:59:34.640+0000] {dagbag.py:545} INFO - Filling up the DagBag from /opt/airflow/dags/main.py
[2026-06-01T13:59:34.716+0000] {processor.py:840} INFO - DAG(s) 'produce_json', 'data_quality', 'update_db' retrieved from /opt/airflow/dags/main.py
[2026-06-01T13:59:34.847+0000] {logging_mixin.py:188} INFO - [2026-06-01T13:59:34.847+0000] {dag.py:3096} INFO - Sync 3 DAGs
[2026-06-01T13:59:34.862+0000] {logging_mixin.py:188} INFO - [2026-06-01T13:59:34.862+0000] {dag.py:3954} INFO - Setting next_dagrun for data_quality to 2026-05-31 14:00:00+00:00, run_after=2026-06-01 14:00:00+00:00
[2026-06-01T13:59:34.866+0000] {logging_mixin.py:188} INFO - [2026-06-01T13:59:34.866+0000] {dag.py:3954} INFO - Setting next_dagrun for produce_json to 2026-06-01 12:00:00+00:00, run_after=2026-06-02 12:00:00+00:00
[2026-06-01T13:59:34.868+0000] {logging_mixin.py:188} INFO - [2026-06-01T13:59:34.868+0000] {dag.py:3954} INFO - Setting next_dagrun for update_db to 2026-06-01 13:00:00+00:00, run_after=2026-06-02 13:00:00+00:00
[2026-06-01T13:59:34.892+0000] {processor.py:183} INFO - Processing /opt/airflow/dags/main.py took 0.259 seconds
[2026-06-01T13:59:49.549+0000] {processor.py:161} INFO - Started process (PID=2131) to work on /opt/airflow/dags/main.py
[2026-06-01T13:59:49.550+0000] {processor.py:830} INFO - Processing file /opt/airflow/dags/main.py for tasks to queue
[2026-06-01T13:59:49.550+0000] {logging_mixin.py:188} INFO - [2026-06-01T13:59:49.550+0000] {dagbag.py:545} INFO - Filling up the DagBag from /opt/airflow/dags/main.py
[2026-06-01T13:59:49.624+0000] {processor.py:840} INFO - DAG(s) 'produce_json', 'update_db', 'data_quality' retrieved from /opt/airflow/dags/main.py
[2026-06-01T13:59:49.635+0000] {logging_mixin.py:188} INFO - [2026-06-01T13:59:49.635+0000] {dag.py:3096} INFO - Sync 3 DAGs
[2026-06-01T13:59:49.652+0000] {logging_mixin.py:188} INFO - [2026-06-01T13:59:49.651+0000] {dag.py:3954} INFO - Setting next_dagrun for data_quality to 2026-05-31 14:00:00+00:00, run_after=2026-06-01 14:00:00+00:00
[2026-06-01T13:59:49.655+0000] {logging_mixin.py:188} INFO - [2026-06-01T13:59:49.655+0000] {dag.py:3954} INFO - Setting next_dagrun for produce_json to 2026-06-01 12:00:00+00:00, run_after=2026-06-02 12:00:00+00:00
[2026-06-01T13:59:49.657+0000] {logging_mixin.py:188} INFO - [2026-06-01T13:59:49.657+0000] {dag.py:3954} INFO - Setting next_dagrun for update_db to 2026-06-01 13:00:00+00:00, run_after=2026-06-02 13:00:00+00:00
[2026-06-01T13:59:49.677+0000] {processor.py:183} INFO - Processing /opt/airflow/dags/main.py took 0.133 seconds
[2026-06-01T14:00:20.622+0000] {processor.py:161} INFO - Started process (PID=2138) to work on /opt/airflow/dags/main.py
[2026-06-01T14:00:20.623+0000] {processor.py:830} INFO - Processing file /opt/airflow/dags/main.py for tasks to queue
[2026-06-01T14:00:20.624+0000] {logging_mixin.py:188} INFO - [2026-06-01T14:00:20.623+0000] {dagbag.py:545} INFO - Filling up the DagBag from /opt/airflow/dags/main.py
[2026-06-01T14:00:20.720+0000] {processor.py:840} INFO - DAG(s) 'data_quality', 'update_db', 'produce_json' retrieved from /opt/airflow/dags/main.py
[2026-06-01T14:00:20.805+0000] {logging_mixin.py:188} INFO - [2026-06-01T14:00:20.805+0000] {dag.py:3096} INFO - Sync 3 DAGs
[2026-06-01T14:00:20.822+0000] {logging_mixin.py:188} INFO - [2026-06-01T14:00:20.822+0000] {dag.py:3954} INFO - Setting next_dagrun for data_quality to 2026-06-01 14:00:00+00:00, run_after=2026-06-02 14:00:00+00:00
[2026-06-01T14:00:20.826+0000] {logging_mixin.py:188} INFO - [2026-06-01T14:00:20.826+0000] {dag.py:3954} INFO - Setting next_dagrun for produce_json to 2026-06-01 12:00:00+00:00, run_after=2026-06-02 12:00:00+00:00
[2026-06-01T14:00:20.828+0000] {logging_mixin.py:188} INFO - [2026-06-01T14:00:20.828+0000] {dag.py:3954} INFO - Setting next_dagrun for update_db to 2026-06-01 13:00:00+00:00, run_after=2026-06-02 13:00:00+00:00
[2026-06-01T14:00:20.846+0000] {processor.py:183} INFO - Processing /opt/airflow/dags/main.py took 0.230 seconds
[2026-06-01T14:00:36.729+0000] {processor.py:161} INFO - Started process (PID=2145) to work on /opt/airflow/dags/main.py
[2026-06-01T14:00:36.731+0000] {processor.py:830} INFO - Processing file /opt/airflow/dags/main.py for tasks to queue
[2026-06-01T14:00:36.732+0000] {logging_mixin.py:188} INFO - [2026-06-01T14:00:36.731+0000] {dagbag.py:545} INFO - Filling up the DagBag from /opt/airflow/dags/main.py
[2026-06-01T14:00:36.826+0000] {processor.py:840} INFO - DAG(s) 'data_quality', 'produce_json', 'update_db' retrieved from /opt/airflow/dags/main.py
[2026-06-01T14:00:36.849+0000] {logging_mixin.py:188} INFO - [2026-06-01T14:00:36.848+0000] {dag.py:3096} INFO - Sync 3 DAGs
[2026-06-01T14:00:36.868+0000] {logging_mixin.py:188} INFO - [2026-06-01T14:00:36.868+0000] {dag.py:3954} INFO - Setting next_dagrun for data_quality to 2026-06-01 14:00:00+00:00, run_after=2026-06-02 14:00:00+00:00
[2026-06-01T14:00:36.872+0000] {logging_mixin.py:188} INFO - [2026-06-01T14:00:36.872+0000] {dag.py:3954} INFO - Setting next_dagrun for produce_json to 2026-06-01 12:00:00+00:00, run_after=2026-06-02 12:00:00+00:00
[2026-06-01T14:00:36.875+0000] {logging_mixin.py:188} INFO - [2026-06-01T14:00:36.875+0000] {dag.py:3954} INFO - Setting next_dagrun for update_db to 2026-06-01 13:00:00+00:00, run_after=2026-06-02 13:00:00+00:00
[2026-06-01T14:00:36.896+0000] {processor.py:183} INFO - Processing /opt/airflow/dags/main.py took 0.173 seconds
[2026-06-01T14:00:48.808+0000] {processor.py:161} INFO - Started process (PID=2146) to work on /opt/airflow/dags/main.py
[2026-06-01T14:00:48.809+0000] {processor.py:830} INFO - Processing file /opt/airflow/dags/main.py for tasks to queue
[2026-06-01T14:00:48.810+0000] {logging_mixin.py:188} INFO - [2026-06-01T14:00:48.810+0000] {dagbag.py:545} INFO - Filling up the DagBag from /opt/airflow/dags/main.py
[2026-06-01T14:00:48.910+0000] {processor.py:840} INFO - DAG(s) 'produce_json', 'data_quality', 'update_db' retrieved from /opt/airflow/dags/main.py
[2026-06-01T14:00:48.998+0000] {logging_mixin.py:188} INFO - [2026-06-01T14:00:48.998+0000] {dag.py:3096} INFO - Sync 3 DAGs
[2026-06-01T14:00:49.014+0000] {logging_mixin.py:188} INFO - [2026-06-01T14:00:49.014+0000] {dag.py:3954} INFO - Setting next_dagrun for data_quality to 2026-06-01 14:00:00+00:00, run_after=2026-06-02 14:00:00+00:00
[2026-06-01T14:00:49.018+0000] {logging_mixin.py:188} INFO - [2026-06-01T14:00:49.018+0000] {dag.py:3954} INFO - Setting next_dagrun for produce_json to 2026-06-01 12:00:00+00:00, run_after=2026-06-02 12:00:00+00:00
[2026-06-01T14:00:49.019+0000] {logging_mixin.py:188} INFO - [2026-06-01T14:00:49.019+0000] {dag.py:3954} INFO - Setting next_dagrun for update_db to None, run_after=None
[2026-06-01T14:00:49.039+0000] {processor.py:183} INFO - Processing /opt/airflow/dags/main.py took 0.237 seconds
[2026-06-01T14:00:49.068+0000] {processor.py:161} INFO - Started process (PID=2147) to work on /opt/airflow/dags/main.py
[2026-06-01T14:00:49.069+0000] {processor.py:830} INFO - Processing file /opt/airflow/dags/main.py for tasks to queue
[2026-06-01T14:00:49.070+0000] {logging_mixin.py:188} INFO - [2026-06-01T14:00:49.069+0000] {dagbag.py:545} INFO - Filling up the DagBag from /opt/airflow/dags/main.py
[2026-06-01T14:00:49.155+0000] {processor.py:840} INFO - DAG(s) 'produce_json', 'update_db', 'data_quality' retrieved from /opt/airflow/dags/main.py
[2026-06-01T14:00:49.172+0000] {logging_mixin.py:188} INFO - [2026-06-01T14:00:49.172+0000] {dag.py:3096} INFO - Sync 3 DAGs
[2026-06-01T14:00:49.189+0000] {logging_mixin.py:188} INFO - [2026-06-01T14:00:49.188+0000] {dag.py:3954} INFO - Setting next_dagrun for data_quality to 2026-06-01 14:00:00+00:00, run_after=2026-06-02 14:00:00+00:00
[2026-06-01T14:00:49.192+0000] {logging_mixin.py:188} INFO - [2026-06-01T14:00:49.192+0000] {dag.py:3954} INFO - Setting next_dagrun for produce_json to 2026-06-01 12:00:00+00:00, run_after=2026-06-02 12:00:00+00:00
[2026-06-01T14:00:49.193+0000] {logging_mixin.py:188} INFO - [2026-06-01T14:00:49.193+0000] {dag.py:3954} INFO - Setting next_dagrun for update_db to None, run_after=None
[2026-06-01T14:00:49.211+0000] {processor.py:183} INFO - Processing /opt/airflow/dags/main.py took 0.149 seconds
[2026-06-01T14:00:49.242+0000] {processor.py:161} INFO - Started process (PID=2148) to work on /opt/airflow/dags/main.py
[2026-06-01T14:00:49.243+0000] {processor.py:830} INFO - Processing file /opt/airflow/dags/main.py for tasks to queue
[2026-06-01T14:00:49.244+0000] {logging_mixin.py:188} INFO - [2026-06-01T14:00:49.244+0000] {dagbag.py:545} INFO - Filling up the DagBag from /opt/airflow/dags/main.py
[2026-06-01T14:00:49.324+0000] {processor.py:840} INFO - DAG(s) 'data_quality', 'produce_json', 'update_db' retrieved from /opt/airflow/dags/main.py
[2026-06-01T14:00:49.341+0000] {logging_mixin.py:188} INFO - [2026-06-01T14:00:49.341+0000] {dag.py:3096} INFO - Sync 3 DAGs
[2026-06-01T14:00:49.359+0000] {logging_mixin.py:188} INFO - [2026-06-01T14:00:49.359+0000] {dag.py:3954} INFO - Setting next_dagrun for data_quality to 2026-06-01 14:00:00+00:00, run_after=2026-06-02 14:00:00+00:00
[2026-06-01T14:00:49.364+0000] {logging_mixin.py:188} INFO - [2026-06-01T14:00:49.363+0000] {dag.py:3954} INFO - Setting next_dagrun for produce_json to 2026-06-01 12:00:00+00:00, run_after=2026-06-02 12:00:00+00:00
[2026-06-01T14:00:49.365+0000] {logging_mixin.py:188} INFO - [2026-06-01T14:00:49.365+0000] {dag.py:3954} INFO - Setting next_dagrun for update_db to None, run_after=None
[2026-06-01T14:00:49.381+0000] {processor.py:183} INFO - Processing /opt/airflow/dags/main.py took 0.144 seconds
[2026-06-01T14:00:49.411+0000] {processor.py:161} INFO - Started process (PID=2149) to work on /opt/airflow/dags/main.py
[2026-06-01T14:00:49.412+0000] {processor.py:830} INFO - Processing file /opt/airflow/dags/main.py for tasks to queue
[2026-06-01T14:00:49.413+0000] {logging_mixin.py:188} INFO - [2026-06-01T14:00:49.413+0000] {dagbag.py:545} INFO - Filling up the DagBag from /opt/airflow/dags/main.py
[2026-06-01T14:00:49.495+0000] {processor.py:840} INFO - DAG(s) 'produce_json', 'data_quality', 'update_db' retrieved from /opt/airflow/dags/main.py
[2026-06-01T14:00:49.512+0000] {logging_mixin.py:188} INFO - [2026-06-01T14:00:49.512+0000] {dag.py:3096} INFO - Sync 3 DAGs
[2026-06-01T14:00:49.528+0000] {logging_mixin.py:188} INFO - [2026-06-01T14:00:49.528+0000] {dag.py:3954} INFO - Setting next_dagrun for data_quality to 2026-06-01 14:00:00+00:00, run_after=2026-06-02 14:00:00+00:00
[2026-06-01T14:00:49.532+0000] {logging_mixin.py:188} INFO - [2026-06-01T14:00:49.531+0000] {dag.py:3954} INFO - Setting next_dagrun for produce_json to 2026-06-01 12:00:00+00:00, run_after=2026-06-02 12:00:00+00:00
[2026-06-01T14:00:49.533+0000] {logging_mixin.py:188} INFO - [2026-06-01T14:00:49.533+0000] {dag.py:3954} INFO - Setting next_dagrun for update_db to None, run_after=None
[2026-06-01T14:00:49.550+0000] {processor.py:183} INFO - Processing /opt/airflow/dags/main.py took 0.144 seconds
[2026-06-01T14:00:49.576+0000] {processor.py:161} INFO - Started process (PID=2150) to work on /opt/airflow/dags/main.py
[2026-06-01T14:00:49.577+0000] {processor.py:830} INFO - Processing file /opt/airflow/dags/main.py for tasks to queue
[2026-06-01T14:00:49.578+0000] {logging_mixin.py:188} INFO - [2026-06-01T14:00:49.578+0000] {dagbag.py:545} INFO - Filling up the DagBag from /opt/airflow/dags/main.py
[2026-06-01T14:00:49.651+0000] {processor.py:840} INFO - DAG(s) 'data_quality', 'produce_json', 'update_db' retrieved from /opt/airflow/dags/main.py
[2026-06-01T14:00:49.668+0000] {logging_mixin.py:188} INFO - [2026-06-01T14:00:49.668+0000] {dag.py:3096} INFO - Sync 3 DAGs
[2026-06-01T14:00:49.684+0000] {logging_mixin.py:188} INFO - [2026-06-01T14:00:49.684+0000] {dag.py:3954} INFO - Setting next_dagrun for data_quality to 2026-06-01 14:00:00+00:00, run_after=2026-06-02 14:00:00+00:00
[2026-06-01T14:00:49.688+0000] {logging_mixin.py:188} INFO - [2026-06-01T14:00:49.688+0000] {dag.py:3954} INFO - Setting next_dagrun for produce_json to 2026-06-01 12:00:00+00:00, run_after=2026-06-02 12:00:00+00:00
[2026-06-01T14:00:49.689+0000] {logging_mixin.py:188} INFO - [2026-06-01T14:00:49.689+0000] {dag.py:3954} INFO - Setting next_dagrun for update_db to None, run_after=None
[2026-06-01T14:00:49.701+0000] {processor.py:183} INFO - Processing /opt/airflow/dags/main.py took 0.130 seconds
[2026-06-01T14:00:58.476+0000] {processor.py:161} INFO - Started process (PID=2157) to work on /opt/airflow/dags/main.py
[2026-06-01T14:00:58.478+0000] {processor.py:830} INFO - Processing file /opt/airflow/dags/main.py for tasks to queue
[2026-06-01T14:00:58.479+0000] {logging_mixin.py:188} INFO - [2026-06-01T14:00:58.478+0000] {dagbag.py:545} INFO - Filling up the DagBag from /opt/airflow/dags/main.py
[2026-06-01T14:00:58.564+0000] {processor.py:840} INFO - DAG(s) 'produce_json', 'update_db', 'data_quality' retrieved from /opt/airflow/dags/main.py
[2026-06-01T14:00:58.585+0000] {logging_mixin.py:188} INFO - [2026-06-01T14:00:58.584+0000] {dag.py:3096} INFO - Sync 3 DAGs
[2026-06-01T14:00:58.603+0000] {logging_mixin.py:188} INFO - [2026-06-01T14:00:58.602+0000] {dag.py:3954} INFO - Setting next_dagrun for data_quality to 2026-06-01 14:00:00+00:00, run_after=2026-06-02 14:00:00+00:00
[2026-06-01T14:00:58.607+0000] {logging_mixin.py:188} INFO - [2026-06-01T14:00:58.607+0000] {dag.py:3954} INFO - Setting next_dagrun for produce_json to 2026-06-01 12:00:00+00:00, run_after=2026-06-02 12:00:00+00:00
[2026-06-01T14:00:58.609+0000] {logging_mixin.py:188} INFO - [2026-06-01T14:00:58.609+0000] {dag.py:3954} INFO - Setting next_dagrun for update_db to None, run_after=None
[2026-06-01T14:00:58.627+0000] {processor.py:183} INFO - Processing /opt/airflow/dags/main.py took 0.159 seconds
[2026-06-01T14:01:12.574+0000] {processor.py:161} INFO - Started process (PID=2158) to work on /opt/airflow/dags/main.py
[2026-06-01T14:01:12.575+0000] {processor.py:830} INFO - Processing file /opt/airflow/dags/main.py for tasks to queue
[2026-06-01T14:01:12.576+0000] {logging_mixin.py:188} INFO - [2026-06-01T14:01:12.576+0000] {dagbag.py:545} INFO - Filling up the DagBag from /opt/airflow/dags/main.py
[2026-06-01T14:01:12.663+0000] {processor.py:840} INFO - DAG(s) 'update_db', 'produce_json', 'data_quality' retrieved from /opt/airflow/dags/main.py
[2026-06-01T14:01:12.686+0000] {logging_mixin.py:188} INFO - [2026-06-01T14:01:12.685+0000] {dag.py:3096} INFO - Sync 3 DAGs
[2026-06-01T14:01:12.703+0000] {logging_mixin.py:188} INFO - [2026-06-01T14:01:12.702+0000] {dag.py:3954} INFO - Setting next_dagrun for data_quality to 2026-06-01 14:00:00+00:00, run_after=2026-06-02 14:00:00+00:00
[2026-06-01T14:01:12.706+0000] {logging_mixin.py:188} INFO - [2026-06-01T14:01:12.706+0000] {dag.py:3954} INFO - Setting next_dagrun for produce_json to 2026-06-01 12:00:00+00:00, run_after=2026-06-02 12:00:00+00:00
[2026-06-01T14:01:12.708+0000] {logging_mixin.py:188} INFO - [2026-06-01T14:01:12.708+0000] {dag.py:3954} INFO - Setting next_dagrun for update_db to None, run_after=None
[2026-06-01T14:01:12.725+0000] {processor.py:183} INFO - Processing /opt/airflow/dags/main.py took 0.156 seconds
[2026-06-01T14:01:43.573+0000] {processor.py:161} INFO - Started process (PID=2165) to work on /opt/airflow/dags/main.py
[2026-06-01T14:01:43.615+0000] {processor.py:830} INFO - Processing file /opt/airflow/dags/main.py for tasks to queue
[2026-06-01T14:01:43.616+0000] {logging_mixin.py:188} INFO - [2026-06-01T14:01:43.615+0000] {dagbag.py:545} INFO - Filling up the DagBag from /opt/airflow/dags/main.py
[2026-06-01T14:01:43.718+0000] {processor.py:840} INFO - DAG(s) 'data_quality', 'produce_json', 'update_db' retrieved from /opt/airflow/dags/main.py
[2026-06-01T14:01:43.823+0000] {logging_mixin.py:188} INFO - [2026-06-01T14:01:43.822+0000] {dag.py:3096} INFO - Sync 3 DAGs
[2026-06-01T14:01:43.837+0000] {logging_mixin.py:188} INFO - [2026-06-01T14:01:43.837+0000] {dag.py:3954} INFO - Setting next_dagrun for data_quality to 2026-06-01 14:00:00+00:00, run_after=2026-06-02 14:00:00+00:00
[2026-06-01T14:01:43.840+0000] {logging_mixin.py:188} INFO - [2026-06-01T14:01:43.840+0000] {dag.py:3954} INFO - Setting next_dagrun for produce_json to 2026-06-01 12:00:00+00:00, run_after=2026-06-02 12:00:00+00:00
[2026-06-01T14:01:43.841+0000] {logging_mixin.py:188} INFO - [2026-06-01T14:01:43.841+0000] {dag.py:3954} INFO - Setting next_dagrun for update_db to None, run_after=None
[2026-06-01T14:01:43.857+0000] {processor.py:183} INFO - Processing /opt/airflow/dags/main.py took 0.289 seconds
[2026-06-01T14:01:48.919+0000] {processor.py:161} INFO - Started process (PID=2166) to work on /opt/airflow/dags/main.py
[2026-06-01T14:01:48.920+0000] {processor.py:830} INFO - Processing file /opt/airflow/dags/main.py for tasks to queue
[2026-06-01T14:01:48.920+0000] {logging_mixin.py:188} INFO - [2026-06-01T14:01:48.920+0000] {dagbag.py:545} INFO - Filling up the DagBag from /opt/airflow/dags/main.py
[2026-06-01T14:01:49.011+0000] {processor.py:840} INFO - DAG(s) 'data_quality', 'update_db', 'produce_json' retrieved from /opt/airflow/dags/main.py
[2026-06-01T14:01:49.030+0000] {logging_mixin.py:188} INFO - [2026-06-01T14:01:49.030+0000] {dag.py:3096} INFO - Sync 3 DAGs
[2026-06-01T14:01:49.045+0000] {logging_mixin.py:188} INFO - [2026-06-01T14:01:49.045+0000] {dag.py:3954} INFO - Setting next_dagrun for data_quality to 2026-06-01 14:00:00+00:00, run_after=2026-06-02 14:00:00+00:00
[2026-06-01T14:01:49.049+0000] {logging_mixin.py:188} INFO - [2026-06-01T14:01:49.049+0000] {dag.py:3954} INFO - Setting next_dagrun for produce_json to 2026-06-01 12:00:00+00:00, run_after=2026-06-02 12:00:00+00:00
[2026-06-01T14:01:49.050+0000] {logging_mixin.py:188} INFO - [2026-06-01T14:01:49.050+0000] {dag.py:3954} INFO - Setting next_dagrun for update_db to None, run_after=None
[2026-06-01T14:01:49.068+0000] {processor.py:183} INFO - Processing /opt/airflow/dags/main.py took 0.154 seconds
[2026-06-01T14:01:58.988+0000] {processor.py:161} INFO - Started process (PID=2167) to work on /opt/airflow/dags/main.py
[2026-06-01T14:01:58.989+0000] {processor.py:830} INFO - Processing file /opt/airflow/dags/main.py for tasks to queue
[2026-06-01T14:01:58.990+0000] {logging_mixin.py:188} INFO - [2026-06-01T14:01:58.990+0000] {dagbag.py:545} INFO - Filling up the DagBag from /opt/airflow/dags/main.py
[2026-06-01T14:01:59.084+0000] {processor.py:840} INFO - DAG(s) 'produce_json', 'data_quality', 'update_db' retrieved from /opt/airflow/dags/main.py
[2026-06-01T14:01:59.105+0000] {logging_mixin.py:188} INFO - [2026-06-01T14:01:59.105+0000] {dag.py:3096} INFO - Sync 3 DAGs
[2026-06-01T14:01:59.121+0000] {logging_mixin.py:188} INFO - [2026-06-01T14:01:59.121+0000] {dag.py:3954} INFO - Setting next_dagrun for data_quality to 2026-06-01 14:00:00+00:00, run_after=2026-06-02 14:00:00+00:00
[2026-06-01T14:01:59.125+0000] {logging_mixin.py:188} INFO - [2026-06-01T14:01:59.124+0000] {dag.py:3954} INFO - Setting next_dagrun for produce_json to 2026-06-01 12:00:00+00:00, run_after=2026-06-02 12:00:00+00:00
[2026-06-01T14:01:59.126+0000] {logging_mixin.py:188} INFO - [2026-06-01T14:01:59.126+0000] {dag.py:3954} INFO - Setting next_dagrun for update_db to None, run_after=None
[2026-06-01T14:01:59.143+0000] {processor.py:183} INFO - Processing /opt/airflow/dags/main.py took 0.162 seconds
[2026-06-01T14:01:59.170+0000] {processor.py:161} INFO - Started process (PID=2168) to work on /opt/airflow/dags/main.py
[2026-06-01T14:01:59.170+0000] {processor.py:830} INFO - Processing file /opt/airflow/dags/main.py for tasks to queue
[2026-06-01T14:01:59.171+0000] {logging_mixin.py:188} INFO - [2026-06-01T14:01:59.171+0000] {dagbag.py:545} INFO - Filling up the DagBag from /opt/airflow/dags/main.py
[2026-06-01T14:01:59.255+0000] {processor.py:840} INFO - DAG(s) 'data_quality', 'update_db', 'produce_json' retrieved from /opt/airflow/dags/main.py
[2026-06-01T14:01:59.277+0000] {logging_mixin.py:188} INFO - [2026-06-01T14:01:59.277+0000] {dag.py:3096} INFO - Sync 3 DAGs
[2026-06-01T14:01:59.295+0000] {logging_mixin.py:188} INFO - [2026-06-01T14:01:59.294+0000] {dag.py:3954} INFO - Setting next_dagrun for data_quality to 2026-06-01 14:00:00+00:00, run_after=2026-06-02 14:00:00+00:00
[2026-06-01T14:01:59.299+0000] {logging_mixin.py:188} INFO - [2026-06-01T14:01:59.299+0000] {dag.py:3954} INFO - Setting next_dagrun for produce_json to 2026-06-01 12:00:00+00:00, run_after=2026-06-02 12:00:00+00:00
[2026-06-01T14:01:59.301+0000] {logging_mixin.py:188} INFO - [2026-06-01T14:01:59.301+0000] {dag.py:3954} INFO - Setting next_dagrun for update_db to None, run_after=None
[2026-06-01T14:01:59.318+0000] {processor.py:183} INFO - Processing /opt/airflow/dags/main.py took 0.154 seconds
[2026-06-01T14:02:30.006+0000] {processor.py:161} INFO - Started process (PID=2175) to work on /opt/airflow/dags/main.py
[2026-06-01T14:02:30.007+0000] {processor.py:830} INFO - Processing file /opt/airflow/dags/main.py for tasks to queue
[2026-06-01T14:02:30.008+0000] {logging_mixin.py:188} INFO - [2026-06-01T14:02:30.008+0000] {dagbag.py:545} INFO - Filling up the DagBag from /opt/airflow/dags/main.py
[2026-06-01T14:02:30.088+0000] {processor.py:840} INFO - DAG(s) 'data_quality', 'produce_json', 'update_db' retrieved from /opt/airflow/dags/main.py
[2026-06-01T14:02:30.173+0000] {logging_mixin.py:188} INFO - [2026-06-01T14:02:30.173+0000] {dag.py:3096} INFO - Sync 3 DAGs
[2026-06-01T14:02:30.189+0000] {logging_mixin.py:188} INFO - [2026-06-01T14:02:30.189+0000] {dag.py:3954} INFO - Setting next_dagrun for data_quality to 2026-06-01 14:00:00+00:00, run_after=2026-06-02 14:00:00+00:00
[2026-06-01T14:02:30.193+0000] {logging_mixin.py:188} INFO - [2026-06-01T14:02:30.193+0000] {dag.py:3954} INFO - Setting next_dagrun for produce_json to 2026-06-01 12:00:00+00:00, run_after=2026-06-02 12:00:00+00:00
[2026-06-01T14:02:30.194+0000] {logging_mixin.py:188} INFO - [2026-06-01T14:02:30.194+0000] {dag.py:3954} INFO - Setting next_dagrun for update_db to None, run_after=None
[2026-06-01T14:02:30.428+0000] {processor.py:183} INFO - Processing /opt/airflow/dags/main.py took 0.426 seconds
[2026-06-01T14:02:30.455+0000] {processor.py:161} INFO - Started process (PID=2176) to work on /opt/airflow/dags/main.py
[2026-06-01T14:02:30.456+0000] {processor.py:830} INFO - Processing file /opt/airflow/dags/main.py for tasks to queue
[2026-06-01T14:02:30.457+0000] {logging_mixin.py:188} INFO - [2026-06-01T14:02:30.457+0000] {dagbag.py:545} INFO - Filling up the DagBag from /opt/airflow/dags/main.py
[2026-06-01T14:02:30.548+0000] {processor.py:840} INFO - DAG(s) 'data_quality', 'update_db', 'produce_json' retrieved from /opt/airflow/dags/main.py
[2026-06-01T14:02:30.629+0000] {logging_mixin.py:188} INFO - [2026-06-01T14:02:30.628+0000] {dag.py:3096} INFO - Sync 3 DAGs
[2026-06-01T14:02:30.643+0000] {logging_mixin.py:188} INFO - [2026-06-01T14:02:30.643+0000] {dag.py:3954} INFO - Setting next_dagrun for data_quality to None, run_after=None
[2026-06-01T14:02:30.648+0000] {logging_mixin.py:188} INFO - [2026-06-01T14:02:30.647+0000] {dag.py:3954} INFO - Setting next_dagrun for produce_json to 2026-06-01 12:00:00+00:00, run_after=2026-06-02 12:00:00+00:00
[2026-06-01T14:02:30.649+0000] {logging_mixin.py:188} INFO - [2026-06-01T14:02:30.649+0000] {dag.py:3954} INFO - Setting next_dagrun for update_db to None, run_after=None
[2026-06-01T14:02:30.672+0000] {processor.py:183} INFO - Processing /opt/airflow/dags/main.py took 0.222 seconds
[2026-06-01T14:02:30.699+0000] {processor.py:161} INFO - Started process (PID=2177) to work on /opt/airflow/dags/main.py
[2026-06-01T14:02:30.700+0000] {processor.py:830} INFO - Processing file /opt/airflow/dags/main.py for tasks to queue
[2026-06-01T14:02:30.700+0000] {logging_mixin.py:188} INFO - [2026-06-01T14:02:30.700+0000] {dagbag.py:545} INFO - Filling up the DagBag from /opt/airflow/dags/main.py
[2026-06-01T14:02:30.792+0000] {processor.py:840} INFO - DAG(s) 'produce_json', 'data_quality', 'update_db' retrieved from /opt/airflow/dags/main.py
[2026-06-01T14:02:30.819+0000] {logging_mixin.py:188} INFO - [2026-06-01T14:02:30.818+0000] {dag.py:3096} INFO - Sync 3 DAGs
[2026-06-01T14:02:30.843+0000] {logging_mixin.py:188} INFO - [2026-06-01T14:02:30.842+0000] {dag.py:3954} INFO - Setting next_dagrun for data_quality to None, run_after=None
[2026-06-01T14:02:30.848+0000] {logging_mixin.py:188} INFO - [2026-06-01T14:02:30.848+0000] {dag.py:3954} INFO - Setting next_dagrun for produce_json to 2026-06-01 12:00:00+00:00, run_after=2026-06-02 12:00:00+00:00
[2026-06-01T14:02:30.851+0000] {logging_mixin.py:188} INFO - [2026-06-01T14:02:30.851+0000] {dag.py:3954} INFO - Setting next_dagrun for update_db to None, run_after=None
[2026-06-01T14:02:30.870+0000] {processor.py:183} INFO - Processing /opt/airflow/dags/main.py took 0.176 seconds
[2026-06-01T14:03:01.421+0000] {processor.py:161} INFO - Started process (PID=2184) to work on /opt/airflow/dags/main.py
[2026-06-01T14:03:01.422+0000] {processor.py:830} INFO - Processing file /opt/airflow/dags/main.py for tasks to queue
[2026-06-01T14:03:01.423+0000] {logging_mixin.py:188} INFO - [2026-06-01T14:03:01.423+0000] {dagbag.py:545} INFO - Filling up the DagBag from /opt/airflow/dags/main.py
[2026-06-01T14:03:01.502+0000] {processor.py:840} INFO - DAG(s) 'produce_json', 'data_quality', 'update_db' retrieved from /opt/airflow/dags/main.py
[2026-06-01T14:03:01.529+0000] {logging_mixin.py:188} INFO - [2026-06-01T14:03:01.529+0000] {dag.py:3096} INFO - Sync 3 DAGs
[2026-06-01T14:03:01.546+0000] {logging_mixin.py:188} INFO - [2026-06-01T14:03:01.546+0000] {dag.py:3954} INFO - Setting next_dagrun for data_quality to None, run_after=None
[2026-06-01T14:03:01.551+0000] {logging_mixin.py:188} INFO - [2026-06-01T14:03:01.551+0000] {dag.py:3954} INFO - Setting next_dagrun for produce_json to 2026-06-01 12:00:00+00:00, run_after=2026-06-02 12:00:00+00:00
[2026-06-01T14:03:01.552+0000] {logging_mixin.py:188} INFO - [2026-06-01T14:03:01.552+0000] {dag.py:3954} INFO - Setting next_dagrun for update_db to None, run_after=None
[2026-06-01T14:03:01.568+0000] {processor.py:183} INFO - Processing /opt/airflow/dags/main.py took 0.154 seconds
[2026-06-01T14:03:32.429+0000] {processor.py:161} INFO - Started process (PID=2191) to work on /opt/airflow/dags/main.py
[2026-06-01T14:03:32.431+0000] {processor.py:830} INFO - Processing file /opt/airflow/dags/main.py for tasks to queue
[2026-06-01T14:03:32.432+0000] {logging_mixin.py:188} INFO - [2026-06-01T14:03:32.432+0000] {dagbag.py:545} INFO - Filling up the DagBag from /opt/airflow/dags/main.py
[2026-06-01T14:03:32.515+0000] {processor.py:840} INFO - DAG(s) 'data_quality', 'produce_json', 'update_db' retrieved from /opt/airflow/dags/main.py
[2026-06-01T14:03:32.542+0000] {logging_mixin.py:188} INFO - [2026-06-01T14:03:32.542+0000] {dag.py:3096} INFO - Sync 3 DAGs
[2026-06-01T14:03:32.561+0000] {logging_mixin.py:188} INFO - [2026-06-01T14:03:32.561+0000] {dag.py:3954} INFO - Setting next_dagrun for data_quality to None, run_after=None
[2026-06-01T14:03:32.565+0000] {logging_mixin.py:188} INFO - [2026-06-01T14:03:32.565+0000] {dag.py:3954} INFO - Setting next_dagrun for produce_json to 2026-06-01 12:00:00+00:00, run_after=2026-06-02 12:00:00+00:00
[2026-06-01T14:03:32.567+0000] {logging_mixin.py:188} INFO - [2026-06-01T14:03:32.566+0000] {dag.py:3954} INFO - Setting next_dagrun for update_db to None, run_after=None
[2026-06-01T14:03:32.587+0000] {processor.py:183} INFO - Processing /opt/airflow/dags/main.py took 0.166 seconds
[2026-06-01T14:04:03.404+0000] {processor.py:161} INFO - Started process (PID=2198) to work on /opt/airflow/dags/main.py
[2026-06-01T14:04:03.405+0000] {processor.py:830} INFO - Processing file /opt/airflow/dags/main.py for tasks to queue
[2026-06-01T14:04:03.406+0000] {logging_mixin.py:188} INFO - [2026-06-01T14:04:03.406+0000] {dagbag.py:545} INFO - Filling up the DagBag from /opt/airflow/dags/main.py
[2026-06-01T14:04:03.503+0000] {processor.py:840} INFO - DAG(s) 'data_quality', 'produce_json', 'update_db' retrieved from /opt/airflow/dags/main.py
[2026-06-01T14:04:03.523+0000] {logging_mixin.py:188} INFO - [2026-06-01T14:04:03.522+0000] {dag.py:3096} INFO - Sync 3 DAGs
[2026-06-01T14:04:03.539+0000] {logging_mixin.py:188} INFO - [2026-06-01T14:04:03.539+0000] {dag.py:3954} INFO - Setting next_dagrun for data_quality to None, run_after=None
[2026-06-01T14:04:03.543+0000] {logging_mixin.py:188} INFO - [2026-06-01T14:04:03.543+0000] {dag.py:3954} INFO - Setting next_dagrun for produce_json to 2026-06-01 12:00:00+00:00, run_after=2026-06-02 12:00:00+00:00
[2026-06-01T14:04:03.544+0000] {logging_mixin.py:188} INFO - [2026-06-01T14:04:03.544+0000] {dag.py:3954} INFO - Setting next_dagrun for update_db to None, run_after=None
[2026-06-01T14:04:03.559+0000] {processor.py:183} INFO - Processing /opt/airflow/dags/main.py took 0.160 seconds
[2026-06-01T14:04:34.303+0000] {processor.py:161} INFO - Started process (PID=2205) to work on /opt/airflow/dags/main.py
[2026-06-01T14:04:34.304+0000] {processor.py:830} INFO - Processing file /opt/airflow/dags/main.py for tasks to queue
[2026-06-01T14:04:34.305+0000] {logging_mixin.py:188} INFO - [2026-06-01T14:04:34.305+0000] {dagbag.py:545} INFO - Filling up the DagBag from /opt/airflow/dags/main.py
[2026-06-01T14:04:34.486+0000] {processor.py:840} INFO - DAG(s) 'update_db', 'data_quality', 'produce_json' retrieved from /opt/airflow/dags/main.py
[2026-06-01T14:04:34.511+0000] {logging_mixin.py:188} INFO - [2026-06-01T14:04:34.510+0000] {dag.py:3096} INFO - Sync 3 DAGs
[2026-06-01T14:04:34.526+0000] {logging_mixin.py:188} INFO - [2026-06-01T14:04:34.526+0000] {dag.py:3954} INFO - Setting next_dagrun for data_quality to None, run_after=None
[2026-06-01T14:04:34.530+0000] {logging_mixin.py:188} INFO - [2026-06-01T14:04:34.530+0000] {dag.py:3954} INFO - Setting next_dagrun for produce_json to 2026-06-01 12:00:00+00:00, run_after=2026-06-02 12:00:00+00:00
[2026-06-01T14:04:34.532+0000] {logging_mixin.py:188} INFO - [2026-06-01T14:04:34.532+0000] {dag.py:3954} INFO - Setting next_dagrun for update_db to None, run_after=None
[2026-06-01T14:04:34.559+0000] {processor.py:183} INFO - Processing /opt/airflow/dags/main.py took 0.262 seconds
[2026-06-01T14:05:05.313+0000] {processor.py:161} INFO - Started process (PID=2212) to work on /opt/airflow/dags/main.py
[2026-06-01T14:05:05.314+0000] {processor.py:830} INFO - Processing file /opt/airflow/dags/main.py for tasks to queue
[2026-06-01T14:05:05.315+0000] {logging_mixin.py:188} INFO - [2026-06-01T14:05:05.315+0000] {dagbag.py:545} INFO - Filling up the DagBag from /opt/airflow/dags/main.py
[2026-06-01T14:05:05.388+0000] {processor.py:840} INFO - DAG(s) 'produce_json', 'data_quality', 'update_db' retrieved from /opt/airflow/dags/main.py
[2026-06-01T14:05:05.409+0000] {logging_mixin.py:188} INFO - [2026-06-01T14:05:05.409+0000] {dag.py:3096} INFO - Sync 3 DAGs
[2026-06-01T14:05:05.425+0000] {logging_mixin.py:188} INFO - [2026-06-01T14:05:05.424+0000] {dag.py:3954} INFO - Setting next_dagrun for data_quality to None, run_after=None
[2026-06-01T14:05:05.430+0000] {logging_mixin.py:188} INFO - [2026-06-01T14:05:05.430+0000] {dag.py:3954} INFO - Setting next_dagrun for produce_json to 2026-06-01 12:00:00+00:00, run_after=2026-06-02 12:00:00+00:00
[2026-06-01T14:05:05.432+0000] {logging_mixin.py:188} INFO - [2026-06-01T14:05:05.432+0000] {dag.py:3954} INFO - Setting next_dagrun for update_db to None, run_after=None
[2026-06-01T14:05:05.455+0000] {processor.py:183} INFO - Processing /opt/airflow/dags/main.py took 0.148 seconds
[2026-06-01T14:05:35.482+0000] {processor.py:161} INFO - Started process (PID=2219) to work on /opt/airflow/dags/main.py
[2026-06-01T14:05:35.483+0000] {processor.py:830} INFO - Processing file /opt/airflow/dags/main.py for tasks to queue
[2026-06-01T14:05:35.484+0000] {logging_mixin.py:188} INFO - [2026-06-01T14:05:35.484+0000] {dagbag.py:545} INFO - Filling up the DagBag from /opt/airflow/dags/main.py
[2026-06-01T14:05:35.553+0000] {processor.py:840} INFO - DAG(s) 'produce_json', 'data_quality', 'update_db' retrieved from /opt/airflow/dags/main.py
[2026-06-01T14:05:35.573+0000] {logging_mixin.py:188} INFO - [2026-06-01T14:05:35.572+0000] {dag.py:3096} INFO - Sync 3 DAGs
[2026-06-01T14:05:35.587+0000] {logging_mixin.py:188} INFO - [2026-06-01T14:05:35.586+0000] {dag.py:3954} INFO - Setting next_dagrun for data_quality to None, run_after=None
[2026-06-01T14:05:35.590+0000] {logging_mixin.py:188} INFO - [2026-06-01T14:05:35.590+0000] {dag.py:3954} INFO - Setting next_dagrun for produce_json to 2026-06-01 12:00:00+00:00, run_after=2026-06-02 12:00:00+00:00
[2026-06-01T14:05:35.592+0000] {logging_mixin.py:188} INFO - [2026-06-01T14:05:35.591+0000] {dag.py:3954} INFO - Setting next_dagrun for update_db to None, run_after=None
[2026-06-01T14:05:35.604+0000] {processor.py:183} INFO - Processing /opt/airflow/dags/main.py took 0.126 seconds
[2026-06-01T14:06:05.669+0000] {processor.py:161} INFO - Started process (PID=2226) to work on /opt/airflow/dags/main.py
[2026-06-01T14:06:05.670+0000] {processor.py:830} INFO - Processing file /opt/airflow/dags/main.py for tasks to queue
[2026-06-01T14:06:05.671+0000] {logging_mixin.py:188} INFO - [2026-06-01T14:06:05.671+0000] {dagbag.py:545} INFO - Filling up the DagBag from /opt/airflow/dags/main.py
[2026-06-01T14:06:05.736+0000] {processor.py:840} INFO - DAG(s) 'update_db', 'produce_json', 'data_quality' retrieved from /opt/airflow/dags/main.py
[2026-06-01T14:06:05.755+0000] {logging_mixin.py:188} INFO - [2026-06-01T14:06:05.754+0000] {dag.py:3096} INFO - Sync 3 DAGs
[2026-06-01T14:06:05.768+0000] {logging_mixin.py:188} INFO - [2026-06-01T14:06:05.768+0000] {dag.py:3954} INFO - Setting next_dagrun for data_quality to None, run_after=None
[2026-06-01T14:06:05.772+0000] {logging_mixin.py:188} INFO - [2026-06-01T14:06:05.772+0000] {dag.py:3954} INFO - Setting next_dagrun for produce_json to 2026-06-01 12:00:00+00:00, run_after=2026-06-02 12:00:00+00:00
[2026-06-01T14:06:05.773+0000] {logging_mixin.py:188} INFO - [2026-06-01T14:06:05.773+0000] {dag.py:3954} INFO - Setting next_dagrun for update_db to None, run_after=None
[2026-06-01T14:06:05.787+0000] {processor.py:183} INFO - Processing /opt/airflow/dags/main.py took 0.122 seconds
[2026-06-01T14:06:36.707+0000] {processor.py:161} INFO - Started process (PID=2233) to work on /opt/airflow/dags/main.py
[2026-06-01T14:06:36.707+0000] {processor.py:830} INFO - Processing file /opt/airflow/dags/main.py for tasks to queue
[2026-06-01T14:06:36.708+0000] {logging_mixin.py:188} INFO - [2026-06-01T14:06:36.708+0000] {dagbag.py:545} INFO - Filling up the DagBag from /opt/airflow/dags/main.py
[2026-06-01T14:06:36.771+0000] {processor.py:840} INFO - DAG(s) 'produce_json', 'update_db', 'data_quality' retrieved from /opt/airflow/dags/main.py
[2026-06-01T14:06:36.789+0000] {logging_mixin.py:188} INFO - [2026-06-01T14:06:36.789+0000] {dag.py:3096} INFO - Sync 3 DAGs
[2026-06-01T14:06:36.803+0000] {logging_mixin.py:188} INFO - [2026-06-01T14:06:36.803+0000] {dag.py:3954} INFO - Setting next_dagrun for data_quality to None, run_after=None
[2026-06-01T14:06:36.806+0000] {logging_mixin.py:188} INFO - [2026-06-01T14:06:36.806+0000] {dag.py:3954} INFO - Setting next_dagrun for produce_json to 2026-06-01 12:00:00+00:00, run_after=2026-06-02 12:00:00+00:00
[2026-06-01T14:06:36.807+0000] {logging_mixin.py:188} INFO - [2026-06-01T14:06:36.807+0000] {dag.py:3954} INFO - Setting next_dagrun for update_db to None, run_after=None
[2026-06-01T14:06:36.819+0000] {processor.py:183} INFO - Processing /opt/airflow/dags/main.py took 0.117 seconds
[2026-06-01T14:07:07.589+0000] {processor.py:161} INFO - Started process (PID=2240) to work on /opt/airflow/dags/main.py
[2026-06-01T14:07:07.589+0000] {processor.py:830} INFO - Processing file /opt/airflow/dags/main.py for tasks to queue
[2026-06-01T14:07:07.590+0000] {logging_mixin.py:188} INFO - [2026-06-01T14:07:07.590+0000] {dagbag.py:545} INFO - Filling up the DagBag from /opt/airflow/dags/main.py
[2026-06-01T14:07:07.653+0000] {processor.py:840} INFO - DAG(s) 'data_quality', 'update_db', 'produce_json' retrieved from /opt/airflow/dags/main.py
[2026-06-01T14:07:07.671+0000] {logging_mixin.py:188} INFO - [2026-06-01T14:07:07.671+0000] {dag.py:3096} INFO - Sync 3 DAGs
[2026-06-01T14:07:07.684+0000] {logging_mixin.py:188} INFO - [2026-06-01T14:07:07.684+0000] {dag.py:3954} INFO - Setting next_dagrun for data_quality to None, run_after=None
[2026-06-01T14:07:07.687+0000] {logging_mixin.py:188} INFO - [2026-06-01T14:07:07.687+0000] {dag.py:3954} INFO - Setting next_dagrun for produce_json to 2026-06-01 12:00:00+00:00, run_after=2026-06-02 12:00:00+00:00
[2026-06-01T14:07:07.689+0000] {logging_mixin.py:188} INFO - [2026-06-01T14:07:07.689+0000] {dag.py:3954} INFO - Setting next_dagrun for update_db to None, run_after=None
[2026-06-01T14:07:07.704+0000] {processor.py:183} INFO - Processing /opt/airflow/dags/main.py took 0.120 seconds
[2026-06-01T14:07:38.601+0000] {processor.py:161} INFO - Started process (PID=2247) to work on /opt/airflow/dags/main.py
[2026-06-01T14:07:38.602+0000] {processor.py:830} INFO - Processing file /opt/airflow/dags/main.py for tasks to queue
[2026-06-01T14:07:38.603+0000] {logging_mixin.py:188} INFO - [2026-06-01T14:07:38.603+0000] {dagbag.py:545} INFO - Filling up the DagBag from /opt/airflow/dags/main.py
[2026-06-01T14:07:38.668+0000] {processor.py:840} INFO - DAG(s) 'produce_json', 'update_db', 'data_quality' retrieved from /opt/airflow/dags/main.py
[2026-06-01T14:07:38.688+0000] {logging_mixin.py:188} INFO - [2026-06-01T14:07:38.688+0000] {dag.py:3096} INFO - Sync 3 DAGs
[2026-06-01T14:07:38.701+0000] {logging_mixin.py:188} INFO - [2026-06-01T14:07:38.700+0000] {dag.py:3954} INFO - Setting next_dagrun for data_quality to None, run_after=None
[2026-06-01T14:07:38.704+0000] {logging_mixin.py:188} INFO - [2026-06-01T14:07:38.704+0000] {dag.py:3954} INFO - Setting next_dagrun for produce_json to 2026-06-01 12:00:00+00:00, run_after=2026-06-02 12:00:00+00:00
[2026-06-01T14:07:38.705+0000] {logging_mixin.py:188} INFO - [2026-06-01T14:07:38.705+0000] {dag.py:3954} INFO - Setting next_dagrun for update_db to None, run_after=None
[2026-06-01T14:07:38.718+0000] {processor.py:183} INFO - Processing /opt/airflow/dags/main.py took 0.121 seconds
[2026-06-01T14:08:09.525+0000] {processor.py:161} INFO - Started process (PID=2254) to work on /opt/airflow/dags/main.py
[2026-06-01T14:08:09.525+0000] {processor.py:830} INFO - Processing file /opt/airflow/dags/main.py for tasks to queue
[2026-06-01T14:08:09.526+0000] {logging_mixin.py:188} INFO - [2026-06-01T14:08:09.526+0000] {dagbag.py:545} INFO - Filling up the DagBag from /opt/airflow/dags/main.py
[2026-06-01T14:08:09.590+0000] {processor.py:840} INFO - DAG(s) 'produce_json', 'update_db', 'data_quality' retrieved from /opt/airflow/dags/main.py
[2026-06-01T14:08:09.611+0000] {logging_mixin.py:188} INFO - [2026-06-01T14:08:09.611+0000] {dag.py:3096} INFO - Sync 3 DAGs
[2026-06-01T14:08:09.624+0000] {logging_mixin.py:188} INFO - [2026-06-01T14:08:09.624+0000] {dag.py:3954} INFO - Setting next_dagrun for data_quality to None, run_after=None
[2026-06-01T14:08:09.628+0000] {logging_mixin.py:188} INFO - [2026-06-01T14:08:09.628+0000] {dag.py:3954} INFO - Setting next_dagrun for produce_json to 2026-06-01 12:00:00+00:00, run_after=2026-06-02 12:00:00+00:00
[2026-06-01T14:08:09.629+0000] {logging_mixin.py:188} INFO - [2026-06-01T14:08:09.629+0000] {dag.py:3954} INFO - Setting next_dagrun for update_db to None, run_after=None
[2026-06-01T14:08:09.645+0000] {processor.py:183} INFO - Processing /opt/airflow/dags/main.py took 0.125 seconds
[2026-06-01T14:08:40.578+0000] {processor.py:161} INFO - Started process (PID=2261) to work on /opt/airflow/dags/main.py
[2026-06-01T14:08:40.579+0000] {processor.py:830} INFO - Processing file /opt/airflow/dags/main.py for tasks to queue
[2026-06-01T14:08:40.579+0000] {logging_mixin.py:188} INFO - [2026-06-01T14:08:40.579+0000] {dagbag.py:545} INFO - Filling up the DagBag from /opt/airflow/dags/main.py
[2026-06-01T14:08:40.648+0000] {processor.py:840} INFO - DAG(s) 'produce_json', 'data_quality', 'update_db' retrieved from /opt/airflow/dags/main.py
[2026-06-01T14:08:40.666+0000] {logging_mixin.py:188} INFO - [2026-06-01T14:08:40.666+0000] {dag.py:3096} INFO - Sync 3 DAGs
[2026-06-01T14:08:40.679+0000] {logging_mixin.py:188} INFO - [2026-06-01T14:08:40.679+0000] {dag.py:3954} INFO - Setting next_dagrun for data_quality to None, run_after=None
[2026-06-01T14:08:40.683+0000] {logging_mixin.py:188} INFO - [2026-06-01T14:08:40.683+0000] {dag.py:3954} INFO - Setting next_dagrun for produce_json to 2026-06-01 12:00:00+00:00, run_after=2026-06-02 12:00:00+00:00
[2026-06-01T14:08:40.684+0000] {logging_mixin.py:188} INFO - [2026-06-01T14:08:40.684+0000] {dag.py:3954} INFO - Setting next_dagrun for update_db to None, run_after=None
[2026-06-01T14:08:40.696+0000] {processor.py:183} INFO - Processing /opt/airflow/dags/main.py took 0.122 seconds
[2026-06-01T14:09:11.537+0000] {processor.py:161} INFO - Started process (PID=2268) to work on /opt/airflow/dags/main.py
[2026-06-01T14:09:11.538+0000] {processor.py:830} INFO - Processing file /opt/airflow/dags/main.py for tasks to queue
[2026-06-01T14:09:11.539+0000] {logging_mixin.py:188} INFO - [2026-06-01T14:09:11.538+0000] {dagbag.py:545} INFO - Filling up the DagBag from /opt/airflow/dags/main.py
[2026-06-01T14:09:11.601+0000] {processor.py:840} INFO - DAG(s) 'update_db', 'produce_json', 'data_quality' retrieved from /opt/airflow/dags/main.py
[2026-06-01T14:09:11.621+0000] {logging_mixin.py:188} INFO - [2026-06-01T14:09:11.621+0000] {dag.py:3096} INFO - Sync 3 DAGs
[2026-06-01T14:09:11.635+0000] {logging_mixin.py:188} INFO - [2026-06-01T14:09:11.634+0000] {dag.py:3954} INFO - Setting next_dagrun for data_quality to None, run_after=None
[2026-06-01T14:09:11.638+0000] {logging_mixin.py:188} INFO - [2026-06-01T14:09:11.638+0000] {dag.py:3954} INFO - Setting next_dagrun for produce_json to 2026-06-01 12:00:00+00:00, run_after=2026-06-02 12:00:00+00:00
[2026-06-01T14:09:11.640+0000] {logging_mixin.py:188} INFO - [2026-06-01T14:09:11.640+0000] {dag.py:3954} INFO - Setting next_dagrun for update_db to None, run_after=None
[2026-06-01T14:09:11.655+0000] {processor.py:183} INFO - Processing /opt/airflow/dags/main.py took 0.122 seconds
[2026-06-01T14:09:42.633+0000] {processor.py:161} INFO - Started process (PID=2275) to work on /opt/airflow/dags/main.py
[2026-06-01T14:09:42.634+0000] {processor.py:830} INFO - Processing file /opt/airflow/dags/main.py for tasks to queue
[2026-06-01T14:09:42.634+0000] {logging_mixin.py:188} INFO - [2026-06-01T14:09:42.634+0000] {dagbag.py:545} INFO - Filling up the DagBag from /opt/airflow/dags/main.py
[2026-06-01T14:09:42.698+0000] {processor.py:840} INFO - DAG(s) 'data_quality', 'produce_json', 'update_db' retrieved from /opt/airflow/dags/main.py
[2026-06-01T14:09:42.717+0000] {logging_mixin.py:188} INFO - [2026-06-01T14:09:42.717+0000] {dag.py:3096} INFO - Sync 3 DAGs
[2026-06-01T14:09:42.733+0000] {logging_mixin.py:188} INFO - [2026-06-01T14:09:42.733+0000] {dag.py:3954} INFO - Setting next_dagrun for data_quality to None, run_after=None
[2026-06-01T14:09:42.737+0000] {logging_mixin.py:188} INFO - [2026-06-01T14:09:42.737+0000] {dag.py:3954} INFO - Setting next_dagrun for produce_json to 2026-06-01 12:00:00+00:00, run_after=2026-06-02 12:00:00+00:00
[2026-06-01T14:09:42.738+0000] {logging_mixin.py:188} INFO - [2026-06-01T14:09:42.738+0000] {dag.py:3954} INFO - Setting next_dagrun for update_db to None, run_after=None
[2026-06-01T14:09:42.759+0000] {processor.py:183} INFO - Processing /opt/airflow/dags/main.py took 0.130 seconds
[2026-06-01T14:10:13.728+0000] {processor.py:161} INFO - Started process (PID=2282) to work on /opt/airflow/dags/main.py
[2026-06-01T14:10:13.728+0000] {processor.py:830} INFO - Processing file /opt/airflow/dags/main.py for tasks to queue
[2026-06-01T14:10:13.729+0000] {logging_mixin.py:188} INFO - [2026-06-01T14:10:13.729+0000] {dagbag.py:545} INFO - Filling up the DagBag from /opt/airflow/dags/main.py
[2026-06-01T14:10:13.808+0000] {processor.py:840} INFO - DAG(s) 'produce_json', 'data_quality', 'update_db' retrieved from /opt/airflow/dags/main.py
[2026-06-01T14:10:13.828+0000] {logging_mixin.py:188} INFO - [2026-06-01T14:10:13.828+0000] {dag.py:3096} INFO - Sync 3 DAGs
[2026-06-01T14:10:13.843+0000] {logging_mixin.py:188} INFO - [2026-06-01T14:10:13.843+0000] {dag.py:3954} INFO - Setting next_dagrun for data_quality to None, run_after=None
[2026-06-01T14:10:13.846+0000] {logging_mixin.py:188} INFO - [2026-06-01T14:10:13.846+0000] {dag.py:3954} INFO - Setting next_dagrun for produce_json to 2026-06-01 12:00:00+00:00, run_after=2026-06-02 12:00:00+00:00
[2026-06-01T14:10:13.848+0000] {logging_mixin.py:188} INFO - [2026-06-01T14:10:13.848+0000] {dag.py:3954} INFO - Setting next_dagrun for update_db to None, run_after=None
[2026-06-01T14:10:13.863+0000] {processor.py:183} INFO - Processing /opt/airflow/dags/main.py took 0.140 seconds
[2026-06-01T14:10:44.020+0000] {processor.py:161} INFO - Started process (PID=2289) to work on /opt/airflow/dags/main.py
[2026-06-01T14:10:44.021+0000] {processor.py:830} INFO - Processing file /opt/airflow/dags/main.py for tasks to queue
[2026-06-01T14:10:44.021+0000] {logging_mixin.py:188} INFO - [2026-06-01T14:10:44.021+0000] {dagbag.py:545} INFO - Filling up the DagBag from /opt/airflow/dags/main.py
[2026-06-01T14:10:44.097+0000] {processor.py:840} INFO - DAG(s) 'update_db', 'data_quality', 'produce_json' retrieved from /opt/airflow/dags/main.py
[2026-06-01T14:10:44.121+0000] {logging_mixin.py:188} INFO - [2026-06-01T14:10:44.121+0000] {dag.py:3096} INFO - Sync 3 DAGs
[2026-06-01T14:10:44.136+0000] {logging_mixin.py:188} INFO - [2026-06-01T14:10:44.136+0000] {dag.py:3954} INFO - Setting next_dagrun for data_quality to None, run_after=None
[2026-06-01T14:10:44.140+0000] {logging_mixin.py:188} INFO - [2026-06-01T14:10:44.140+0000] {dag.py:3954} INFO - Setting next_dagrun for produce_json to 2026-06-01 12:00:00+00:00, run_after=2026-06-02 12:00:00+00:00
[2026-06-01T14:10:44.141+0000] {logging_mixin.py:188} INFO - [2026-06-01T14:10:44.141+0000] {dag.py:3954} INFO - Setting next_dagrun for update_db to None, run_after=None
[2026-06-01T14:10:44.155+0000] {processor.py:183} INFO - Processing /opt/airflow/dags/main.py took 0.140 seconds
[2026-06-01T14:11:14.751+0000] {processor.py:161} INFO - Started process (PID=2297) to work on /opt/airflow/dags/main.py
[2026-06-01T14:11:14.752+0000] {processor.py:830} INFO - Processing file /opt/airflow/dags/main.py for tasks to queue
[2026-06-01T14:11:14.753+0000] {logging_mixin.py:188} INFO - [2026-06-01T14:11:14.753+0000] {dagbag.py:545} INFO - Filling up the DagBag from /opt/airflow/dags/main.py
[2026-06-01T14:11:14.977+0000] {processor.py:840} INFO - DAG(s) 'produce_json', 'data_quality', 'update_db' retrieved from /opt/airflow/dags/main.py
[2026-06-01T14:11:15.002+0000] {logging_mixin.py:188} INFO - [2026-06-01T14:11:15.001+0000] {dag.py:3096} INFO - Sync 3 DAGs
[2026-06-01T14:11:15.017+0000] {logging_mixin.py:188} INFO - [2026-06-01T14:11:15.017+0000] {dag.py:3954} INFO - Setting next_dagrun for data_quality to None, run_after=None
[2026-06-01T14:11:15.022+0000] {logging_mixin.py:188} INFO - [2026-06-01T14:11:15.021+0000] {dag.py:3954} INFO - Setting next_dagrun for produce_json to 2026-06-01 12:00:00+00:00, run_after=2026-06-02 12:00:00+00:00
[2026-06-01T14:11:15.023+0000] {logging_mixin.py:188} INFO - [2026-06-01T14:11:15.023+0000] {dag.py:3954} INFO - Setting next_dagrun for update_db to None, run_after=None
[2026-06-01T14:11:15.037+0000] {processor.py:183} INFO - Processing /opt/airflow/dags/main.py took 0.293 seconds
[2026-06-01T14:11:45.659+0000] {processor.py:161} INFO - Started process (PID=2298) to work on /opt/airflow/dags/main.py
[2026-06-01T14:11:45.661+0000] {processor.py:830} INFO - Processing file /opt/airflow/dags/main.py for tasks to queue
[2026-06-01T14:11:45.661+0000] {logging_mixin.py:188} INFO - [2026-06-01T14:11:45.661+0000] {dagbag.py:545} INFO - Filling up the DagBag from /opt/airflow/dags/main.py
[2026-06-01T14:11:45.772+0000] {processor.py:840} INFO - DAG(s) 'produce_json', 'update_db', 'data_quality' retrieved from /opt/airflow/dags/main.py
[2026-06-01T14:11:45.811+0000] {logging_mixin.py:188} INFO - [2026-06-01T14:11:45.811+0000] {dag.py:3096} INFO - Sync 3 DAGs
[2026-06-01T14:11:45.834+0000] {logging_mixin.py:188} INFO - [2026-06-01T14:11:45.834+0000] {dag.py:3954} INFO - Setting next_dagrun for data_quality to None, run_after=None
[2026-06-01T14:11:45.839+0000] {logging_mixin.py:188} INFO - [2026-06-01T14:11:45.839+0000] {dag.py:3954} INFO - Setting next_dagrun for produce_json to 2026-06-01 12:00:00+00:00, run_after=2026-06-02 12:00:00+00:00
[2026-06-01T14:11:45.840+0000] {logging_mixin.py:188} INFO - [2026-06-01T14:11:45.840+0000] {dag.py:3954} INFO - Setting next_dagrun for update_db to None, run_after=None
[2026-06-01T14:11:45.853+0000] {processor.py:183} INFO - Processing /opt/airflow/dags/main.py took 0.209 seconds
[2026-06-01T14:12:16.482+0000] {processor.py:161} INFO - Started process (PID=2305) to work on /opt/airflow/dags/main.py
[2026-06-01T14:12:16.483+0000] {processor.py:830} INFO - Processing file /opt/airflow/dags/main.py for tasks to queue
[2026-06-01T14:12:16.484+0000] {logging_mixin.py:188} INFO - [2026-06-01T14:12:16.484+0000] {dagbag.py:545} INFO - Filling up the DagBag from /opt/airflow/dags/main.py
[2026-06-01T14:12:16.561+0000] {processor.py:840} INFO - DAG(s) 'update_db', 'produce_json', 'data_quality' retrieved from /opt/airflow/dags/main.py
[2026-06-01T14:12:16.584+0000] {logging_mixin.py:188} INFO - [2026-06-01T14:12:16.583+0000] {dag.py:3096} INFO - Sync 3 DAGs
[2026-06-01T14:12:16.598+0000] {logging_mixin.py:188} INFO - [2026-06-01T14:12:16.597+0000] {dag.py:3954} INFO - Setting next_dagrun for data_quality to None, run_after=None
[2026-06-01T14:12:16.602+0000] {logging_mixin.py:188} INFO - [2026-06-01T14:12:16.602+0000] {dag.py:3954} INFO - Setting next_dagrun for produce_json to 2026-06-01 12:00:00+00:00, run_after=2026-06-02 12:00:00+00:00
[2026-06-01T14:12:16.603+0000] {logging_mixin.py:188} INFO - [2026-06-01T14:12:16.603+0000] {dag.py:3954} INFO - Setting next_dagrun for update_db to None, run_after=None
[2026-06-01T14:12:16.616+0000] {processor.py:183} INFO - Processing /opt/airflow/dags/main.py took 0.140 seconds
[2026-06-01T14:12:47.383+0000] {processor.py:161} INFO - Started process (PID=2312) to work on /opt/airflow/dags/main.py
[2026-06-01T14:12:47.384+0000] {processor.py:830} INFO - Processing file /opt/airflow/dags/main.py for tasks to queue
[2026-06-01T14:12:47.385+0000] {logging_mixin.py:188} INFO - [2026-06-01T14:12:47.385+0000] {dagbag.py:545} INFO - Filling up the DagBag from /opt/airflow/dags/main.py
[2026-06-01T14:12:47.459+0000] {processor.py:840} INFO - DAG(s) 'update_db', 'produce_json', 'data_quality' retrieved from /opt/airflow/dags/main.py
[2026-06-01T14:12:47.481+0000] {logging_mixin.py:188} INFO - [2026-06-01T14:12:47.481+0000] {dag.py:3096} INFO - Sync 3 DAGs
[2026-06-01T14:12:47.498+0000] {logging_mixin.py:188} INFO - [2026-06-01T14:12:47.498+0000] {dag.py:3954} INFO - Setting next_dagrun for data_quality to None, run_after=None
[2026-06-01T14:12:47.503+0000] {logging_mixin.py:188} INFO - [2026-06-01T14:12:47.503+0000] {dag.py:3954} INFO - Setting next_dagrun for produce_json to 2026-06-01 12:00:00+00:00, run_after=2026-06-02 12:00:00+00:00
[2026-06-01T14:12:47.505+0000] {logging_mixin.py:188} INFO - [2026-06-01T14:12:47.505+0000] {dag.py:3954} INFO - Setting next_dagrun for update_db to None, run_after=None
[2026-06-01T14:12:47.520+0000] {processor.py:183} INFO - Processing /opt/airflow/dags/main.py took 0.142 seconds
[2026-06-01T14:13:18.400+0000] {processor.py:161} INFO - Started process (PID=2319) to work on /opt/airflow/dags/main.py
[2026-06-01T14:13:18.402+0000] {processor.py:830} INFO - Processing file /opt/airflow/dags/main.py for tasks to queue
[2026-06-01T14:13:18.402+0000] {logging_mixin.py:188} INFO - [2026-06-01T14:13:18.402+0000] {dagbag.py:545} INFO - Filling up the DagBag from /opt/airflow/dags/main.py
[2026-06-01T14:13:18.476+0000] {processor.py:840} INFO - DAG(s) 'update_db', 'data_quality', 'produce_json' retrieved from /opt/airflow/dags/main.py
[2026-06-01T14:13:18.497+0000] {logging_mixin.py:188} INFO - [2026-06-01T14:13:18.496+0000] {dag.py:3096} INFO - Sync 3 DAGs
[2026-06-01T14:13:18.510+0000] {logging_mixin.py:188} INFO - [2026-06-01T14:13:18.510+0000] {dag.py:3954} INFO - Setting next_dagrun for data_quality to None, run_after=None
[2026-06-01T14:13:18.514+0000] {logging_mixin.py:188} INFO - [2026-06-01T14:13:18.514+0000] {dag.py:3954} INFO - Setting next_dagrun for produce_json to 2026-06-01 12:00:00+00:00, run_after=2026-06-02 12:00:00+00:00
[2026-06-01T14:13:18.515+0000] {logging_mixin.py:188} INFO - [2026-06-01T14:13:18.515+0000] {dag.py:3954} INFO - Setting next_dagrun for update_db to None, run_after=None
[2026-06-01T14:13:18.528+0000] {processor.py:183} INFO - Processing /opt/airflow/dags/main.py took 0.133 seconds
[2026-06-01T14:13:49.190+0000] {processor.py:161} INFO - Started process (PID=2326) to work on /opt/airflow/dags/main.py
[2026-06-01T14:13:49.191+0000] {processor.py:830} INFO - Processing file /opt/airflow/dags/main.py for tasks to queue
[2026-06-01T14:13:49.192+0000] {logging_mixin.py:188} INFO - [2026-06-01T14:13:49.192+0000] {dagbag.py:545} INFO - Filling up the DagBag from /opt/airflow/dags/main.py
[2026-06-01T14:13:49.264+0000] {processor.py:840} INFO - DAG(s) 'produce_json', 'data_quality', 'update_db' retrieved from /opt/airflow/dags/main.py
[2026-06-01T14:13:49.285+0000] {logging_mixin.py:188} INFO - [2026-06-01T14:13:49.285+0000] {dag.py:3096} INFO - Sync 3 DAGs
[2026-06-01T14:13:49.300+0000] {logging_mixin.py:188} INFO - [2026-06-01T14:13:49.300+0000] {dag.py:3954} INFO - Setting next_dagrun for data_quality to None, run_after=None
[2026-06-01T14:13:49.304+0000] {logging_mixin.py:188} INFO - [2026-06-01T14:13:49.304+0000] {dag.py:3954} INFO - Setting next_dagrun for produce_json to 2026-06-01 12:00:00+00:00, run_after=2026-06-02 12:00:00+00:00
[2026-06-01T14:13:49.305+0000] {logging_mixin.py:188} INFO - [2026-06-01T14:13:49.305+0000] {dag.py:3954} INFO - Setting next_dagrun for update_db to None, run_after=None
[2026-06-01T14:13:49.325+0000] {processor.py:183} INFO - Processing /opt/airflow/dags/main.py took 0.140 seconds
[2026-06-01T14:14:20.127+0000] {processor.py:161} INFO - Started process (PID=2333) to work on /opt/airflow/dags/main.py
[2026-06-01T14:14:20.128+0000] {processor.py:830} INFO - Processing file /opt/airflow/dags/main.py for tasks to queue
[2026-06-01T14:14:20.128+0000] {logging_mixin.py:188} INFO - [2026-06-01T14:14:20.128+0000] {dagbag.py:545} INFO - Filling up the DagBag from /opt/airflow/dags/main.py
[2026-06-01T14:14:20.207+0000] {processor.py:840} INFO - DAG(s) 'produce_json', 'data_quality', 'update_db' retrieved from /opt/airflow/dags/main.py
[2026-06-01T14:14:20.231+0000] {logging_mixin.py:188} INFO - [2026-06-01T14:14:20.230+0000] {dag.py:3096} INFO - Sync 3 DAGs
[2026-06-01T14:14:20.247+0000] {logging_mixin.py:188} INFO - [2026-06-01T14:14:20.247+0000] {dag.py:3954} INFO - Setting next_dagrun for data_quality to None, run_after=None
[2026-06-01T14:14:20.251+0000] {logging_mixin.py:188} INFO - [2026-06-01T14:14:20.251+0000] {dag.py:3954} INFO - Setting next_dagrun for produce_json to 2026-06-01 12:00:00+00:00, run_after=2026-06-02 12:00:00+00:00
[2026-06-01T14:14:20.253+0000] {logging_mixin.py:188} INFO - [2026-06-01T14:14:20.252+0000] {dag.py:3954} INFO - Setting next_dagrun for update_db to None, run_after=None
[2026-06-01T14:14:20.267+0000] {processor.py:183} INFO - Processing /opt/airflow/dags/main.py took 0.145 seconds
[2026-06-01T14:14:53.117+0000] {processor.py:161} INFO - Started process (PID=2340) to work on /opt/airflow/dags/main.py
[2026-06-01T14:14:53.118+0000] {processor.py:830} INFO - Processing file /opt/airflow/dags/main.py for tasks to queue
[2026-06-01T14:14:53.119+0000] {logging_mixin.py:188} INFO - [2026-06-01T14:14:53.119+0000] {dagbag.py:545} INFO - Filling up the DagBag from /opt/airflow/dags/main.py
[2026-06-01T14:14:53.211+0000] {processor.py:840} INFO - DAG(s) 'produce_json', 'update_db', 'data_quality' retrieved from /opt/airflow/dags/main.py
[2026-06-01T14:14:53.235+0000] {logging_mixin.py:188} INFO - [2026-06-01T14:14:53.234+0000] {dag.py:3096} INFO - Sync 3 DAGs
[2026-06-01T14:14:53.250+0000] {logging_mixin.py:188} INFO - [2026-06-01T14:14:53.250+0000] {dag.py:3954} INFO - Setting next_dagrun for data_quality to None, run_after=None
[2026-06-01T14:14:53.254+0000] {logging_mixin.py:188} INFO - [2026-06-01T14:14:53.254+0000] {dag.py:3954} INFO - Setting next_dagrun for produce_json to 2026-06-01 12:00:00+00:00, run_after=2026-06-02 12:00:00+00:00
[2026-06-01T14:14:53.256+0000] {logging_mixin.py:188} INFO - [2026-06-01T14:14:53.256+0000] {dag.py:3954} INFO - Setting next_dagrun for update_db to None, run_after=None
[2026-06-01T14:14:53.273+0000] {processor.py:183} INFO - Processing /opt/airflow/dags/main.py took 0.162 seconds
