[2026-05-31T11:13:58.760+0000] {local_task_job_runner.py:120} INFO - ::group::Pre task execution logs
[2026-05-31T11:13:58.776+0000] {taskinstance.py:2076} INFO - Dependencies all met for dep_context=non-requeueable deps ti=<TaskInstance: update_db.core_table manual__2026-05-31T11:13:54.276535+00:00 [queued]>
[2026-05-31T11:13:58.781+0000] {taskinstance.py:2076} INFO - Dependencies all met for dep_context=requeueable deps ti=<TaskInstance: update_db.core_table manual__2026-05-31T11:13:54.276535+00:00 [queued]>
[2026-05-31T11:13:58.782+0000] {taskinstance.py:2306} INFO - Starting attempt 1 of 1
[2026-05-31T11:13:58.794+0000] {taskinstance.py:2330} INFO - Executing <Task(_PythonDecoratedOperator): core_table> on 2026-05-31 11:13:54.276535+00:00
[2026-05-31T11:13:58.798+0000] {standard_task_runner.py:63} INFO - Started process 784 to run task
[2026-05-31T11:13:58.800+0000] {standard_task_runner.py:90} INFO - Running: ['airflow', 'tasks', 'run', 'update_db', 'core_table', 'manual__2026-05-31T11:13:54.276535+00:00', '--job-id', '36', '--raw', '--subdir', 'DAGS_FOLDER/main.py', '--cfg-path', '/tmp/tmpd17i71gl']
[2026-05-31T11:13:58.802+0000] {standard_task_runner.py:91} INFO - Job 36: Subtask core_table
[2026-05-31T11:13:58.838+0000] {task_command.py:426} INFO - Running <TaskInstance: update_db.core_table manual__2026-05-31T11:13:54.276535+00:00 [running]> on host fa7e94e85520
[2026-05-31T11:13:58.896+0000] {taskinstance.py:2648} INFO - Exporting env vars: AIRFLOW_CTX_DAG_EMAIL='data@engineers.com' AIRFLOW_CTX_DAG_OWNER='dataengineers' AIRFLOW_CTX_DAG_ID='update_db' AIRFLOW_CTX_TASK_ID='core_table' AIRFLOW_CTX_EXECUTION_DATE='2026-05-31T11:13:54.276535+00:00' AIRFLOW_CTX_TRY_NUMBER='1' AIRFLOW_CTX_DAG_RUN_ID='manual__2026-05-31T11:13:54.276535+00:00'
[2026-05-31T11:13:58.897+0000] {taskinstance.py:430} INFO - ::endgroup::
[2026-05-31T11:13:58.904+0000] {base.py:84} INFO - Using connection ID 'postgres_db_yt_elt' for task execution.
[2026-05-31T11:13:58.908+0000] {base.py:84} INFO - Using connection ID 'postgres_db_yt_elt' for task execution.
[2026-05-31T11:13:58.913+0000] {base.py:84} INFO - Using connection ID 'postgres_db_yt_elt' for task execution.
[2026-05-31T11:13:58.933+0000] {data_modification.py:75} INFO - Updated row with Video_ID: AaMdXZMvT3w
[2026-05-31T11:13:58.936+0000] {data_modification.py:75} INFO - Updated row with Video_ID: QAkEMtJpq3c
[2026-05-31T11:13:58.939+0000] {data_modification.py:75} INFO - Updated row with Video_ID: hCuqh2NU2Yg
[2026-05-31T11:13:58.941+0000] {data_modification.py:75} INFO - Updated row with Video_ID: B9LizOAAoLg
[2026-05-31T11:13:58.944+0000] {data_modification.py:75} INFO - Updated row with Video_ID: rqsRdfdN4uI
[2026-05-31T11:13:58.946+0000] {data_modification.py:75} INFO - Updated row with Video_ID: feu5PQvoCiA
[2026-05-31T11:13:58.949+0000] {data_modification.py:75} INFO - Updated row with Video_ID: 6Zy5VLcEbZc
[2026-05-31T11:13:58.951+0000] {data_modification.py:75} INFO - Updated row with Video_ID: VEGq2Du_HCw
[2026-05-31T11:13:58.953+0000] {data_modification.py:75} INFO - Updated row with Video_ID: EdT5Z16Y5WE
[2026-05-31T11:13:58.956+0000] {data_modification.py:75} INFO - Updated row with Video_ID: ScjQAcbA9e4
[2026-05-31T11:13:58.958+0000] {data_modification.py:75} INFO - Updated row with Video_ID: hRBpDdWbUpI
[2026-05-31T11:13:58.960+0000] {data_modification.py:75} INFO - Updated row with Video_ID: pzxtGL9kzPs
[2026-05-31T11:13:58.963+0000] {data_modification.py:75} INFO - Updated row with Video_ID: yy-Nt0dRhNI
[2026-05-31T11:13:58.965+0000] {data_modification.py:75} INFO - Updated row with Video_ID: zRtGL0-5rg4
[2026-05-31T11:13:58.967+0000] {data_modification.py:75} INFO - Updated row with Video_ID: mFWpUx3FiyU
[2026-05-31T11:13:58.970+0000] {data_modification.py:75} INFO - Updated row with Video_ID: 6W_841xoprg
[2026-05-31T11:13:58.972+0000] {data_modification.py:75} INFO - Updated row with Video_ID: VIJLIo5yT1I
[2026-05-31T11:13:58.974+0000] {data_modification.py:75} INFO - Updated row with Video_ID: _JUlWtSCNbs
[2026-05-31T11:13:58.977+0000] {data_modification.py:75} INFO - Updated row with Video_ID: AKC50SZQFN8
[2026-05-31T11:13:58.979+0000] {data_modification.py:75} INFO - Updated row with Video_ID: 897gvApD6V4
[2026-05-31T11:13:58.982+0000] {data_modification.py:75} INFO - Updated row with Video_ID: Z9NxQdQ8Rpg
[2026-05-31T11:13:58.984+0000] {data_modification.py:75} INFO - Updated row with Video_ID: JFtlf8RoPZY
[2026-05-31T11:13:58.987+0000] {data_modification.py:75} INFO - Updated row with Video_ID: jCE1Ol3PYDs
[2026-05-31T11:13:58.989+0000] {data_modification.py:75} INFO - Updated row with Video_ID: IqL-ZunFfpk
[2026-05-31T11:13:58.991+0000] {data_modification.py:75} INFO - Updated row with Video_ID: purAsH7pXTQ
[2026-05-31T11:13:58.994+0000] {data_modification.py:75} INFO - Updated row with Video_ID: IEuDUhGIJ5c
[2026-05-31T11:13:58.996+0000] {data_modification.py:75} INFO - Updated row with Video_ID: IcuJ3vO_t3k
[2026-05-31T11:13:58.999+0000] {data_modification.py:75} INFO - Updated row with Video_ID: c9VS_cgInT4
[2026-05-31T11:13:59.001+0000] {data_modification.py:75} INFO - Updated row with Video_ID: KaUuPNYHFNg
[2026-05-31T11:13:59.003+0000] {data_modification.py:75} INFO - Updated row with Video_ID: 5OLs1GWB4OA
[2026-05-31T11:13:59.005+0000] {data_modification.py:75} INFO - Updated row with Video_ID: hjkbqeWQAM8
[2026-05-31T11:13:59.008+0000] {data_modification.py:75} INFO - Updated row with Video_ID: XbaZ45LVzzM
[2026-05-31T11:13:59.010+0000] {data_modification.py:75} INFO - Updated row with Video_ID: gar4U3n-ILY
[2026-05-31T11:13:59.012+0000] {data_modification.py:75} INFO - Updated row with Video_ID: 9WEQts7b8Pw
[2026-05-31T11:13:59.014+0000] {data_modification.py:75} INFO - Updated row with Video_ID: toIeUtplfWQ
[2026-05-31T11:13:59.017+0000] {data_modification.py:75} INFO - Updated row with Video_ID: _sBRk9ADpK8
[2026-05-31T11:13:59.019+0000] {data_modification.py:75} INFO - Updated row with Video_ID: kNLr-cduzuo
[2026-05-31T11:13:59.021+0000] {data_modification.py:75} INFO - Updated row with Video_ID: pAnGwRiQ4-4
[2026-05-31T11:13:59.023+0000] {data_modification.py:75} INFO - Updated row with Video_ID: wSh8fAFWEWs
[2026-05-31T11:13:59.026+0000] {data_modification.py:75} INFO - Updated row with Video_ID: 3GNyw4uaAqU
[2026-05-31T11:13:59.028+0000] {data_modification.py:75} INFO - Updated row with Video_ID: ywIcdSNJolo
[2026-05-31T11:13:59.030+0000] {data_modification.py:75} INFO - Updated row with Video_ID: QJI0an6irrA
[2026-05-31T11:13:59.032+0000] {data_modification.py:75} INFO - Updated row with Video_ID: mktYW177p6U
[2026-05-31T11:13:59.034+0000] {data_modification.py:75} INFO - Updated row with Video_ID: 7aE4EhHXzlA
[2026-05-31T11:13:59.037+0000] {data_modification.py:75} INFO - Updated row with Video_ID: IJkB-oapuks
[2026-05-31T11:13:59.039+0000] {data_modification.py:75} INFO - Updated row with Video_ID: ZFoNBxpXen4
[2026-05-31T11:13:59.041+0000] {data_modification.py:75} INFO - Updated row with Video_ID: RB71Z-vVvCc
[2026-05-31T11:13:59.043+0000] {data_modification.py:75} INFO - Updated row with Video_ID: fO5FwBcCJBY
[2026-05-31T11:13:59.045+0000] {data_modification.py:75} INFO - Updated row with Video_ID: U-x6KxH1kB4
[2026-05-31T11:13:59.048+0000] {data_modification.py:75} INFO - Updated row with Video_ID: 8bMh8azh3CY
[2026-05-31T11:13:59.050+0000] {data_modification.py:75} INFO - Updated row with Video_ID: SE9xF1l3ZwE
[2026-05-31T11:13:59.052+0000] {data_modification.py:75} INFO - Updated row with Video_ID: rF00lQ_upzg
[2026-05-31T11:13:59.054+0000] {data_modification.py:75} INFO - Updated row with Video_ID: uZY9xr-QAk0
[2026-05-31T11:13:59.057+0000] {data_modification.py:75} INFO - Updated row with Video_ID: AWBsoArakNY
[2026-05-31T11:13:59.059+0000] {data_modification.py:75} INFO - Updated row with Video_ID: Ah_uuTwGOYU
[2026-05-31T11:13:59.061+0000] {data_modification.py:75} INFO - Updated row with Video_ID: WROMyJAJmp4
[2026-05-31T11:13:59.063+0000] {data_modification.py:75} INFO - Updated row with Video_ID: tAwzBYE18Us
[2026-05-31T11:13:59.065+0000] {data_modification.py:75} INFO - Updated row with Video_ID: LyFMbY-c_Lc
[2026-05-31T11:13:59.067+0000] {data_modification.py:75} INFO - Updated row with Video_ID: 3RmOvxilbPM
[2026-05-31T11:13:59.070+0000] {data_modification.py:75} INFO - Updated row with Video_ID: R7MkZL5i3FQ
[2026-05-31T11:13:59.072+0000] {data_modification.py:75} INFO - Updated row with Video_ID: 26QQE7EsnLA
[2026-05-31T11:13:59.074+0000] {data_modification.py:75} INFO - Updated row with Video_ID: PryTbmudhS8
[2026-05-31T11:13:59.076+0000] {data_modification.py:75} INFO - Updated row with Video_ID: Oo9EbArcQ1c
[2026-05-31T11:13:59.079+0000] {data_modification.py:75} INFO - Updated row with Video_ID: yWEUL3crU_E
[2026-05-31T11:13:59.081+0000] {data_modification.py:75} INFO - Updated row with Video_ID: JgJrQnDIRgg
[2026-05-31T11:13:59.083+0000] {data_modification.py:75} INFO - Updated row with Video_ID: gtkqnhN0VkU
[2026-05-31T11:13:59.085+0000] {data_modification.py:75} INFO - Updated row with Video_ID: hYahU_Cqwp8
[2026-05-31T11:13:59.088+0000] {data_modification.py:75} INFO - Updated row with Video_ID: SllXaJiQjBA
[2026-05-31T11:13:59.090+0000] {data_modification.py:75} INFO - Updated row with Video_ID: dqpCvSU-ECE
[2026-05-31T11:13:59.092+0000] {data_modification.py:75} INFO - Updated row with Video_ID: 686PL7rt654
[2026-05-31T11:13:59.094+0000] {data_modification.py:75} INFO - Updated row with Video_ID: zo7i8VTpfNM
[2026-05-31T11:13:59.096+0000] {data_modification.py:75} INFO - Updated row with Video_ID: NfhuGUyWYfQ
[2026-05-31T11:13:59.099+0000] {data_modification.py:75} INFO - Updated row with Video_ID: wIpWCJKfRXs
[2026-05-31T11:13:59.101+0000] {data_modification.py:75} INFO - Updated row with Video_ID: 9Xeepzg1B8I
[2026-05-31T11:13:59.103+0000] {data_modification.py:75} INFO - Updated row with Video_ID: 50G0kIty7Cg
[2026-05-31T11:13:59.105+0000] {data_modification.py:75} INFO - Updated row with Video_ID: 4l97aNza_Zc
[2026-05-31T11:13:59.107+0000] {data_modification.py:75} INFO - Updated row with Video_ID: 3ih2bPKSWsQ
[2026-05-31T11:13:59.110+0000] {data_modification.py:75} INFO - Updated row with Video_ID: uA9Zcg3vHvo
[2026-05-31T11:13:59.112+0000] {data_modification.py:75} INFO - Updated row with Video_ID: _AbFXuGDRTs
[2026-05-31T11:13:59.114+0000] {data_modification.py:75} INFO - Updated row with Video_ID: MOGW3v3pJ5Y
[2026-05-31T11:13:59.116+0000] {data_modification.py:75} INFO - Updated row with Video_ID: XNtTO_339kU
[2026-05-31T11:13:59.118+0000] {data_modification.py:75} INFO - Updated row with Video_ID: rB9NynBZ4go
[2026-05-31T11:13:59.121+0000] {data_modification.py:75} INFO - Updated row with Video_ID: R_BmT1OJw98
[2026-05-31T11:13:59.123+0000] {data_modification.py:75} INFO - Updated row with Video_ID: vpRW4JhzfSE
[2026-05-31T11:13:59.125+0000] {data_modification.py:75} INFO - Updated row with Video_ID: qXW93Cois2s
[2026-05-31T11:13:59.127+0000] {data_modification.py:75} INFO - Updated row with Video_ID: r7f0L48dHpc
[2026-05-31T11:13:59.130+0000] {data_modification.py:75} INFO - Updated row with Video_ID: Z4hVGCWH1Kc
[2026-05-31T11:13:59.132+0000] {data_modification.py:75} INFO - Updated row with Video_ID: zxuICI0kL3s
[2026-05-31T11:13:59.134+0000] {data_modification.py:75} INFO - Updated row with Video_ID: R1SFXJo-FlE
[2026-05-31T11:13:59.137+0000] {data_modification.py:75} INFO - Updated row with Video_ID: lQz5aqjZ3lQ
[2026-05-31T11:13:59.139+0000] {data_modification.py:75} INFO - Updated row with Video_ID: EiFcNbXBqeo
[2026-05-31T11:13:59.141+0000] {data_modification.py:75} INFO - Updated row with Video_ID: pzBi1nwDn8U
[2026-05-31T11:13:59.143+0000] {data_modification.py:75} INFO - Updated row with Video_ID: R7oW0LwS_e4
[2026-05-31T11:13:59.145+0000] {data_modification.py:75} INFO - Updated row with Video_ID: BfKI_TQnQvo
[2026-05-31T11:13:59.148+0000] {data_modification.py:75} INFO - Updated row with Video_ID: FWAdfuPpLOc
[2026-05-31T11:13:59.150+0000] {data_modification.py:75} INFO - Updated row with Video_ID: NjlP2_l1Wr0
[2026-05-31T11:13:59.152+0000] {data_modification.py:75} INFO - Updated row with Video_ID: gGcaGdHlt60
[2026-05-31T11:13:59.154+0000] {data_modification.py:75} INFO - Updated row with Video_ID: pe_ejTiIcSs
[2026-05-31T11:13:59.157+0000] {data_modification.py:75} INFO - Updated row with Video_ID: V6In4tmd-w8
[2026-05-31T11:13:59.159+0000] {data_modification.py:75} INFO - Updated row with Video_ID: ZGvn9ywXjpY
[2026-05-31T11:13:59.161+0000] {data_modification.py:75} INFO - Updated row with Video_ID: hTSaweR8qMI
[2026-05-31T11:13:59.164+0000] {data_modification.py:75} INFO - Updated row with Video_ID: KCRLP-zBacU
[2026-05-31T11:13:59.166+0000] {data_modification.py:75} INFO - Updated row with Video_ID: c2ukL_zjFCk
[2026-05-31T11:13:59.168+0000] {data_modification.py:75} INFO - Updated row with Video_ID: DZIASl9q90s
[2026-05-31T11:13:59.170+0000] {data_modification.py:75} INFO - Updated row with Video_ID: 7qY-qalCI2Y
[2026-05-31T11:13:59.173+0000] {data_modification.py:75} INFO - Updated row with Video_ID: N0pwLtonPdg
[2026-05-31T11:13:59.175+0000] {data_modification.py:75} INFO - Updated row with Video_ID: -4GmbBoYQjE
[2026-05-31T11:13:59.177+0000] {data_modification.py:75} INFO - Updated row with Video_ID: 0yPgljFcTR4
[2026-05-31T11:13:59.179+0000] {data_modification.py:75} INFO - Updated row with Video_ID: TN1wErFGTzM
[2026-05-31T11:13:59.182+0000] {data_modification.py:75} INFO - Updated row with Video_ID: 3dxksf0CzS8
[2026-05-31T11:13:59.184+0000] {data_modification.py:75} INFO - Updated row with Video_ID: uyiG6uw-6pA
[2026-05-31T11:13:59.187+0000] {data_modification.py:75} INFO - Updated row with Video_ID: M1STzb7k9L8
[2026-05-31T11:13:59.189+0000] {data_modification.py:75} INFO - Updated row with Video_ID: 7K-yxGWYsnk
[2026-05-31T11:13:59.192+0000] {data_modification.py:75} INFO - Updated row with Video_ID: Tbn4cYCaZCk
[2026-05-31T11:13:59.194+0000] {data_modification.py:75} INFO - Updated row with Video_ID: figrl0aOULs
[2026-05-31T11:13:59.196+0000] {data_modification.py:75} INFO - Updated row with Video_ID: Uxc84UUrVHk
[2026-05-31T11:13:59.198+0000] {data_modification.py:75} INFO - Updated row with Video_ID: BzKaMelDzqo
[2026-05-31T11:13:59.201+0000] {data_modification.py:75} INFO - Updated row with Video_ID: 4yx9ZJDfyKk
[2026-05-31T11:13:59.203+0000] {data_modification.py:75} INFO - Updated row with Video_ID: kPa_S6jN9ls
[2026-05-31T11:13:59.205+0000] {data_modification.py:75} INFO - Updated row with Video_ID: 69g-YcbmgQA
[2026-05-31T11:13:59.208+0000] {data_modification.py:75} INFO - Updated row with Video_ID: aKq8bkY5eTU
[2026-05-31T11:13:59.210+0000] {data_modification.py:75} INFO - Updated row with Video_ID: TNtpUQbW4mg
[2026-05-31T11:13:59.212+0000] {data_modification.py:75} INFO - Updated row with Video_ID: TgCm8oDmxOk
[2026-05-31T11:13:59.214+0000] {data_modification.py:75} INFO - Updated row with Video_ID: 954wJ3uHVAk
[2026-05-31T11:13:59.216+0000] {data_modification.py:75} INFO - Updated row with Video_ID: zajUgQLviwk
[2026-05-31T11:13:59.219+0000] {data_modification.py:75} INFO - Updated row with Video_ID: PXevNM0awlI
[2026-05-31T11:13:59.221+0000] {data_modification.py:75} INFO - Updated row with Video_ID: PuQ5UxKUY48
[2026-05-31T11:13:59.223+0000] {data_modification.py:75} INFO - Updated row with Video_ID: NDsO1LT_0lw
[2026-05-31T11:13:59.226+0000] {data_modification.py:75} INFO - Updated row with Video_ID: sF5LYGgKbUA
[2026-05-31T11:13:59.228+0000] {data_modification.py:75} INFO - Updated row with Video_ID: MFpWEKN9c6Y
[2026-05-31T11:13:59.230+0000] {data_modification.py:75} INFO - Updated row with Video_ID: EvqtfK_RaRg
[2026-05-31T11:13:59.233+0000] {data_modification.py:75} INFO - Updated row with Video_ID: 3cWm9B_0_kI
[2026-05-31T11:13:59.235+0000] {data_modification.py:75} INFO - Updated row with Video_ID: qtWqHIx8Z-o
[2026-05-31T11:13:59.238+0000] {data_modification.py:75} INFO - Updated row with Video_ID: gs8qfL9PNac
[2026-05-31T11:13:59.240+0000] {data_modification.py:75} INFO - Updated row with Video_ID: DBPYB8WkkDc
[2026-05-31T11:13:59.242+0000] {data_modification.py:75} INFO - Updated row with Video_ID: UTdcX1e0cMA
[2026-05-31T11:13:59.245+0000] {data_modification.py:75} INFO - Updated row with Video_ID: oiZvK6MY7tI
[2026-05-31T11:13:59.247+0000] {data_modification.py:75} INFO - Updated row with Video_ID: F0OkwXKcPSE
[2026-05-31T11:13:59.249+0000] {data_modification.py:75} INFO - Updated row with Video_ID: L5ihmu87xTE
[2026-05-31T11:13:59.252+0000] {data_modification.py:75} INFO - Updated row with Video_ID: nAiKLoCP-kU
[2026-05-31T11:13:59.254+0000] {data_modification.py:75} INFO - Updated row with Video_ID: vXNtju4VFm4
[2026-05-31T11:13:59.257+0000] {data_modification.py:75} INFO - Updated row with Video_ID: I9mw5UlDyPI
[2026-05-31T11:13:59.259+0000] {data_modification.py:75} INFO - Updated row with Video_ID: pS-fFdvyHLE
[2026-05-31T11:13:59.262+0000] {data_modification.py:75} INFO - Updated row with Video_ID: Xj0Jtjg3lHQ
[2026-05-31T11:13:59.264+0000] {data_modification.py:75} INFO - Updated row with Video_ID: 9UtcHPCEBgg
[2026-05-31T11:13:59.266+0000] {data_modification.py:75} INFO - Updated row with Video_ID: ZNt_GoOBHq8
[2026-05-31T11:13:59.268+0000] {data_modification.py:75} INFO - Updated row with Video_ID: bn0Kh9c4Zv4
[2026-05-31T11:13:59.270+0000] {data_modification.py:75} INFO - Updated row with Video_ID: dDVFnfCwjHA
[2026-05-31T11:13:59.273+0000] {data_modification.py:75} INFO - Updated row with Video_ID: Kt2HvqRruHQ
[2026-05-31T11:13:59.275+0000] {data_modification.py:75} INFO - Updated row with Video_ID: vDrSCXFMAKk
[2026-05-31T11:13:59.277+0000] {data_modification.py:75} INFO - Updated row with Video_ID: snX5YyflrGw
[2026-05-31T11:13:59.280+0000] {data_modification.py:75} INFO - Updated row with Video_ID: nbzQdlWrcnk
[2026-05-31T11:13:59.282+0000] {data_modification.py:75} INFO - Updated row with Video_ID: 8krJy31Diow
[2026-05-31T11:13:59.284+0000] {data_modification.py:75} INFO - Updated row with Video_ID: aRcUVhVlSHg
[2026-05-31T11:13:59.286+0000] {data_modification.py:75} INFO - Updated row with Video_ID: Jo7sfpeWqwE
[2026-05-31T11:13:59.288+0000] {data_modification.py:75} INFO - Updated row with Video_ID: QtD-CeUdRUQ
[2026-05-31T11:13:59.290+0000] {data_modification.py:75} INFO - Updated row with Video_ID: ndAQfTzlVjc
[2026-05-31T11:13:59.293+0000] {data_modification.py:75} INFO - Updated row with Video_ID: AydS-vA3qa4
[2026-05-31T11:13:59.295+0000] {data_modification.py:75} INFO - Updated row with Video_ID: UPrkC1LdlLY
[2026-05-31T11:13:59.297+0000] {data_modification.py:75} INFO - Updated row with Video_ID: 8bTQMDM4qvY
[2026-05-31T11:13:59.299+0000] {data_modification.py:75} INFO - Updated row with Video_ID: DBw0oD38z0Q
[2026-05-31T11:13:59.301+0000] {data_modification.py:75} INFO - Updated row with Video_ID: 4SNThp0YiU4
[2026-05-31T11:13:59.304+0000] {data_modification.py:75} INFO - Updated row with Video_ID: XhuisK0bTSA
[2026-05-31T11:13:59.306+0000] {data_modification.py:75} INFO - Updated row with Video_ID: KkCXLABwHP0
[2026-05-31T11:13:59.308+0000] {data_modification.py:75} INFO - Updated row with Video_ID: PWirijQkH4M
[2026-05-31T11:13:59.310+0000] {data_modification.py:75} INFO - Updated row with Video_ID: U_LlX4t0A9I
[2026-05-31T11:13:59.312+0000] {data_modification.py:75} INFO - Updated row with Video_ID: T8I165Qxeo8
[2026-05-31T11:13:59.315+0000] {data_modification.py:75} INFO - Updated row with Video_ID: i-9V21MqlhY
[2026-05-31T11:13:59.317+0000] {data_modification.py:75} INFO - Updated row with Video_ID: YyNz4--6fro
[2026-05-31T11:13:59.319+0000] {data_modification.py:75} INFO - Updated row with Video_ID: oA4LSZvX4iE
[2026-05-31T11:13:59.321+0000] {data_modification.py:75} INFO - Updated row with Video_ID: ZKxnjszkZto
[2026-05-31T11:13:59.324+0000] {data_modification.py:75} INFO - Updated row with Video_ID: 8_gdcaX9Xqk
[2026-05-31T11:13:59.326+0000] {data_modification.py:75} INFO - Updated row with Video_ID: snUyLbGx6U4
[2026-05-31T11:13:59.328+0000] {data_modification.py:75} INFO - Updated row with Video_ID: Pv0iVoSZzN8
[2026-05-31T11:13:59.330+0000] {data_modification.py:75} INFO - Updated row with Video_ID: CWbV3NItSdY
[2026-05-31T11:13:59.333+0000] {data_modification.py:75} INFO - Updated row with Video_ID: l-nMKJ5J3Uc
[2026-05-31T11:13:59.335+0000] {data_modification.py:75} INFO - Updated row with Video_ID: XE1Qyss8GIY
[2026-05-31T11:13:59.338+0000] {data_modification.py:75} INFO - Updated row with Video_ID: 6GzHPS0rEgc
[2026-05-31T11:13:59.340+0000] {data_modification.py:75} INFO - Updated row with Video_ID: imhY0pe-Sd8
[2026-05-31T11:13:59.342+0000] {data_modification.py:75} INFO - Updated row with Video_ID: erLbbextvlY
[2026-05-31T11:13:59.345+0000] {data_modification.py:75} INFO - Updated row with Video_ID: OnTTThIzuNU
[2026-05-31T11:13:59.347+0000] {data_modification.py:75} INFO - Updated row with Video_ID: mKdjycj-7eE
[2026-05-31T11:13:59.349+0000] {data_modification.py:75} INFO - Updated row with Video_ID: tWYsfOSY9vY
[2026-05-31T11:13:59.352+0000] {data_modification.py:75} INFO - Updated row with Video_ID: sH48lKbayNU
[2026-05-31T11:13:59.354+0000] {data_modification.py:75} INFO - Updated row with Video_ID: AFXoSFNMwIA
[2026-05-31T11:13:59.356+0000] {data_modification.py:75} INFO - Updated row with Video_ID: k194wHZHjB0
[2026-05-31T11:13:59.358+0000] {data_modification.py:75} INFO - Updated row with Video_ID: AjwAdtlRKf8
[2026-05-31T11:13:59.360+0000] {data_modification.py:75} INFO - Updated row with Video_ID: KOEfDvr4DcQ
[2026-05-31T11:13:59.363+0000] {data_modification.py:75} INFO - Updated row with Video_ID: krsBRQbOPQ4
[2026-05-31T11:13:59.365+0000] {data_modification.py:75} INFO - Updated row with Video_ID: 7ESeQBeikKs
[2026-05-31T11:13:59.368+0000] {data_modification.py:75} INFO - Updated row with Video_ID: lOKASgtr6kU
[2026-05-31T11:13:59.370+0000] {data_modification.py:75} INFO - Updated row with Video_ID: 9RhWXPcKBI8
[2026-05-31T11:13:59.373+0000] {data_modification.py:75} INFO - Updated row with Video_ID: ZVt9ZJfWV1c
[2026-05-31T11:13:59.376+0000] {data_modification.py:75} INFO - Updated row with Video_ID: rWBOITBjitE
[2026-05-31T11:13:59.378+0000] {data_modification.py:75} INFO - Updated row with Video_ID: tnTPaLOaHz8
[2026-05-31T11:13:59.380+0000] {data_modification.py:75} INFO - Updated row with Video_ID: Wdjh81uH6FU
[2026-05-31T11:13:59.382+0000] {data_modification.py:75} INFO - Updated row with Video_ID: 7dYTw-jAYkY
[2026-05-31T11:13:59.385+0000] {data_modification.py:75} INFO - Updated row with Video_ID: AjZDwxt7S8w
[2026-05-31T11:13:59.387+0000] {data_modification.py:75} INFO - Updated row with Video_ID: aZnqqXaT02g
[2026-05-31T11:13:59.389+0000] {data_modification.py:75} INFO - Updated row with Video_ID: mwKJfNYwvm8
[2026-05-31T11:13:59.391+0000] {data_modification.py:75} INFO - Updated row with Video_ID: l9_8_pDTmis
[2026-05-31T11:13:59.394+0000] {data_modification.py:75} INFO - Updated row with Video_ID: n7x4Jj9pdH8
[2026-05-31T11:13:59.396+0000] {data_modification.py:75} INFO - Updated row with Video_ID: QjvpjXdgugA
[2026-05-31T11:13:59.398+0000] {data_modification.py:75} INFO - Updated row with Video_ID: jGAJCAuV3pQ
[2026-05-31T11:13:59.400+0000] {data_modification.py:75} INFO - Updated row with Video_ID: c0v8OPItCOg
[2026-05-31T11:13:59.403+0000] {data_modification.py:75} INFO - Updated row with Video_ID: 3ryID_SwU5E
[2026-05-31T11:13:59.405+0000] {data_modification.py:75} INFO - Updated row with Video_ID: SWc8fI_9iqA
[2026-05-31T11:13:59.407+0000] {data_modification.py:75} INFO - Updated row with Video_ID: HcL1EQ5qD_g
[2026-05-31T11:13:59.409+0000] {data_modification.py:75} INFO - Updated row with Video_ID: dc089EZRGcg
[2026-05-31T11:13:59.412+0000] {data_modification.py:75} INFO - Updated row with Video_ID: CAOY8EKH1qU
[2026-05-31T11:13:59.414+0000] {data_modification.py:75} INFO - Updated row with Video_ID: IQxea9UB1nQ
[2026-05-31T11:13:59.417+0000] {data_modification.py:75} INFO - Updated row with Video_ID: KrLj6nc516A
[2026-05-31T11:13:59.419+0000] {data_modification.py:75} INFO - Updated row with Video_ID: zgLhCT7aFCA
[2026-05-31T11:13:59.421+0000] {data_modification.py:75} INFO - Updated row with Video_ID: L5kIXRdwGAI
[2026-05-31T11:13:59.423+0000] {data_modification.py:75} INFO - Updated row with Video_ID: 19NmWqv4Alk
[2026-05-31T11:13:59.426+0000] {data_modification.py:75} INFO - Updated row with Video_ID: vBpQ1SlfVtU
[2026-05-31T11:13:59.428+0000] {data_modification.py:75} INFO - Updated row with Video_ID: SGzWIoLAzmY
[2026-05-31T11:13:59.430+0000] {data_modification.py:75} INFO - Updated row with Video_ID: NnNZLCl78Ao
[2026-05-31T11:13:59.432+0000] {data_modification.py:75} INFO - Updated row with Video_ID: NTZhwAldqwg
[2026-05-31T11:13:59.435+0000] {data_modification.py:75} INFO - Updated row with Video_ID: J_z-W4UVHkw
[2026-05-31T11:13:59.437+0000] {data_modification.py:75} INFO - Updated row with Video_ID: mKIhHNznt4s
[2026-05-31T11:13:59.439+0000] {data_modification.py:75} INFO - Updated row with Video_ID: jObOjhUkf50
[2026-05-31T11:13:59.441+0000] {data_modification.py:75} INFO - Updated row with Video_ID: O3YVBJ2n5xg
[2026-05-31T11:13:59.444+0000] {data_modification.py:75} INFO - Updated row with Video_ID: yhB3BgJyGl8
[2026-05-31T11:13:59.446+0000] {data_modification.py:75} INFO - Updated row with Video_ID: CP82DAKzL1U
[2026-05-31T11:13:59.448+0000] {data_modification.py:75} INFO - Updated row with Video_ID: fuhE6PYnRMc
[2026-05-31T11:13:59.451+0000] {data_modification.py:75} INFO - Updated row with Video_ID: stUofW3whpE
[2026-05-31T11:13:59.454+0000] {data_modification.py:75} INFO - Updated row with Video_ID: 48h57PspBec
[2026-05-31T11:13:59.456+0000] {data_modification.py:75} INFO - Updated row with Video_ID: ooAwCOP67GQ
[2026-05-31T11:13:59.458+0000] {data_modification.py:75} INFO - Updated row with Video_ID: FM7Z-Xq8Drc
[2026-05-31T11:13:59.460+0000] {data_modification.py:75} INFO - Updated row with Video_ID: ykRq_rp7NhM
[2026-05-31T11:13:59.463+0000] {data_modification.py:75} INFO - Updated row with Video_ID: WTOm65IZneg
[2026-05-31T11:13:59.465+0000] {data_modification.py:75} INFO - Updated row with Video_ID: 8kggT2ej-lo
[2026-05-31T11:13:59.468+0000] {data_modification.py:75} INFO - Updated row with Video_ID: GGBy50KtvRk
[2026-05-31T11:13:59.470+0000] {data_modification.py:75} INFO - Updated row with Video_ID: Y4-gFIfGXiQ
[2026-05-31T11:13:59.473+0000] {data_modification.py:75} INFO - Updated row with Video_ID: 1WEAJ-DFkHE
[2026-05-31T11:13:59.475+0000] {data_modification.py:75} INFO - Updated row with Video_ID: Y0cBiGUuB1Y
[2026-05-31T11:13:59.478+0000] {data_modification.py:75} INFO - Updated row with Video_ID: YLt73w6criQ
[2026-05-31T11:13:59.480+0000] {data_modification.py:75} INFO - Updated row with Video_ID: NPYPXWJBTWM
[2026-05-31T11:13:59.483+0000] {data_modification.py:75} INFO - Updated row with Video_ID: lglIQkCHO0g
[2026-05-31T11:13:59.485+0000] {data_modification.py:75} INFO - Updated row with Video_ID: 7IKab3HcfFk
[2026-05-31T11:13:59.487+0000] {data_modification.py:75} INFO - Updated row with Video_ID: h5NvTTOlOtI
[2026-05-31T11:13:59.490+0000] {data_modification.py:75} INFO - Updated row with Video_ID: se50viFJ0AQ
[2026-05-31T11:13:59.492+0000] {data_modification.py:75} INFO - Updated row with Video_ID: 0CTp1a-aCUM
[2026-05-31T11:13:59.494+0000] {data_modification.py:75} INFO - Updated row with Video_ID: FD-0KG-h2-c
[2026-05-31T11:13:59.498+0000] {data_modification.py:75} INFO - Updated row with Video_ID: kX3nB4PpJko
[2026-05-31T11:13:59.500+0000] {data_modification.py:75} INFO - Updated row with Video_ID: YlvcFJOE-OE
[2026-05-31T11:13:59.504+0000] {data_modification.py:75} INFO - Updated row with Video_ID: iogcY_4xGjo
[2026-05-31T11:13:59.506+0000] {data_modification.py:75} INFO - Updated row with Video_ID: S_CUEOBZ0P4
[2026-05-31T11:13:59.509+0000] {data_modification.py:75} INFO - Updated row with Video_ID: gHzuabZUd6c
[2026-05-31T11:13:59.511+0000] {data_modification.py:75} INFO - Updated row with Video_ID: 65fN_OUawjk
[2026-05-31T11:13:59.513+0000] {data_modification.py:75} INFO - Updated row with Video_ID: jdMNoQE3mIQ
[2026-05-31T11:13:59.515+0000] {data_modification.py:75} INFO - Updated row with Video_ID: 2isYuQZMbdU
[2026-05-31T11:13:59.518+0000] {data_modification.py:75} INFO - Updated row with Video_ID: tVWWp1PqDus
[2026-05-31T11:13:59.520+0000] {data_modification.py:75} INFO - Updated row with Video_ID: vaIgyRoUkQI
[2026-05-31T11:13:59.522+0000] {data_modification.py:75} INFO - Updated row with Video_ID: Hwybp38GnZw
[2026-05-31T11:13:59.525+0000] {data_modification.py:75} INFO - Updated row with Video_ID: hD1YtmKXNb4
[2026-05-31T11:13:59.527+0000] {data_modification.py:75} INFO - Updated row with Video_ID: LnlKwzc_TNA
[2026-05-31T11:13:59.529+0000] {data_modification.py:75} INFO - Updated row with Video_ID: 3jS_yEK8qVI
[2026-05-31T11:13:59.531+0000] {data_modification.py:75} INFO - Updated row with Video_ID: 00NgUctWoLQ
[2026-05-31T11:13:59.533+0000] {data_modification.py:75} INFO - Updated row with Video_ID: x9TQ6culXIA
[2026-05-31T11:13:59.536+0000] {data_modification.py:75} INFO - Updated row with Video_ID: QbJJwaVdgIs
[2026-05-31T11:13:59.538+0000] {data_modification.py:75} INFO - Updated row with Video_ID: 0e3GPea1Tyg
[2026-05-31T11:13:59.540+0000] {data_modification.py:75} INFO - Updated row with Video_ID: cV2gBU6hKfY
[2026-05-31T11:13:59.542+0000] {data_modification.py:75} INFO - Updated row with Video_ID: qIsgdOVGA04
[2026-05-31T11:13:59.545+0000] {data_modification.py:75} INFO - Updated row with Video_ID: cExLQ1o2pDw
[2026-05-31T11:13:59.547+0000] {data_modification.py:75} INFO - Updated row with Video_ID: uocETPj4Jx4
[2026-05-31T11:13:59.549+0000] {data_modification.py:75} INFO - Updated row with Video_ID: zxYjTTXc-J8
[2026-05-31T11:13:59.551+0000] {data_modification.py:75} INFO - Updated row with Video_ID: hxwpkM5w3Cc
[2026-05-31T11:13:59.553+0000] {data_modification.py:75} INFO - Updated row with Video_ID: urtFrxDUV6c
[2026-05-31T11:13:59.556+0000] {data_modification.py:75} INFO - Updated row with Video_ID: nM89Wl03Q4g
[2026-05-31T11:13:59.558+0000] {data_modification.py:75} INFO - Updated row with Video_ID: NZlClr_ivb4
[2026-05-31T11:13:59.560+0000] {data_modification.py:75} INFO - Updated row with Video_ID: E6E22XQPhhg
[2026-05-31T11:13:59.562+0000] {data_modification.py:75} INFO - Updated row with Video_ID: TQHEJj68Jew
[2026-05-31T11:13:59.564+0000] {data_modification.py:75} INFO - Updated row with Video_ID: WcwGleN38zE
[2026-05-31T11:13:59.567+0000] {data_modification.py:75} INFO - Updated row with Video_ID: fMfipiV_17o
[2026-05-31T11:13:59.569+0000] {data_modification.py:75} INFO - Updated row with Video_ID: 3OFj6l2tQ9s
[2026-05-31T11:13:59.572+0000] {data_modification.py:75} INFO - Updated row with Video_ID: AZlBZuS4hr0
[2026-05-31T11:13:59.574+0000] {data_modification.py:75} INFO - Updated row with Video_ID: Gx6VeIIbWwM
[2026-05-31T11:13:59.577+0000] {data_modification.py:75} INFO - Updated row with Video_ID: _uwNDiU04zE
[2026-05-31T11:13:59.579+0000] {data_modification.py:75} INFO - Updated row with Video_ID: C680oxL__ck
[2026-05-31T11:13:59.581+0000] {data_modification.py:75} INFO - Updated row with Video_ID: 5Fg9oZk-5uA
[2026-05-31T11:13:59.584+0000] {data_modification.py:75} INFO - Updated row with Video_ID: PKtnafFtfEo
[2026-05-31T11:13:59.587+0000] {data_modification.py:75} INFO - Updated row with Video_ID: f0c7pSCoZqE
[2026-05-31T11:13:59.589+0000] {data_modification.py:75} INFO - Updated row with Video_ID: dg2Ag3e8W-Q
[2026-05-31T11:13:59.592+0000] {data_modification.py:75} INFO - Updated row with Video_ID: LeYsRMZFUq0
[2026-05-31T11:13:59.594+0000] {data_modification.py:75} INFO - Updated row with Video_ID: Dc2ZRmuH5OM
[2026-05-31T11:13:59.596+0000] {data_modification.py:75} INFO - Updated row with Video_ID: GLoeAJUcz38
[2026-05-31T11:13:59.599+0000] {data_modification.py:75} INFO - Updated row with Video_ID: SZQhgExjBvQ
[2026-05-31T11:13:59.601+0000] {data_modification.py:75} INFO - Updated row with Video_ID: IoZri9hq7z4
[2026-05-31T11:13:59.604+0000] {data_modification.py:75} INFO - Updated row with Video_ID: AKJfakEsgy0
[2026-05-31T11:13:59.606+0000] {data_modification.py:75} INFO - Updated row with Video_ID: Vl3swga-Xrk
[2026-05-31T11:13:59.609+0000] {data_modification.py:75} INFO - Updated row with Video_ID: UE5AHE2Ypr8
[2026-05-31T11:13:59.611+0000] {data_modification.py:75} INFO - Updated row with Video_ID: TDiXxsQ0w2Q
[2026-05-31T11:13:59.614+0000] {data_modification.py:75} INFO - Updated row with Video_ID: oD155zWANQg
[2026-05-31T11:13:59.616+0000] {data_modification.py:75} INFO - Updated row with Video_ID: s1ax8Tx_Jz0
[2026-05-31T11:13:59.618+0000] {data_modification.py:75} INFO - Updated row with Video_ID: NkE0AMGzpJY
[2026-05-31T11:13:59.620+0000] {data_modification.py:75} INFO - Updated row with Video_ID: FbM1yi4mMMc
[2026-05-31T11:13:59.623+0000] {data_modification.py:75} INFO - Updated row with Video_ID: 5V2B28OqfqM
[2026-05-31T11:13:59.625+0000] {data_modification.py:75} INFO - Updated row with Video_ID: Rj_vssRaZlQ
[2026-05-31T11:13:59.628+0000] {data_modification.py:75} INFO - Updated row with Video_ID: YQDDm9HLkV4
[2026-05-31T11:13:59.630+0000] {data_modification.py:75} INFO - Updated row with Video_ID: erQ_9yEz0ls
[2026-05-31T11:13:59.632+0000] {data_modification.py:75} INFO - Updated row with Video_ID: OAbP-V6fEVc
[2026-05-31T11:13:59.635+0000] {data_modification.py:75} INFO - Updated row with Video_ID: _qAJMXfL6o0
[2026-05-31T11:13:59.637+0000] {data_modification.py:75} INFO - Updated row with Video_ID: 59AYXzCa-Cs
[2026-05-31T11:13:59.640+0000] {data_modification.py:75} INFO - Updated row with Video_ID: gsWPpE4Rid0
[2026-05-31T11:13:59.642+0000] {data_modification.py:75} INFO - Updated row with Video_ID: HBMmK1c44sE
[2026-05-31T11:13:59.644+0000] {data_modification.py:75} INFO - Updated row with Video_ID: oBYbxw8f5OI
[2026-05-31T11:13:59.646+0000] {data_modification.py:75} INFO - Updated row with Video_ID: AiGKBNGlzHo
[2026-05-31T11:13:59.649+0000] {data_modification.py:75} INFO - Updated row with Video_ID: _mdKvblL_8s
[2026-05-31T11:13:59.651+0000] {data_modification.py:75} INFO - Updated row with Video_ID: yXWw0_UfSFg
[2026-05-31T11:13:59.653+0000] {data_modification.py:75} INFO - Updated row with Video_ID: F4Y3Pkn95GI
[2026-05-31T11:13:59.655+0000] {data_modification.py:75} INFO - Updated row with Video_ID: KSKJKLmAqpI
[2026-05-31T11:13:59.658+0000] {data_modification.py:75} INFO - Updated row with Video_ID: IYVjOfoU3uI
[2026-05-31T11:13:59.660+0000] {data_modification.py:75} INFO - Updated row with Video_ID: oI6aXhowFDY
[2026-05-31T11:13:59.662+0000] {data_modification.py:75} INFO - Updated row with Video_ID: LdMx2U5tby0
[2026-05-31T11:13:59.664+0000] {data_modification.py:75} INFO - Updated row with Video_ID: fY-LA3YaZ_M
[2026-05-31T11:13:59.667+0000] {data_modification.py:75} INFO - Updated row with Video_ID: 0hVZOJCYBBM
[2026-05-31T11:13:59.669+0000] {data_modification.py:75} INFO - Updated row with Video_ID: Z9WQy9jEY8M
[2026-05-31T11:13:59.671+0000] {data_modification.py:75} INFO - Updated row with Video_ID: bs0SWXbty18
[2026-05-31T11:13:59.673+0000] {data_modification.py:75} INFO - Updated row with Video_ID: yeqARWqjkps
[2026-05-31T11:13:59.676+0000] {data_modification.py:75} INFO - Updated row with Video_ID: wMuYiLby3-s
[2026-05-31T11:13:59.678+0000] {data_modification.py:75} INFO - Updated row with Video_ID: NbaWrbJDr48
[2026-05-31T11:13:59.680+0000] {data_modification.py:75} INFO - Updated row with Video_ID: sfv1QaRzJg8
[2026-05-31T11:13:59.682+0000] {data_modification.py:75} INFO - Updated row with Video_ID: X1jMMFOqxEw
[2026-05-31T11:13:59.684+0000] {data_modification.py:75} INFO - Updated row with Video_ID: ORUX1lHbOa8
[2026-05-31T11:13:59.687+0000] {data_modification.py:75} INFO - Updated row with Video_ID: LU_xVr4b2qM
[2026-05-31T11:13:59.689+0000] {data_modification.py:75} INFO - Updated row with Video_ID: tQ4m4zD7BBA
[2026-05-31T11:13:59.692+0000] {data_modification.py:75} INFO - Updated row with Video_ID: D9lVNzyhYnc
[2026-05-31T11:13:59.694+0000] {data_modification.py:75} INFO - Updated row with Video_ID: jokVbbLqV_E
[2026-05-31T11:13:59.696+0000] {data_modification.py:75} INFO - Updated row with Video_ID: HPJKxAhLw5I
[2026-05-31T11:13:59.699+0000] {data_modification.py:75} INFO - Updated row with Video_ID: Ims5p6wjW9s
[2026-05-31T11:13:59.701+0000] {data_modification.py:75} INFO - Updated row with Video_ID: anFxsa5jXrE
[2026-05-31T11:13:59.703+0000] {data_modification.py:75} INFO - Updated row with Video_ID: QxGVgXf_LNk
[2026-05-31T11:13:59.705+0000] {data_modification.py:75} INFO - Updated row with Video_ID: al6130OD1Ck
[2026-05-31T11:13:59.707+0000] {data_modification.py:75} INFO - Updated row with Video_ID: d1010B3sKNQ
[2026-05-31T11:13:59.709+0000] {data_modification.py:75} INFO - Updated row with Video_ID: NS3hse9ezik
[2026-05-31T11:13:59.712+0000] {data_modification.py:75} INFO - Updated row with Video_ID: npDey6_9YRs
[2026-05-31T11:13:59.714+0000] {data_modification.py:75} INFO - Updated row with Video_ID: 0NGWT9COcEI
[2026-05-31T11:13:59.717+0000] {data_modification.py:75} INFO - Updated row with Video_ID: 9bqk6ZUsKyA
[2026-05-31T11:13:59.719+0000] {data_modification.py:75} INFO - Updated row with Video_ID: DuQbOQwVaNE
[2026-05-31T11:13:59.721+0000] {data_modification.py:75} INFO - Updated row with Video_ID: vJH28ICkCdU
[2026-05-31T11:13:59.723+0000] {data_modification.py:75} INFO - Updated row with Video_ID: UQtltNZ_pjs
[2026-05-31T11:13:59.726+0000] {data_modification.py:75} INFO - Updated row with Video_ID: 0DaMUhgcAqo
[2026-05-31T11:13:59.728+0000] {data_modification.py:75} INFO - Updated row with Video_ID: TOcGSwJBPMQ
[2026-05-31T11:13:59.730+0000] {data_modification.py:75} INFO - Updated row with Video_ID: ws694xrKopA
[2026-05-31T11:13:59.732+0000] {data_modification.py:75} INFO - Updated row with Video_ID: UtnsWzaoRtg
[2026-05-31T11:13:59.735+0000] {data_modification.py:75} INFO - Updated row with Video_ID: 6wsFjjhZPJI
[2026-05-31T11:13:59.737+0000] {data_modification.py:75} INFO - Updated row with Video_ID: Rmf6T_Ewt38
[2026-05-31T11:13:59.739+0000] {data_modification.py:75} INFO - Updated row with Video_ID: n6qc4LHN2KQ
[2026-05-31T11:13:59.742+0000] {data_modification.py:75} INFO - Updated row with Video_ID: 2eFSU7TFOnk
[2026-05-31T11:13:59.744+0000] {data_modification.py:75} INFO - Updated row with Video_ID: RCvnytndd9c
[2026-05-31T11:13:59.747+0000] {data_modification.py:75} INFO - Updated row with Video_ID: AA-VpIj8F5Y
[2026-05-31T11:13:59.749+0000] {data_modification.py:75} INFO - Updated row with Video_ID: fWcSBWadolA
[2026-05-31T11:13:59.752+0000] {data_modification.py:75} INFO - Updated row with Video_ID: YyhKdOCwD7s
[2026-05-31T11:13:59.754+0000] {data_modification.py:75} INFO - Updated row with Video_ID: ha4tRQwKIUg
[2026-05-31T11:13:59.756+0000] {data_modification.py:75} INFO - Updated row with Video_ID: H1WBdh56Vq4
[2026-05-31T11:13:59.758+0000] {data_modification.py:75} INFO - Updated row with Video_ID: xhIYirjB4Yc
[2026-05-31T11:13:59.761+0000] {data_modification.py:75} INFO - Updated row with Video_ID: HfJMs4mrSJM
[2026-05-31T11:13:59.764+0000] {data_modification.py:75} INFO - Updated row with Video_ID: tYHTVjfShOA
[2026-05-31T11:13:59.766+0000] {data_modification.py:75} INFO - Updated row with Video_ID: JTQcIR2ZxU4
[2026-05-31T11:13:59.769+0000] {data_modification.py:75} INFO - Updated row with Video_ID: xpNeg0hPZIs
[2026-05-31T11:13:59.771+0000] {data_modification.py:75} INFO - Updated row with Video_ID: 9yrdFAJUSaU
[2026-05-31T11:13:59.774+0000] {data_modification.py:75} INFO - Updated row with Video_ID: i2O6GMpNWGo
[2026-05-31T11:13:59.776+0000] {data_modification.py:75} INFO - Updated row with Video_ID: Y6jC6VaO3j0
[2026-05-31T11:13:59.779+0000] {data_modification.py:75} INFO - Updated row with Video_ID: Ooke4YZv8Ts
[2026-05-31T11:13:59.781+0000] {data_modification.py:75} INFO - Updated row with Video_ID: ZV7rU6lnAKQ
[2026-05-31T11:13:59.783+0000] {data_modification.py:75} INFO - Updated row with Video_ID: iUzi5JmJNWc
[2026-05-31T11:13:59.786+0000] {data_modification.py:75} INFO - Updated row with Video_ID: 9cCpZl8euLI
[2026-05-31T11:13:59.788+0000] {data_modification.py:75} INFO - Updated row with Video_ID: I046_n20d3s
[2026-05-31T11:13:59.790+0000] {data_modification.py:75} INFO - Updated row with Video_ID: 2nd73lyvq4w
[2026-05-31T11:13:59.792+0000] {data_modification.py:75} INFO - Updated row with Video_ID: nuM0Z4a7kMs
[2026-05-31T11:13:59.794+0000] {data_modification.py:75} INFO - Updated row with Video_ID: qPBtTPJHS0Q
[2026-05-31T11:13:59.797+0000] {data_modification.py:75} INFO - Updated row with Video_ID: A-vX1AGBGsc
[2026-05-31T11:13:59.799+0000] {data_modification.py:75} INFO - Updated row with Video_ID: IiW2smvEcBM
[2026-05-31T11:13:59.802+0000] {data_modification.py:75} INFO - Updated row with Video_ID: q6Qw8mUVTrE
[2026-05-31T11:13:59.804+0000] {data_modification.py:75} INFO - Updated row with Video_ID: dBxOYE2j55U
[2026-05-31T11:13:59.807+0000] {data_modification.py:75} INFO - Updated row with Video_ID: 984NGLLYDUg
[2026-05-31T11:13:59.809+0000] {data_modification.py:75} INFO - Updated row with Video_ID: 7zi0bi-RDj4
[2026-05-31T11:13:59.811+0000] {data_modification.py:75} INFO - Updated row with Video_ID: XaxhLbxZ13k
[2026-05-31T11:13:59.813+0000] {data_modification.py:75} INFO - Updated row with Video_ID: L8nh1wuXTbI
[2026-05-31T11:13:59.816+0000] {data_modification.py:75} INFO - Updated row with Video_ID: 9-HphHIJS9c
[2026-05-31T11:13:59.818+0000] {data_modification.py:75} INFO - Updated row with Video_ID: rPXmbM2UEbU
[2026-05-31T11:13:59.820+0000] {data_modification.py:75} INFO - Updated row with Video_ID: sESRuTyfsEk
[2026-05-31T11:13:59.822+0000] {data_modification.py:75} INFO - Updated row with Video_ID: QapO3maXd9k
[2026-05-31T11:13:59.824+0000] {data_modification.py:75} INFO - Updated row with Video_ID: 71VpdDb8e6U
[2026-05-31T11:13:59.827+0000] {data_modification.py:75} INFO - Updated row with Video_ID: Su34c5Z8DW4
[2026-05-31T11:13:59.829+0000] {data_modification.py:75} INFO - Updated row with Video_ID: 9vB-48kHbBU
[2026-05-31T11:13:59.831+0000] {data_modification.py:75} INFO - Updated row with Video_ID: 3ix_gbcubTo
[2026-05-31T11:13:59.833+0000] {data_modification.py:75} INFO - Updated row with Video_ID: mGIpOtncmSM
[2026-05-31T11:13:59.835+0000] {data_modification.py:75} INFO - Updated row with Video_ID: VqnQ-0q2gb4
[2026-05-31T11:13:59.838+0000] {data_modification.py:75} INFO - Updated row with Video_ID: 3TflpIllQHY
[2026-05-31T11:13:59.840+0000] {data_modification.py:75} INFO - Updated row with Video_ID: 1SwVSTKFCsc
[2026-05-31T11:13:59.842+0000] {data_modification.py:75} INFO - Updated row with Video_ID: ZPuEUe_8SRM
[2026-05-31T11:13:59.844+0000] {data_modification.py:75} INFO - Updated row with Video_ID: gKVZz4kcuns
[2026-05-31T11:13:59.846+0000] {data_modification.py:75} INFO - Updated row with Video_ID: nywT2SenPIo
[2026-05-31T11:13:59.849+0000] {data_modification.py:75} INFO - Updated row with Video_ID: xBP9EUQIkNs
[2026-05-31T11:13:59.851+0000] {data_modification.py:75} INFO - Updated row with Video_ID: qZNxvnQv0h4
[2026-05-31T11:13:59.853+0000] {data_modification.py:75} INFO - Updated row with Video_ID: uE6gud1voDs
[2026-05-31T11:13:59.855+0000] {data_modification.py:75} INFO - Updated row with Video_ID: f0M64XpmTz8
[2026-05-31T11:13:59.857+0000] {data_modification.py:75} INFO - Updated row with Video_ID: Gz3yak1cl-8
[2026-05-31T11:13:59.860+0000] {data_modification.py:75} INFO - Updated row with Video_ID: 9GD6hbqu2oM
[2026-05-31T11:13:59.862+0000] {data_modification.py:75} INFO - Updated row with Video_ID: GUWGsIVEMSQ
[2026-05-31T11:13:59.864+0000] {data_modification.py:75} INFO - Updated row with Video_ID: wDqJZ_2ZA3A
[2026-05-31T11:13:59.866+0000] {data_modification.py:75} INFO - Updated row with Video_ID: RywkkwO78m8
[2026-05-31T11:13:59.869+0000] {data_modification.py:75} INFO - Updated row with Video_ID: bTrV5v7GLcQ
[2026-05-31T11:13:59.871+0000] {data_modification.py:75} INFO - Updated row with Video_ID: lBYC4_Lccjw
[2026-05-31T11:13:59.873+0000] {data_modification.py:75} INFO - Updated row with Video_ID: gL6iSCSHjco
[2026-05-31T11:13:59.875+0000] {data_modification.py:75} INFO - Updated row with Video_ID: q0OK-zHnvnA
[2026-05-31T11:13:59.877+0000] {data_modification.py:75} INFO - Updated row with Video_ID: bFZdU9dr4OM
[2026-05-31T11:13:59.879+0000] {data_modification.py:75} INFO - Updated row with Video_ID: 6_im_hGxGRk
[2026-05-31T11:13:59.882+0000] {data_modification.py:75} INFO - Updated row with Video_ID: b91vrgVY-ZQ
[2026-05-31T11:13:59.884+0000] {data_modification.py:75} INFO - Updated row with Video_ID: 52ubXjlVzUY
[2026-05-31T11:13:59.886+0000] {data_modification.py:75} INFO - Updated row with Video_ID: XHb7g6yuGgE
[2026-05-31T11:13:59.888+0000] {data_modification.py:75} INFO - Updated row with Video_ID: rH1D_3G56DY
[2026-05-31T11:13:59.891+0000] {data_modification.py:75} INFO - Updated row with Video_ID: -0zoWMSEOGg
[2026-05-31T11:13:59.893+0000] {data_modification.py:75} INFO - Updated row with Video_ID: WRzIuC2MKOU
[2026-05-31T11:13:59.895+0000] {data_modification.py:75} INFO - Updated row with Video_ID: foLlul8Tl3E
[2026-05-31T11:13:59.897+0000] {data_modification.py:75} INFO - Updated row with Video_ID: 3iaDrpKdaIc
[2026-05-31T11:13:59.900+0000] {data_modification.py:75} INFO - Updated row with Video_ID: qrIh-ZHN4-E
[2026-05-31T11:13:59.902+0000] {data_modification.py:75} INFO - Updated row with Video_ID: mpZWt5pGKZ8
[2026-05-31T11:13:59.904+0000] {data_modification.py:75} INFO - Updated row with Video_ID: vbph9F_pRNI
[2026-05-31T11:13:59.906+0000] {data_modification.py:75} INFO - Updated row with Video_ID: XE9pUM9MEFA
[2026-05-31T11:13:59.908+0000] {data_modification.py:75} INFO - Updated row with Video_ID: wbzD04leeLI
[2026-05-31T11:13:59.911+0000] {data_modification.py:75} INFO - Updated row with Video_ID: MC5h-ShR-S8
[2026-05-31T11:13:59.913+0000] {data_modification.py:75} INFO - Updated row with Video_ID: dp8IaLrZpGs
[2026-05-31T11:13:59.915+0000] {data_modification.py:75} INFO - Updated row with Video_ID: 97Gh93Daio0
[2026-05-31T11:13:59.917+0000] {data_modification.py:75} INFO - Updated row with Video_ID: t4OumncEiKo
[2026-05-31T11:13:59.919+0000] {data_modification.py:75} INFO - Updated row with Video_ID: Ejou8aa5eZk
[2026-05-31T11:13:59.921+0000] {data_modification.py:75} INFO - Updated row with Video_ID: ehEuczQUh8E
[2026-05-31T11:13:59.924+0000] {data_modification.py:75} INFO - Updated row with Video_ID: uBC7805Smsg
[2026-05-31T11:13:59.926+0000] {data_modification.py:75} INFO - Updated row with Video_ID: d8pJkuSp1iI
[2026-05-31T11:13:59.928+0000] {data_modification.py:75} INFO - Updated row with Video_ID: dFr5YQaQQdo
[2026-05-31T11:13:59.931+0000] {data_modification.py:75} INFO - Updated row with Video_ID: xBLxMfO3pDw
[2026-05-31T11:13:59.933+0000] {data_modification.py:75} INFO - Updated row with Video_ID: d7QmQtNwhcU
[2026-05-31T11:13:59.936+0000] {data_modification.py:75} INFO - Updated row with Video_ID: NZR4WEjpOQg
[2026-05-31T11:13:59.938+0000] {data_modification.py:75} INFO - Updated row with Video_ID: vETSAZgfDP4
[2026-05-31T11:13:59.941+0000] {data_modification.py:75} INFO - Updated row with Video_ID: zE3FLbpu9-Q
[2026-05-31T11:13:59.943+0000] {data_modification.py:75} INFO - Updated row with Video_ID: Izmibu7dxcs
[2026-05-31T11:13:59.945+0000] {data_modification.py:75} INFO - Updated row with Video_ID: 2Pvt8awds44
[2026-05-31T11:13:59.948+0000] {data_modification.py:75} INFO - Updated row with Video_ID: n9BbAfbsyj0
[2026-05-31T11:13:59.950+0000] {data_modification.py:75} INFO - Updated row with Video_ID: WZ2rYlVxt4g
[2026-05-31T11:13:59.952+0000] {data_modification.py:75} INFO - Updated row with Video_ID: CWK6an4mYL0
[2026-05-31T11:13:59.955+0000] {data_modification.py:75} INFO - Updated row with Video_ID: VwWV4JelEzY
[2026-05-31T11:13:59.957+0000] {data_modification.py:75} INFO - Updated row with Video_ID: koRKIlRQj4g
[2026-05-31T11:13:59.959+0000] {data_modification.py:75} INFO - Updated row with Video_ID: XKFKPQHdWRI
[2026-05-31T11:13:59.961+0000] {data_modification.py:75} INFO - Updated row with Video_ID: yuGEB4ZZdUQ
[2026-05-31T11:13:59.964+0000] {data_modification.py:75} INFO - Updated row with Video_ID: sg_XFT4K3N4
[2026-05-31T11:13:59.966+0000] {data_modification.py:75} INFO - Updated row with Video_ID: szt8xabJoSo
[2026-05-31T11:13:59.968+0000] {data_modification.py:75} INFO - Updated row with Video_ID: Fbl3E_XCQfA
[2026-05-31T11:13:59.971+0000] {data_modification.py:75} INFO - Updated row with Video_ID: yzGmnjDFuZE
[2026-05-31T11:13:59.973+0000] {data_modification.py:75} INFO - Updated row with Video_ID: op0N7axawJA
[2026-05-31T11:13:59.975+0000] {data_modification.py:75} INFO - Updated row with Video_ID: l_huIWJBhJM
[2026-05-31T11:13:59.978+0000] {data_modification.py:75} INFO - Updated row with Video_ID: 7ALCsEyn3mg
[2026-05-31T11:13:59.980+0000] {data_modification.py:75} INFO - Updated row with Video_ID: CvMRiR4k49Y
[2026-05-31T11:13:59.983+0000] {data_modification.py:75} INFO - Updated row with Video_ID: g2rbhIB-ITM
[2026-05-31T11:13:59.985+0000] {data_modification.py:75} INFO - Updated row with Video_ID: nLpqZEAFnkE
[2026-05-31T11:13:59.988+0000] {data_modification.py:75} INFO - Updated row with Video_ID: sirrTXiPFmw
[2026-05-31T11:13:59.990+0000] {data_modification.py:75} INFO - Updated row with Video_ID: nRkwuTOESCc
[2026-05-31T11:13:59.992+0000] {data_modification.py:75} INFO - Updated row with Video_ID: AS6WMS_Bemg
[2026-05-31T11:13:59.995+0000] {data_modification.py:75} INFO - Updated row with Video_ID: wMn8d7IeCYM
[2026-05-31T11:13:59.997+0000] {data_modification.py:75} INFO - Updated row with Video_ID: BMZP4CtphaU
[2026-05-31T11:13:59.999+0000] {data_modification.py:75} INFO - Updated row with Video_ID: ln9aLVd__8w
[2026-05-31T11:14:00.002+0000] {data_modification.py:75} INFO - Updated row with Video_ID: 93s1JECSy60
[2026-05-31T11:14:00.004+0000] {data_modification.py:75} INFO - Updated row with Video_ID: YR6Wh2Zy9jE
[2026-05-31T11:14:00.007+0000] {data_modification.py:75} INFO - Updated row with Video_ID: 5PCxQSMOl3o
[2026-05-31T11:14:00.009+0000] {data_modification.py:75} INFO - Updated row with Video_ID: 5qzAVMe_SnM
[2026-05-31T11:14:00.012+0000] {data_modification.py:75} INFO - Updated row with Video_ID: zAAXW7ySu1k
[2026-05-31T11:14:00.014+0000] {data_modification.py:75} INFO - Updated row with Video_ID: sx5k8xd_VoU
[2026-05-31T11:14:00.017+0000] {data_modification.py:75} INFO - Updated row with Video_ID: uotb9ZHnI2g
[2026-05-31T11:14:00.019+0000] {data_modification.py:75} INFO - Updated row with Video_ID: UlUcwJc5nBs
[2026-05-31T11:14:00.022+0000] {data_modification.py:75} INFO - Updated row with Video_ID: qAW6CE7_bFM
[2026-05-31T11:14:00.024+0000] {data_modification.py:75} INFO - Updated row with Video_ID: tBEBc4KQVsU
[2026-05-31T11:14:00.027+0000] {data_modification.py:75} INFO - Updated row with Video_ID: 4KVmSG6KS2k
[2026-05-31T11:14:00.029+0000] {data_modification.py:75} INFO - Updated row with Video_ID: Lx9fRu5ehFo
[2026-05-31T11:14:00.031+0000] {data_modification.py:75} INFO - Updated row with Video_ID: KcsRxHwGz7A
[2026-05-31T11:14:00.033+0000] {data_modification.py:75} INFO - Updated row with Video_ID: N_GMakKf7G4
[2026-05-31T11:14:00.036+0000] {data_modification.py:75} INFO - Updated row with Video_ID: 63gyUQ_JeOE
[2026-05-31T11:14:00.038+0000] {data_modification.py:75} INFO - Updated row with Video_ID: IZVbzNRUlQI
[2026-05-31T11:14:00.040+0000] {data_modification.py:75} INFO - Updated row with Video_ID: 8D3vI1615K4
[2026-05-31T11:14:00.042+0000] {data_modification.py:75} INFO - Updated row with Video_ID: dEOlvTqYUNo
[2026-05-31T11:14:00.044+0000] {data_modification.py:75} INFO - Updated row with Video_ID: AS5CxLCWq-Q
[2026-05-31T11:14:00.047+0000] {data_modification.py:75} INFO - Updated row with Video_ID: jtOalDNVrKM
[2026-05-31T11:14:00.049+0000] {data_modification.py:75} INFO - Updated row with Video_ID: dDYP56hEYF0
[2026-05-31T11:14:00.051+0000] {data_modification.py:75} INFO - Updated row with Video_ID: pJSbLk-Iixc
[2026-05-31T11:14:00.054+0000] {data_modification.py:75} INFO - Updated row with Video_ID: iengNekeTNo
[2026-05-31T11:14:00.056+0000] {data_modification.py:75} INFO - Updated row with Video_ID: rqUvnLPvbrM
[2026-05-31T11:14:00.058+0000] {data_modification.py:75} INFO - Updated row with Video_ID: 9CVwXBYVqVk
[2026-05-31T11:14:00.061+0000] {data_modification.py:75} INFO - Updated row with Video_ID: i8pmk5xnO2s
[2026-05-31T11:14:00.063+0000] {data_modification.py:75} INFO - Updated row with Video_ID: xWcldHxHFpo
[2026-05-31T11:14:00.065+0000] {data_modification.py:75} INFO - Updated row with Video_ID: YH1-fDzHHpo
[2026-05-31T11:14:00.067+0000] {data_modification.py:75} INFO - Updated row with Video_ID: ntlG5XgYg4k
[2026-05-31T11:14:00.070+0000] {data_modification.py:75} INFO - Updated row with Video_ID: Qy17S3g8ZuY
[2026-05-31T11:14:00.072+0000] {data_modification.py:75} INFO - Updated row with Video_ID: PJyWmlWNor8
[2026-05-31T11:14:00.074+0000] {data_modification.py:75} INFO - Updated row with Video_ID: KzwTYZ2W3ZA
[2026-05-31T11:14:00.076+0000] {data_modification.py:75} INFO - Updated row with Video_ID: 9fa_JYTPZ2Y
[2026-05-31T11:14:00.078+0000] {data_modification.py:75} INFO - Updated row with Video_ID: t1BWMa8btIw
[2026-05-31T11:14:00.081+0000] {data_modification.py:75} INFO - Updated row with Video_ID: 2O8wta4FsD4
[2026-05-31T11:14:00.083+0000] {data_modification.py:75} INFO - Updated row with Video_ID: DbC9CauTXoM
[2026-05-31T11:14:00.086+0000] {data_modification.py:75} INFO - Updated row with Video_ID: yhNcDBnQsEY
[2026-05-31T11:14:00.088+0000] {data_modification.py:75} INFO - Updated row with Video_ID: Wyyqz3OxB5c
[2026-05-31T11:14:00.090+0000] {data_modification.py:75} INFO - Updated row with Video_ID: KO8B2kw_Jxs
[2026-05-31T11:14:00.093+0000] {data_modification.py:75} INFO - Updated row with Video_ID: NEDPgQYhbqs
[2026-05-31T11:14:00.095+0000] {data_modification.py:75} INFO - Updated row with Video_ID: DpIvW6av0pI
[2026-05-31T11:14:00.097+0000] {data_modification.py:75} INFO - Updated row with Video_ID: RPcXg2-0ejw
[2026-05-31T11:14:00.100+0000] {data_modification.py:75} INFO - Updated row with Video_ID: jhYG5BStQSk
[2026-05-31T11:14:00.102+0000] {data_modification.py:75} INFO - Updated row with Video_ID: wTIPpjUgAFE
[2026-05-31T11:14:00.104+0000] {data_modification.py:75} INFO - Updated row with Video_ID: Fzh65vCyHWQ
[2026-05-31T11:14:00.106+0000] {data_modification.py:75} INFO - Updated row with Video_ID: vBp0bzVr09s
[2026-05-31T11:14:00.109+0000] {data_modification.py:75} INFO - Updated row with Video_ID: AXjdI_LHWJU
[2026-05-31T11:14:00.111+0000] {data_modification.py:75} INFO - Updated row with Video_ID: dJCsc_Cq9i4
[2026-05-31T11:14:00.113+0000] {data_modification.py:75} INFO - Updated row with Video_ID: bqpKlkPpT10
[2026-05-31T11:14:00.115+0000] {data_modification.py:75} INFO - Updated row with Video_ID: TIIU1ivhLKs
[2026-05-31T11:14:00.118+0000] {data_modification.py:75} INFO - Updated row with Video_ID: G4qOiwIE_o0
[2026-05-31T11:14:00.120+0000] {data_modification.py:75} INFO - Updated row with Video_ID: yozl6enFC-w
[2026-05-31T11:14:00.122+0000] {data_modification.py:75} INFO - Updated row with Video_ID: LP_mGU3CgXk
[2026-05-31T11:14:00.124+0000] {data_modification.py:75} INFO - Updated row with Video_ID: DoIQMkoYSzw
[2026-05-31T11:14:00.126+0000] {data_modification.py:75} INFO - Updated row with Video_ID: e-If_d_bzfI
[2026-05-31T11:14:00.128+0000] {data_modification.py:75} INFO - Updated row with Video_ID: 5J6-5g2alp8
[2026-05-31T11:14:00.131+0000] {data_modification.py:75} INFO - Updated row with Video_ID: qjGNBluF6_I
[2026-05-31T11:14:00.133+0000] {data_modification.py:75} INFO - Updated row with Video_ID: TLoDwqQF5ug
[2026-05-31T11:14:00.135+0000] {data_modification.py:75} INFO - Updated row with Video_ID: uAFGIQPWL54
[2026-05-31T11:14:00.137+0000] {data_modification.py:75} INFO - Updated row with Video_ID: SaDDjW9Rw-M
[2026-05-31T11:14:00.140+0000] {data_modification.py:75} INFO - Updated row with Video_ID: CHdy9wND1jo
[2026-05-31T11:14:00.142+0000] {data_modification.py:75} INFO - Updated row with Video_ID: 9LiS_3HEErU
[2026-05-31T11:14:00.145+0000] {data_modification.py:75} INFO - Updated row with Video_ID: hRj5qNfkdO0
[2026-05-31T11:14:00.147+0000] {data_modification.py:75} INFO - Updated row with Video_ID: ocruJKe2tFk
[2026-05-31T11:14:00.150+0000] {data_modification.py:75} INFO - Updated row with Video_ID: XW1TsAVdXsw
[2026-05-31T11:14:00.152+0000] {data_modification.py:75} INFO - Updated row with Video_ID: Qhdj_Umh1IE
[2026-05-31T11:14:00.154+0000] {data_modification.py:75} INFO - Updated row with Video_ID: fN_RQFqaGHI
[2026-05-31T11:14:00.156+0000] {data_modification.py:75} INFO - Updated row with Video_ID: hC3xW8xeCDs
[2026-05-31T11:14:00.159+0000] {data_modification.py:75} INFO - Updated row with Video_ID: xGJEPTCw9GU
[2026-05-31T11:14:00.162+0000] {data_modification.py:75} INFO - Updated row with Video_ID: FmjsePPBbdU
[2026-05-31T11:14:00.165+0000] {data_modification.py:75} INFO - Updated row with Video_ID: lMLEcUXz6T8
[2026-05-31T11:14:00.168+0000] {data_modification.py:75} INFO - Updated row with Video_ID: BKJy7BFP3Is
[2026-05-31T11:14:00.170+0000] {data_modification.py:75} INFO - Updated row with Video_ID: _FX6rml2Yjs
[2026-05-31T11:14:00.172+0000] {data_modification.py:75} INFO - Updated row with Video_ID: kupaqq-xJ_8
[2026-05-31T11:14:00.179+0000] {data_modification.py:75} INFO - Updated row with Video_ID: Er6QUQZbv0w
[2026-05-31T11:14:00.182+0000] {data_modification.py:75} INFO - Updated row with Video_ID: MgRMNzKknto
[2026-05-31T11:14:00.184+0000] {data_modification.py:75} INFO - Updated row with Video_ID: tqO3_AKC5Ks
[2026-05-31T11:14:00.186+0000] {data_modification.py:75} INFO - Updated row with Video_ID: 5bCyFf8lSfk
[2026-05-31T11:14:00.189+0000] {data_modification.py:75} INFO - Updated row with Video_ID: zjC48c3ptt0
[2026-05-31T11:14:00.191+0000] {data_modification.py:75} INFO - Updated row with Video_ID: rS2sntC-lJI
[2026-05-31T11:14:00.193+0000] {data_modification.py:75} INFO - Updated row with Video_ID: fG1N5kzeAhM
[2026-05-31T11:14:00.195+0000] {data_modification.py:75} INFO - Updated row with Video_ID: vT_gRRMjDi0
[2026-05-31T11:14:00.198+0000] {data_modification.py:75} INFO - Updated row with Video_ID: dfcPUqiivDY
[2026-05-31T11:14:00.200+0000] {data_modification.py:75} INFO - Updated row with Video_ID: zCR6DJX7Kak
[2026-05-31T11:14:00.202+0000] {data_modification.py:75} INFO - Updated row with Video_ID: 4cX-w-ia0RU
[2026-05-31T11:14:00.205+0000] {data_modification.py:75} INFO - Updated row with Video_ID: 2nVjy-zd65Q
[2026-05-31T11:14:00.207+0000] {data_modification.py:75} INFO - Updated row with Video_ID: xlzpD4GeBW0
[2026-05-31T11:14:00.210+0000] {data_modification.py:75} INFO - Updated row with Video_ID: 8ZTy3K2QgOY
[2026-05-31T11:14:00.212+0000] {data_modification.py:75} INFO - Updated row with Video_ID: k9zko79_3_I
[2026-05-31T11:14:00.214+0000] {data_modification.py:75} INFO - Updated row with Video_ID: fYnPyLfxSJg
[2026-05-31T11:14:00.216+0000] {data_modification.py:75} INFO - Updated row with Video_ID: pBH_QL4JGcI
[2026-05-31T11:14:00.218+0000] {data_modification.py:75} INFO - Updated row with Video_ID: 1wtFD9zSQO8
[2026-05-31T11:14:00.221+0000] {data_modification.py:75} INFO - Updated row with Video_ID: VqhjiwmGNKA
[2026-05-31T11:14:00.223+0000] {data_modification.py:75} INFO - Updated row with Video_ID: EhZ9gHZOZT8
[2026-05-31T11:14:00.225+0000] {data_modification.py:75} INFO - Updated row with Video_ID: LHtkve6-O0g
[2026-05-31T11:14:00.227+0000] {data_modification.py:75} INFO - Updated row with Video_ID: m3Ol8zn7brk
[2026-05-31T11:14:00.230+0000] {data_modification.py:75} INFO - Updated row with Video_ID: qBiZA4QDsj0
[2026-05-31T11:14:00.232+0000] {data_modification.py:75} INFO - Updated row with Video_ID: NeOrh4GnPZ4
[2026-05-31T11:14:00.234+0000] {data_modification.py:75} INFO - Updated row with Video_ID: fWhfOAuOqjY
[2026-05-31T11:14:00.236+0000] {data_modification.py:75} INFO - Updated row with Video_ID: 9Ax56oRhcZc
[2026-05-31T11:14:00.239+0000] {data_modification.py:75} INFO - Updated row with Video_ID: -cWVrFABWHw
[2026-05-31T11:14:00.241+0000] {data_modification.py:75} INFO - Updated row with Video_ID: z7qtJAAV5d0
[2026-05-31T11:14:00.243+0000] {data_modification.py:75} INFO - Updated row with Video_ID: 9pk-neTrDoM
[2026-05-31T11:14:00.245+0000] {data_modification.py:75} INFO - Updated row with Video_ID: JQscW6DfNZY
[2026-05-31T11:14:00.248+0000] {data_modification.py:75} INFO - Updated row with Video_ID: 9smE_EiKJ8Q
[2026-05-31T11:14:00.250+0000] {data_modification.py:75} INFO - Updated row with Video_ID: hfaPkoXeYfU
[2026-05-31T11:14:00.252+0000] {data_modification.py:75} INFO - Updated row with Video_ID: u0hHxeWkB_o
[2026-05-31T11:14:00.255+0000] {data_modification.py:75} INFO - Updated row with Video_ID: 64WGWubQO3I
[2026-05-31T11:14:00.257+0000] {data_modification.py:75} INFO - Updated row with Video_ID: GbOfxRfHdeg
[2026-05-31T11:14:00.259+0000] {data_modification.py:75} INFO - Updated row with Video_ID: yzxYCRDcGDs
[2026-05-31T11:14:00.262+0000] {data_modification.py:75} INFO - Updated row with Video_ID: PCakYf_PnT0
[2026-05-31T11:14:00.264+0000] {data_modification.py:75} INFO - Updated row with Video_ID: 8nv_ltg4RAg
[2026-05-31T11:14:00.266+0000] {data_modification.py:75} INFO - Updated row with Video_ID: VvphlSvCyj8
[2026-05-31T11:14:00.270+0000] {data_modification.py:75} INFO - Updated row with Video_ID: JP3v6UxI124
[2026-05-31T11:14:00.272+0000] {data_modification.py:75} INFO - Updated row with Video_ID: jRURlbRAUhI
[2026-05-31T11:14:00.274+0000] {data_modification.py:75} INFO - Updated row with Video_ID: I_3R9YGFlHE
[2026-05-31T11:14:00.276+0000] {data_modification.py:75} INFO - Updated row with Video_ID: xjJJ_wDlc1E
[2026-05-31T11:14:00.279+0000] {data_modification.py:75} INFO - Updated row with Video_ID: cqirhwhq_qM
[2026-05-31T11:14:00.281+0000] {data_modification.py:75} INFO - Updated row with Video_ID: 3IQdDBwc42o
[2026-05-31T11:14:00.283+0000] {data_modification.py:75} INFO - Updated row with Video_ID: 4YHnf3YepwU
[2026-05-31T11:14:00.286+0000] {data_modification.py:75} INFO - Updated row with Video_ID: uxzBq4Y_fNw
[2026-05-31T11:14:00.288+0000] {data_modification.py:75} INFO - Updated row with Video_ID: HIhUkvAG0o4
[2026-05-31T11:14:00.290+0000] {data_modification.py:75} INFO - Updated row with Video_ID: cpI5lCaqZcQ
[2026-05-31T11:14:00.292+0000] {data_modification.py:75} INFO - Updated row with Video_ID: 6zQhLOw1nw8
[2026-05-31T11:14:00.295+0000] {data_modification.py:75} INFO - Updated row with Video_ID: mfvi_jgdVqE
[2026-05-31T11:14:00.297+0000] {data_modification.py:75} INFO - Updated row with Video_ID: zExxMxcoJ6A
[2026-05-31T11:14:00.299+0000] {data_modification.py:75} INFO - Updated row with Video_ID: hD_Af6W2qug
[2026-05-31T11:14:00.301+0000] {data_modification.py:75} INFO - Updated row with Video_ID: XOtTKQujlkI
[2026-05-31T11:14:00.303+0000] {data_modification.py:75} INFO - Updated row with Video_ID: dRqthQ2Mc_0
[2026-05-31T11:14:00.305+0000] {data_modification.py:75} INFO - Updated row with Video_ID: 8TFq_vvO_Wg
[2026-05-31T11:14:00.307+0000] {data_modification.py:75} INFO - Updated row with Video_ID: oo8ve4Ldpck
[2026-05-31T11:14:00.310+0000] {data_modification.py:75} INFO - Updated row with Video_ID: sKn8Tbp2a-4
[2026-05-31T11:14:00.312+0000] {data_modification.py:75} INFO - Updated row with Video_ID: 2Om2M4_Kyd0
[2026-05-31T11:14:00.314+0000] {data_modification.py:75} INFO - Updated row with Video_ID: W4gBpws7Ug8
[2026-05-31T11:14:00.316+0000] {data_modification.py:75} INFO - Updated row with Video_ID: NT3EkjxO8hs
[2026-05-31T11:14:00.318+0000] {data_modification.py:75} INFO - Updated row with Video_ID: syMozMiJneM
[2026-05-31T11:14:00.321+0000] {data_modification.py:75} INFO - Updated row with Video_ID: Wt6cMjn3YLg
[2026-05-31T11:14:00.323+0000] {data_modification.py:75} INFO - Updated row with Video_ID: OEuS7fjMlMc
[2026-05-31T11:14:00.325+0000] {data_modification.py:75} INFO - Updated row with Video_ID: __SaaKSW9iE
[2026-05-31T11:14:00.327+0000] {data_modification.py:75} INFO - Updated row with Video_ID: VXmKt_1T0QM
[2026-05-31T11:14:00.329+0000] {data_modification.py:75} INFO - Updated row with Video_ID: 6XCUHLhdnEY
[2026-05-31T11:14:00.331+0000] {data_modification.py:75} INFO - Updated row with Video_ID: ttWTSskmxTA
[2026-05-31T11:14:00.334+0000] {data_modification.py:75} INFO - Updated row with Video_ID: KaaEivIqX6M
[2026-05-31T11:14:00.336+0000] {data_modification.py:75} INFO - Updated row with Video_ID: Ow3xqv7ahXo
[2026-05-31T11:14:00.338+0000] {data_modification.py:75} INFO - Updated row with Video_ID: TRiF8PdrIP8
[2026-05-31T11:14:00.340+0000] {data_modification.py:75} INFO - Updated row with Video_ID: Pgxi8dsUW-o
[2026-05-31T11:14:00.342+0000] {data_modification.py:75} INFO - Updated row with Video_ID: YY2-jJojnOA
[2026-05-31T11:14:00.344+0000] {data_modification.py:75} INFO - Updated row with Video_ID: 7Pogam71094
[2026-05-31T11:14:00.347+0000] {data_modification.py:75} INFO - Updated row with Video_ID: DL0OPJ2hahc
[2026-05-31T11:14:00.349+0000] {data_modification.py:75} INFO - Updated row with Video_ID: WwE0tR08OTU
[2026-05-31T11:14:00.353+0000] {data_modification.py:75} INFO - Updated row with Video_ID: 2LIJtcI4dbg
[2026-05-31T11:14:00.355+0000] {data_modification.py:75} INFO - Updated row with Video_ID: rXnaD7PU9kY
[2026-05-31T11:14:00.359+0000] {data_modification.py:75} INFO - Updated row with Video_ID: Ng_qwlvhrJo
[2026-05-31T11:14:00.361+0000] {data_modification.py:75} INFO - Updated row with Video_ID: bzIPun3cVsw
[2026-05-31T11:14:00.363+0000] {data_modification.py:75} INFO - Updated row with Video_ID: miKQkeq5sbU
[2026-05-31T11:14:00.365+0000] {data_modification.py:75} INFO - Updated row with Video_ID: Lwt_VThQIdM
[2026-05-31T11:14:00.368+0000] {data_modification.py:75} INFO - Updated row with Video_ID: P2oPACr4uuU
[2026-05-31T11:14:00.370+0000] {data_modification.py:75} INFO - Updated row with Video_ID: h-D6ukDcS9o
[2026-05-31T11:14:00.372+0000] {data_modification.py:75} INFO - Updated row with Video_ID: mY77HA20MzA
[2026-05-31T11:14:00.374+0000] {data_modification.py:75} INFO - Updated row with Video_ID: 4krBgDFycgY
[2026-05-31T11:14:00.376+0000] {data_modification.py:75} INFO - Updated row with Video_ID: dpUxRIqbNlc
[2026-05-31T11:14:00.380+0000] {data_modification.py:75} INFO - Updated row with Video_ID: Cp431S5z8PE
[2026-05-31T11:14:00.382+0000] {data_modification.py:75} INFO - Updated row with Video_ID: ttLYXcza4j4
[2026-05-31T11:14:00.384+0000] {data_modification.py:75} INFO - Updated row with Video_ID: 3-f9DEFsh4w
[2026-05-31T11:14:00.387+0000] {data_modification.py:75} INFO - Updated row with Video_ID: vuOTP206zWM
[2026-05-31T11:14:00.389+0000] {data_modification.py:75} INFO - Updated row with Video_ID: J590MYm0SY8
[2026-05-31T11:14:00.392+0000] {data_modification.py:75} INFO - Updated row with Video_ID: vGB2d5cQJpY
[2026-05-31T11:14:00.394+0000] {data_modification.py:75} INFO - Updated row with Video_ID: M94G0iKYiSM
[2026-05-31T11:14:00.397+0000] {data_modification.py:75} INFO - Updated row with Video_ID: pGYyUssWLTA
[2026-05-31T11:14:00.399+0000] {data_modification.py:75} INFO - Updated row with Video_ID: j7kM8G_AjuY
[2026-05-31T11:14:00.402+0000] {data_modification.py:75} INFO - Updated row with Video_ID: deK-My3Of0o
[2026-05-31T11:14:00.404+0000] {data_modification.py:75} INFO - Updated row with Video_ID: X9eXa-Uzuj0
[2026-05-31T11:14:00.406+0000] {data_modification.py:75} INFO - Updated row with Video_ID: 9zFfp3gzZ88
[2026-05-31T11:14:00.408+0000] {data_modification.py:75} INFO - Updated row with Video_ID: mM2KwBYa-u4
[2026-05-31T11:14:00.411+0000] {data_modification.py:75} INFO - Updated row with Video_ID: WAcmsAISniQ
[2026-05-31T11:14:00.413+0000] {data_modification.py:75} INFO - Updated row with Video_ID: kqUT-s3a6tU
[2026-05-31T11:14:00.415+0000] {data_modification.py:75} INFO - Updated row with Video_ID: NUVglXbGBfs
[2026-05-31T11:14:00.417+0000] {data_modification.py:75} INFO - Updated row with Video_ID: T-v4b3WtPAg
[2026-05-31T11:14:00.419+0000] {data_modification.py:75} INFO - Updated row with Video_ID: m8qGlpcfAIw
[2026-05-31T11:14:00.421+0000] {data_modification.py:75} INFO - Updated row with Video_ID: uZPkMnv8b-o
[2026-05-31T11:14:00.423+0000] {data_modification.py:75} INFO - Updated row with Video_ID: qVLr6SMxvJw
[2026-05-31T11:14:00.426+0000] {data_modification.py:75} INFO - Updated row with Video_ID: 4AigP5OY8JE
[2026-05-31T11:14:00.428+0000] {data_modification.py:75} INFO - Updated row with Video_ID: RMoFUeBVefA
[2026-05-31T11:14:00.430+0000] {data_modification.py:75} INFO - Updated row with Video_ID: ep7S1XnuQLU
[2026-05-31T11:14:00.432+0000] {data_modification.py:75} INFO - Updated row with Video_ID: p6bzNpgbX8Y
[2026-05-31T11:14:00.434+0000] {data_modification.py:75} INFO - Updated row with Video_ID: 6T17licWsQ4
[2026-05-31T11:14:00.437+0000] {data_modification.py:75} INFO - Updated row with Video_ID: 1s6UOlWdpw4
[2026-05-31T11:14:00.439+0000] {data_modification.py:75} INFO - Updated row with Video_ID: 3LuchpUc7PU
[2026-05-31T11:14:00.441+0000] {data_modification.py:75} INFO - Updated row with Video_ID: _f6xCA0-gAo
[2026-05-31T11:14:00.443+0000] {data_modification.py:75} INFO - Updated row with Video_ID: lfD7kMZKuNg
[2026-05-31T11:14:00.446+0000] {data_modification.py:75} INFO - Updated row with Video_ID: ejlkNGm82w4
[2026-05-31T11:14:00.448+0000] {data_modification.py:75} INFO - Updated row with Video_ID: Jtj9rUqlB1Y
[2026-05-31T11:14:00.450+0000] {data_modification.py:75} INFO - Updated row with Video_ID: ZqzFRGH_tMQ
[2026-05-31T11:14:00.453+0000] {data_modification.py:75} INFO - Updated row with Video_ID: 94A-bsumX9A
[2026-05-31T11:14:00.455+0000] {data_modification.py:75} INFO - Updated row with Video_ID: gYaxI_allkQ
[2026-05-31T11:14:00.457+0000] {data_modification.py:75} INFO - Updated row with Video_ID: AjXbO2XfBkE
[2026-05-31T11:14:00.459+0000] {data_modification.py:75} INFO - Updated row with Video_ID: ZQZzR0DUujc
[2026-05-31T11:14:00.461+0000] {data_modification.py:75} INFO - Updated row with Video_ID: -V3-fhJQZkk
[2026-05-31T11:14:00.464+0000] {data_modification.py:75} INFO - Updated row with Video_ID: QX0wvWGW2qg
[2026-05-31T11:14:00.466+0000] {data_modification.py:75} INFO - Updated row with Video_ID: oODUkNQAzXU
[2026-05-31T11:14:00.468+0000] {data_modification.py:75} INFO - Updated row with Video_ID: 2jWZtKTN6jU
[2026-05-31T11:14:00.470+0000] {data_modification.py:75} INFO - Updated row with Video_ID: zsADECFHY8w
[2026-05-31T11:14:00.473+0000] {data_modification.py:75} INFO - Updated row with Video_ID: Feh8o-HmthM
[2026-05-31T11:14:00.475+0000] {data_modification.py:75} INFO - Updated row with Video_ID: 6Xv-LVYZQxk
[2026-05-31T11:14:00.477+0000] {data_modification.py:75} INFO - Updated row with Video_ID: QqdUhn99E-s
[2026-05-31T11:14:00.479+0000] {data_modification.py:75} INFO - Updated row with Video_ID: 1UygJmcHUdQ
[2026-05-31T11:14:00.482+0000] {data_modification.py:75} INFO - Updated row with Video_ID: LTr8cXAxy1I
[2026-05-31T11:14:00.484+0000] {data_modification.py:75} INFO - Updated row with Video_ID: kGaq-Qi9hoE
[2026-05-31T11:14:00.486+0000] {data_modification.py:75} INFO - Updated row with Video_ID: skEf9R0TXkM
[2026-05-31T11:14:00.489+0000] {data_modification.py:75} INFO - Updated row with Video_ID: CnMv_zTXZ38
[2026-05-31T11:14:00.491+0000] {data_modification.py:75} INFO - Updated row with Video_ID: bEIK5ni_Pzs
[2026-05-31T11:14:00.493+0000] {data_modification.py:75} INFO - Updated row with Video_ID: _oZyp4mTzSQ
[2026-05-31T11:14:00.495+0000] {data_modification.py:75} INFO - Updated row with Video_ID: is1LSWbssuA
[2026-05-31T11:14:00.497+0000] {data_modification.py:75} INFO - Updated row with Video_ID: XR_q9_LEKuc
[2026-05-31T11:14:00.500+0000] {data_modification.py:75} INFO - Updated row with Video_ID: X9UiBpDHW3w
[2026-05-31T11:14:00.502+0000] {data_modification.py:75} INFO - Updated row with Video_ID: PRU47AuQF2M
[2026-05-31T11:14:00.504+0000] {data_modification.py:75} INFO - Updated row with Video_ID: Y3Rxgf5_R_I
[2026-05-31T11:14:00.506+0000] {data_modification.py:75} INFO - Updated row with Video_ID: yCKe65Nvp0Q
[2026-05-31T11:14:00.509+0000] {data_modification.py:75} INFO - Updated row with Video_ID: XBe57FyB2xU
[2026-05-31T11:14:00.511+0000] {data_modification.py:75} INFO - Updated row with Video_ID: zpCwHwWgbsI
[2026-05-31T11:14:00.513+0000] {data_modification.py:75} INFO - Updated row with Video_ID: lh61MVUxJt0
[2026-05-31T11:14:00.516+0000] {data_modification.py:75} INFO - Updated row with Video_ID: eBklqeeIu10
[2026-05-31T11:14:00.518+0000] {data_modification.py:75} INFO - Updated row with Video_ID: SgMydsOucFg
[2026-05-31T11:14:00.520+0000] {data_modification.py:75} INFO - Updated row with Video_ID: jPm3hRiMKuU
[2026-05-31T11:14:00.522+0000] {data_modification.py:75} INFO - Updated row with Video_ID: OweuuinkVZI
[2026-05-31T11:14:00.525+0000] {data_modification.py:75} INFO - Updated row with Video_ID: 7Pr0HP-Trgk
[2026-05-31T11:14:00.527+0000] {data_modification.py:75} INFO - Updated row with Video_ID: UEK0fYAqMss
[2026-05-31T11:14:00.529+0000] {data_modification.py:75} INFO - Updated row with Video_ID: lRznKN2oPUc
[2026-05-31T11:14:00.531+0000] {data_modification.py:75} INFO - Updated row with Video_ID: IDrS_TrjuK4
[2026-05-31T11:14:00.534+0000] {data_modification.py:75} INFO - Updated row with Video_ID: J1lhxfZtR3M
[2026-05-31T11:14:00.536+0000] {data_modification.py:75} INFO - Updated row with Video_ID: b_o8cz0ZNdk
[2026-05-31T11:14:00.538+0000] {data_modification.py:75} INFO - Updated row with Video_ID: i5dhcAxO25Q
[2026-05-31T11:14:00.541+0000] {data_modification.py:75} INFO - Updated row with Video_ID: -o_8CDbFMJ0
[2026-05-31T11:14:00.543+0000] {data_modification.py:75} INFO - Updated row with Video_ID: v5J1Cycn3s8
[2026-05-31T11:14:00.545+0000] {data_modification.py:75} INFO - Updated row with Video_ID: YJiqYG-Mylk
[2026-05-31T11:14:00.547+0000] {data_modification.py:75} INFO - Updated row with Video_ID: jGE1sUTeR5g
[2026-05-31T11:14:00.550+0000] {data_modification.py:75} INFO - Updated row with Video_ID: 0tZCQ25fsoI
[2026-05-31T11:14:00.552+0000] {data_modification.py:75} INFO - Updated row with Video_ID: N9jTogPwqVY
[2026-05-31T11:14:00.555+0000] {data_modification.py:75} INFO - Updated row with Video_ID: yyJ7xEcENNI
[2026-05-31T11:14:00.557+0000] {data_modification.py:75} INFO - Updated row with Video_ID: 3rJgCGMPEqA
[2026-05-31T11:14:00.559+0000] {data_modification.py:75} INFO - Updated row with Video_ID: 7isfkomGg7o
[2026-05-31T11:14:00.561+0000] {data_modification.py:75} INFO - Updated row with Video_ID: UCYefSGBP00
[2026-05-31T11:14:00.563+0000] {data_modification.py:75} INFO - Updated row with Video_ID: dvdGkRK5a_0
[2026-05-31T11:14:00.566+0000] {data_modification.py:75} INFO - Updated row with Video_ID: X7doE4h6W64
[2026-05-31T11:14:00.568+0000] {data_modification.py:75} INFO - Updated row with Video_ID: QkXDatNdL4U
[2026-05-31T11:14:00.570+0000] {data_modification.py:75} INFO - Updated row with Video_ID: hyt2t4r8lQ4
[2026-05-31T11:14:00.573+0000] {data_modification.py:75} INFO - Updated row with Video_ID: -mlok5iT3GE
[2026-05-31T11:14:00.575+0000] {data_modification.py:75} INFO - Updated row with Video_ID: STvOHHgJ1sQ
[2026-05-31T11:14:00.577+0000] {data_modification.py:75} INFO - Updated row with Video_ID: 2-ErX5oDzwM
[2026-05-31T11:14:00.579+0000] {data_modification.py:75} INFO - Updated row with Video_ID: 7ytYV-tVIvg
[2026-05-31T11:14:00.582+0000] {data_modification.py:75} INFO - Updated row with Video_ID: ELIoOUKSOJQ
[2026-05-31T11:14:00.584+0000] {data_modification.py:75} INFO - Updated row with Video_ID: uAoayezOaug
[2026-05-31T11:14:00.586+0000] {data_modification.py:75} INFO - Updated row with Video_ID: Vr2337tCLCI
[2026-05-31T11:14:00.588+0000] {data_modification.py:75} INFO - Updated row with Video_ID: NV7qmqbS8tM
[2026-05-31T11:14:00.591+0000] {data_modification.py:75} INFO - Updated row with Video_ID: U9c-ycvw02A
[2026-05-31T11:14:00.593+0000] {data_modification.py:75} INFO - Updated row with Video_ID: GfgcVOuHLAo
[2026-05-31T11:14:00.595+0000] {data_modification.py:75} INFO - Updated row with Video_ID: zi7tZ-2PhLk
[2026-05-31T11:14:00.598+0000] {data_modification.py:75} INFO - Updated row with Video_ID: TacjQmKCiZg
[2026-05-31T11:14:00.600+0000] {data_modification.py:75} INFO - Updated row with Video_ID: AIytwdufwW8
[2026-05-31T11:14:00.602+0000] {data_modification.py:75} INFO - Updated row with Video_ID: KLAI0c0Spog
[2026-05-31T11:14:00.604+0000] {data_modification.py:75} INFO - Updated row with Video_ID: UVin8WtE5eU
[2026-05-31T11:14:00.606+0000] {data_modification.py:75} INFO - Updated row with Video_ID: wNuxirsrwBk
[2026-05-31T11:14:00.608+0000] {data_modification.py:75} INFO - Updated row with Video_ID: 6bxZpS0cm5o
[2026-05-31T11:14:00.611+0000] {data_modification.py:75} INFO - Updated row with Video_ID: ajJbMGq9AS4
[2026-05-31T11:14:00.613+0000] {data_modification.py:75} INFO - Updated row with Video_ID: UXw9jqgJNNc
[2026-05-31T11:14:00.615+0000] {data_modification.py:75} INFO - Updated row with Video_ID: E3CqKvlzl-I
[2026-05-31T11:14:00.617+0000] {data_modification.py:75} INFO - Updated row with Video_ID: zfDr05ax0gM
[2026-05-31T11:14:00.619+0000] {data_modification.py:75} INFO - Updated row with Video_ID: 56OkH6ocYZU
[2026-05-31T11:14:00.622+0000] {data_modification.py:75} INFO - Updated row with Video_ID: w40Z8aT5fpQ
[2026-05-31T11:14:00.624+0000] {data_modification.py:75} INFO - Updated row with Video_ID: zgDezsMQyyU
[2026-05-31T11:14:00.626+0000] {data_modification.py:75} INFO - Updated row with Video_ID: UEwnitHoSDw
[2026-05-31T11:14:00.628+0000] {data_modification.py:75} INFO - Updated row with Video_ID: QqIG0R-KpGk
[2026-05-31T11:14:00.630+0000] {data_modification.py:75} INFO - Updated row with Video_ID: qENpZBzgaUM
[2026-05-31T11:14:00.633+0000] {data_modification.py:75} INFO - Updated row with Video_ID: 4DYBVA4884Y
[2026-05-31T11:14:00.635+0000] {data_modification.py:75} INFO - Updated row with Video_ID: yeHjsYQ076A
[2026-05-31T11:14:00.637+0000] {data_modification.py:75} INFO - Updated row with Video_ID: pqrdPu2ESFo
[2026-05-31T11:14:00.640+0000] {data_modification.py:75} INFO - Updated row with Video_ID: ywZy_Fo2ydo
[2026-05-31T11:14:00.642+0000] {data_modification.py:75} INFO - Updated row with Video_ID: qr4v9pdfVlU
[2026-05-31T11:14:00.645+0000] {data_modification.py:75} INFO - Updated row with Video_ID: hgiPX33AHas
[2026-05-31T11:14:00.647+0000] {data_modification.py:75} INFO - Updated row with Video_ID: oZ-Mn5p1xMw
[2026-05-31T11:14:00.650+0000] {data_modification.py:75} INFO - Updated row with Video_ID: 5UPa_hu5opg
[2026-05-31T11:14:00.652+0000] {data_modification.py:75} INFO - Updated row with Video_ID: zv_oq5UNDAo
[2026-05-31T11:14:00.655+0000] {data_modification.py:75} INFO - Updated row with Video_ID: NiqkH7qVW0U
[2026-05-31T11:14:00.657+0000] {data_modification.py:75} INFO - Updated row with Video_ID: boBokLXe5o8
[2026-05-31T11:14:00.660+0000] {data_modification.py:75} INFO - Updated row with Video_ID: 7YOzgk-U4EU
[2026-05-31T11:14:00.662+0000] {data_modification.py:75} INFO - Updated row with Video_ID: prdSftLj9-g
[2026-05-31T11:14:00.664+0000] {data_modification.py:75} INFO - Updated row with Video_ID: pzlPJmNyepA
[2026-05-31T11:14:00.667+0000] {data_modification.py:75} INFO - Updated row with Video_ID: kzIA4vKyhRQ
[2026-05-31T11:14:00.669+0000] {data_modification.py:75} INFO - Updated row with Video_ID: DfonKqMENrg
[2026-05-31T11:14:00.671+0000] {data_modification.py:75} INFO - Updated row with Video_ID: MUQCwdkEbq0
[2026-05-31T11:14:00.674+0000] {data_modification.py:75} INFO - Updated row with Video_ID: JlUzoQN9FWw
[2026-05-31T11:14:00.676+0000] {data_modification.py:75} INFO - Updated row with Video_ID: 0VjLq-go1fg
[2026-05-31T11:14:00.678+0000] {data_modification.py:75} INFO - Updated row with Video_ID: uCIpW9zOmgI
[2026-05-31T11:14:00.680+0000] {data_modification.py:75} INFO - Updated row with Video_ID: Z0Poefgrs4w
[2026-05-31T11:14:00.683+0000] {data_modification.py:75} INFO - Updated row with Video_ID: MLN6TRB9Jxw
[2026-05-31T11:14:00.685+0000] {data_modification.py:75} INFO - Updated row with Video_ID: vZrL_FFITgs
[2026-05-31T11:14:00.688+0000] {data_modification.py:75} INFO - Updated row with Video_ID: L7lGD_anC00
[2026-05-31T11:14:00.690+0000] {data_modification.py:75} INFO - Updated row with Video_ID: xu1nhAfnMGA
[2026-05-31T11:14:00.692+0000] {data_modification.py:75} INFO - Updated row with Video_ID: D1livXdFGkQ
[2026-05-31T11:14:00.695+0000] {data_modification.py:75} INFO - Updated row with Video_ID: bwp_3qLgWpQ
[2026-05-31T11:14:00.697+0000] {data_modification.py:75} INFO - Updated row with Video_ID: tZpnfF0-7Ls
[2026-05-31T11:14:00.699+0000] {data_modification.py:75} INFO - Updated row with Video_ID: BwAMltY3-c0
[2026-05-31T11:14:00.702+0000] {data_modification.py:75} INFO - Updated row with Video_ID: 7HBR3Ea72CY
[2026-05-31T11:14:00.704+0000] {data_modification.py:75} INFO - Updated row with Video_ID: Ds9H2UnUHL0
[2026-05-31T11:14:00.706+0000] {data_modification.py:75} INFO - Updated row with Video_ID: iqUFeWAVp-0
[2026-05-31T11:14:00.708+0000] {data_modification.py:75} INFO - Updated row with Video_ID: W2skFWRk6qo
[2026-05-31T11:14:00.710+0000] {data_modification.py:75} INFO - Updated row with Video_ID: X_qd-1xSTFA
[2026-05-31T11:14:00.712+0000] {data_modification.py:75} INFO - Updated row with Video_ID: VWa0ImMY2bQ
[2026-05-31T11:14:00.715+0000] {data_modification.py:75} INFO - Updated row with Video_ID: fEcASr38n2E
[2026-05-31T11:14:00.717+0000] {data_modification.py:75} INFO - Updated row with Video_ID: udmf5MQLNGA
[2026-05-31T11:14:00.719+0000] {data_modification.py:75} INFO - Updated row with Video_ID: 0dg2eR2NSQ0
[2026-05-31T11:14:00.721+0000] {data_modification.py:75} INFO - Updated row with Video_ID: 6BNOWeYFyP8
[2026-05-31T11:14:00.724+0000] {data_modification.py:75} INFO - Updated row with Video_ID: LDegY-H60_U
[2026-05-31T11:14:00.726+0000] {data_modification.py:75} INFO - Updated row with Video_ID: Rio7r_vLUEo
[2026-05-31T11:14:00.728+0000] {data_modification.py:75} INFO - Updated row with Video_ID: 8E5Ygl02wtM
[2026-05-31T11:14:00.730+0000] {data_modification.py:75} INFO - Updated row with Video_ID: moMJjt5KECc
[2026-05-31T11:14:00.732+0000] {data_modification.py:75} INFO - Updated row with Video_ID: OffgqPzDi7Q
[2026-05-31T11:14:00.734+0000] {data_modification.py:75} INFO - Updated row with Video_ID: B_7uD3B62MM
[2026-05-31T11:14:00.737+0000] {data_modification.py:75} INFO - Updated row with Video_ID: bA20RJcegOI
[2026-05-31T11:14:00.739+0000] {data_modification.py:75} INFO - Updated row with Video_ID: NbHwVDt9Rjk
[2026-05-31T11:14:00.741+0000] {data_modification.py:75} INFO - Updated row with Video_ID: VzsE09KjpKA
[2026-05-31T11:14:00.743+0000] {data_modification.py:75} INFO - Updated row with Video_ID: HduubRTdko4
[2026-05-31T11:14:00.745+0000] {data_modification.py:75} INFO - Updated row with Video_ID: qFOGv5zuTdw
[2026-05-31T11:14:00.748+0000] {data_modification.py:75} INFO - Updated row with Video_ID: u6t4jrhs56Q
[2026-05-31T11:14:00.750+0000] {data_modification.py:75} INFO - Updated row with Video_ID: 460GXJiGCEs
[2026-05-31T11:14:00.752+0000] {data_modification.py:75} INFO - Updated row with Video_ID: ZiuoOcj2eLY
[2026-05-31T11:14:00.754+0000] {data_modification.py:75} INFO - Updated row with Video_ID: LYK6SPMtJ_Y
[2026-05-31T11:14:00.757+0000] {data_modification.py:75} INFO - Updated row with Video_ID: 2ljWxaMvE_0
[2026-05-31T11:14:00.759+0000] {data_modification.py:75} INFO - Updated row with Video_ID: rSuuQ_s8gOw
[2026-05-31T11:14:00.761+0000] {data_modification.py:75} INFO - Updated row with Video_ID: vKKhX-Uyggw
[2026-05-31T11:14:00.763+0000] {data_modification.py:75} INFO - Updated row with Video_ID: EAwXH82m-6A
[2026-05-31T11:14:00.765+0000] {data_modification.py:75} INFO - Updated row with Video_ID: U_07AG_CR5A
[2026-05-31T11:14:00.767+0000] {data_modification.py:75} INFO - Updated row with Video_ID: Xe0AGtF5aNU
[2026-05-31T11:14:00.770+0000] {data_modification.py:75} INFO - Updated row with Video_ID: NCv0drAPm_M
[2026-05-31T11:14:00.772+0000] {data_modification.py:75} INFO - Updated row with Video_ID: HuLAAXZXIy0
[2026-05-31T11:14:00.774+0000] {data_modification.py:75} INFO - Updated row with Video_ID: pV7UcYW1OwA
[2026-05-31T11:14:00.776+0000] {data_modification.py:75} INFO - Updated row with Video_ID: x4IXCimma-s
[2026-05-31T11:14:00.778+0000] {data_modification.py:75} INFO - Updated row with Video_ID: anZbhN0Wh_4
[2026-05-31T11:14:00.780+0000] {data_modification.py:75} INFO - Updated row with Video_ID: 3Q3pQmzWyZM
[2026-05-31T11:14:00.782+0000] {data_modification.py:75} INFO - Updated row with Video_ID: BqS4iVHa-LU
[2026-05-31T11:14:00.785+0000] {data_modification.py:75} INFO - Updated row with Video_ID: zX04jQFKCpo
[2026-05-31T11:14:00.787+0000] {data_modification.py:75} INFO - Updated row with Video_ID: bB99NdUoxEQ
[2026-05-31T11:14:00.789+0000] {data_modification.py:75} INFO - Updated row with Video_ID: 7GjSaNi8Epg
[2026-05-31T11:14:00.791+0000] {data_modification.py:75} INFO - Updated row with Video_ID: CuzdxsOXEZ8
[2026-05-31T11:14:00.794+0000] {data_modification.py:75} INFO - Updated row with Video_ID: 67Wj-0OyKOM
[2026-05-31T11:14:00.796+0000] {data_modification.py:75} INFO - Updated row with Video_ID: LWstCINhd8g
[2026-05-31T11:14:00.798+0000] {data_modification.py:75} INFO - Updated row with Video_ID: dg6iqLCPizs
[2026-05-31T11:14:00.801+0000] {data_modification.py:75} INFO - Updated row with Video_ID: cRPldarzw-M
[2026-05-31T11:14:00.803+0000] {data_modification.py:75} INFO - Updated row with Video_ID: tusuuI7MEJU
[2026-05-31T11:14:00.805+0000] {data_modification.py:75} INFO - Updated row with Video_ID: XDe5f8BEvwY
[2026-05-31T11:14:00.807+0000] {data_modification.py:75} INFO - Updated row with Video_ID: BtCGABBPH9s
[2026-05-31T11:14:00.809+0000] {data_modification.py:75} INFO - Updated row with Video_ID: KJ_C_NSl0P8
[2026-05-31T11:14:00.811+0000] {data_modification.py:75} INFO - Updated row with Video_ID: LI8nWXeYtOs
[2026-05-31T11:14:00.813+0000] {data_modification.py:75} INFO - Updated row with Video_ID: LMe7k8I082w
[2026-05-31T11:14:00.815+0000] {data_modification.py:75} INFO - Updated row with Video_ID: h77pHTSPSiw
[2026-05-31T11:14:00.818+0000] {data_modification.py:75} INFO - Updated row with Video_ID: JUiijjJOInw
[2026-05-31T11:14:00.820+0000] {data_modification.py:75} INFO - Updated row with Video_ID: gpbY6zCEBv4
[2026-05-31T11:14:00.822+0000] {data_modification.py:75} INFO - Updated row with Video_ID: Kgu2ApayYvI
[2026-05-31T11:14:00.824+0000] {data_modification.py:75} INFO - Updated row with Video_ID: S9PIukDRcvk
[2026-05-31T11:14:00.826+0000] {data_modification.py:75} INFO - Updated row with Video_ID: lrw3zkGS9Vc
[2026-05-31T11:14:00.828+0000] {data_modification.py:75} INFO - Updated row with Video_ID: IQYW_lVBYGo
[2026-05-31T11:14:00.831+0000] {data_modification.py:75} INFO - Updated row with Video_ID: iOjxpow6jow
[2026-05-31T11:14:00.833+0000] {data_modification.py:75} INFO - Updated row with Video_ID: GdD2pqAdjXY
[2026-05-31T11:14:00.835+0000] {data_modification.py:75} INFO - Updated row with Video_ID: nmHCmLVLxcU
[2026-05-31T11:14:00.837+0000] {data_modification.py:75} INFO - Updated row with Video_ID: TZPlDuYrcDQ
[2026-05-31T11:14:00.839+0000] {data_modification.py:75} INFO - Updated row with Video_ID: Oub4nMrNTqQ
[2026-05-31T11:14:00.842+0000] {data_modification.py:75} INFO - Updated row with Video_ID: h5Z36IuyrKc
[2026-05-31T11:14:00.844+0000] {data_modification.py:75} INFO - Updated row with Video_ID: 2IGxSOfsBok
[2026-05-31T11:14:00.846+0000] {data_modification.py:75} INFO - Updated row with Video_ID: ZxkLCq49Tvk
[2026-05-31T11:14:00.848+0000] {data_modification.py:75} INFO - Updated row with Video_ID: smDPnIdlkhM
[2026-05-31T11:14:00.850+0000] {data_modification.py:75} INFO - Updated row with Video_ID: 3nn_skHgkqI
[2026-05-31T11:14:00.852+0000] {data_modification.py:75} INFO - Updated row with Video_ID: A8IkOqb_7Yg
[2026-05-31T11:14:00.854+0000] {data_modification.py:75} INFO - Updated row with Video_ID: hHl_YMivv3c
[2026-05-31T11:14:00.857+0000] {data_modification.py:75} INFO - Updated row with Video_ID: 7mLSbgyjM0g
[2026-05-31T11:14:00.859+0000] {data_modification.py:75} INFO - Updated row with Video_ID: TGKkMl17Htg
[2026-05-31T11:14:00.861+0000] {data_modification.py:75} INFO - Updated row with Video_ID: Qw3eFnsSdlQ
[2026-05-31T11:14:00.863+0000] {data_modification.py:75} INFO - Updated row with Video_ID: KcNCJ1mgt14
[2026-05-31T11:14:00.865+0000] {data_modification.py:75} INFO - Updated row with Video_ID: A4lp4FRCo6o
[2026-05-31T11:14:00.867+0000] {data_modification.py:75} INFO - Updated row with Video_ID: WYKZz3Zygdc
[2026-05-31T11:14:00.870+0000] {data_modification.py:75} INFO - Updated row with Video_ID: 5U2fmvh9_Is
[2026-05-31T11:14:00.872+0000] {data_modification.py:75} INFO - Updated row with Video_ID: xvIpibLjs5k
[2026-05-31T11:14:00.874+0000] {data_modification.py:75} INFO - Updated row with Video_ID: jlpAON0ePME
[2026-05-31T11:14:00.876+0000] {data_modification.py:75} INFO - Updated row with Video_ID: sfp0a6zDoNQ
[2026-05-31T11:14:00.878+0000] {data_modification.py:75} INFO - Updated row with Video_ID: RaDRWNz3Al4
[2026-05-31T11:14:00.880+0000] {data_modification.py:75} INFO - Updated row with Video_ID: Ms9MGkEm4mg
[2026-05-31T11:14:00.882+0000] {data_modification.py:75} INFO - Updated row with Video_ID: 90wWStXJX5c
[2026-05-31T11:14:00.885+0000] {data_modification.py:75} INFO - Updated row with Video_ID: ruSVy-u2DzM
[2026-05-31T11:14:00.887+0000] {data_modification.py:75} INFO - Updated row with Video_ID: pP1KMQb51GA
[2026-05-31T11:14:00.889+0000] {data_modification.py:75} INFO - Updated row with Video_ID: dPxAFqs2eYE
[2026-05-31T11:14:00.891+0000] {data_modification.py:75} INFO - Updated row with Video_ID: p-KVD5rA_Cw
[2026-05-31T11:14:00.893+0000] {data_modification.py:75} INFO - Updated row with Video_ID: JdCgkcb1iwQ
[2026-05-31T11:14:00.895+0000] {data_modification.py:75} INFO - Updated row with Video_ID: 7anhkLPRk-A
[2026-05-31T11:14:00.898+0000] {data_modification.py:75} INFO - Updated row with Video_ID: XVMY7B3AzWM
[2026-05-31T11:14:00.900+0000] {data_modification.py:75} INFO - Updated row with Video_ID: QXag-irFHxE
[2026-05-31T11:14:00.902+0000] {data_modification.py:75} INFO - Updated row with Video_ID: vBEGODNmdas
[2026-05-31T11:14:00.904+0000] {data_modification.py:75} INFO - Updated row with Video_ID: v3tbnlc5cfo
[2026-05-31T11:14:00.906+0000] {data_modification.py:75} INFO - Updated row with Video_ID: ObYLL97-SBA
[2026-05-31T11:14:00.908+0000] {data_modification.py:75} INFO - Updated row with Video_ID: IaR7P4-wFK8
[2026-05-31T11:14:00.910+0000] {data_modification.py:75} INFO - Updated row with Video_ID: v1ELS84GQu8
[2026-05-31T11:14:00.913+0000] {data_modification.py:75} INFO - Updated row with Video_ID: ctJORnOjbrQ
[2026-05-31T11:14:00.915+0000] {data_modification.py:75} INFO - Updated row with Video_ID: -hrPQFaDVKQ
[2026-05-31T11:14:00.917+0000] {data_modification.py:75} INFO - Updated row with Video_ID: bIZ5_L1ru2w
[2026-05-31T11:14:00.919+0000] {data_modification.py:75} INFO - Updated row with Video_ID: yyssjJEJMt4
[2026-05-31T11:14:00.921+0000] {data_modification.py:75} INFO - Updated row with Video_ID: Wz1VHTZq16c
[2026-05-31T11:14:00.924+0000] {data_modification.py:75} INFO - Updated row with Video_ID: Cs-kyTJso-A
[2026-05-31T11:14:00.926+0000] {data_modification.py:75} INFO - Updated row with Video_ID: jkqd-oc0F00
[2026-05-31T11:14:00.928+0000] {data_modification.py:75} INFO - Updated row with Video_ID: mVkT6Cd9SoI
[2026-05-31T11:14:00.930+0000] {data_modification.py:75} INFO - Updated row with Video_ID: rffyxTTNkyk
[2026-05-31T11:14:00.932+0000] {data_modification.py:75} INFO - Updated row with Video_ID: OOesLeO6-pc
[2026-05-31T11:14:00.935+0000] {data_modification.py:75} INFO - Updated row with Video_ID: Q5lcjP6XlHw
[2026-05-31T11:14:00.937+0000] {data_modification.py:75} INFO - Updated row with Video_ID: G7Y9ban7b0U
[2026-05-31T11:14:00.939+0000] {data_modification.py:75} INFO - Updated row with Video_ID: EMVvA5Cr0fY
[2026-05-31T11:14:00.941+0000] {data_modification.py:75} INFO - Updated row with Video_ID: e14MroQ5k_s
[2026-05-31T11:14:00.943+0000] {data_modification.py:75} INFO - Updated row with Video_ID: OJA1QK-j-Oo
[2026-05-31T11:14:00.945+0000] {data_modification.py:75} INFO - Updated row with Video_ID: KL1X8NsVGd0
[2026-05-31T11:14:00.948+0000] {data_modification.py:75} INFO - Updated row with Video_ID: q2HoSwCMcZw
[2026-05-31T11:14:00.950+0000] {data_modification.py:75} INFO - Updated row with Video_ID: RRknlgRqOds
[2026-05-31T11:14:00.952+0000] {data_modification.py:75} INFO - Updated row with Video_ID: j93M46a-W3U
[2026-05-31T11:14:00.954+0000] {data_modification.py:75} INFO - Updated row with Video_ID: uqjfMNEWNIg
[2026-05-31T11:14:00.957+0000] {data_modification.py:75} INFO - Updated row with Video_ID: X-g9aT2wFjM
[2026-05-31T11:14:00.959+0000] {data_modification.py:75} INFO - Updated row with Video_ID: C82suucz4i4
[2026-05-31T11:14:00.961+0000] {data_modification.py:75} INFO - Updated row with Video_ID: H_DYlka7QAQ
[2026-05-31T11:14:00.964+0000] {data_modification.py:75} INFO - Updated row with Video_ID: ov0KQthQ50U
[2026-05-31T11:14:00.966+0000] {data_modification.py:75} INFO - Updated row with Video_ID: MC-7ziNt_U4
[2026-05-31T11:14:00.968+0000] {data_modification.py:75} INFO - Updated row with Video_ID: PNsF1Uh5yP8
[2026-05-31T11:14:00.971+0000] {data_modification.py:75} INFO - Updated row with Video_ID: 9Y2sAtN5yRs
[2026-05-31T11:14:00.973+0000] {data_modification.py:75} INFO - Updated row with Video_ID: -z349CGAOXs
[2026-05-31T11:14:00.975+0000] {data_modification.py:75} INFO - Updated row with Video_ID: pl4xmh3RWfE
[2026-05-31T11:14:00.977+0000] {data_modification.py:75} INFO - Updated row with Video_ID: 6z5RwrvnH28
[2026-05-31T11:14:00.980+0000] {data_modification.py:75} INFO - Updated row with Video_ID: ivdQqobHDPc
[2026-05-31T11:14:00.982+0000] {data_modification.py:75} INFO - Updated row with Video_ID: uUIlb2rpIuY
[2026-05-31T11:14:00.984+0000] {data_modification.py:75} INFO - Updated row with Video_ID: Ros1PpcO5Js
[2026-05-31T11:14:00.986+0000] {data_modification.py:75} INFO - Updated row with Video_ID: KYv1nqutbK0
[2026-05-31T11:14:00.988+0000] {data_modification.py:75} INFO - Updated row with Video_ID: 7Yi-ctyTNU4
[2026-05-31T11:14:00.991+0000] {data_modification.py:75} INFO - Updated row with Video_ID: VN2-3OfUzd8
[2026-05-31T11:14:00.993+0000] {data_modification.py:75} INFO - Updated row with Video_ID: 7dIFHQkrASM
[2026-05-31T11:14:00.995+0000] {data_modification.py:75} INFO - Updated row with Video_ID: QicO1Gd0kvU
[2026-05-31T11:14:00.997+0000] {data_modification.py:75} INFO - Updated row with Video_ID: yFfcsmK2TOA
[2026-05-31T11:14:01.000+0000] {data_modification.py:75} INFO - Updated row with Video_ID: Jl0-6tbNGBo
[2026-05-31T11:14:01.002+0000] {data_modification.py:75} INFO - Updated row with Video_ID: IAbX0FwX-GY
[2026-05-31T11:14:01.004+0000] {data_modification.py:75} INFO - Updated row with Video_ID: XKSJRulqDNA
[2026-05-31T11:14:01.007+0000] {data_modification.py:75} INFO - Updated row with Video_ID: jysfHFHNjYQ
[2026-05-31T11:14:01.009+0000] {data_modification.py:75} INFO - Updated row with Video_ID: Yox25V8Qsm4
[2026-05-31T11:14:01.011+0000] {data_modification.py:75} INFO - Updated row with Video_ID: clcN3OA8SNw
[2026-05-31T11:14:01.014+0000] {data_modification.py:75} INFO - Updated row with Video_ID: m3lTwO0aNyw
[2026-05-31T11:14:01.016+0000] {data_modification.py:75} INFO - Updated row with Video_ID: gchqnwXlxJw
[2026-05-31T11:14:01.018+0000] {data_modification.py:75} INFO - Updated row with Video_ID: atCPtw4dg7g
[2026-05-31T11:14:01.021+0000] {data_modification.py:75} INFO - Updated row with Video_ID: t8aM4HuVLrQ
[2026-05-31T11:14:01.023+0000] {data_modification.py:75} INFO - Updated row with Video_ID: M82VAcabSiA
[2026-05-31T11:14:01.025+0000] {data_modification.py:75} INFO - Updated row with Video_ID: 7qj3nuF9Dzw
[2026-05-31T11:14:01.028+0000] {data_modification.py:75} INFO - Updated row with Video_ID: Y74b7WlcEpk
[2026-05-31T11:14:01.030+0000] {data_modification.py:75} INFO - Updated row with Video_ID: Z8nEEdXTaX0
[2026-05-31T11:14:01.032+0000] {data_modification.py:75} INFO - Updated row with Video_ID: jP82d277Cc8
[2026-05-31T11:14:01.035+0000] {data_modification.py:75} INFO - Updated row with Video_ID: 2XVcLrB7B3Y
[2026-05-31T11:14:01.037+0000] {data_modification.py:75} INFO - Updated row with Video_ID: GpQSUjNsNm0
[2026-05-31T11:14:01.039+0000] {data_modification.py:75} INFO - Updated row with Video_ID: AoN1K4c7VKE
[2026-05-31T11:14:01.041+0000] {data_modification.py:75} INFO - Updated row with Video_ID: HISfrcjiNPM
[2026-05-31T11:14:01.043+0000] {data_modification.py:75} INFO - Updated row with Video_ID: oBXSvS2QKxU
[2026-05-31T11:14:01.046+0000] {data_modification.py:75} INFO - Updated row with Video_ID: TDv56whosPQ
[2026-05-31T11:14:01.048+0000] {data_modification.py:75} INFO - Updated row with Video_ID: x7yv72s8h0o
[2026-05-31T11:14:01.050+0000] {data_modification.py:75} INFO - Updated row with Video_ID: TRxMLLuWIhw
[2026-05-31T11:14:01.053+0000] {data_modification.py:75} INFO - Updated row with Video_ID: SM66GDRyIVY
[2026-05-31T11:14:01.055+0000] {data_modification.py:75} INFO - Updated row with Video_ID: zvBXpoBegwE
[2026-05-31T11:14:01.057+0000] {data_modification.py:75} INFO - Updated row with Video_ID: 0BjlBnfHcHM
[2026-05-31T11:14:01.059+0000] {data_modification.py:75} INFO - Updated row with Video_ID: lkCRPp7cnP8
[2026-05-31T11:14:01.062+0000] {data_modification.py:75} INFO - Updated row with Video_ID: K_CbgLpvH9E
[2026-05-31T11:14:01.064+0000] {data_modification.py:75} INFO - Updated row with Video_ID: IemzxkkzI5s
[2026-05-31T11:14:01.066+0000] {data_modification.py:75} INFO - Updated row with Video_ID: bvlFjrcpD6s
[2026-05-31T11:14:01.068+0000] {data_modification.py:75} INFO - Updated row with Video_ID: TJ2ifmkGGus
[2026-05-31T11:14:01.071+0000] {data_modification.py:75} INFO - Updated row with Video_ID: ktyJIj6i4Qw
[2026-05-31T11:14:01.073+0000] {data_modification.py:75} INFO - Updated row with Video_ID: ayXxwJJId_c
[2026-05-31T11:14:01.075+0000] {data_modification.py:75} INFO - Updated row with Video_ID: vp5sSqyZ5Go
[2026-05-31T11:14:01.077+0000] {data_modification.py:75} INFO - Updated row with Video_ID: RwnN2FVaHmw
[2026-05-31T11:14:01.080+0000] {data_modification.py:75} INFO - Updated row with Video_ID: 3LLnjRLrvLU
[2026-05-31T11:14:01.082+0000] {data_modification.py:75} INFO - Updated row with Video_ID: xRwy_rKc7gI
[2026-05-31T11:14:01.084+0000] {data_modification.py:75} INFO - Updated row with Video_ID: e5DqdX-7_g4
[2026-05-31T11:14:01.087+0000] {data_modification.py:75} INFO - Updated row with Video_ID: pUwUAtmBKxw
[2026-05-31T11:14:01.089+0000] {data_modification.py:75} INFO - Updated row with Video_ID: p5rGgPZtjDw
[2026-05-31T11:14:01.091+0000] {data_modification.py:75} INFO - Updated row with Video_ID: bWDmDsdvoBs
[2026-05-31T11:14:01.093+0000] {data_modification.py:75} INFO - Updated row with Video_ID: y1UVAtHALaA
[2026-05-31T11:14:01.096+0000] {data_modification.py:75} INFO - Updated row with Video_ID: nd-bwvNB7YA
[2026-05-31T11:14:01.098+0000] {data_modification.py:75} INFO - Updated row with Video_ID: Pe3pGsCeYXg
[2026-05-31T11:14:01.100+0000] {data_modification.py:75} INFO - Updated row with Video_ID: nPlqRbVFBHI
[2026-05-31T11:14:01.103+0000] {data_modification.py:75} INFO - Updated row with Video_ID: ZJwX2jTXWwQ
[2026-05-31T11:14:01.105+0000] {data_modification.py:75} INFO - Updated row with Video_ID: igVcy5dtN80
[2026-05-31T11:14:01.107+0000] {data_modification.py:75} INFO - Updated row with Video_ID: dSDBr0WjrwQ
[2026-05-31T11:14:01.110+0000] {data_modification.py:75} INFO - Updated row with Video_ID: 1gfgZhW3YgU
[2026-05-31T11:14:01.112+0000] {data_modification.py:75} INFO - Updated row with Video_ID: ngVEpJs5A5s
[2026-05-31T11:14:01.114+0000] {data_modification.py:75} INFO - Updated row with Video_ID: QJUs6CSRCFU
[2026-05-31T11:14:01.116+0000] {data_modification.py:75} INFO - Updated row with Video_ID: Om4c4ilT_6g
[2026-05-31T11:14:01.119+0000] {data_modification.py:75} INFO - Updated row with Video_ID: g0IrVKXIbmE
[2026-05-31T11:14:01.121+0000] {data_modification.py:75} INFO - Updated row with Video_ID: 1Pr-R2nKTY4
[2026-05-31T11:14:01.123+0000] {data_modification.py:75} INFO - Updated row with Video_ID: g4DAFnZcCcQ
[2026-05-31T11:14:01.125+0000] {data_modification.py:75} INFO - Updated row with Video_ID: NFZ_MtTvwm0
[2026-05-31T11:14:01.128+0000] {data_modification.py:75} INFO - Updated row with Video_ID: oB8kFFvJdhE
[2026-05-31T11:14:01.130+0000] {data_modification.py:75} INFO - Updated row with Video_ID: 8-0ZHJHp9g4
[2026-05-31T11:14:01.132+0000] {data_modification.py:75} INFO - Updated row with Video_ID: R6zuvKbvKyU
[2026-05-31T11:14:01.135+0000] {data_modification.py:75} INFO - Updated row with Video_ID: yWnmEPgLroQ
[2026-05-31T11:14:01.137+0000] {data_modification.py:75} INFO - Updated row with Video_ID: GhppzOzN3MM
[2026-05-31T11:14:01.139+0000] {data_modification.py:75} INFO - Updated row with Video_ID: qWnyJ55KBKo
[2026-05-31T11:14:01.141+0000] {data_modification.py:75} INFO - Updated row with Video_ID: 52awie9G00A
[2026-05-31T11:14:01.143+0000] {data_modification.py:75} INFO - Updated row with Video_ID: h5uE4ERMiTk
[2026-05-31T11:14:01.146+0000] {data_modification.py:75} INFO - Updated row with Video_ID: umRLkCrmwcs
[2026-05-31T11:14:01.148+0000] {data_modification.py:75} INFO - Updated row with Video_ID: rHoLyltYDtQ
[2026-05-31T11:14:01.150+0000] {data_modification.py:75} INFO - Updated row with Video_ID: QNoqAnJOSqU
[2026-05-31T11:14:01.152+0000] {data_modification.py:75} INFO - Updated row with Video_ID: D51HaR-XvgM
[2026-05-31T11:14:01.154+0000] {data_modification.py:75} INFO - Updated row with Video_ID: -rdYtmUejSE
[2026-05-31T11:14:01.156+0000] {data_modification.py:75} INFO - Updated row with Video_ID: DjMYkWCEan8
[2026-05-31T11:14:01.159+0000] {data_modification.py:75} INFO - Updated row with Video_ID: 2bwPntvb90U
[2026-05-31T11:14:01.161+0000] {data_modification.py:75} INFO - Updated row with Video_ID: sE3ZZmYotSs
[2026-05-31T11:14:01.163+0000] {data_modification.py:75} INFO - Updated row with Video_ID: uNu6XEPTy5g
[2026-05-31T11:14:01.166+0000] {data_modification.py:75} INFO - Updated row with Video_ID: DXVHmGoCTco
[2026-05-31T11:14:01.168+0000] {data_modification.py:75} INFO - Updated row with Video_ID: f0cXJ6mJxGc
[2026-05-31T11:14:01.170+0000] {data_modification.py:75} INFO - Updated row with Video_ID: F6PqxbvOCUI
[2026-05-31T11:14:01.172+0000] {data_modification.py:75} INFO - Updated row with Video_ID: r7zJ8srwwjk
[2026-05-31T11:14:01.174+0000] {data_modification.py:75} INFO - Updated row with Video_ID: YSoJPA8-oHc
[2026-05-31T11:14:01.176+0000] {data_modification.py:75} INFO - Updated row with Video_ID: 5Hg_QSIJm8I
[2026-05-31T11:14:01.179+0000] {data_modification.py:75} INFO - Updated row with Video_ID: P4qWhSZ7_WA
[2026-05-31T11:14:01.181+0000] {data_modification.py:75} INFO - Updated row with Video_ID: GxTVDClFXuc
[2026-05-31T11:14:01.183+0000] {data_modification.py:75} INFO - Updated row with Video_ID: pHKlrJeKmjA
[2026-05-31T11:14:01.185+0000] {data_modification.py:75} INFO - Updated row with Video_ID: -2IFrMOM36w
[2026-05-31T11:14:01.185+0000] {dwh.py:114} INFO - core table update completed
[2026-05-31T11:14:01.186+0000] {python.py:237} INFO - Done. Returned value was: None
[2026-05-31T11:14:01.187+0000] {taskinstance.py:441} INFO - ::group::Post task execution logs
[2026-05-31T11:14:01.193+0000] {taskinstance.py:1206} INFO - Marking task as SUCCESS. dag_id=update_db, task_id=core_table, run_id=manual__2026-05-31T11:13:54.276535+00:00, execution_date=20260531T111354, start_date=20260531T111358, end_date=20260531T111401
[2026-05-31T11:14:01.220+0000] {local_task_job_runner.py:240} INFO - Task exited with return code 0
[2026-05-31T11:14:01.231+0000] {taskinstance.py:3503} INFO - 0 downstream tasks scheduled from follow-on schedule check
[2026-05-31T11:14:01.235+0000] {local_task_job_runner.py:222} INFO - ::endgroup::
