[2026-05-31T10:50:38.798+0000] {local_task_job_runner.py:120} INFO - ::group::Pre task execution logs
[2026-05-31T10:50:38.812+0000] {taskinstance.py:2076} INFO - Dependencies all met for dep_context=non-requeueable deps ti=<TaskInstance: update_db.core_table manual__2026-05-31T10:50:34.654234+00:00 [queued]>
[2026-05-31T10:50:38.816+0000] {taskinstance.py:2076} INFO - Dependencies all met for dep_context=requeueable deps ti=<TaskInstance: update_db.core_table manual__2026-05-31T10:50:34.654234+00:00 [queued]>
[2026-05-31T10:50:38.817+0000] {taskinstance.py:2306} INFO - Starting attempt 1 of 1
[2026-05-31T10:50:38.826+0000] {taskinstance.py:2330} INFO - Executing <Task(_PythonDecoratedOperator): core_table> on 2026-05-31 10:50:34.654234+00:00
[2026-05-31T10:50:38.829+0000] {standard_task_runner.py:63} INFO - Started process 474 to run task
[2026-05-31T10:50:38.832+0000] {standard_task_runner.py:90} INFO - Running: ['airflow', 'tasks', 'run', 'update_db', 'core_table', 'manual__2026-05-31T10:50:34.654234+00:00', '--job-id', '24', '--raw', '--subdir', 'DAGS_FOLDER/main.py', '--cfg-path', '/tmp/tmpv4ffw00_']
[2026-05-31T10:50:38.833+0000] {standard_task_runner.py:91} INFO - Job 24: Subtask core_table
[2026-05-31T10:50:38.865+0000] {task_command.py:426} INFO - Running <TaskInstance: update_db.core_table manual__2026-05-31T10:50:34.654234+00:00 [running]> on host fa7e94e85520
[2026-05-31T10:50:38.913+0000] {taskinstance.py:2648} INFO - Exporting env vars: AIRFLOW_CTX_DAG_EMAIL='data@engineers.com' AIRFLOW_CTX_DAG_OWNER='dataengineers' AIRFLOW_CTX_DAG_ID='update_db' AIRFLOW_CTX_TASK_ID='core_table' AIRFLOW_CTX_EXECUTION_DATE='2026-05-31T10:50:34.654234+00:00' AIRFLOW_CTX_TRY_NUMBER='1' AIRFLOW_CTX_DAG_RUN_ID='manual__2026-05-31T10:50:34.654234+00:00'
[2026-05-31T10:50:38.915+0000] {taskinstance.py:430} INFO - ::endgroup::
[2026-05-31T10:50:38.922+0000] {base.py:84} INFO - Using connection ID 'postgres_db_yt_elt' for task execution.
[2026-05-31T10:50:38.925+0000] {base.py:84} INFO - Using connection ID 'postgres_db_yt_elt' for task execution.
[2026-05-31T10:50:38.929+0000] {base.py:84} INFO - Using connection ID 'postgres_db_yt_elt' for task execution.
[2026-05-31T10:50:38.942+0000] {data_modification.py:32} INFO - Inserted row with Video_ID: SllXaJiQjBA
[2026-05-31T10:50:38.945+0000] {data_modification.py:32} INFO - Inserted row with Video_ID: dqpCvSU-ECE
[2026-05-31T10:50:38.949+0000] {data_modification.py:32} INFO - Inserted row with Video_ID: AaMdXZMvT3w
[2026-05-31T10:50:38.952+0000] {data_modification.py:32} INFO - Inserted row with Video_ID: QAkEMtJpq3c
[2026-05-31T10:50:38.954+0000] {data_modification.py:32} INFO - Inserted row with Video_ID: hCuqh2NU2Yg
[2026-05-31T10:50:38.956+0000] {data_modification.py:32} INFO - Inserted row with Video_ID: B9LizOAAoLg
[2026-05-31T10:50:38.958+0000] {data_modification.py:32} INFO - Inserted row with Video_ID: rqsRdfdN4uI
[2026-05-31T10:50:38.960+0000] {data_modification.py:32} INFO - Inserted row with Video_ID: feu5PQvoCiA
[2026-05-31T10:50:38.963+0000] {data_modification.py:32} INFO - Inserted row with Video_ID: 6Zy5VLcEbZc
[2026-05-31T10:50:38.965+0000] {data_modification.py:32} INFO - Inserted row with Video_ID: VEGq2Du_HCw
[2026-05-31T10:50:38.967+0000] {data_modification.py:32} INFO - Inserted row with Video_ID: EdT5Z16Y5WE
[2026-05-31T10:50:38.969+0000] {data_modification.py:32} INFO - Inserted row with Video_ID: ScjQAcbA9e4
[2026-05-31T10:50:38.971+0000] {data_modification.py:32} INFO - Inserted row with Video_ID: hRBpDdWbUpI
[2026-05-31T10:50:38.974+0000] {data_modification.py:32} INFO - Inserted row with Video_ID: pzxtGL9kzPs
[2026-05-31T10:50:38.976+0000] {data_modification.py:32} INFO - Inserted row with Video_ID: yy-Nt0dRhNI
[2026-05-31T10:50:38.978+0000] {data_modification.py:32} INFO - Inserted row with Video_ID: zRtGL0-5rg4
[2026-05-31T10:50:38.980+0000] {data_modification.py:32} INFO - Inserted row with Video_ID: mFWpUx3FiyU
[2026-05-31T10:50:38.982+0000] {data_modification.py:32} INFO - Inserted row with Video_ID: 6W_841xoprg
[2026-05-31T10:50:38.984+0000] {data_modification.py:32} INFO - Inserted row with Video_ID: VIJLIo5yT1I
[2026-05-31T10:50:38.986+0000] {data_modification.py:32} INFO - Inserted row with Video_ID: uNu6XEPTy5g
[2026-05-31T10:50:38.988+0000] {data_modification.py:32} INFO - Inserted row with Video_ID: DXVHmGoCTco
[2026-05-31T10:50:38.990+0000] {data_modification.py:32} INFO - Inserted row with Video_ID: _JUlWtSCNbs
[2026-05-31T10:50:38.992+0000] {data_modification.py:32} INFO - Inserted row with Video_ID: AKC50SZQFN8
[2026-05-31T10:50:38.994+0000] {data_modification.py:32} INFO - Inserted row with Video_ID: 897gvApD6V4
[2026-05-31T10:50:38.997+0000] {data_modification.py:32} INFO - Inserted row with Video_ID: Z9NxQdQ8Rpg
[2026-05-31T10:50:38.999+0000] {data_modification.py:32} INFO - Inserted row with Video_ID: JFtlf8RoPZY
[2026-05-31T10:50:39.001+0000] {data_modification.py:32} INFO - Inserted row with Video_ID: jCE1Ol3PYDs
[2026-05-31T10:50:39.003+0000] {data_modification.py:32} INFO - Inserted row with Video_ID: IqL-ZunFfpk
[2026-05-31T10:50:39.005+0000] {data_modification.py:32} INFO - Inserted row with Video_ID: purAsH7pXTQ
[2026-05-31T10:50:39.007+0000] {data_modification.py:32} INFO - Inserted row with Video_ID: IEuDUhGIJ5c
[2026-05-31T10:50:39.009+0000] {data_modification.py:32} INFO - Inserted row with Video_ID: IcuJ3vO_t3k
[2026-05-31T10:50:39.011+0000] {data_modification.py:32} INFO - Inserted row with Video_ID: c9VS_cgInT4
[2026-05-31T10:50:39.013+0000] {data_modification.py:32} INFO - Inserted row with Video_ID: KaUuPNYHFNg
[2026-05-31T10:50:39.016+0000] {data_modification.py:32} INFO - Inserted row with Video_ID: 5OLs1GWB4OA
[2026-05-31T10:50:39.018+0000] {data_modification.py:32} INFO - Inserted row with Video_ID: hjkbqeWQAM8
[2026-05-31T10:50:39.020+0000] {data_modification.py:32} INFO - Inserted row with Video_ID: XbaZ45LVzzM
[2026-05-31T10:50:39.022+0000] {data_modification.py:32} INFO - Inserted row with Video_ID: gar4U3n-ILY
[2026-05-31T10:50:39.024+0000] {data_modification.py:32} INFO - Inserted row with Video_ID: 9WEQts7b8Pw
[2026-05-31T10:50:39.026+0000] {data_modification.py:32} INFO - Inserted row with Video_ID: toIeUtplfWQ
[2026-05-31T10:50:39.028+0000] {data_modification.py:32} INFO - Inserted row with Video_ID: _sBRk9ADpK8
[2026-05-31T10:50:39.030+0000] {data_modification.py:32} INFO - Inserted row with Video_ID: kNLr-cduzuo
[2026-05-31T10:50:39.032+0000] {data_modification.py:32} INFO - Inserted row with Video_ID: pAnGwRiQ4-4
[2026-05-31T10:50:39.035+0000] {data_modification.py:32} INFO - Inserted row with Video_ID: wSh8fAFWEWs
[2026-05-31T10:50:39.037+0000] {data_modification.py:32} INFO - Inserted row with Video_ID: 3GNyw4uaAqU
[2026-05-31T10:50:39.039+0000] {data_modification.py:32} INFO - Inserted row with Video_ID: ywIcdSNJolo
[2026-05-31T10:50:39.041+0000] {data_modification.py:32} INFO - Inserted row with Video_ID: QJI0an6irrA
[2026-05-31T10:50:39.043+0000] {data_modification.py:32} INFO - Inserted row with Video_ID: mktYW177p6U
[2026-05-31T10:50:39.045+0000] {data_modification.py:32} INFO - Inserted row with Video_ID: 7aE4EhHXzlA
[2026-05-31T10:50:39.047+0000] {data_modification.py:32} INFO - Inserted row with Video_ID: IJkB-oapuks
[2026-05-31T10:50:39.049+0000] {data_modification.py:32} INFO - Inserted row with Video_ID: ZFoNBxpXen4
[2026-05-31T10:50:39.051+0000] {data_modification.py:32} INFO - Inserted row with Video_ID: RB71Z-vVvCc
[2026-05-31T10:50:39.054+0000] {data_modification.py:32} INFO - Inserted row with Video_ID: fO5FwBcCJBY
[2026-05-31T10:50:39.056+0000] {data_modification.py:32} INFO - Inserted row with Video_ID: U-x6KxH1kB4
[2026-05-31T10:50:39.058+0000] {data_modification.py:32} INFO - Inserted row with Video_ID: 8bMh8azh3CY
[2026-05-31T10:50:39.060+0000] {data_modification.py:32} INFO - Inserted row with Video_ID: SE9xF1l3ZwE
[2026-05-31T10:50:39.062+0000] {data_modification.py:32} INFO - Inserted row with Video_ID: rF00lQ_upzg
[2026-05-31T10:50:39.065+0000] {data_modification.py:32} INFO - Inserted row with Video_ID: uZY9xr-QAk0
[2026-05-31T10:50:39.067+0000] {data_modification.py:32} INFO - Inserted row with Video_ID: AWBsoArakNY
[2026-05-31T10:50:39.069+0000] {data_modification.py:32} INFO - Inserted row with Video_ID: Ah_uuTwGOYU
[2026-05-31T10:50:39.071+0000] {data_modification.py:32} INFO - Inserted row with Video_ID: WROMyJAJmp4
[2026-05-31T10:50:39.074+0000] {data_modification.py:32} INFO - Inserted row with Video_ID: tAwzBYE18Us
[2026-05-31T10:50:39.076+0000] {data_modification.py:32} INFO - Inserted row with Video_ID: LyFMbY-c_Lc
[2026-05-31T10:50:39.078+0000] {data_modification.py:32} INFO - Inserted row with Video_ID: 3RmOvxilbPM
[2026-05-31T10:50:39.080+0000] {data_modification.py:32} INFO - Inserted row with Video_ID: R7MkZL5i3FQ
[2026-05-31T10:50:39.082+0000] {data_modification.py:32} INFO - Inserted row with Video_ID: 26QQE7EsnLA
[2026-05-31T10:50:39.085+0000] {data_modification.py:32} INFO - Inserted row with Video_ID: PryTbmudhS8
[2026-05-31T10:50:39.087+0000] {data_modification.py:32} INFO - Inserted row with Video_ID: Oo9EbArcQ1c
[2026-05-31T10:50:39.089+0000] {data_modification.py:32} INFO - Inserted row with Video_ID: yWEUL3crU_E
[2026-05-31T10:50:39.092+0000] {data_modification.py:32} INFO - Inserted row with Video_ID: JgJrQnDIRgg
[2026-05-31T10:50:39.094+0000] {data_modification.py:32} INFO - Inserted row with Video_ID: gtkqnhN0VkU
[2026-05-31T10:50:39.097+0000] {data_modification.py:32} INFO - Inserted row with Video_ID: hYahU_Cqwp8
[2026-05-31T10:50:39.099+0000] {data_modification.py:32} INFO - Inserted row with Video_ID: oiZvK6MY7tI
[2026-05-31T10:50:39.101+0000] {data_modification.py:32} INFO - Inserted row with Video_ID: F0OkwXKcPSE
[2026-05-31T10:50:39.103+0000] {data_modification.py:32} INFO - Inserted row with Video_ID: 686PL7rt654
[2026-05-31T10:50:39.105+0000] {data_modification.py:32} INFO - Inserted row with Video_ID: zo7i8VTpfNM
[2026-05-31T10:50:39.108+0000] {data_modification.py:32} INFO - Inserted row with Video_ID: NfhuGUyWYfQ
[2026-05-31T10:50:39.110+0000] {data_modification.py:32} INFO - Inserted row with Video_ID: wIpWCJKfRXs
[2026-05-31T10:50:39.112+0000] {data_modification.py:32} INFO - Inserted row with Video_ID: 9Xeepzg1B8I
[2026-05-31T10:50:39.114+0000] {data_modification.py:32} INFO - Inserted row with Video_ID: 50G0kIty7Cg
[2026-05-31T10:50:39.116+0000] {data_modification.py:32} INFO - Inserted row with Video_ID: 4l97aNza_Zc
[2026-05-31T10:50:39.118+0000] {data_modification.py:32} INFO - Inserted row with Video_ID: 3ih2bPKSWsQ
[2026-05-31T10:50:39.120+0000] {data_modification.py:32} INFO - Inserted row with Video_ID: uA9Zcg3vHvo
[2026-05-31T10:50:39.122+0000] {data_modification.py:32} INFO - Inserted row with Video_ID: _AbFXuGDRTs
[2026-05-31T10:50:39.124+0000] {data_modification.py:32} INFO - Inserted row with Video_ID: MOGW3v3pJ5Y
[2026-05-31T10:50:39.126+0000] {data_modification.py:32} INFO - Inserted row with Video_ID: XNtTO_339kU
[2026-05-31T10:50:39.128+0000] {data_modification.py:32} INFO - Inserted row with Video_ID: rB9NynBZ4go
[2026-05-31T10:50:39.131+0000] {data_modification.py:32} INFO - Inserted row with Video_ID: R_BmT1OJw98
[2026-05-31T10:50:39.133+0000] {data_modification.py:32} INFO - Inserted row with Video_ID: vpRW4JhzfSE
[2026-05-31T10:50:39.135+0000] {data_modification.py:32} INFO - Inserted row with Video_ID: qXW93Cois2s
[2026-05-31T10:50:39.137+0000] {data_modification.py:32} INFO - Inserted row with Video_ID: r7f0L48dHpc
[2026-05-31T10:50:39.139+0000] {data_modification.py:32} INFO - Inserted row with Video_ID: Z4hVGCWH1Kc
[2026-05-31T10:50:39.141+0000] {data_modification.py:32} INFO - Inserted row with Video_ID: zxuICI0kL3s
[2026-05-31T10:50:39.144+0000] {data_modification.py:32} INFO - Inserted row with Video_ID: R1SFXJo-FlE
[2026-05-31T10:50:39.146+0000] {data_modification.py:32} INFO - Inserted row with Video_ID: lQz5aqjZ3lQ
[2026-05-31T10:50:39.148+0000] {data_modification.py:32} INFO - Inserted row with Video_ID: EiFcNbXBqeo
[2026-05-31T10:50:39.150+0000] {data_modification.py:32} INFO - Inserted row with Video_ID: pzBi1nwDn8U
[2026-05-31T10:50:39.152+0000] {data_modification.py:32} INFO - Inserted row with Video_ID: R7oW0LwS_e4
[2026-05-31T10:50:39.154+0000] {data_modification.py:32} INFO - Inserted row with Video_ID: BfKI_TQnQvo
[2026-05-31T10:50:39.157+0000] {data_modification.py:32} INFO - Inserted row with Video_ID: FWAdfuPpLOc
[2026-05-31T10:50:39.159+0000] {data_modification.py:32} INFO - Inserted row with Video_ID: NjlP2_l1Wr0
[2026-05-31T10:50:39.161+0000] {data_modification.py:32} INFO - Inserted row with Video_ID: gGcaGdHlt60
[2026-05-31T10:50:39.163+0000] {data_modification.py:32} INFO - Inserted row with Video_ID: pe_ejTiIcSs
[2026-05-31T10:50:39.165+0000] {data_modification.py:32} INFO - Inserted row with Video_ID: V6In4tmd-w8
[2026-05-31T10:50:39.167+0000] {data_modification.py:32} INFO - Inserted row with Video_ID: ZGvn9ywXjpY
[2026-05-31T10:50:39.169+0000] {data_modification.py:32} INFO - Inserted row with Video_ID: hTSaweR8qMI
[2026-05-31T10:50:39.171+0000] {data_modification.py:32} INFO - Inserted row with Video_ID: KCRLP-zBacU
[2026-05-31T10:50:39.174+0000] {data_modification.py:32} INFO - Inserted row with Video_ID: c2ukL_zjFCk
[2026-05-31T10:50:39.176+0000] {data_modification.py:32} INFO - Inserted row with Video_ID: DZIASl9q90s
[2026-05-31T10:50:39.178+0000] {data_modification.py:32} INFO - Inserted row with Video_ID: 7qY-qalCI2Y
[2026-05-31T10:50:39.180+0000] {data_modification.py:32} INFO - Inserted row with Video_ID: N0pwLtonPdg
[2026-05-31T10:50:39.182+0000] {data_modification.py:32} INFO - Inserted row with Video_ID: -4GmbBoYQjE
[2026-05-31T10:50:39.184+0000] {data_modification.py:32} INFO - Inserted row with Video_ID: 0yPgljFcTR4
[2026-05-31T10:50:39.186+0000] {data_modification.py:32} INFO - Inserted row with Video_ID: TN1wErFGTzM
[2026-05-31T10:50:39.188+0000] {data_modification.py:32} INFO - Inserted row with Video_ID: 3dxksf0CzS8
[2026-05-31T10:50:39.190+0000] {data_modification.py:32} INFO - Inserted row with Video_ID: uyiG6uw-6pA
[2026-05-31T10:50:39.193+0000] {data_modification.py:32} INFO - Inserted row with Video_ID: M1STzb7k9L8
[2026-05-31T10:50:39.195+0000] {data_modification.py:32} INFO - Inserted row with Video_ID: 7K-yxGWYsnk
[2026-05-31T10:50:39.197+0000] {data_modification.py:32} INFO - Inserted row with Video_ID: Tbn4cYCaZCk
[2026-05-31T10:50:39.199+0000] {data_modification.py:32} INFO - Inserted row with Video_ID: figrl0aOULs
[2026-05-31T10:50:39.201+0000] {data_modification.py:32} INFO - Inserted row with Video_ID: Uxc84UUrVHk
[2026-05-31T10:50:39.203+0000] {data_modification.py:32} INFO - Inserted row with Video_ID: BzKaMelDzqo
[2026-05-31T10:50:39.205+0000] {data_modification.py:32} INFO - Inserted row with Video_ID: 4yx9ZJDfyKk
[2026-05-31T10:50:39.207+0000] {data_modification.py:32} INFO - Inserted row with Video_ID: kPa_S6jN9ls
[2026-05-31T10:50:39.210+0000] {data_modification.py:32} INFO - Inserted row with Video_ID: 69g-YcbmgQA
[2026-05-31T10:50:39.212+0000] {data_modification.py:32} INFO - Inserted row with Video_ID: aKq8bkY5eTU
[2026-05-31T10:50:39.214+0000] {data_modification.py:32} INFO - Inserted row with Video_ID: TNtpUQbW4mg
[2026-05-31T10:50:39.216+0000] {data_modification.py:32} INFO - Inserted row with Video_ID: TgCm8oDmxOk
[2026-05-31T10:50:39.218+0000] {data_modification.py:32} INFO - Inserted row with Video_ID: 954wJ3uHVAk
[2026-05-31T10:50:39.220+0000] {data_modification.py:32} INFO - Inserted row with Video_ID: zajUgQLviwk
[2026-05-31T10:50:39.222+0000] {data_modification.py:32} INFO - Inserted row with Video_ID: PXevNM0awlI
[2026-05-31T10:50:39.225+0000] {data_modification.py:32} INFO - Inserted row with Video_ID: PuQ5UxKUY48
[2026-05-31T10:50:39.227+0000] {data_modification.py:32} INFO - Inserted row with Video_ID: L5ihmu87xTE
[2026-05-31T10:50:39.229+0000] {data_modification.py:32} INFO - Inserted row with Video_ID: nAiKLoCP-kU
[2026-05-31T10:50:39.231+0000] {data_modification.py:32} INFO - Inserted row with Video_ID: NDsO1LT_0lw
[2026-05-31T10:50:39.233+0000] {data_modification.py:32} INFO - Inserted row with Video_ID: sF5LYGgKbUA
[2026-05-31T10:50:39.235+0000] {data_modification.py:32} INFO - Inserted row with Video_ID: MFpWEKN9c6Y
[2026-05-31T10:50:39.237+0000] {data_modification.py:32} INFO - Inserted row with Video_ID: EvqtfK_RaRg
[2026-05-31T10:50:39.239+0000] {data_modification.py:32} INFO - Inserted row with Video_ID: 3cWm9B_0_kI
[2026-05-31T10:50:39.242+0000] {data_modification.py:32} INFO - Inserted row with Video_ID: qtWqHIx8Z-o
[2026-05-31T10:50:39.244+0000] {data_modification.py:32} INFO - Inserted row with Video_ID: gs8qfL9PNac
[2026-05-31T10:50:39.246+0000] {data_modification.py:32} INFO - Inserted row with Video_ID: DBPYB8WkkDc
[2026-05-31T10:50:39.248+0000] {data_modification.py:32} INFO - Inserted row with Video_ID: UTdcX1e0cMA
[2026-05-31T10:50:39.250+0000] {data_modification.py:32} INFO - Inserted row with Video_ID: HcL1EQ5qD_g
[2026-05-31T10:50:39.252+0000] {data_modification.py:32} INFO - Inserted row with Video_ID: dc089EZRGcg
[2026-05-31T10:50:39.254+0000] {data_modification.py:32} INFO - Inserted row with Video_ID: vXNtju4VFm4
[2026-05-31T10:50:39.256+0000] {data_modification.py:32} INFO - Inserted row with Video_ID: I9mw5UlDyPI
[2026-05-31T10:50:39.259+0000] {data_modification.py:32} INFO - Inserted row with Video_ID: pS-fFdvyHLE
[2026-05-31T10:50:39.261+0000] {data_modification.py:32} INFO - Inserted row with Video_ID: Xj0Jtjg3lHQ
[2026-05-31T10:50:39.264+0000] {data_modification.py:32} INFO - Inserted row with Video_ID: 9UtcHPCEBgg
[2026-05-31T10:50:39.266+0000] {data_modification.py:32} INFO - Inserted row with Video_ID: ZNt_GoOBHq8
[2026-05-31T10:50:39.268+0000] {data_modification.py:32} INFO - Inserted row with Video_ID: bn0Kh9c4Zv4
[2026-05-31T10:50:39.271+0000] {data_modification.py:32} INFO - Inserted row with Video_ID: dDVFnfCwjHA
[2026-05-31T10:50:39.273+0000] {data_modification.py:32} INFO - Inserted row with Video_ID: Kt2HvqRruHQ
[2026-05-31T10:50:39.275+0000] {data_modification.py:32} INFO - Inserted row with Video_ID: vDrSCXFMAKk
[2026-05-31T10:50:39.278+0000] {data_modification.py:32} INFO - Inserted row with Video_ID: snX5YyflrGw
[2026-05-31T10:50:39.280+0000] {data_modification.py:32} INFO - Inserted row with Video_ID: nbzQdlWrcnk
[2026-05-31T10:50:39.282+0000] {data_modification.py:32} INFO - Inserted row with Video_ID: 8krJy31Diow
[2026-05-31T10:50:39.285+0000] {data_modification.py:32} INFO - Inserted row with Video_ID: aRcUVhVlSHg
[2026-05-31T10:50:39.287+0000] {data_modification.py:32} INFO - Inserted row with Video_ID: Jo7sfpeWqwE
[2026-05-31T10:50:39.289+0000] {data_modification.py:32} INFO - Inserted row with Video_ID: QtD-CeUdRUQ
[2026-05-31T10:50:39.292+0000] {data_modification.py:32} INFO - Inserted row with Video_ID: ndAQfTzlVjc
[2026-05-31T10:50:39.294+0000] {data_modification.py:32} INFO - Inserted row with Video_ID: AydS-vA3qa4
[2026-05-31T10:50:39.296+0000] {data_modification.py:32} INFO - Inserted row with Video_ID: UPrkC1LdlLY
[2026-05-31T10:50:39.299+0000] {data_modification.py:32} INFO - Inserted row with Video_ID: 8bTQMDM4qvY
[2026-05-31T10:50:39.301+0000] {data_modification.py:32} INFO - Inserted row with Video_ID: DBw0oD38z0Q
[2026-05-31T10:50:39.303+0000] {data_modification.py:32} INFO - Inserted row with Video_ID: 4SNThp0YiU4
[2026-05-31T10:50:39.306+0000] {data_modification.py:32} INFO - Inserted row with Video_ID: XhuisK0bTSA
[2026-05-31T10:50:39.308+0000] {data_modification.py:32} INFO - Inserted row with Video_ID: KkCXLABwHP0
[2026-05-31T10:50:39.310+0000] {data_modification.py:32} INFO - Inserted row with Video_ID: PWirijQkH4M
[2026-05-31T10:50:39.312+0000] {data_modification.py:32} INFO - Inserted row with Video_ID: U_LlX4t0A9I
[2026-05-31T10:50:39.314+0000] {data_modification.py:32} INFO - Inserted row with Video_ID: T8I165Qxeo8
[2026-05-31T10:50:39.317+0000] {data_modification.py:32} INFO - Inserted row with Video_ID: i-9V21MqlhY
[2026-05-31T10:50:39.319+0000] {data_modification.py:32} INFO - Inserted row with Video_ID: YyNz4--6fro
[2026-05-31T10:50:39.321+0000] {data_modification.py:32} INFO - Inserted row with Video_ID: oA4LSZvX4iE
[2026-05-31T10:50:39.323+0000] {data_modification.py:32} INFO - Inserted row with Video_ID: ZKxnjszkZto
[2026-05-31T10:50:39.325+0000] {data_modification.py:32} INFO - Inserted row with Video_ID: 8_gdcaX9Xqk
[2026-05-31T10:50:39.328+0000] {data_modification.py:32} INFO - Inserted row with Video_ID: snUyLbGx6U4
[2026-05-31T10:50:39.330+0000] {data_modification.py:32} INFO - Inserted row with Video_ID: Pv0iVoSZzN8
[2026-05-31T10:50:39.332+0000] {data_modification.py:32} INFO - Inserted row with Video_ID: CWbV3NItSdY
[2026-05-31T10:50:39.334+0000] {data_modification.py:32} INFO - Inserted row with Video_ID: l-nMKJ5J3Uc
[2026-05-31T10:50:39.336+0000] {data_modification.py:32} INFO - Inserted row with Video_ID: XE1Qyss8GIY
[2026-05-31T10:50:39.339+0000] {data_modification.py:32} INFO - Inserted row with Video_ID: 6GzHPS0rEgc
[2026-05-31T10:50:39.341+0000] {data_modification.py:32} INFO - Inserted row with Video_ID: imhY0pe-Sd8
[2026-05-31T10:50:39.343+0000] {data_modification.py:32} INFO - Inserted row with Video_ID: erLbbextvlY
[2026-05-31T10:50:39.345+0000] {data_modification.py:32} INFO - Inserted row with Video_ID: OnTTThIzuNU
[2026-05-31T10:50:39.347+0000] {data_modification.py:32} INFO - Inserted row with Video_ID: mKdjycj-7eE
[2026-05-31T10:50:39.350+0000] {data_modification.py:32} INFO - Inserted row with Video_ID: tWYsfOSY9vY
[2026-05-31T10:50:39.352+0000] {data_modification.py:32} INFO - Inserted row with Video_ID: sH48lKbayNU
[2026-05-31T10:50:39.354+0000] {data_modification.py:32} INFO - Inserted row with Video_ID: AFXoSFNMwIA
[2026-05-31T10:50:39.356+0000] {data_modification.py:32} INFO - Inserted row with Video_ID: k194wHZHjB0
[2026-05-31T10:50:39.358+0000] {data_modification.py:32} INFO - Inserted row with Video_ID: AjwAdtlRKf8
[2026-05-31T10:50:39.360+0000] {data_modification.py:32} INFO - Inserted row with Video_ID: KOEfDvr4DcQ
[2026-05-31T10:50:39.362+0000] {data_modification.py:32} INFO - Inserted row with Video_ID: krsBRQbOPQ4
[2026-05-31T10:50:39.364+0000] {data_modification.py:32} INFO - Inserted row with Video_ID: 7ESeQBeikKs
[2026-05-31T10:50:39.366+0000] {data_modification.py:32} INFO - Inserted row with Video_ID: lOKASgtr6kU
[2026-05-31T10:50:39.368+0000] {data_modification.py:32} INFO - Inserted row with Video_ID: 9RhWXPcKBI8
[2026-05-31T10:50:39.371+0000] {data_modification.py:32} INFO - Inserted row with Video_ID: ZVt9ZJfWV1c
[2026-05-31T10:50:39.373+0000] {data_modification.py:32} INFO - Inserted row with Video_ID: rWBOITBjitE
[2026-05-31T10:50:39.375+0000] {data_modification.py:32} INFO - Inserted row with Video_ID: tnTPaLOaHz8
[2026-05-31T10:50:39.378+0000] {data_modification.py:32} INFO - Inserted row with Video_ID: Wdjh81uH6FU
[2026-05-31T10:50:39.380+0000] {data_modification.py:32} INFO - Inserted row with Video_ID: 7dYTw-jAYkY
[2026-05-31T10:50:39.382+0000] {data_modification.py:32} INFO - Inserted row with Video_ID: AjZDwxt7S8w
[2026-05-31T10:50:39.385+0000] {data_modification.py:32} INFO - Inserted row with Video_ID: aZnqqXaT02g
[2026-05-31T10:50:39.387+0000] {data_modification.py:32} INFO - Inserted row with Video_ID: mwKJfNYwvm8
[2026-05-31T10:50:39.389+0000] {data_modification.py:32} INFO - Inserted row with Video_ID: l9_8_pDTmis
[2026-05-31T10:50:39.391+0000] {data_modification.py:32} INFO - Inserted row with Video_ID: n7x4Jj9pdH8
[2026-05-31T10:50:39.394+0000] {data_modification.py:32} INFO - Inserted row with Video_ID: QjvpjXdgugA
[2026-05-31T10:50:39.396+0000] {data_modification.py:32} INFO - Inserted row with Video_ID: jGAJCAuV3pQ
[2026-05-31T10:50:39.398+0000] {data_modification.py:32} INFO - Inserted row with Video_ID: c0v8OPItCOg
[2026-05-31T10:50:39.400+0000] {data_modification.py:32} INFO - Inserted row with Video_ID: 3ryID_SwU5E
[2026-05-31T10:50:39.402+0000] {data_modification.py:32} INFO - Inserted row with Video_ID: SWc8fI_9iqA
[2026-05-31T10:50:39.404+0000] {data_modification.py:32} INFO - Inserted row with Video_ID: AZlBZuS4hr0
[2026-05-31T10:50:39.407+0000] {data_modification.py:32} INFO - Inserted row with Video_ID: Gx6VeIIbWwM
[2026-05-31T10:50:39.409+0000] {data_modification.py:32} INFO - Inserted row with Video_ID: CAOY8EKH1qU
[2026-05-31T10:50:39.411+0000] {data_modification.py:32} INFO - Inserted row with Video_ID: IQxea9UB1nQ
[2026-05-31T10:50:39.413+0000] {data_modification.py:32} INFO - Inserted row with Video_ID: KrLj6nc516A
[2026-05-31T10:50:39.415+0000] {data_modification.py:32} INFO - Inserted row with Video_ID: zgLhCT7aFCA
[2026-05-31T10:50:39.417+0000] {data_modification.py:32} INFO - Inserted row with Video_ID: L5kIXRdwGAI
[2026-05-31T10:50:39.419+0000] {data_modification.py:32} INFO - Inserted row with Video_ID: 19NmWqv4Alk
[2026-05-31T10:50:39.421+0000] {data_modification.py:32} INFO - Inserted row with Video_ID: vBpQ1SlfVtU
[2026-05-31T10:50:39.424+0000] {data_modification.py:32} INFO - Inserted row with Video_ID: SGzWIoLAzmY
[2026-05-31T10:50:39.426+0000] {data_modification.py:32} INFO - Inserted row with Video_ID: NnNZLCl78Ao
[2026-05-31T10:50:39.428+0000] {data_modification.py:32} INFO - Inserted row with Video_ID: NTZhwAldqwg
[2026-05-31T10:50:39.430+0000] {data_modification.py:32} INFO - Inserted row with Video_ID: J_z-W4UVHkw
[2026-05-31T10:50:39.432+0000] {data_modification.py:32} INFO - Inserted row with Video_ID: mKIhHNznt4s
[2026-05-31T10:50:39.434+0000] {data_modification.py:32} INFO - Inserted row with Video_ID: jObOjhUkf50
[2026-05-31T10:50:39.436+0000] {data_modification.py:32} INFO - Inserted row with Video_ID: O3YVBJ2n5xg
[2026-05-31T10:50:39.438+0000] {data_modification.py:32} INFO - Inserted row with Video_ID: yhB3BgJyGl8
[2026-05-31T10:50:39.440+0000] {data_modification.py:32} INFO - Inserted row with Video_ID: CP82DAKzL1U
[2026-05-31T10:50:39.442+0000] {data_modification.py:32} INFO - Inserted row with Video_ID: fuhE6PYnRMc
[2026-05-31T10:50:39.445+0000] {data_modification.py:32} INFO - Inserted row with Video_ID: stUofW3whpE
[2026-05-31T10:50:39.447+0000] {data_modification.py:32} INFO - Inserted row with Video_ID: 48h57PspBec
[2026-05-31T10:50:39.449+0000] {data_modification.py:32} INFO - Inserted row with Video_ID: ooAwCOP67GQ
[2026-05-31T10:50:39.451+0000] {data_modification.py:32} INFO - Inserted row with Video_ID: FM7Z-Xq8Drc
[2026-05-31T10:50:39.453+0000] {data_modification.py:32} INFO - Inserted row with Video_ID: ykRq_rp7NhM
[2026-05-31T10:50:39.455+0000] {data_modification.py:32} INFO - Inserted row with Video_ID: WTOm65IZneg
[2026-05-31T10:50:39.458+0000] {data_modification.py:32} INFO - Inserted row with Video_ID: 8kggT2ej-lo
[2026-05-31T10:50:39.460+0000] {data_modification.py:32} INFO - Inserted row with Video_ID: GGBy50KtvRk
[2026-05-31T10:50:39.462+0000] {data_modification.py:32} INFO - Inserted row with Video_ID: Y4-gFIfGXiQ
[2026-05-31T10:50:39.464+0000] {data_modification.py:32} INFO - Inserted row with Video_ID: 1WEAJ-DFkHE
[2026-05-31T10:50:39.467+0000] {data_modification.py:32} INFO - Inserted row with Video_ID: Y0cBiGUuB1Y
[2026-05-31T10:50:39.469+0000] {data_modification.py:32} INFO - Inserted row with Video_ID: YLt73w6criQ
[2026-05-31T10:50:39.471+0000] {data_modification.py:32} INFO - Inserted row with Video_ID: NPYPXWJBTWM
[2026-05-31T10:50:39.473+0000] {data_modification.py:32} INFO - Inserted row with Video_ID: lglIQkCHO0g
[2026-05-31T10:50:39.475+0000] {data_modification.py:32} INFO - Inserted row with Video_ID: 7IKab3HcfFk
[2026-05-31T10:50:39.477+0000] {data_modification.py:32} INFO - Inserted row with Video_ID: h5NvTTOlOtI
[2026-05-31T10:50:39.479+0000] {data_modification.py:32} INFO - Inserted row with Video_ID: se50viFJ0AQ
[2026-05-31T10:50:39.481+0000] {data_modification.py:32} INFO - Inserted row with Video_ID: 0CTp1a-aCUM
[2026-05-31T10:50:39.483+0000] {data_modification.py:32} INFO - Inserted row with Video_ID: FD-0KG-h2-c
[2026-05-31T10:50:39.485+0000] {data_modification.py:32} INFO - Inserted row with Video_ID: kX3nB4PpJko
[2026-05-31T10:50:39.488+0000] {data_modification.py:32} INFO - Inserted row with Video_ID: YlvcFJOE-OE
[2026-05-31T10:50:39.490+0000] {data_modification.py:32} INFO - Inserted row with Video_ID: iogcY_4xGjo
[2026-05-31T10:50:39.492+0000] {data_modification.py:32} INFO - Inserted row with Video_ID: S_CUEOBZ0P4
[2026-05-31T10:50:39.494+0000] {data_modification.py:32} INFO - Inserted row with Video_ID: gHzuabZUd6c
[2026-05-31T10:50:39.496+0000] {data_modification.py:32} INFO - Inserted row with Video_ID: 65fN_OUawjk
[2026-05-31T10:50:39.498+0000] {data_modification.py:32} INFO - Inserted row with Video_ID: jdMNoQE3mIQ
[2026-05-31T10:50:39.500+0000] {data_modification.py:32} INFO - Inserted row with Video_ID: 2isYuQZMbdU
[2026-05-31T10:50:39.502+0000] {data_modification.py:32} INFO - Inserted row with Video_ID: tVWWp1PqDus
[2026-05-31T10:50:39.504+0000] {data_modification.py:32} INFO - Inserted row with Video_ID: vaIgyRoUkQI
[2026-05-31T10:50:39.507+0000] {data_modification.py:32} INFO - Inserted row with Video_ID: Hwybp38GnZw
[2026-05-31T10:50:39.509+0000] {data_modification.py:32} INFO - Inserted row with Video_ID: hD1YtmKXNb4
[2026-05-31T10:50:39.511+0000] {data_modification.py:32} INFO - Inserted row with Video_ID: LnlKwzc_TNA
[2026-05-31T10:50:39.513+0000] {data_modification.py:32} INFO - Inserted row with Video_ID: 3jS_yEK8qVI
[2026-05-31T10:50:39.515+0000] {data_modification.py:32} INFO - Inserted row with Video_ID: 00NgUctWoLQ
[2026-05-31T10:50:39.517+0000] {data_modification.py:32} INFO - Inserted row with Video_ID: x9TQ6culXIA
[2026-05-31T10:50:39.519+0000] {data_modification.py:32} INFO - Inserted row with Video_ID: QbJJwaVdgIs
[2026-05-31T10:50:39.522+0000] {data_modification.py:32} INFO - Inserted row with Video_ID: 0e3GPea1Tyg
[2026-05-31T10:50:39.524+0000] {data_modification.py:32} INFO - Inserted row with Video_ID: cV2gBU6hKfY
[2026-05-31T10:50:39.526+0000] {data_modification.py:32} INFO - Inserted row with Video_ID: qIsgdOVGA04
[2026-05-31T10:50:39.528+0000] {data_modification.py:32} INFO - Inserted row with Video_ID: cExLQ1o2pDw
[2026-05-31T10:50:39.530+0000] {data_modification.py:32} INFO - Inserted row with Video_ID: uocETPj4Jx4
[2026-05-31T10:50:39.532+0000] {data_modification.py:32} INFO - Inserted row with Video_ID: zxYjTTXc-J8
[2026-05-31T10:50:39.534+0000] {data_modification.py:32} INFO - Inserted row with Video_ID: hxwpkM5w3Cc
[2026-05-31T10:50:39.536+0000] {data_modification.py:32} INFO - Inserted row with Video_ID: urtFrxDUV6c
[2026-05-31T10:50:39.538+0000] {data_modification.py:32} INFO - Inserted row with Video_ID: nM89Wl03Q4g
[2026-05-31T10:50:39.540+0000] {data_modification.py:32} INFO - Inserted row with Video_ID: NZlClr_ivb4
[2026-05-31T10:50:39.542+0000] {data_modification.py:32} INFO - Inserted row with Video_ID: E6E22XQPhhg
[2026-05-31T10:50:39.544+0000] {data_modification.py:32} INFO - Inserted row with Video_ID: TQHEJj68Jew
[2026-05-31T10:50:39.546+0000] {data_modification.py:32} INFO - Inserted row with Video_ID: WcwGleN38zE
[2026-05-31T10:50:39.548+0000] {data_modification.py:32} INFO - Inserted row with Video_ID: fMfipiV_17o
[2026-05-31T10:50:39.550+0000] {data_modification.py:32} INFO - Inserted row with Video_ID: 3OFj6l2tQ9s
[2026-05-31T10:50:39.552+0000] {data_modification.py:32} INFO - Inserted row with Video_ID: DuQbOQwVaNE
[2026-05-31T10:50:39.554+0000] {data_modification.py:32} INFO - Inserted row with Video_ID: vJH28ICkCdU
[2026-05-31T10:50:39.556+0000] {data_modification.py:32} INFO - Inserted row with Video_ID: _uwNDiU04zE
[2026-05-31T10:50:39.558+0000] {data_modification.py:32} INFO - Inserted row with Video_ID: C680oxL__ck
[2026-05-31T10:50:39.561+0000] {data_modification.py:32} INFO - Inserted row with Video_ID: 5Fg9oZk-5uA
[2026-05-31T10:50:39.563+0000] {data_modification.py:32} INFO - Inserted row with Video_ID: PKtnafFtfEo
[2026-05-31T10:50:39.565+0000] {data_modification.py:32} INFO - Inserted row with Video_ID: f0c7pSCoZqE
[2026-05-31T10:50:39.567+0000] {data_modification.py:32} INFO - Inserted row with Video_ID: dg2Ag3e8W-Q
[2026-05-31T10:50:39.570+0000] {data_modification.py:32} INFO - Inserted row with Video_ID: LeYsRMZFUq0
[2026-05-31T10:50:39.572+0000] {data_modification.py:32} INFO - Inserted row with Video_ID: Dc2ZRmuH5OM
[2026-05-31T10:50:39.574+0000] {data_modification.py:32} INFO - Inserted row with Video_ID: GLoeAJUcz38
[2026-05-31T10:50:39.577+0000] {data_modification.py:32} INFO - Inserted row with Video_ID: SZQhgExjBvQ
[2026-05-31T10:50:39.579+0000] {data_modification.py:32} INFO - Inserted row with Video_ID: IoZri9hq7z4
[2026-05-31T10:50:39.581+0000] {data_modification.py:32} INFO - Inserted row with Video_ID: AKJfakEsgy0
[2026-05-31T10:50:39.583+0000] {data_modification.py:32} INFO - Inserted row with Video_ID: Vl3swga-Xrk
[2026-05-31T10:50:39.585+0000] {data_modification.py:32} INFO - Inserted row with Video_ID: UE5AHE2Ypr8
[2026-05-31T10:50:39.587+0000] {data_modification.py:32} INFO - Inserted row with Video_ID: TDiXxsQ0w2Q
[2026-05-31T10:50:39.589+0000] {data_modification.py:32} INFO - Inserted row with Video_ID: oD155zWANQg
[2026-05-31T10:50:39.592+0000] {data_modification.py:32} INFO - Inserted row with Video_ID: s1ax8Tx_Jz0
[2026-05-31T10:50:39.594+0000] {data_modification.py:32} INFO - Inserted row with Video_ID: NkE0AMGzpJY
[2026-05-31T10:50:39.596+0000] {data_modification.py:32} INFO - Inserted row with Video_ID: FbM1yi4mMMc
[2026-05-31T10:50:39.599+0000] {data_modification.py:32} INFO - Inserted row with Video_ID: 5V2B28OqfqM
[2026-05-31T10:50:39.601+0000] {data_modification.py:32} INFO - Inserted row with Video_ID: Rj_vssRaZlQ
[2026-05-31T10:50:39.603+0000] {data_modification.py:32} INFO - Inserted row with Video_ID: YQDDm9HLkV4
[2026-05-31T10:50:39.606+0000] {data_modification.py:32} INFO - Inserted row with Video_ID: erQ_9yEz0ls
[2026-05-31T10:50:39.608+0000] {data_modification.py:32} INFO - Inserted row with Video_ID: OAbP-V6fEVc
[2026-05-31T10:50:39.611+0000] {data_modification.py:32} INFO - Inserted row with Video_ID: _qAJMXfL6o0
[2026-05-31T10:50:39.613+0000] {data_modification.py:32} INFO - Inserted row with Video_ID: 59AYXzCa-Cs
[2026-05-31T10:50:39.615+0000] {data_modification.py:32} INFO - Inserted row with Video_ID: r7zJ8srwwjk
[2026-05-31T10:50:39.617+0000] {data_modification.py:32} INFO - Inserted row with Video_ID: YSoJPA8-oHc
[2026-05-31T10:50:39.619+0000] {data_modification.py:32} INFO - Inserted row with Video_ID: 5Hg_QSIJm8I
[2026-05-31T10:50:39.622+0000] {data_modification.py:32} INFO - Inserted row with Video_ID: gsWPpE4Rid0
[2026-05-31T10:50:39.624+0000] {data_modification.py:32} INFO - Inserted row with Video_ID: HBMmK1c44sE
[2026-05-31T10:50:39.627+0000] {data_modification.py:32} INFO - Inserted row with Video_ID: oBYbxw8f5OI
[2026-05-31T10:50:39.629+0000] {data_modification.py:32} INFO - Inserted row with Video_ID: AiGKBNGlzHo
[2026-05-31T10:50:39.633+0000] {data_modification.py:32} INFO - Inserted row with Video_ID: _mdKvblL_8s
[2026-05-31T10:50:39.635+0000] {data_modification.py:32} INFO - Inserted row with Video_ID: yXWw0_UfSFg
[2026-05-31T10:50:39.638+0000] {data_modification.py:32} INFO - Inserted row with Video_ID: F4Y3Pkn95GI
[2026-05-31T10:50:39.640+0000] {data_modification.py:32} INFO - Inserted row with Video_ID: KSKJKLmAqpI
[2026-05-31T10:50:39.642+0000] {data_modification.py:32} INFO - Inserted row with Video_ID: IYVjOfoU3uI
[2026-05-31T10:50:39.644+0000] {data_modification.py:32} INFO - Inserted row with Video_ID: oI6aXhowFDY
[2026-05-31T10:50:39.646+0000] {data_modification.py:32} INFO - Inserted row with Video_ID: LdMx2U5tby0
[2026-05-31T10:50:39.648+0000] {data_modification.py:32} INFO - Inserted row with Video_ID: fY-LA3YaZ_M
[2026-05-31T10:50:39.650+0000] {data_modification.py:32} INFO - Inserted row with Video_ID: 0hVZOJCYBBM
[2026-05-31T10:50:39.654+0000] {data_modification.py:32} INFO - Inserted row with Video_ID: Z9WQy9jEY8M
[2026-05-31T10:50:39.656+0000] {data_modification.py:32} INFO - Inserted row with Video_ID: bs0SWXbty18
[2026-05-31T10:50:39.658+0000] {data_modification.py:32} INFO - Inserted row with Video_ID: yeqARWqjkps
[2026-05-31T10:50:39.660+0000] {data_modification.py:32} INFO - Inserted row with Video_ID: wMuYiLby3-s
[2026-05-31T10:50:39.663+0000] {data_modification.py:32} INFO - Inserted row with Video_ID: NbaWrbJDr48
[2026-05-31T10:50:39.665+0000] {data_modification.py:32} INFO - Inserted row with Video_ID: sfv1QaRzJg8
[2026-05-31T10:50:39.667+0000] {data_modification.py:32} INFO - Inserted row with Video_ID: X1jMMFOqxEw
[2026-05-31T10:50:39.669+0000] {data_modification.py:32} INFO - Inserted row with Video_ID: ORUX1lHbOa8
[2026-05-31T10:50:39.671+0000] {data_modification.py:32} INFO - Inserted row with Video_ID: LU_xVr4b2qM
[2026-05-31T10:50:39.674+0000] {data_modification.py:32} INFO - Inserted row with Video_ID: tQ4m4zD7BBA
[2026-05-31T10:50:39.676+0000] {data_modification.py:32} INFO - Inserted row with Video_ID: D9lVNzyhYnc
[2026-05-31T10:50:39.678+0000] {data_modification.py:32} INFO - Inserted row with Video_ID: jokVbbLqV_E
[2026-05-31T10:50:39.680+0000] {data_modification.py:32} INFO - Inserted row with Video_ID: HPJKxAhLw5I
[2026-05-31T10:50:39.682+0000] {data_modification.py:32} INFO - Inserted row with Video_ID: Ims5p6wjW9s
[2026-05-31T10:50:39.684+0000] {data_modification.py:32} INFO - Inserted row with Video_ID: anFxsa5jXrE
[2026-05-31T10:50:39.686+0000] {data_modification.py:32} INFO - Inserted row with Video_ID: QxGVgXf_LNk
[2026-05-31T10:50:39.688+0000] {data_modification.py:32} INFO - Inserted row with Video_ID: al6130OD1Ck
[2026-05-31T10:50:39.690+0000] {data_modification.py:32} INFO - Inserted row with Video_ID: d1010B3sKNQ
[2026-05-31T10:50:39.693+0000] {data_modification.py:32} INFO - Inserted row with Video_ID: NS3hse9ezik
[2026-05-31T10:50:39.695+0000] {data_modification.py:32} INFO - Inserted row with Video_ID: npDey6_9YRs
[2026-05-31T10:50:39.697+0000] {data_modification.py:32} INFO - Inserted row with Video_ID: 0NGWT9COcEI
[2026-05-31T10:50:39.699+0000] {data_modification.py:32} INFO - Inserted row with Video_ID: 9bqk6ZUsKyA
[2026-05-31T10:50:39.701+0000] {data_modification.py:32} INFO - Inserted row with Video_ID: lBYC4_Lccjw
[2026-05-31T10:50:39.703+0000] {data_modification.py:32} INFO - Inserted row with Video_ID: gL6iSCSHjco
[2026-05-31T10:50:39.705+0000] {data_modification.py:32} INFO - Inserted row with Video_ID: UQtltNZ_pjs
[2026-05-31T10:50:39.707+0000] {data_modification.py:32} INFO - Inserted row with Video_ID: 0DaMUhgcAqo
[2026-05-31T10:50:39.710+0000] {data_modification.py:32} INFO - Inserted row with Video_ID: TOcGSwJBPMQ
[2026-05-31T10:50:39.712+0000] {data_modification.py:32} INFO - Inserted row with Video_ID: ws694xrKopA
[2026-05-31T10:50:39.714+0000] {data_modification.py:32} INFO - Inserted row with Video_ID: UtnsWzaoRtg
[2026-05-31T10:50:39.716+0000] {data_modification.py:32} INFO - Inserted row with Video_ID: 6wsFjjhZPJI
[2026-05-31T10:50:39.718+0000] {data_modification.py:32} INFO - Inserted row with Video_ID: Rmf6T_Ewt38
[2026-05-31T10:50:39.721+0000] {data_modification.py:32} INFO - Inserted row with Video_ID: n6qc4LHN2KQ
[2026-05-31T10:50:39.723+0000] {data_modification.py:32} INFO - Inserted row with Video_ID: 2eFSU7TFOnk
[2026-05-31T10:50:39.725+0000] {data_modification.py:32} INFO - Inserted row with Video_ID: RCvnytndd9c
[2026-05-31T10:50:39.727+0000] {data_modification.py:32} INFO - Inserted row with Video_ID: AA-VpIj8F5Y
[2026-05-31T10:50:39.729+0000] {data_modification.py:32} INFO - Inserted row with Video_ID: fWcSBWadolA
[2026-05-31T10:50:39.731+0000] {data_modification.py:32} INFO - Inserted row with Video_ID: YyhKdOCwD7s
[2026-05-31T10:50:39.733+0000] {data_modification.py:32} INFO - Inserted row with Video_ID: ha4tRQwKIUg
[2026-05-31T10:50:39.735+0000] {data_modification.py:32} INFO - Inserted row with Video_ID: H1WBdh56Vq4
[2026-05-31T10:50:39.738+0000] {data_modification.py:32} INFO - Inserted row with Video_ID: xhIYirjB4Yc
[2026-05-31T10:50:39.740+0000] {data_modification.py:32} INFO - Inserted row with Video_ID: HfJMs4mrSJM
[2026-05-31T10:50:39.742+0000] {data_modification.py:32} INFO - Inserted row with Video_ID: tYHTVjfShOA
[2026-05-31T10:50:39.744+0000] {data_modification.py:32} INFO - Inserted row with Video_ID: JTQcIR2ZxU4
[2026-05-31T10:50:39.747+0000] {data_modification.py:32} INFO - Inserted row with Video_ID: xpNeg0hPZIs
[2026-05-31T10:50:39.749+0000] {data_modification.py:32} INFO - Inserted row with Video_ID: 9yrdFAJUSaU
[2026-05-31T10:50:39.751+0000] {data_modification.py:32} INFO - Inserted row with Video_ID: i2O6GMpNWGo
[2026-05-31T10:50:39.753+0000] {data_modification.py:32} INFO - Inserted row with Video_ID: Y6jC6VaO3j0
[2026-05-31T10:50:39.755+0000] {data_modification.py:32} INFO - Inserted row with Video_ID: Ooke4YZv8Ts
[2026-05-31T10:50:39.757+0000] {data_modification.py:32} INFO - Inserted row with Video_ID: ZV7rU6lnAKQ
[2026-05-31T10:50:39.760+0000] {data_modification.py:32} INFO - Inserted row with Video_ID: iUzi5JmJNWc
[2026-05-31T10:50:39.762+0000] {data_modification.py:32} INFO - Inserted row with Video_ID: 9cCpZl8euLI
[2026-05-31T10:50:39.764+0000] {data_modification.py:32} INFO - Inserted row with Video_ID: I046_n20d3s
[2026-05-31T10:50:39.766+0000] {data_modification.py:32} INFO - Inserted row with Video_ID: 2nd73lyvq4w
[2026-05-31T10:50:39.768+0000] {data_modification.py:32} INFO - Inserted row with Video_ID: nuM0Z4a7kMs
[2026-05-31T10:50:39.770+0000] {data_modification.py:32} INFO - Inserted row with Video_ID: qPBtTPJHS0Q
[2026-05-31T10:50:39.773+0000] {data_modification.py:32} INFO - Inserted row with Video_ID: A-vX1AGBGsc
[2026-05-31T10:50:39.775+0000] {data_modification.py:32} INFO - Inserted row with Video_ID: IiW2smvEcBM
[2026-05-31T10:50:39.777+0000] {data_modification.py:32} INFO - Inserted row with Video_ID: q6Qw8mUVTrE
[2026-05-31T10:50:39.779+0000] {data_modification.py:32} INFO - Inserted row with Video_ID: dBxOYE2j55U
[2026-05-31T10:50:39.781+0000] {data_modification.py:32} INFO - Inserted row with Video_ID: 984NGLLYDUg
[2026-05-31T10:50:39.783+0000] {data_modification.py:32} INFO - Inserted row with Video_ID: 7zi0bi-RDj4
[2026-05-31T10:50:39.786+0000] {data_modification.py:32} INFO - Inserted row with Video_ID: XaxhLbxZ13k
[2026-05-31T10:50:39.788+0000] {data_modification.py:32} INFO - Inserted row with Video_ID: L8nh1wuXTbI
[2026-05-31T10:50:39.790+0000] {data_modification.py:32} INFO - Inserted row with Video_ID: 9-HphHIJS9c
[2026-05-31T10:50:39.792+0000] {data_modification.py:32} INFO - Inserted row with Video_ID: rPXmbM2UEbU
[2026-05-31T10:50:39.794+0000] {data_modification.py:32} INFO - Inserted row with Video_ID: sESRuTyfsEk
[2026-05-31T10:50:39.797+0000] {data_modification.py:32} INFO - Inserted row with Video_ID: QapO3maXd9k
[2026-05-31T10:50:39.799+0000] {data_modification.py:32} INFO - Inserted row with Video_ID: 71VpdDb8e6U
[2026-05-31T10:50:39.801+0000] {data_modification.py:32} INFO - Inserted row with Video_ID: Su34c5Z8DW4
[2026-05-31T10:50:39.803+0000] {data_modification.py:32} INFO - Inserted row with Video_ID: 9vB-48kHbBU
[2026-05-31T10:50:39.805+0000] {data_modification.py:32} INFO - Inserted row with Video_ID: 3ix_gbcubTo
[2026-05-31T10:50:39.807+0000] {data_modification.py:32} INFO - Inserted row with Video_ID: mGIpOtncmSM
[2026-05-31T10:50:39.810+0000] {data_modification.py:32} INFO - Inserted row with Video_ID: VqnQ-0q2gb4
[2026-05-31T10:50:39.812+0000] {data_modification.py:32} INFO - Inserted row with Video_ID: 3TflpIllQHY
[2026-05-31T10:50:39.814+0000] {data_modification.py:32} INFO - Inserted row with Video_ID: 1SwVSTKFCsc
[2026-05-31T10:50:39.816+0000] {data_modification.py:32} INFO - Inserted row with Video_ID: ZPuEUe_8SRM
[2026-05-31T10:50:39.818+0000] {data_modification.py:32} INFO - Inserted row with Video_ID: gKVZz4kcuns
[2026-05-31T10:50:39.820+0000] {data_modification.py:32} INFO - Inserted row with Video_ID: nywT2SenPIo
[2026-05-31T10:50:39.823+0000] {data_modification.py:32} INFO - Inserted row with Video_ID: xBP9EUQIkNs
[2026-05-31T10:50:39.825+0000] {data_modification.py:32} INFO - Inserted row with Video_ID: qZNxvnQv0h4
[2026-05-31T10:50:39.827+0000] {data_modification.py:32} INFO - Inserted row with Video_ID: uE6gud1voDs
[2026-05-31T10:50:39.829+0000] {data_modification.py:32} INFO - Inserted row with Video_ID: f0M64XpmTz8
[2026-05-31T10:50:39.831+0000] {data_modification.py:32} INFO - Inserted row with Video_ID: Gz3yak1cl-8
[2026-05-31T10:50:39.834+0000] {data_modification.py:32} INFO - Inserted row with Video_ID: 9GD6hbqu2oM
[2026-05-31T10:50:39.836+0000] {data_modification.py:32} INFO - Inserted row with Video_ID: GUWGsIVEMSQ
[2026-05-31T10:50:39.838+0000] {data_modification.py:32} INFO - Inserted row with Video_ID: wDqJZ_2ZA3A
[2026-05-31T10:50:39.840+0000] {data_modification.py:32} INFO - Inserted row with Video_ID: RywkkwO78m8
[2026-05-31T10:50:39.842+0000] {data_modification.py:32} INFO - Inserted row with Video_ID: bTrV5v7GLcQ
[2026-05-31T10:50:39.844+0000] {data_modification.py:32} INFO - Inserted row with Video_ID: qAW6CE7_bFM
[2026-05-31T10:50:39.848+0000] {data_modification.py:32} INFO - Inserted row with Video_ID: tBEBc4KQVsU
[2026-05-31T10:50:39.850+0000] {data_modification.py:32} INFO - Inserted row with Video_ID: q0OK-zHnvnA
[2026-05-31T10:50:39.852+0000] {data_modification.py:32} INFO - Inserted row with Video_ID: bFZdU9dr4OM
[2026-05-31T10:50:39.855+0000] {data_modification.py:32} INFO - Inserted row with Video_ID: 6_im_hGxGRk
[2026-05-31T10:50:39.857+0000] {data_modification.py:32} INFO - Inserted row with Video_ID: b91vrgVY-ZQ
[2026-05-31T10:50:39.859+0000] {data_modification.py:32} INFO - Inserted row with Video_ID: 52ubXjlVzUY
[2026-05-31T10:50:39.861+0000] {data_modification.py:32} INFO - Inserted row with Video_ID: XHb7g6yuGgE
[2026-05-31T10:50:39.863+0000] {data_modification.py:32} INFO - Inserted row with Video_ID: rH1D_3G56DY
[2026-05-31T10:50:39.865+0000] {data_modification.py:32} INFO - Inserted row with Video_ID: -0zoWMSEOGg
[2026-05-31T10:50:39.867+0000] {data_modification.py:32} INFO - Inserted row with Video_ID: WRzIuC2MKOU
[2026-05-31T10:50:39.870+0000] {data_modification.py:32} INFO - Inserted row with Video_ID: foLlul8Tl3E
[2026-05-31T10:50:39.872+0000] {data_modification.py:32} INFO - Inserted row with Video_ID: 3iaDrpKdaIc
[2026-05-31T10:50:39.874+0000] {data_modification.py:32} INFO - Inserted row with Video_ID: qrIh-ZHN4-E
[2026-05-31T10:50:39.876+0000] {data_modification.py:32} INFO - Inserted row with Video_ID: mpZWt5pGKZ8
[2026-05-31T10:50:39.878+0000] {data_modification.py:32} INFO - Inserted row with Video_ID: vbph9F_pRNI
[2026-05-31T10:50:39.880+0000] {data_modification.py:32} INFO - Inserted row with Video_ID: XE9pUM9MEFA
[2026-05-31T10:50:39.882+0000] {data_modification.py:32} INFO - Inserted row with Video_ID: wbzD04leeLI
[2026-05-31T10:50:39.885+0000] {data_modification.py:32} INFO - Inserted row with Video_ID: MC5h-ShR-S8
[2026-05-31T10:50:39.887+0000] {data_modification.py:32} INFO - Inserted row with Video_ID: dp8IaLrZpGs
[2026-05-31T10:50:39.889+0000] {data_modification.py:32} INFO - Inserted row with Video_ID: 97Gh93Daio0
[2026-05-31T10:50:39.891+0000] {data_modification.py:32} INFO - Inserted row with Video_ID: t4OumncEiKo
[2026-05-31T10:50:39.893+0000] {data_modification.py:32} INFO - Inserted row with Video_ID: Ejou8aa5eZk
[2026-05-31T10:50:39.895+0000] {data_modification.py:32} INFO - Inserted row with Video_ID: ehEuczQUh8E
[2026-05-31T10:50:39.897+0000] {data_modification.py:32} INFO - Inserted row with Video_ID: uBC7805Smsg
[2026-05-31T10:50:39.900+0000] {data_modification.py:32} INFO - Inserted row with Video_ID: d8pJkuSp1iI
[2026-05-31T10:50:39.902+0000] {data_modification.py:32} INFO - Inserted row with Video_ID: dFr5YQaQQdo
[2026-05-31T10:50:39.904+0000] {data_modification.py:32} INFO - Inserted row with Video_ID: xBLxMfO3pDw
[2026-05-31T10:50:39.906+0000] {data_modification.py:32} INFO - Inserted row with Video_ID: d7QmQtNwhcU
[2026-05-31T10:50:39.908+0000] {data_modification.py:32} INFO - Inserted row with Video_ID: NZR4WEjpOQg
[2026-05-31T10:50:39.910+0000] {data_modification.py:32} INFO - Inserted row with Video_ID: vETSAZgfDP4
[2026-05-31T10:50:39.912+0000] {data_modification.py:32} INFO - Inserted row with Video_ID: zE3FLbpu9-Q
[2026-05-31T10:50:39.915+0000] {data_modification.py:32} INFO - Inserted row with Video_ID: Izmibu7dxcs
[2026-05-31T10:50:39.917+0000] {data_modification.py:32} INFO - Inserted row with Video_ID: 2Pvt8awds44
[2026-05-31T10:50:39.919+0000] {data_modification.py:32} INFO - Inserted row with Video_ID: n9BbAfbsyj0
[2026-05-31T10:50:39.921+0000] {data_modification.py:32} INFO - Inserted row with Video_ID: WZ2rYlVxt4g
[2026-05-31T10:50:39.923+0000] {data_modification.py:32} INFO - Inserted row with Video_ID: CWK6an4mYL0
[2026-05-31T10:50:39.926+0000] {data_modification.py:32} INFO - Inserted row with Video_ID: VwWV4JelEzY
[2026-05-31T10:50:39.928+0000] {data_modification.py:32} INFO - Inserted row with Video_ID: koRKIlRQj4g
[2026-05-31T10:50:39.930+0000] {data_modification.py:32} INFO - Inserted row with Video_ID: XKFKPQHdWRI
[2026-05-31T10:50:39.933+0000] {data_modification.py:32} INFO - Inserted row with Video_ID: yuGEB4ZZdUQ
[2026-05-31T10:50:39.935+0000] {data_modification.py:32} INFO - Inserted row with Video_ID: sg_XFT4K3N4
[2026-05-31T10:50:39.937+0000] {data_modification.py:32} INFO - Inserted row with Video_ID: szt8xabJoSo
[2026-05-31T10:50:39.939+0000] {data_modification.py:32} INFO - Inserted row with Video_ID: Fbl3E_XCQfA
[2026-05-31T10:50:39.941+0000] {data_modification.py:32} INFO - Inserted row with Video_ID: yzGmnjDFuZE
[2026-05-31T10:50:39.943+0000] {data_modification.py:32} INFO - Inserted row with Video_ID: op0N7axawJA
[2026-05-31T10:50:39.946+0000] {data_modification.py:32} INFO - Inserted row with Video_ID: l_huIWJBhJM
[2026-05-31T10:50:39.948+0000] {data_modification.py:32} INFO - Inserted row with Video_ID: 7ALCsEyn3mg
[2026-05-31T10:50:39.950+0000] {data_modification.py:32} INFO - Inserted row with Video_ID: CvMRiR4k49Y
[2026-05-31T10:50:39.953+0000] {data_modification.py:32} INFO - Inserted row with Video_ID: g2rbhIB-ITM
[2026-05-31T10:50:39.955+0000] {data_modification.py:32} INFO - Inserted row with Video_ID: nLpqZEAFnkE
[2026-05-31T10:50:39.958+0000] {data_modification.py:32} INFO - Inserted row with Video_ID: sirrTXiPFmw
[2026-05-31T10:50:39.960+0000] {data_modification.py:32} INFO - Inserted row with Video_ID: nRkwuTOESCc
[2026-05-31T10:50:39.962+0000] {data_modification.py:32} INFO - Inserted row with Video_ID: AS6WMS_Bemg
[2026-05-31T10:50:39.964+0000] {data_modification.py:32} INFO - Inserted row with Video_ID: wMn8d7IeCYM
[2026-05-31T10:50:39.966+0000] {data_modification.py:32} INFO - Inserted row with Video_ID: BMZP4CtphaU
[2026-05-31T10:50:39.968+0000] {data_modification.py:32} INFO - Inserted row with Video_ID: ln9aLVd__8w
[2026-05-31T10:50:39.971+0000] {data_modification.py:32} INFO - Inserted row with Video_ID: 93s1JECSy60
[2026-05-31T10:50:39.973+0000] {data_modification.py:32} INFO - Inserted row with Video_ID: YR6Wh2Zy9jE
[2026-05-31T10:50:39.975+0000] {data_modification.py:32} INFO - Inserted row with Video_ID: 5PCxQSMOl3o
[2026-05-31T10:50:39.977+0000] {data_modification.py:32} INFO - Inserted row with Video_ID: 5qzAVMe_SnM
[2026-05-31T10:50:39.979+0000] {data_modification.py:32} INFO - Inserted row with Video_ID: zAAXW7ySu1k
[2026-05-31T10:50:39.982+0000] {data_modification.py:32} INFO - Inserted row with Video_ID: sx5k8xd_VoU
[2026-05-31T10:50:39.984+0000] {data_modification.py:32} INFO - Inserted row with Video_ID: uotb9ZHnI2g
[2026-05-31T10:50:39.986+0000] {data_modification.py:32} INFO - Inserted row with Video_ID: UlUcwJc5nBs
[2026-05-31T10:50:39.988+0000] {data_modification.py:32} INFO - Inserted row with Video_ID: kupaqq-xJ_8
[2026-05-31T10:50:39.990+0000] {data_modification.py:32} INFO - Inserted row with Video_ID: Er6QUQZbv0w
[2026-05-31T10:50:39.993+0000] {data_modification.py:32} INFO - Inserted row with Video_ID: 4KVmSG6KS2k
[2026-05-31T10:50:39.995+0000] {data_modification.py:32} INFO - Inserted row with Video_ID: Lx9fRu5ehFo
[2026-05-31T10:50:39.997+0000] {data_modification.py:32} INFO - Inserted row with Video_ID: KcsRxHwGz7A
[2026-05-31T10:50:39.999+0000] {data_modification.py:32} INFO - Inserted row with Video_ID: N_GMakKf7G4
[2026-05-31T10:50:40.001+0000] {data_modification.py:32} INFO - Inserted row with Video_ID: 63gyUQ_JeOE
[2026-05-31T10:50:40.003+0000] {data_modification.py:32} INFO - Inserted row with Video_ID: IZVbzNRUlQI
[2026-05-31T10:50:40.006+0000] {data_modification.py:32} INFO - Inserted row with Video_ID: 8D3vI1615K4
[2026-05-31T10:50:40.008+0000] {data_modification.py:32} INFO - Inserted row with Video_ID: dEOlvTqYUNo
[2026-05-31T10:50:40.010+0000] {data_modification.py:32} INFO - Inserted row with Video_ID: AS5CxLCWq-Q
[2026-05-31T10:50:40.012+0000] {data_modification.py:32} INFO - Inserted row with Video_ID: jtOalDNVrKM
[2026-05-31T10:50:40.014+0000] {data_modification.py:32} INFO - Inserted row with Video_ID: dDYP56hEYF0
[2026-05-31T10:50:40.016+0000] {data_modification.py:32} INFO - Inserted row with Video_ID: pJSbLk-Iixc
[2026-05-31T10:50:40.018+0000] {data_modification.py:32} INFO - Inserted row with Video_ID: iengNekeTNo
[2026-05-31T10:50:40.020+0000] {data_modification.py:32} INFO - Inserted row with Video_ID: rqUvnLPvbrM
[2026-05-31T10:50:40.022+0000] {data_modification.py:32} INFO - Inserted row with Video_ID: 9CVwXBYVqVk
[2026-05-31T10:50:40.025+0000] {data_modification.py:32} INFO - Inserted row with Video_ID: i8pmk5xnO2s
[2026-05-31T10:50:40.027+0000] {data_modification.py:32} INFO - Inserted row with Video_ID: xWcldHxHFpo
[2026-05-31T10:50:40.029+0000] {data_modification.py:32} INFO - Inserted row with Video_ID: YH1-fDzHHpo
[2026-05-31T10:50:40.031+0000] {data_modification.py:32} INFO - Inserted row with Video_ID: ntlG5XgYg4k
[2026-05-31T10:50:40.033+0000] {data_modification.py:32} INFO - Inserted row with Video_ID: Qy17S3g8ZuY
[2026-05-31T10:50:40.035+0000] {data_modification.py:32} INFO - Inserted row with Video_ID: PJyWmlWNor8
[2026-05-31T10:50:40.038+0000] {data_modification.py:32} INFO - Inserted row with Video_ID: KzwTYZ2W3ZA
[2026-05-31T10:50:40.040+0000] {data_modification.py:32} INFO - Inserted row with Video_ID: 9fa_JYTPZ2Y
[2026-05-31T10:50:40.042+0000] {data_modification.py:32} INFO - Inserted row with Video_ID: t1BWMa8btIw
[2026-05-31T10:50:40.044+0000] {data_modification.py:32} INFO - Inserted row with Video_ID: 2O8wta4FsD4
[2026-05-31T10:50:40.046+0000] {data_modification.py:32} INFO - Inserted row with Video_ID: DbC9CauTXoM
[2026-05-31T10:50:40.048+0000] {data_modification.py:32} INFO - Inserted row with Video_ID: yhNcDBnQsEY
[2026-05-31T10:50:40.050+0000] {data_modification.py:32} INFO - Inserted row with Video_ID: Wyyqz3OxB5c
[2026-05-31T10:50:40.052+0000] {data_modification.py:32} INFO - Inserted row with Video_ID: KO8B2kw_Jxs
[2026-05-31T10:50:40.055+0000] {data_modification.py:32} INFO - Inserted row with Video_ID: NEDPgQYhbqs
[2026-05-31T10:50:40.057+0000] {data_modification.py:32} INFO - Inserted row with Video_ID: DpIvW6av0pI
[2026-05-31T10:50:40.059+0000] {data_modification.py:32} INFO - Inserted row with Video_ID: RPcXg2-0ejw
[2026-05-31T10:50:40.061+0000] {data_modification.py:32} INFO - Inserted row with Video_ID: jhYG5BStQSk
[2026-05-31T10:50:40.063+0000] {data_modification.py:32} INFO - Inserted row with Video_ID: wTIPpjUgAFE
[2026-05-31T10:50:40.065+0000] {data_modification.py:32} INFO - Inserted row with Video_ID: Fzh65vCyHWQ
[2026-05-31T10:50:40.068+0000] {data_modification.py:32} INFO - Inserted row with Video_ID: vBp0bzVr09s
[2026-05-31T10:50:40.070+0000] {data_modification.py:32} INFO - Inserted row with Video_ID: AXjdI_LHWJU
[2026-05-31T10:50:40.072+0000] {data_modification.py:32} INFO - Inserted row with Video_ID: dJCsc_Cq9i4
[2026-05-31T10:50:40.075+0000] {data_modification.py:32} INFO - Inserted row with Video_ID: bqpKlkPpT10
[2026-05-31T10:50:40.077+0000] {data_modification.py:32} INFO - Inserted row with Video_ID: TIIU1ivhLKs
[2026-05-31T10:50:40.079+0000] {data_modification.py:32} INFO - Inserted row with Video_ID: G4qOiwIE_o0
[2026-05-31T10:50:40.081+0000] {data_modification.py:32} INFO - Inserted row with Video_ID: yozl6enFC-w
[2026-05-31T10:50:40.084+0000] {data_modification.py:32} INFO - Inserted row with Video_ID: LP_mGU3CgXk
[2026-05-31T10:50:40.086+0000] {data_modification.py:32} INFO - Inserted row with Video_ID: DoIQMkoYSzw
[2026-05-31T10:50:40.088+0000] {data_modification.py:32} INFO - Inserted row with Video_ID: e-If_d_bzfI
[2026-05-31T10:50:40.090+0000] {data_modification.py:32} INFO - Inserted row with Video_ID: 5J6-5g2alp8
[2026-05-31T10:50:40.092+0000] {data_modification.py:32} INFO - Inserted row with Video_ID: qjGNBluF6_I
[2026-05-31T10:50:40.094+0000] {data_modification.py:32} INFO - Inserted row with Video_ID: TLoDwqQF5ug
[2026-05-31T10:50:40.097+0000] {data_modification.py:32} INFO - Inserted row with Video_ID: uAFGIQPWL54
[2026-05-31T10:50:40.099+0000] {data_modification.py:32} INFO - Inserted row with Video_ID: SaDDjW9Rw-M
[2026-05-31T10:50:40.101+0000] {data_modification.py:32} INFO - Inserted row with Video_ID: CHdy9wND1jo
[2026-05-31T10:50:40.103+0000] {data_modification.py:32} INFO - Inserted row with Video_ID: 9LiS_3HEErU
[2026-05-31T10:50:40.106+0000] {data_modification.py:32} INFO - Inserted row with Video_ID: hRj5qNfkdO0
[2026-05-31T10:50:40.108+0000] {data_modification.py:32} INFO - Inserted row with Video_ID: ocruJKe2tFk
[2026-05-31T10:50:40.111+0000] {data_modification.py:32} INFO - Inserted row with Video_ID: MgRMNzKknto
[2026-05-31T10:50:40.113+0000] {data_modification.py:32} INFO - Inserted row with Video_ID: tqO3_AKC5Ks
[2026-05-31T10:50:40.115+0000] {data_modification.py:32} INFO - Inserted row with Video_ID: XW1TsAVdXsw
[2026-05-31T10:50:40.117+0000] {data_modification.py:32} INFO - Inserted row with Video_ID: Qhdj_Umh1IE
[2026-05-31T10:50:40.119+0000] {data_modification.py:32} INFO - Inserted row with Video_ID: fN_RQFqaGHI
[2026-05-31T10:50:40.122+0000] {data_modification.py:32} INFO - Inserted row with Video_ID: hC3xW8xeCDs
[2026-05-31T10:50:40.124+0000] {data_modification.py:32} INFO - Inserted row with Video_ID: xGJEPTCw9GU
[2026-05-31T10:50:40.126+0000] {data_modification.py:32} INFO - Inserted row with Video_ID: FmjsePPBbdU
[2026-05-31T10:50:40.128+0000] {data_modification.py:32} INFO - Inserted row with Video_ID: lMLEcUXz6T8
[2026-05-31T10:50:40.130+0000] {data_modification.py:32} INFO - Inserted row with Video_ID: BKJy7BFP3Is
[2026-05-31T10:50:40.132+0000] {data_modification.py:32} INFO - Inserted row with Video_ID: _FX6rml2Yjs
[2026-05-31T10:50:40.134+0000] {data_modification.py:32} INFO - Inserted row with Video_ID: 6XCUHLhdnEY
[2026-05-31T10:50:40.136+0000] {data_modification.py:32} INFO - Inserted row with Video_ID: ttWTSskmxTA
[2026-05-31T10:50:40.139+0000] {data_modification.py:32} INFO - Inserted row with Video_ID: 5bCyFf8lSfk
[2026-05-31T10:50:40.141+0000] {data_modification.py:32} INFO - Inserted row with Video_ID: zjC48c3ptt0
[2026-05-31T10:50:40.143+0000] {data_modification.py:32} INFO - Inserted row with Video_ID: rS2sntC-lJI
[2026-05-31T10:50:40.145+0000] {data_modification.py:32} INFO - Inserted row with Video_ID: fG1N5kzeAhM
[2026-05-31T10:50:40.147+0000] {data_modification.py:32} INFO - Inserted row with Video_ID: vT_gRRMjDi0
[2026-05-31T10:50:40.150+0000] {data_modification.py:32} INFO - Inserted row with Video_ID: dfcPUqiivDY
[2026-05-31T10:50:40.152+0000] {data_modification.py:32} INFO - Inserted row with Video_ID: zCR6DJX7Kak
[2026-05-31T10:50:40.154+0000] {data_modification.py:32} INFO - Inserted row with Video_ID: 4cX-w-ia0RU
[2026-05-31T10:50:40.156+0000] {data_modification.py:32} INFO - Inserted row with Video_ID: 2nVjy-zd65Q
[2026-05-31T10:50:40.158+0000] {data_modification.py:32} INFO - Inserted row with Video_ID: xlzpD4GeBW0
[2026-05-31T10:50:40.160+0000] {data_modification.py:32} INFO - Inserted row with Video_ID: 8ZTy3K2QgOY
[2026-05-31T10:50:40.163+0000] {data_modification.py:32} INFO - Inserted row with Video_ID: k9zko79_3_I
[2026-05-31T10:50:40.165+0000] {data_modification.py:32} INFO - Inserted row with Video_ID: fYnPyLfxSJg
[2026-05-31T10:50:40.167+0000] {data_modification.py:32} INFO - Inserted row with Video_ID: pBH_QL4JGcI
[2026-05-31T10:50:40.169+0000] {data_modification.py:32} INFO - Inserted row with Video_ID: 1wtFD9zSQO8
[2026-05-31T10:50:40.171+0000] {data_modification.py:32} INFO - Inserted row with Video_ID: VqhjiwmGNKA
[2026-05-31T10:50:40.173+0000] {data_modification.py:32} INFO - Inserted row with Video_ID: EhZ9gHZOZT8
[2026-05-31T10:50:40.175+0000] {data_modification.py:32} INFO - Inserted row with Video_ID: LHtkve6-O0g
[2026-05-31T10:50:40.177+0000] {data_modification.py:32} INFO - Inserted row with Video_ID: m3Ol8zn7brk
[2026-05-31T10:50:40.180+0000] {data_modification.py:32} INFO - Inserted row with Video_ID: qBiZA4QDsj0
[2026-05-31T10:50:40.182+0000] {data_modification.py:32} INFO - Inserted row with Video_ID: NeOrh4GnPZ4
[2026-05-31T10:50:40.184+0000] {data_modification.py:32} INFO - Inserted row with Video_ID: fWhfOAuOqjY
[2026-05-31T10:50:40.186+0000] {data_modification.py:32} INFO - Inserted row with Video_ID: 9Ax56oRhcZc
[2026-05-31T10:50:40.188+0000] {data_modification.py:32} INFO - Inserted row with Video_ID: -cWVrFABWHw
[2026-05-31T10:50:40.190+0000] {data_modification.py:32} INFO - Inserted row with Video_ID: z7qtJAAV5d0
[2026-05-31T10:50:40.192+0000] {data_modification.py:32} INFO - Inserted row with Video_ID: 9pk-neTrDoM
[2026-05-31T10:50:40.195+0000] {data_modification.py:32} INFO - Inserted row with Video_ID: JQscW6DfNZY
[2026-05-31T10:50:40.197+0000] {data_modification.py:32} INFO - Inserted row with Video_ID: 9smE_EiKJ8Q
[2026-05-31T10:50:40.199+0000] {data_modification.py:32} INFO - Inserted row with Video_ID: hfaPkoXeYfU
[2026-05-31T10:50:40.201+0000] {data_modification.py:32} INFO - Inserted row with Video_ID: u0hHxeWkB_o
[2026-05-31T10:50:40.203+0000] {data_modification.py:32} INFO - Inserted row with Video_ID: 64WGWubQO3I
[2026-05-31T10:50:40.205+0000] {data_modification.py:32} INFO - Inserted row with Video_ID: GbOfxRfHdeg
[2026-05-31T10:50:40.207+0000] {data_modification.py:32} INFO - Inserted row with Video_ID: yzxYCRDcGDs
[2026-05-31T10:50:40.209+0000] {data_modification.py:32} INFO - Inserted row with Video_ID: PCakYf_PnT0
[2026-05-31T10:50:40.212+0000] {data_modification.py:32} INFO - Inserted row with Video_ID: 8nv_ltg4RAg
[2026-05-31T10:50:40.214+0000] {data_modification.py:32} INFO - Inserted row with Video_ID: VvphlSvCyj8
[2026-05-31T10:50:40.216+0000] {data_modification.py:32} INFO - Inserted row with Video_ID: JP3v6UxI124
[2026-05-31T10:50:40.218+0000] {data_modification.py:32} INFO - Inserted row with Video_ID: jRURlbRAUhI
[2026-05-31T10:50:40.220+0000] {data_modification.py:32} INFO - Inserted row with Video_ID: I_3R9YGFlHE
[2026-05-31T10:50:40.222+0000] {data_modification.py:32} INFO - Inserted row with Video_ID: xjJJ_wDlc1E
[2026-05-31T10:50:40.225+0000] {data_modification.py:32} INFO - Inserted row with Video_ID: cqirhwhq_qM
[2026-05-31T10:50:40.227+0000] {data_modification.py:32} INFO - Inserted row with Video_ID: 3IQdDBwc42o
[2026-05-31T10:50:40.229+0000] {data_modification.py:32} INFO - Inserted row with Video_ID: 4YHnf3YepwU
[2026-05-31T10:50:40.231+0000] {data_modification.py:32} INFO - Inserted row with Video_ID: uxzBq4Y_fNw
[2026-05-31T10:50:40.233+0000] {data_modification.py:32} INFO - Inserted row with Video_ID: HIhUkvAG0o4
[2026-05-31T10:50:40.236+0000] {data_modification.py:32} INFO - Inserted row with Video_ID: cpI5lCaqZcQ
[2026-05-31T10:50:40.238+0000] {data_modification.py:32} INFO - Inserted row with Video_ID: 6zQhLOw1nw8
[2026-05-31T10:50:40.240+0000] {data_modification.py:32} INFO - Inserted row with Video_ID: mfvi_jgdVqE
[2026-05-31T10:50:40.242+0000] {data_modification.py:32} INFO - Inserted row with Video_ID: zExxMxcoJ6A
[2026-05-31T10:50:40.244+0000] {data_modification.py:32} INFO - Inserted row with Video_ID: hD_Af6W2qug
[2026-05-31T10:50:40.246+0000] {data_modification.py:32} INFO - Inserted row with Video_ID: XOtTKQujlkI
[2026-05-31T10:50:40.249+0000] {data_modification.py:32} INFO - Inserted row with Video_ID: dRqthQ2Mc_0
[2026-05-31T10:50:40.251+0000] {data_modification.py:32} INFO - Inserted row with Video_ID: 8TFq_vvO_Wg
[2026-05-31T10:50:40.253+0000] {data_modification.py:32} INFO - Inserted row with Video_ID: oo8ve4Ldpck
[2026-05-31T10:50:40.255+0000] {data_modification.py:32} INFO - Inserted row with Video_ID: 2Om2M4_Kyd0
[2026-05-31T10:50:40.257+0000] {data_modification.py:32} INFO - Inserted row with Video_ID: KaaEivIqX6M
[2026-05-31T10:50:40.260+0000] {data_modification.py:32} INFO - Inserted row with Video_ID: W4gBpws7Ug8
[2026-05-31T10:50:40.262+0000] {data_modification.py:32} INFO - Inserted row with Video_ID: NT3EkjxO8hs
[2026-05-31T10:50:40.264+0000] {data_modification.py:32} INFO - Inserted row with Video_ID: syMozMiJneM
[2026-05-31T10:50:40.266+0000] {data_modification.py:32} INFO - Inserted row with Video_ID: Wt6cMjn3YLg
[2026-05-31T10:50:40.268+0000] {data_modification.py:32} INFO - Inserted row with Video_ID: OEuS7fjMlMc
[2026-05-31T10:50:40.270+0000] {data_modification.py:32} INFO - Inserted row with Video_ID: __SaaKSW9iE
[2026-05-31T10:50:40.273+0000] {data_modification.py:32} INFO - Inserted row with Video_ID: VXmKt_1T0QM
[2026-05-31T10:50:40.275+0000] {data_modification.py:32} INFO - Inserted row with Video_ID: sKn8Tbp2a-4
[2026-05-31T10:50:40.277+0000] {data_modification.py:32} INFO - Inserted row with Video_ID: 1UygJmcHUdQ
[2026-05-31T10:50:40.279+0000] {data_modification.py:32} INFO - Inserted row with Video_ID: LTr8cXAxy1I
[2026-05-31T10:50:40.282+0000] {data_modification.py:32} INFO - Inserted row with Video_ID: Ow3xqv7ahXo
[2026-05-31T10:50:40.284+0000] {data_modification.py:32} INFO - Inserted row with Video_ID: TRiF8PdrIP8
[2026-05-31T10:50:40.286+0000] {data_modification.py:32} INFO - Inserted row with Video_ID: Pgxi8dsUW-o
[2026-05-31T10:50:40.288+0000] {data_modification.py:32} INFO - Inserted row with Video_ID: YY2-jJojnOA
[2026-05-31T10:50:40.290+0000] {data_modification.py:32} INFO - Inserted row with Video_ID: 7Pogam71094
[2026-05-31T10:50:40.292+0000] {data_modification.py:32} INFO - Inserted row with Video_ID: DL0OPJ2hahc
[2026-05-31T10:50:40.294+0000] {data_modification.py:32} INFO - Inserted row with Video_ID: WwE0tR08OTU
[2026-05-31T10:50:40.296+0000] {data_modification.py:32} INFO - Inserted row with Video_ID: 2LIJtcI4dbg
[2026-05-31T10:50:40.298+0000] {data_modification.py:32} INFO - Inserted row with Video_ID: rXnaD7PU9kY
[2026-05-31T10:50:40.300+0000] {data_modification.py:32} INFO - Inserted row with Video_ID: Ng_qwlvhrJo
[2026-05-31T10:50:40.303+0000] {data_modification.py:32} INFO - Inserted row with Video_ID: bzIPun3cVsw
[2026-05-31T10:50:40.305+0000] {data_modification.py:32} INFO - Inserted row with Video_ID: miKQkeq5sbU
[2026-05-31T10:50:40.307+0000] {data_modification.py:32} INFO - Inserted row with Video_ID: Lwt_VThQIdM
[2026-05-31T10:50:40.309+0000] {data_modification.py:32} INFO - Inserted row with Video_ID: P2oPACr4uuU
[2026-05-31T10:50:40.311+0000] {data_modification.py:32} INFO - Inserted row with Video_ID: h-D6ukDcS9o
[2026-05-31T10:50:40.314+0000] {data_modification.py:32} INFO - Inserted row with Video_ID: mY77HA20MzA
[2026-05-31T10:50:40.316+0000] {data_modification.py:32} INFO - Inserted row with Video_ID: 4krBgDFycgY
[2026-05-31T10:50:40.318+0000] {data_modification.py:32} INFO - Inserted row with Video_ID: dpUxRIqbNlc
[2026-05-31T10:50:40.320+0000] {data_modification.py:32} INFO - Inserted row with Video_ID: Cp431S5z8PE
[2026-05-31T10:50:40.322+0000] {data_modification.py:32} INFO - Inserted row with Video_ID: ttLYXcza4j4
[2026-05-31T10:50:40.324+0000] {data_modification.py:32} INFO - Inserted row with Video_ID: 3-f9DEFsh4w
[2026-05-31T10:50:40.326+0000] {data_modification.py:32} INFO - Inserted row with Video_ID: vuOTP206zWM
[2026-05-31T10:50:40.328+0000] {data_modification.py:32} INFO - Inserted row with Video_ID: J590MYm0SY8
[2026-05-31T10:50:40.330+0000] {data_modification.py:32} INFO - Inserted row with Video_ID: vGB2d5cQJpY
[2026-05-31T10:50:40.333+0000] {data_modification.py:32} INFO - Inserted row with Video_ID: M94G0iKYiSM
[2026-05-31T10:50:40.335+0000] {data_modification.py:32} INFO - Inserted row with Video_ID: pGYyUssWLTA
[2026-05-31T10:50:40.337+0000] {data_modification.py:32} INFO - Inserted row with Video_ID: j7kM8G_AjuY
[2026-05-31T10:50:40.339+0000] {data_modification.py:32} INFO - Inserted row with Video_ID: deK-My3Of0o
[2026-05-31T10:50:40.341+0000] {data_modification.py:32} INFO - Inserted row with Video_ID: X9eXa-Uzuj0
[2026-05-31T10:50:40.343+0000] {data_modification.py:32} INFO - Inserted row with Video_ID: GxTVDClFXuc
[2026-05-31T10:50:40.345+0000] {data_modification.py:32} INFO - Inserted row with Video_ID: kGaq-Qi9hoE
[2026-05-31T10:50:40.347+0000] {data_modification.py:32} INFO - Inserted row with Video_ID: 9zFfp3gzZ88
[2026-05-31T10:50:40.350+0000] {data_modification.py:32} INFO - Inserted row with Video_ID: mM2KwBYa-u4
[2026-05-31T10:50:40.352+0000] {data_modification.py:32} INFO - Inserted row with Video_ID: WAcmsAISniQ
[2026-05-31T10:50:40.354+0000] {data_modification.py:32} INFO - Inserted row with Video_ID: kqUT-s3a6tU
[2026-05-31T10:50:40.356+0000] {data_modification.py:32} INFO - Inserted row with Video_ID: NUVglXbGBfs
[2026-05-31T10:50:40.358+0000] {data_modification.py:32} INFO - Inserted row with Video_ID: T-v4b3WtPAg
[2026-05-31T10:50:40.360+0000] {data_modification.py:32} INFO - Inserted row with Video_ID: m8qGlpcfAIw
[2026-05-31T10:50:40.363+0000] {data_modification.py:32} INFO - Inserted row with Video_ID: uZPkMnv8b-o
[2026-05-31T10:50:40.365+0000] {data_modification.py:32} INFO - Inserted row with Video_ID: qVLr6SMxvJw
[2026-05-31T10:50:40.367+0000] {data_modification.py:32} INFO - Inserted row with Video_ID: 4AigP5OY8JE
[2026-05-31T10:50:40.369+0000] {data_modification.py:32} INFO - Inserted row with Video_ID: RMoFUeBVefA
[2026-05-31T10:50:40.371+0000] {data_modification.py:32} INFO - Inserted row with Video_ID: ep7S1XnuQLU
[2026-05-31T10:50:40.373+0000] {data_modification.py:32} INFO - Inserted row with Video_ID: p6bzNpgbX8Y
[2026-05-31T10:50:40.376+0000] {data_modification.py:32} INFO - Inserted row with Video_ID: 6T17licWsQ4
[2026-05-31T10:50:40.379+0000] {data_modification.py:32} INFO - Inserted row with Video_ID: 1s6UOlWdpw4
[2026-05-31T10:50:40.382+0000] {data_modification.py:32} INFO - Inserted row with Video_ID: 3LuchpUc7PU
[2026-05-31T10:50:40.385+0000] {data_modification.py:32} INFO - Inserted row with Video_ID: _f6xCA0-gAo
[2026-05-31T10:50:40.387+0000] {data_modification.py:32} INFO - Inserted row with Video_ID: lfD7kMZKuNg
[2026-05-31T10:50:40.390+0000] {data_modification.py:32} INFO - Inserted row with Video_ID: ejlkNGm82w4
[2026-05-31T10:50:40.392+0000] {data_modification.py:32} INFO - Inserted row with Video_ID: Jtj9rUqlB1Y
[2026-05-31T10:50:40.394+0000] {data_modification.py:32} INFO - Inserted row with Video_ID: ZqzFRGH_tMQ
[2026-05-31T10:50:40.396+0000] {data_modification.py:32} INFO - Inserted row with Video_ID: 94A-bsumX9A
[2026-05-31T10:50:40.398+0000] {data_modification.py:32} INFO - Inserted row with Video_ID: gYaxI_allkQ
[2026-05-31T10:50:40.400+0000] {data_modification.py:32} INFO - Inserted row with Video_ID: AjXbO2XfBkE
[2026-05-31T10:50:40.402+0000] {data_modification.py:32} INFO - Inserted row with Video_ID: ZQZzR0DUujc
[2026-05-31T10:50:40.404+0000] {data_modification.py:32} INFO - Inserted row with Video_ID: -V3-fhJQZkk
[2026-05-31T10:50:40.406+0000] {data_modification.py:32} INFO - Inserted row with Video_ID: QX0wvWGW2qg
[2026-05-31T10:50:40.409+0000] {data_modification.py:32} INFO - Inserted row with Video_ID: oODUkNQAzXU
[2026-05-31T10:50:40.411+0000] {data_modification.py:32} INFO - Inserted row with Video_ID: 2jWZtKTN6jU
[2026-05-31T10:50:40.413+0000] {data_modification.py:32} INFO - Inserted row with Video_ID: zsADECFHY8w
[2026-05-31T10:50:40.415+0000] {data_modification.py:32} INFO - Inserted row with Video_ID: Feh8o-HmthM
[2026-05-31T10:50:40.417+0000] {data_modification.py:32} INFO - Inserted row with Video_ID: 6Xv-LVYZQxk
[2026-05-31T10:50:40.419+0000] {data_modification.py:32} INFO - Inserted row with Video_ID: QqdUhn99E-s
[2026-05-31T10:50:40.421+0000] {data_modification.py:32} INFO - Inserted row with Video_ID: qENpZBzgaUM
[2026-05-31T10:50:40.423+0000] {data_modification.py:32} INFO - Inserted row with Video_ID: 4DYBVA4884Y
[2026-05-31T10:50:40.425+0000] {data_modification.py:32} INFO - Inserted row with Video_ID: skEf9R0TXkM
[2026-05-31T10:50:40.427+0000] {data_modification.py:32} INFO - Inserted row with Video_ID: CnMv_zTXZ38
[2026-05-31T10:50:40.430+0000] {data_modification.py:32} INFO - Inserted row with Video_ID: bEIK5ni_Pzs
[2026-05-31T10:50:40.432+0000] {data_modification.py:32} INFO - Inserted row with Video_ID: _oZyp4mTzSQ
[2026-05-31T10:50:40.434+0000] {data_modification.py:32} INFO - Inserted row with Video_ID: is1LSWbssuA
[2026-05-31T10:50:40.437+0000] {data_modification.py:32} INFO - Inserted row with Video_ID: XR_q9_LEKuc
[2026-05-31T10:50:40.439+0000] {data_modification.py:32} INFO - Inserted row with Video_ID: X9UiBpDHW3w
[2026-05-31T10:50:40.442+0000] {data_modification.py:32} INFO - Inserted row with Video_ID: PRU47AuQF2M
[2026-05-31T10:50:40.444+0000] {data_modification.py:32} INFO - Inserted row with Video_ID: Y3Rxgf5_R_I
[2026-05-31T10:50:40.446+0000] {data_modification.py:32} INFO - Inserted row with Video_ID: yCKe65Nvp0Q
[2026-05-31T10:50:40.449+0000] {data_modification.py:32} INFO - Inserted row with Video_ID: XBe57FyB2xU
[2026-05-31T10:50:40.451+0000] {data_modification.py:32} INFO - Inserted row with Video_ID: zpCwHwWgbsI
[2026-05-31T10:50:40.454+0000] {data_modification.py:32} INFO - Inserted row with Video_ID: lh61MVUxJt0
[2026-05-31T10:50:40.457+0000] {data_modification.py:32} INFO - Inserted row with Video_ID: eBklqeeIu10
[2026-05-31T10:50:40.460+0000] {data_modification.py:32} INFO - Inserted row with Video_ID: SgMydsOucFg
[2026-05-31T10:50:40.463+0000] {data_modification.py:32} INFO - Inserted row with Video_ID: jPm3hRiMKuU
[2026-05-31T10:50:40.465+0000] {data_modification.py:32} INFO - Inserted row with Video_ID: OweuuinkVZI
[2026-05-31T10:50:40.468+0000] {data_modification.py:32} INFO - Inserted row with Video_ID: 7Pr0HP-Trgk
[2026-05-31T10:50:40.470+0000] {data_modification.py:32} INFO - Inserted row with Video_ID: UEK0fYAqMss
[2026-05-31T10:50:40.472+0000] {data_modification.py:32} INFO - Inserted row with Video_ID: lRznKN2oPUc
[2026-05-31T10:50:40.475+0000] {data_modification.py:32} INFO - Inserted row with Video_ID: IDrS_TrjuK4
[2026-05-31T10:50:40.477+0000] {data_modification.py:32} INFO - Inserted row with Video_ID: J1lhxfZtR3M
[2026-05-31T10:50:40.479+0000] {data_modification.py:32} INFO - Inserted row with Video_ID: b_o8cz0ZNdk
[2026-05-31T10:50:40.481+0000] {data_modification.py:32} INFO - Inserted row with Video_ID: i5dhcAxO25Q
[2026-05-31T10:50:40.483+0000] {data_modification.py:32} INFO - Inserted row with Video_ID: -o_8CDbFMJ0
[2026-05-31T10:50:40.486+0000] {data_modification.py:32} INFO - Inserted row with Video_ID: v5J1Cycn3s8
[2026-05-31T10:50:40.488+0000] {data_modification.py:32} INFO - Inserted row with Video_ID: YJiqYG-Mylk
[2026-05-31T10:50:40.490+0000] {data_modification.py:32} INFO - Inserted row with Video_ID: jGE1sUTeR5g
[2026-05-31T10:50:40.492+0000] {data_modification.py:32} INFO - Inserted row with Video_ID: 0tZCQ25fsoI
[2026-05-31T10:50:40.494+0000] {data_modification.py:32} INFO - Inserted row with Video_ID: N9jTogPwqVY
[2026-05-31T10:50:40.497+0000] {data_modification.py:32} INFO - Inserted row with Video_ID: yyJ7xEcENNI
[2026-05-31T10:50:40.499+0000] {data_modification.py:32} INFO - Inserted row with Video_ID: 3rJgCGMPEqA
[2026-05-31T10:50:40.501+0000] {data_modification.py:32} INFO - Inserted row with Video_ID: 7isfkomGg7o
[2026-05-31T10:50:40.503+0000] {data_modification.py:32} INFO - Inserted row with Video_ID: UCYefSGBP00
[2026-05-31T10:50:40.505+0000] {data_modification.py:32} INFO - Inserted row with Video_ID: dvdGkRK5a_0
[2026-05-31T10:50:40.507+0000] {data_modification.py:32} INFO - Inserted row with Video_ID: X7doE4h6W64
[2026-05-31T10:50:40.509+0000] {data_modification.py:32} INFO - Inserted row with Video_ID: QkXDatNdL4U
[2026-05-31T10:50:40.511+0000] {data_modification.py:32} INFO - Inserted row with Video_ID: hyt2t4r8lQ4
[2026-05-31T10:50:40.513+0000] {data_modification.py:32} INFO - Inserted row with Video_ID: -mlok5iT3GE
[2026-05-31T10:50:40.515+0000] {data_modification.py:32} INFO - Inserted row with Video_ID: STvOHHgJ1sQ
[2026-05-31T10:50:40.518+0000] {data_modification.py:32} INFO - Inserted row with Video_ID: 2-ErX5oDzwM
[2026-05-31T10:50:40.520+0000] {data_modification.py:32} INFO - Inserted row with Video_ID: 7ytYV-tVIvg
[2026-05-31T10:50:40.522+0000] {data_modification.py:32} INFO - Inserted row with Video_ID: ELIoOUKSOJQ
[2026-05-31T10:50:40.524+0000] {data_modification.py:32} INFO - Inserted row with Video_ID: uAoayezOaug
[2026-05-31T10:50:40.526+0000] {data_modification.py:32} INFO - Inserted row with Video_ID: Vr2337tCLCI
[2026-05-31T10:50:40.529+0000] {data_modification.py:32} INFO - Inserted row with Video_ID: NV7qmqbS8tM
[2026-05-31T10:50:40.531+0000] {data_modification.py:32} INFO - Inserted row with Video_ID: U9c-ycvw02A
[2026-05-31T10:50:40.533+0000] {data_modification.py:32} INFO - Inserted row with Video_ID: GfgcVOuHLAo
[2026-05-31T10:50:40.536+0000] {data_modification.py:32} INFO - Inserted row with Video_ID: zi7tZ-2PhLk
[2026-05-31T10:50:40.538+0000] {data_modification.py:32} INFO - Inserted row with Video_ID: TacjQmKCiZg
[2026-05-31T10:50:40.540+0000] {data_modification.py:32} INFO - Inserted row with Video_ID: AIytwdufwW8
[2026-05-31T10:50:40.542+0000] {data_modification.py:32} INFO - Inserted row with Video_ID: KLAI0c0Spog
[2026-05-31T10:50:40.545+0000] {data_modification.py:32} INFO - Inserted row with Video_ID: UVin8WtE5eU
[2026-05-31T10:50:40.547+0000] {data_modification.py:32} INFO - Inserted row with Video_ID: wNuxirsrwBk
[2026-05-31T10:50:40.549+0000] {data_modification.py:32} INFO - Inserted row with Video_ID: 6bxZpS0cm5o
[2026-05-31T10:50:40.551+0000] {data_modification.py:32} INFO - Inserted row with Video_ID: ajJbMGq9AS4
[2026-05-31T10:50:40.553+0000] {data_modification.py:32} INFO - Inserted row with Video_ID: UXw9jqgJNNc
[2026-05-31T10:50:40.556+0000] {data_modification.py:32} INFO - Inserted row with Video_ID: E3CqKvlzl-I
[2026-05-31T10:50:40.558+0000] {data_modification.py:32} INFO - Inserted row with Video_ID: zfDr05ax0gM
[2026-05-31T10:50:40.560+0000] {data_modification.py:32} INFO - Inserted row with Video_ID: 56OkH6ocYZU
[2026-05-31T10:50:40.562+0000] {data_modification.py:32} INFO - Inserted row with Video_ID: w40Z8aT5fpQ
[2026-05-31T10:50:40.564+0000] {data_modification.py:32} INFO - Inserted row with Video_ID: zgDezsMQyyU
[2026-05-31T10:50:40.567+0000] {data_modification.py:32} INFO - Inserted row with Video_ID: UEwnitHoSDw
[2026-05-31T10:50:40.569+0000] {data_modification.py:32} INFO - Inserted row with Video_ID: QqIG0R-KpGk
[2026-05-31T10:50:40.571+0000] {data_modification.py:32} INFO - Inserted row with Video_ID: 7GjSaNi8Epg
[2026-05-31T10:50:40.573+0000] {data_modification.py:32} INFO - Inserted row with Video_ID: h5uE4ERMiTk
[2026-05-31T10:50:40.575+0000] {data_modification.py:32} INFO - Inserted row with Video_ID: umRLkCrmwcs
[2026-05-31T10:50:40.577+0000] {data_modification.py:32} INFO - Inserted row with Video_ID: rHoLyltYDtQ
[2026-05-31T10:50:40.580+0000] {data_modification.py:32} INFO - Inserted row with Video_ID: yeHjsYQ076A
[2026-05-31T10:50:40.582+0000] {data_modification.py:32} INFO - Inserted row with Video_ID: pqrdPu2ESFo
[2026-05-31T10:50:40.584+0000] {data_modification.py:32} INFO - Inserted row with Video_ID: ywZy_Fo2ydo
[2026-05-31T10:50:40.586+0000] {data_modification.py:32} INFO - Inserted row with Video_ID: qr4v9pdfVlU
[2026-05-31T10:50:40.588+0000] {data_modification.py:32} INFO - Inserted row with Video_ID: hgiPX33AHas
[2026-05-31T10:50:40.591+0000] {data_modification.py:32} INFO - Inserted row with Video_ID: oZ-Mn5p1xMw
[2026-05-31T10:50:40.593+0000] {data_modification.py:32} INFO - Inserted row with Video_ID: 5UPa_hu5opg
[2026-05-31T10:50:40.595+0000] {data_modification.py:32} INFO - Inserted row with Video_ID: zv_oq5UNDAo
[2026-05-31T10:50:40.597+0000] {data_modification.py:32} INFO - Inserted row with Video_ID: NiqkH7qVW0U
[2026-05-31T10:50:40.600+0000] {data_modification.py:32} INFO - Inserted row with Video_ID: boBokLXe5o8
[2026-05-31T10:50:40.602+0000] {data_modification.py:32} INFO - Inserted row with Video_ID: 7YOzgk-U4EU
[2026-05-31T10:50:40.604+0000] {data_modification.py:32} INFO - Inserted row with Video_ID: prdSftLj9-g
[2026-05-31T10:50:40.606+0000] {data_modification.py:32} INFO - Inserted row with Video_ID: pzlPJmNyepA
[2026-05-31T10:50:40.609+0000] {data_modification.py:32} INFO - Inserted row with Video_ID: kzIA4vKyhRQ
[2026-05-31T10:50:40.611+0000] {data_modification.py:32} INFO - Inserted row with Video_ID: DfonKqMENrg
[2026-05-31T10:50:40.613+0000] {data_modification.py:32} INFO - Inserted row with Video_ID: MUQCwdkEbq0
[2026-05-31T10:50:40.615+0000] {data_modification.py:32} INFO - Inserted row with Video_ID: JlUzoQN9FWw
[2026-05-31T10:50:40.618+0000] {data_modification.py:32} INFO - Inserted row with Video_ID: 0VjLq-go1fg
[2026-05-31T10:50:40.620+0000] {data_modification.py:32} INFO - Inserted row with Video_ID: uCIpW9zOmgI
[2026-05-31T10:50:40.622+0000] {data_modification.py:32} INFO - Inserted row with Video_ID: Z0Poefgrs4w
[2026-05-31T10:50:40.624+0000] {data_modification.py:32} INFO - Inserted row with Video_ID: MLN6TRB9Jxw
[2026-05-31T10:50:40.627+0000] {data_modification.py:32} INFO - Inserted row with Video_ID: vZrL_FFITgs
[2026-05-31T10:50:40.629+0000] {data_modification.py:32} INFO - Inserted row with Video_ID: L7lGD_anC00
[2026-05-31T10:50:40.631+0000] {data_modification.py:32} INFO - Inserted row with Video_ID: xu1nhAfnMGA
[2026-05-31T10:50:40.633+0000] {data_modification.py:32} INFO - Inserted row with Video_ID: D1livXdFGkQ
[2026-05-31T10:50:40.636+0000] {data_modification.py:32} INFO - Inserted row with Video_ID: bwp_3qLgWpQ
[2026-05-31T10:50:40.638+0000] {data_modification.py:32} INFO - Inserted row with Video_ID: tZpnfF0-7Ls
[2026-05-31T10:50:40.640+0000] {data_modification.py:32} INFO - Inserted row with Video_ID: BwAMltY3-c0
[2026-05-31T10:50:40.643+0000] {data_modification.py:32} INFO - Inserted row with Video_ID: 7HBR3Ea72CY
[2026-05-31T10:50:40.645+0000] {data_modification.py:32} INFO - Inserted row with Video_ID: Ds9H2UnUHL0
[2026-05-31T10:50:40.647+0000] {data_modification.py:32} INFO - Inserted row with Video_ID: iqUFeWAVp-0
[2026-05-31T10:50:40.650+0000] {data_modification.py:32} INFO - Inserted row with Video_ID: W2skFWRk6qo
[2026-05-31T10:50:40.652+0000] {data_modification.py:32} INFO - Inserted row with Video_ID: X_qd-1xSTFA
[2026-05-31T10:50:40.654+0000] {data_modification.py:32} INFO - Inserted row with Video_ID: VWa0ImMY2bQ
[2026-05-31T10:50:40.656+0000] {data_modification.py:32} INFO - Inserted row with Video_ID: fEcASr38n2E
[2026-05-31T10:50:40.659+0000] {data_modification.py:32} INFO - Inserted row with Video_ID: udmf5MQLNGA
[2026-05-31T10:50:40.661+0000] {data_modification.py:32} INFO - Inserted row with Video_ID: 0dg2eR2NSQ0
[2026-05-31T10:50:40.663+0000] {data_modification.py:32} INFO - Inserted row with Video_ID: 6BNOWeYFyP8
[2026-05-31T10:50:40.666+0000] {data_modification.py:32} INFO - Inserted row with Video_ID: LDegY-H60_U
[2026-05-31T10:50:40.668+0000] {data_modification.py:32} INFO - Inserted row with Video_ID: Rio7r_vLUEo
[2026-05-31T10:50:40.670+0000] {data_modification.py:32} INFO - Inserted row with Video_ID: 8E5Ygl02wtM
[2026-05-31T10:50:40.673+0000] {data_modification.py:32} INFO - Inserted row with Video_ID: moMJjt5KECc
[2026-05-31T10:50:40.675+0000] {data_modification.py:32} INFO - Inserted row with Video_ID: OffgqPzDi7Q
[2026-05-31T10:50:40.677+0000] {data_modification.py:32} INFO - Inserted row with Video_ID: B_7uD3B62MM
[2026-05-31T10:50:40.679+0000] {data_modification.py:32} INFO - Inserted row with Video_ID: bA20RJcegOI
[2026-05-31T10:50:40.682+0000] {data_modification.py:32} INFO - Inserted row with Video_ID: NbHwVDt9Rjk
[2026-05-31T10:50:40.684+0000] {data_modification.py:32} INFO - Inserted row with Video_ID: VzsE09KjpKA
[2026-05-31T10:50:40.686+0000] {data_modification.py:32} INFO - Inserted row with Video_ID: HduubRTdko4
[2026-05-31T10:50:40.689+0000] {data_modification.py:32} INFO - Inserted row with Video_ID: qFOGv5zuTdw
[2026-05-31T10:50:40.691+0000] {data_modification.py:32} INFO - Inserted row with Video_ID: u6t4jrhs56Q
[2026-05-31T10:50:40.693+0000] {data_modification.py:32} INFO - Inserted row with Video_ID: 460GXJiGCEs
[2026-05-31T10:50:40.695+0000] {data_modification.py:32} INFO - Inserted row with Video_ID: ZiuoOcj2eLY
[2026-05-31T10:50:40.698+0000] {data_modification.py:32} INFO - Inserted row with Video_ID: LYK6SPMtJ_Y
[2026-05-31T10:50:40.700+0000] {data_modification.py:32} INFO - Inserted row with Video_ID: 2ljWxaMvE_0
[2026-05-31T10:50:40.702+0000] {data_modification.py:32} INFO - Inserted row with Video_ID: rSuuQ_s8gOw
[2026-05-31T10:50:40.704+0000] {data_modification.py:32} INFO - Inserted row with Video_ID: vKKhX-Uyggw
[2026-05-31T10:50:40.707+0000] {data_modification.py:32} INFO - Inserted row with Video_ID: EAwXH82m-6A
[2026-05-31T10:50:40.709+0000] {data_modification.py:32} INFO - Inserted row with Video_ID: U_07AG_CR5A
[2026-05-31T10:50:40.711+0000] {data_modification.py:32} INFO - Inserted row with Video_ID: Xe0AGtF5aNU
[2026-05-31T10:50:40.713+0000] {data_modification.py:32} INFO - Inserted row with Video_ID: NCv0drAPm_M
[2026-05-31T10:50:40.716+0000] {data_modification.py:32} INFO - Inserted row with Video_ID: HuLAAXZXIy0
[2026-05-31T10:50:40.718+0000] {data_modification.py:32} INFO - Inserted row with Video_ID: pV7UcYW1OwA
[2026-05-31T10:50:40.720+0000] {data_modification.py:32} INFO - Inserted row with Video_ID: x4IXCimma-s
[2026-05-31T10:50:40.723+0000] {data_modification.py:32} INFO - Inserted row with Video_ID: anZbhN0Wh_4
[2026-05-31T10:50:40.725+0000] {data_modification.py:32} INFO - Inserted row with Video_ID: 3Q3pQmzWyZM
[2026-05-31T10:50:40.727+0000] {data_modification.py:32} INFO - Inserted row with Video_ID: BqS4iVHa-LU
[2026-05-31T10:50:40.729+0000] {data_modification.py:32} INFO - Inserted row with Video_ID: zX04jQFKCpo
[2026-05-31T10:50:40.731+0000] {data_modification.py:32} INFO - Inserted row with Video_ID: bB99NdUoxEQ
[2026-05-31T10:50:40.733+0000] {data_modification.py:32} INFO - Inserted row with Video_ID: EMVvA5Cr0fY
[2026-05-31T10:50:40.736+0000] {data_modification.py:32} INFO - Inserted row with Video_ID: e14MroQ5k_s
[2026-05-31T10:50:40.738+0000] {data_modification.py:32} INFO - Inserted row with Video_ID: CuzdxsOXEZ8
[2026-05-31T10:50:40.740+0000] {data_modification.py:32} INFO - Inserted row with Video_ID: 67Wj-0OyKOM
[2026-05-31T10:50:40.742+0000] {data_modification.py:32} INFO - Inserted row with Video_ID: LWstCINhd8g
[2026-05-31T10:50:40.744+0000] {data_modification.py:32} INFO - Inserted row with Video_ID: dg6iqLCPizs
[2026-05-31T10:50:40.747+0000] {data_modification.py:32} INFO - Inserted row with Video_ID: cRPldarzw-M
[2026-05-31T10:50:40.749+0000] {data_modification.py:32} INFO - Inserted row with Video_ID: tusuuI7MEJU
[2026-05-31T10:50:40.751+0000] {data_modification.py:32} INFO - Inserted row with Video_ID: XDe5f8BEvwY
[2026-05-31T10:50:40.753+0000] {data_modification.py:32} INFO - Inserted row with Video_ID: BtCGABBPH9s
[2026-05-31T10:50:40.755+0000] {data_modification.py:32} INFO - Inserted row with Video_ID: KJ_C_NSl0P8
[2026-05-31T10:50:40.757+0000] {data_modification.py:32} INFO - Inserted row with Video_ID: LI8nWXeYtOs
[2026-05-31T10:50:40.759+0000] {data_modification.py:32} INFO - Inserted row with Video_ID: LMe7k8I082w
[2026-05-31T10:50:40.761+0000] {data_modification.py:32} INFO - Inserted row with Video_ID: h77pHTSPSiw
[2026-05-31T10:50:40.764+0000] {data_modification.py:32} INFO - Inserted row with Video_ID: JUiijjJOInw
[2026-05-31T10:50:40.766+0000] {data_modification.py:32} INFO - Inserted row with Video_ID: gpbY6zCEBv4
[2026-05-31T10:50:40.768+0000] {data_modification.py:32} INFO - Inserted row with Video_ID: Kgu2ApayYvI
[2026-05-31T10:50:40.770+0000] {data_modification.py:32} INFO - Inserted row with Video_ID: S9PIukDRcvk
[2026-05-31T10:50:40.772+0000] {data_modification.py:32} INFO - Inserted row with Video_ID: lrw3zkGS9Vc
[2026-05-31T10:50:40.774+0000] {data_modification.py:32} INFO - Inserted row with Video_ID: IQYW_lVBYGo
[2026-05-31T10:50:40.777+0000] {data_modification.py:32} INFO - Inserted row with Video_ID: iOjxpow6jow
[2026-05-31T10:50:40.783+0000] {data_modification.py:32} INFO - Inserted row with Video_ID: GdD2pqAdjXY
[2026-05-31T10:50:40.785+0000] {data_modification.py:32} INFO - Inserted row with Video_ID: nmHCmLVLxcU
[2026-05-31T10:50:40.788+0000] {data_modification.py:32} INFO - Inserted row with Video_ID: TZPlDuYrcDQ
[2026-05-31T10:50:40.790+0000] {data_modification.py:32} INFO - Inserted row with Video_ID: Oub4nMrNTqQ
[2026-05-31T10:50:40.792+0000] {data_modification.py:32} INFO - Inserted row with Video_ID: h5Z36IuyrKc
[2026-05-31T10:50:40.794+0000] {data_modification.py:32} INFO - Inserted row with Video_ID: 2IGxSOfsBok
[2026-05-31T10:50:40.797+0000] {data_modification.py:32} INFO - Inserted row with Video_ID: ZxkLCq49Tvk
[2026-05-31T10:50:40.799+0000] {data_modification.py:32} INFO - Inserted row with Video_ID: smDPnIdlkhM
[2026-05-31T10:50:40.801+0000] {data_modification.py:32} INFO - Inserted row with Video_ID: 3nn_skHgkqI
[2026-05-31T10:50:40.803+0000] {data_modification.py:32} INFO - Inserted row with Video_ID: A8IkOqb_7Yg
[2026-05-31T10:50:40.805+0000] {data_modification.py:32} INFO - Inserted row with Video_ID: hHl_YMivv3c
[2026-05-31T10:50:40.807+0000] {data_modification.py:32} INFO - Inserted row with Video_ID: 7mLSbgyjM0g
[2026-05-31T10:50:40.809+0000] {data_modification.py:32} INFO - Inserted row with Video_ID: TGKkMl17Htg
[2026-05-31T10:50:40.811+0000] {data_modification.py:32} INFO - Inserted row with Video_ID: Qw3eFnsSdlQ
[2026-05-31T10:50:40.813+0000] {data_modification.py:32} INFO - Inserted row with Video_ID: KcNCJ1mgt14
[2026-05-31T10:50:40.815+0000] {data_modification.py:32} INFO - Inserted row with Video_ID: A4lp4FRCo6o
[2026-05-31T10:50:40.817+0000] {data_modification.py:32} INFO - Inserted row with Video_ID: WYKZz3Zygdc
[2026-05-31T10:50:40.819+0000] {data_modification.py:32} INFO - Inserted row with Video_ID: 5U2fmvh9_Is
[2026-05-31T10:50:40.821+0000] {data_modification.py:32} INFO - Inserted row with Video_ID: xvIpibLjs5k
[2026-05-31T10:50:40.824+0000] {data_modification.py:32} INFO - Inserted row with Video_ID: jlpAON0ePME
[2026-05-31T10:50:40.826+0000] {data_modification.py:32} INFO - Inserted row with Video_ID: sfp0a6zDoNQ
[2026-05-31T10:50:40.828+0000] {data_modification.py:32} INFO - Inserted row with Video_ID: RaDRWNz3Al4
[2026-05-31T10:50:40.830+0000] {data_modification.py:32} INFO - Inserted row with Video_ID: Ms9MGkEm4mg
[2026-05-31T10:50:40.832+0000] {data_modification.py:32} INFO - Inserted row with Video_ID: 90wWStXJX5c
[2026-05-31T10:50:40.834+0000] {data_modification.py:32} INFO - Inserted row with Video_ID: ruSVy-u2DzM
[2026-05-31T10:50:40.836+0000] {data_modification.py:32} INFO - Inserted row with Video_ID: pP1KMQb51GA
[2026-05-31T10:50:40.838+0000] {data_modification.py:32} INFO - Inserted row with Video_ID: dPxAFqs2eYE
[2026-05-31T10:50:40.840+0000] {data_modification.py:32} INFO - Inserted row with Video_ID: p-KVD5rA_Cw
[2026-05-31T10:50:40.842+0000] {data_modification.py:32} INFO - Inserted row with Video_ID: JdCgkcb1iwQ
[2026-05-31T10:50:40.844+0000] {data_modification.py:32} INFO - Inserted row with Video_ID: 7anhkLPRk-A
[2026-05-31T10:50:40.846+0000] {data_modification.py:32} INFO - Inserted row with Video_ID: XVMY7B3AzWM
[2026-05-31T10:50:40.849+0000] {data_modification.py:32} INFO - Inserted row with Video_ID: QXag-irFHxE
[2026-05-31T10:50:40.851+0000] {data_modification.py:32} INFO - Inserted row with Video_ID: vBEGODNmdas
[2026-05-31T10:50:40.853+0000] {data_modification.py:32} INFO - Inserted row with Video_ID: v3tbnlc5cfo
[2026-05-31T10:50:40.856+0000] {data_modification.py:32} INFO - Inserted row with Video_ID: ObYLL97-SBA
[2026-05-31T10:50:40.858+0000] {data_modification.py:32} INFO - Inserted row with Video_ID: IaR7P4-wFK8
[2026-05-31T10:50:40.860+0000] {data_modification.py:32} INFO - Inserted row with Video_ID: v1ELS84GQu8
[2026-05-31T10:50:40.863+0000] {data_modification.py:32} INFO - Inserted row with Video_ID: ctJORnOjbrQ
[2026-05-31T10:50:40.865+0000] {data_modification.py:32} INFO - Inserted row with Video_ID: -hrPQFaDVKQ
[2026-05-31T10:50:40.867+0000] {data_modification.py:32} INFO - Inserted row with Video_ID: bIZ5_L1ru2w
[2026-05-31T10:50:40.869+0000] {data_modification.py:32} INFO - Inserted row with Video_ID: yyssjJEJMt4
[2026-05-31T10:50:40.871+0000] {data_modification.py:32} INFO - Inserted row with Video_ID: Wz1VHTZq16c
[2026-05-31T10:50:40.873+0000] {data_modification.py:32} INFO - Inserted row with Video_ID: Cs-kyTJso-A
[2026-05-31T10:50:40.875+0000] {data_modification.py:32} INFO - Inserted row with Video_ID: jkqd-oc0F00
[2026-05-31T10:50:40.877+0000] {data_modification.py:32} INFO - Inserted row with Video_ID: mVkT6Cd9SoI
[2026-05-31T10:50:40.880+0000] {data_modification.py:32} INFO - Inserted row with Video_ID: rffyxTTNkyk
[2026-05-31T10:50:40.882+0000] {data_modification.py:32} INFO - Inserted row with Video_ID: OOesLeO6-pc
[2026-05-31T10:50:40.884+0000] {data_modification.py:32} INFO - Inserted row with Video_ID: Q5lcjP6XlHw
[2026-05-31T10:50:40.886+0000] {data_modification.py:32} INFO - Inserted row with Video_ID: G7Y9ban7b0U
[2026-05-31T10:50:40.888+0000] {data_modification.py:32} INFO - Inserted row with Video_ID: p5rGgPZtjDw
[2026-05-31T10:50:40.890+0000] {data_modification.py:32} INFO - Inserted row with Video_ID: bWDmDsdvoBs
[2026-05-31T10:50:40.892+0000] {data_modification.py:32} INFO - Inserted row with Video_ID: OJA1QK-j-Oo
[2026-05-31T10:50:40.895+0000] {data_modification.py:32} INFO - Inserted row with Video_ID: KL1X8NsVGd0
[2026-05-31T10:50:40.897+0000] {data_modification.py:32} INFO - Inserted row with Video_ID: q2HoSwCMcZw
[2026-05-31T10:50:40.899+0000] {data_modification.py:32} INFO - Inserted row with Video_ID: RRknlgRqOds
[2026-05-31T10:50:40.902+0000] {data_modification.py:32} INFO - Inserted row with Video_ID: j93M46a-W3U
[2026-05-31T10:50:40.904+0000] {data_modification.py:32} INFO - Inserted row with Video_ID: uqjfMNEWNIg
[2026-05-31T10:50:40.906+0000] {data_modification.py:32} INFO - Inserted row with Video_ID: X-g9aT2wFjM
[2026-05-31T10:50:40.908+0000] {data_modification.py:32} INFO - Inserted row with Video_ID: C82suucz4i4
[2026-05-31T10:50:40.910+0000] {data_modification.py:32} INFO - Inserted row with Video_ID: H_DYlka7QAQ
[2026-05-31T10:50:40.912+0000] {data_modification.py:32} INFO - Inserted row with Video_ID: ov0KQthQ50U
[2026-05-31T10:50:40.914+0000] {data_modification.py:32} INFO - Inserted row with Video_ID: MC-7ziNt_U4
[2026-05-31T10:50:40.917+0000] {data_modification.py:32} INFO - Inserted row with Video_ID: PNsF1Uh5yP8
[2026-05-31T10:50:40.919+0000] {data_modification.py:32} INFO - Inserted row with Video_ID: 9Y2sAtN5yRs
[2026-05-31T10:50:40.921+0000] {data_modification.py:32} INFO - Inserted row with Video_ID: -z349CGAOXs
[2026-05-31T10:50:40.923+0000] {data_modification.py:32} INFO - Inserted row with Video_ID: pl4xmh3RWfE
[2026-05-31T10:50:40.925+0000] {data_modification.py:32} INFO - Inserted row with Video_ID: 6z5RwrvnH28
[2026-05-31T10:50:40.927+0000] {data_modification.py:32} INFO - Inserted row with Video_ID: ivdQqobHDPc
[2026-05-31T10:50:40.929+0000] {data_modification.py:32} INFO - Inserted row with Video_ID: uUIlb2rpIuY
[2026-05-31T10:50:40.932+0000] {data_modification.py:32} INFO - Inserted row with Video_ID: Ros1PpcO5Js
[2026-05-31T10:50:40.934+0000] {data_modification.py:32} INFO - Inserted row with Video_ID: KYv1nqutbK0
[2026-05-31T10:50:40.936+0000] {data_modification.py:32} INFO - Inserted row with Video_ID: 7Yi-ctyTNU4
[2026-05-31T10:50:40.938+0000] {data_modification.py:32} INFO - Inserted row with Video_ID: VN2-3OfUzd8
[2026-05-31T10:50:40.940+0000] {data_modification.py:32} INFO - Inserted row with Video_ID: 7dIFHQkrASM
[2026-05-31T10:50:40.942+0000] {data_modification.py:32} INFO - Inserted row with Video_ID: QicO1Gd0kvU
[2026-05-31T10:50:40.944+0000] {data_modification.py:32} INFO - Inserted row with Video_ID: yFfcsmK2TOA
[2026-05-31T10:50:40.946+0000] {data_modification.py:32} INFO - Inserted row with Video_ID: Jl0-6tbNGBo
[2026-05-31T10:50:40.948+0000] {data_modification.py:32} INFO - Inserted row with Video_ID: IAbX0FwX-GY
[2026-05-31T10:50:40.950+0000] {data_modification.py:32} INFO - Inserted row with Video_ID: XKSJRulqDNA
[2026-05-31T10:50:40.953+0000] {data_modification.py:32} INFO - Inserted row with Video_ID: jysfHFHNjYQ
[2026-05-31T10:50:40.955+0000] {data_modification.py:32} INFO - Inserted row with Video_ID: Yox25V8Qsm4
[2026-05-31T10:50:40.957+0000] {data_modification.py:32} INFO - Inserted row with Video_ID: clcN3OA8SNw
[2026-05-31T10:50:40.959+0000] {data_modification.py:32} INFO - Inserted row with Video_ID: m3lTwO0aNyw
[2026-05-31T10:50:40.961+0000] {data_modification.py:32} INFO - Inserted row with Video_ID: gchqnwXlxJw
[2026-05-31T10:50:40.963+0000] {data_modification.py:32} INFO - Inserted row with Video_ID: atCPtw4dg7g
[2026-05-31T10:50:40.965+0000] {data_modification.py:32} INFO - Inserted row with Video_ID: t8aM4HuVLrQ
[2026-05-31T10:50:40.967+0000] {data_modification.py:32} INFO - Inserted row with Video_ID: M82VAcabSiA
[2026-05-31T10:50:40.969+0000] {data_modification.py:32} INFO - Inserted row with Video_ID: 7qj3nuF9Dzw
[2026-05-31T10:50:40.971+0000] {data_modification.py:32} INFO - Inserted row with Video_ID: Y74b7WlcEpk
[2026-05-31T10:50:40.973+0000] {data_modification.py:32} INFO - Inserted row with Video_ID: Z8nEEdXTaX0
[2026-05-31T10:50:40.976+0000] {data_modification.py:32} INFO - Inserted row with Video_ID: jP82d277Cc8
[2026-05-31T10:50:40.978+0000] {data_modification.py:32} INFO - Inserted row with Video_ID: 2XVcLrB7B3Y
[2026-05-31T10:50:40.980+0000] {data_modification.py:32} INFO - Inserted row with Video_ID: GpQSUjNsNm0
[2026-05-31T10:50:40.982+0000] {data_modification.py:32} INFO - Inserted row with Video_ID: AoN1K4c7VKE
[2026-05-31T10:50:40.984+0000] {data_modification.py:32} INFO - Inserted row with Video_ID: HISfrcjiNPM
[2026-05-31T10:50:40.987+0000] {data_modification.py:32} INFO - Inserted row with Video_ID: oBXSvS2QKxU
[2026-05-31T10:50:40.989+0000] {data_modification.py:32} INFO - Inserted row with Video_ID: TDv56whosPQ
[2026-05-31T10:50:40.991+0000] {data_modification.py:32} INFO - Inserted row with Video_ID: x7yv72s8h0o
[2026-05-31T10:50:40.993+0000] {data_modification.py:32} INFO - Inserted row with Video_ID: TRxMLLuWIhw
[2026-05-31T10:50:40.995+0000] {data_modification.py:32} INFO - Inserted row with Video_ID: SM66GDRyIVY
[2026-05-31T10:50:40.997+0000] {data_modification.py:32} INFO - Inserted row with Video_ID: zvBXpoBegwE
[2026-05-31T10:50:40.999+0000] {data_modification.py:32} INFO - Inserted row with Video_ID: 0BjlBnfHcHM
[2026-05-31T10:50:41.001+0000] {data_modification.py:32} INFO - Inserted row with Video_ID: lkCRPp7cnP8
[2026-05-31T10:50:41.003+0000] {data_modification.py:32} INFO - Inserted row with Video_ID: K_CbgLpvH9E
[2026-05-31T10:50:41.006+0000] {data_modification.py:32} INFO - Inserted row with Video_ID: IemzxkkzI5s
[2026-05-31T10:50:41.008+0000] {data_modification.py:32} INFO - Inserted row with Video_ID: bvlFjrcpD6s
[2026-05-31T10:50:41.011+0000] {data_modification.py:32} INFO - Inserted row with Video_ID: TJ2ifmkGGus
[2026-05-31T10:50:41.013+0000] {data_modification.py:32} INFO - Inserted row with Video_ID: ktyJIj6i4Qw
[2026-05-31T10:50:41.015+0000] {data_modification.py:32} INFO - Inserted row with Video_ID: ayXxwJJId_c
[2026-05-31T10:50:41.017+0000] {data_modification.py:32} INFO - Inserted row with Video_ID: vp5sSqyZ5Go
[2026-05-31T10:50:41.019+0000] {data_modification.py:32} INFO - Inserted row with Video_ID: RwnN2FVaHmw
[2026-05-31T10:50:41.021+0000] {data_modification.py:32} INFO - Inserted row with Video_ID: 3LLnjRLrvLU
[2026-05-31T10:50:41.024+0000] {data_modification.py:32} INFO - Inserted row with Video_ID: xRwy_rKc7gI
[2026-05-31T10:50:41.026+0000] {data_modification.py:32} INFO - Inserted row with Video_ID: e5DqdX-7_g4
[2026-05-31T10:50:41.028+0000] {data_modification.py:32} INFO - Inserted row with Video_ID: pUwUAtmBKxw
[2026-05-31T10:50:41.030+0000] {data_modification.py:32} INFO - Inserted row with Video_ID: y1UVAtHALaA
[2026-05-31T10:50:41.032+0000] {data_modification.py:32} INFO - Inserted row with Video_ID: f0cXJ6mJxGc
[2026-05-31T10:50:41.035+0000] {data_modification.py:32} INFO - Inserted row with Video_ID: F6PqxbvOCUI
[2026-05-31T10:50:41.037+0000] {data_modification.py:32} INFO - Inserted row with Video_ID: P4qWhSZ7_WA
[2026-05-31T10:50:41.039+0000] {data_modification.py:32} INFO - Inserted row with Video_ID: nd-bwvNB7YA
[2026-05-31T10:50:41.041+0000] {data_modification.py:32} INFO - Inserted row with Video_ID: Pe3pGsCeYXg
[2026-05-31T10:50:41.043+0000] {data_modification.py:32} INFO - Inserted row with Video_ID: nPlqRbVFBHI
[2026-05-31T10:50:41.045+0000] {data_modification.py:32} INFO - Inserted row with Video_ID: ZJwX2jTXWwQ
[2026-05-31T10:50:41.047+0000] {data_modification.py:32} INFO - Inserted row with Video_ID: igVcy5dtN80
[2026-05-31T10:50:41.049+0000] {data_modification.py:32} INFO - Inserted row with Video_ID: dSDBr0WjrwQ
[2026-05-31T10:50:41.051+0000] {data_modification.py:32} INFO - Inserted row with Video_ID: 1gfgZhW3YgU
[2026-05-31T10:50:41.053+0000] {data_modification.py:32} INFO - Inserted row with Video_ID: ngVEpJs5A5s
[2026-05-31T10:50:41.055+0000] {data_modification.py:32} INFO - Inserted row with Video_ID: QJUs6CSRCFU
[2026-05-31T10:50:41.057+0000] {data_modification.py:32} INFO - Inserted row with Video_ID: Om4c4ilT_6g
[2026-05-31T10:50:41.059+0000] {data_modification.py:32} INFO - Inserted row with Video_ID: g0IrVKXIbmE
[2026-05-31T10:50:41.061+0000] {data_modification.py:32} INFO - Inserted row with Video_ID: 1Pr-R2nKTY4
[2026-05-31T10:50:41.064+0000] {data_modification.py:32} INFO - Inserted row with Video_ID: g4DAFnZcCcQ
[2026-05-31T10:50:41.066+0000] {data_modification.py:32} INFO - Inserted row with Video_ID: NFZ_MtTvwm0
[2026-05-31T10:50:41.068+0000] {data_modification.py:32} INFO - Inserted row with Video_ID: oB8kFFvJdhE
[2026-05-31T10:50:41.070+0000] {data_modification.py:32} INFO - Inserted row with Video_ID: 8-0ZHJHp9g4
[2026-05-31T10:50:41.072+0000] {data_modification.py:32} INFO - Inserted row with Video_ID: R6zuvKbvKyU
[2026-05-31T10:50:41.074+0000] {data_modification.py:32} INFO - Inserted row with Video_ID: yWnmEPgLroQ
[2026-05-31T10:50:41.076+0000] {data_modification.py:32} INFO - Inserted row with Video_ID: GhppzOzN3MM
[2026-05-31T10:50:41.079+0000] {data_modification.py:32} INFO - Inserted row with Video_ID: qWnyJ55KBKo
[2026-05-31T10:50:41.081+0000] {data_modification.py:32} INFO - Inserted row with Video_ID: 52awie9G00A
[2026-05-31T10:50:41.083+0000] {data_modification.py:32} INFO - Inserted row with Video_ID: QNoqAnJOSqU
[2026-05-31T10:50:41.085+0000] {data_modification.py:32} INFO - Inserted row with Video_ID: D51HaR-XvgM
[2026-05-31T10:50:41.087+0000] {data_modification.py:32} INFO - Inserted row with Video_ID: -rdYtmUejSE
[2026-05-31T10:50:41.089+0000] {data_modification.py:32} INFO - Inserted row with Video_ID: DjMYkWCEan8
[2026-05-31T10:50:41.091+0000] {data_modification.py:32} INFO - Inserted row with Video_ID: 2bwPntvb90U
[2026-05-31T10:50:41.093+0000] {data_modification.py:32} INFO - Inserted row with Video_ID: sE3ZZmYotSs
[2026-05-31T10:50:41.096+0000] {data_modification.py:32} INFO - Inserted row with Video_ID: pHKlrJeKmjA
[2026-05-31T10:50:41.098+0000] {data_modification.py:32} INFO - Inserted row with Video_ID: -2IFrMOM36w
[2026-05-31T10:50:41.098+0000] {dwh.py:114} INFO - core table update completed
[2026-05-31T10:50:41.098+0000] {python.py:237} INFO - Done. Returned value was: None
[2026-05-31T10:50:41.099+0000] {taskinstance.py:441} INFO - ::group::Post task execution logs
[2026-05-31T10:50:41.106+0000] {taskinstance.py:1206} INFO - Marking task as SUCCESS. dag_id=update_db, task_id=core_table, run_id=manual__2026-05-31T10:50:34.654234+00:00, execution_date=20260531T105034, start_date=20260531T105038, end_date=20260531T105041
[2026-05-31T10:50:41.130+0000] {local_task_job_runner.py:240} INFO - Task exited with return code 0
[2026-05-31T10:50:41.141+0000] {taskinstance.py:3503} INFO - 0 downstream tasks scheduled from follow-on schedule check
[2026-05-31T10:50:41.144+0000] {local_task_job_runner.py:222} INFO - ::endgroup::
