[2026-05-31T10:45:01.186+0000] {local_task_job_runner.py:120} INFO - ::group::Pre task execution logs
[2026-05-31T10:45:01.202+0000] {taskinstance.py:2076} INFO - Dependencies all met for dep_context=non-requeueable deps ti=<TaskInstance: update_db.staging_table manual__2026-05-31T10:45:00.450494+00:00 [queued]>
[2026-05-31T10:45:01.206+0000] {taskinstance.py:2076} INFO - Dependencies all met for dep_context=requeueable deps ti=<TaskInstance: update_db.staging_table manual__2026-05-31T10:45:00.450494+00:00 [queued]>
[2026-05-31T10:45:01.207+0000] {taskinstance.py:2306} INFO - Starting attempt 1 of 1
[2026-05-31T10:45:01.217+0000] {taskinstance.py:2330} INFO - Executing <Task(_PythonDecoratedOperator): staging_table> on 2026-05-31 10:45:00.450494+00:00
[2026-05-31T10:45:01.220+0000] {standard_task_runner.py:63} INFO - Started process 390 to run task
[2026-05-31T10:45:01.223+0000] {standard_task_runner.py:90} INFO - Running: ['airflow', 'tasks', 'run', 'update_db', 'staging_table', 'manual__2026-05-31T10:45:00.450494+00:00', '--job-id', '17', '--raw', '--subdir', 'DAGS_FOLDER/main.py', '--cfg-path', '/tmp/tmpyk7m8z7d']
[2026-05-31T10:45:01.224+0000] {standard_task_runner.py:91} INFO - Job 17: Subtask staging_table
[2026-05-31T10:45:01.259+0000] {task_command.py:426} INFO - Running <TaskInstance: update_db.staging_table manual__2026-05-31T10:45:00.450494+00:00 [running]> on host fa7e94e85520
[2026-05-31T10:45:01.310+0000] {taskinstance.py:2648} INFO - Exporting env vars: AIRFLOW_CTX_DAG_EMAIL='data@engineers.com' AIRFLOW_CTX_DAG_OWNER='dataengineers' AIRFLOW_CTX_DAG_ID='update_db' AIRFLOW_CTX_TASK_ID='staging_table' AIRFLOW_CTX_EXECUTION_DATE='2026-05-31T10:45:00.450494+00:00' AIRFLOW_CTX_TRY_NUMBER='1' AIRFLOW_CTX_DAG_RUN_ID='manual__2026-05-31T10:45:00.450494+00:00'
[2026-05-31T10:45:01.311+0000] {taskinstance.py:430} INFO - ::endgroup::
[2026-05-31T10:45:01.321+0000] {base.py:84} INFO - Using connection ID 'postgres_db_yt_elt' for task execution.
[2026-05-31T10:45:01.323+0000] {data_loading.py:12} INFO - Processing file: YT_data_2026-05-31
[2026-05-31T10:45:01.330+0000] {base.py:84} INFO - Using connection ID 'postgres_db_yt_elt' for task execution.
[2026-05-31T10:45:01.334+0000] {base.py:84} INFO - Using connection ID 'postgres_db_yt_elt' for task execution.
[2026-05-31T10:45:01.342+0000] {data_modification.py:32} INFO - Inserted row with Video_ID: GpQSUjNsNm0
[2026-05-31T10:45:01.344+0000] {data_modification.py:32} INFO - Inserted row with Video_ID: y1UVAtHALaA
[2026-05-31T10:45:01.346+0000] {data_modification.py:32} INFO - Inserted row with Video_ID: hYahU_Cqwp8
[2026-05-31T10:45:01.348+0000] {data_modification.py:32} INFO - Inserted row with Video_ID: SllXaJiQjBA
[2026-05-31T10:45:01.351+0000] {data_modification.py:32} INFO - Inserted row with Video_ID: dqpCvSU-ECE
[2026-05-31T10:45:01.353+0000] {data_modification.py:32} INFO - Inserted row with Video_ID: AaMdXZMvT3w
[2026-05-31T10:45:01.355+0000] {data_modification.py:32} INFO - Inserted row with Video_ID: QAkEMtJpq3c
[2026-05-31T10:45:01.357+0000] {data_modification.py:32} INFO - Inserted row with Video_ID: hCuqh2NU2Yg
[2026-05-31T10:45:01.359+0000] {data_modification.py:32} INFO - Inserted row with Video_ID: B9LizOAAoLg
[2026-05-31T10:45:01.362+0000] {data_modification.py:32} INFO - Inserted row with Video_ID: rqsRdfdN4uI
[2026-05-31T10:45:01.364+0000] {data_modification.py:32} INFO - Inserted row with Video_ID: feu5PQvoCiA
[2026-05-31T10:45:01.366+0000] {data_modification.py:32} INFO - Inserted row with Video_ID: 6Zy5VLcEbZc
[2026-05-31T10:45:01.369+0000] {data_modification.py:32} INFO - Inserted row with Video_ID: VEGq2Du_HCw
[2026-05-31T10:45:01.371+0000] {data_modification.py:32} INFO - Inserted row with Video_ID: EdT5Z16Y5WE
[2026-05-31T10:45:01.373+0000] {data_modification.py:32} INFO - Inserted row with Video_ID: ScjQAcbA9e4
[2026-05-31T10:45:01.375+0000] {data_modification.py:32} INFO - Inserted row with Video_ID: hRBpDdWbUpI
[2026-05-31T10:45:01.377+0000] {data_modification.py:32} INFO - Inserted row with Video_ID: pzxtGL9kzPs
[2026-05-31T10:45:01.379+0000] {data_modification.py:32} INFO - Inserted row with Video_ID: yy-Nt0dRhNI
[2026-05-31T10:45:01.381+0000] {data_modification.py:32} INFO - Inserted row with Video_ID: zRtGL0-5rg4
[2026-05-31T10:45:01.384+0000] {data_modification.py:32} INFO - Inserted row with Video_ID: mFWpUx3FiyU
[2026-05-31T10:45:01.386+0000] {data_modification.py:32} INFO - Inserted row with Video_ID: 6W_841xoprg
[2026-05-31T10:45:01.388+0000] {data_modification.py:32} INFO - Inserted row with Video_ID: VIJLIo5yT1I
[2026-05-31T10:45:01.390+0000] {data_modification.py:32} INFO - Inserted row with Video_ID: uNu6XEPTy5g
[2026-05-31T10:45:01.392+0000] {data_modification.py:32} INFO - Inserted row with Video_ID: DXVHmGoCTco
[2026-05-31T10:45:01.394+0000] {data_modification.py:32} INFO - Inserted row with Video_ID: _JUlWtSCNbs
[2026-05-31T10:45:01.396+0000] {data_modification.py:32} INFO - Inserted row with Video_ID: AKC50SZQFN8
[2026-05-31T10:45:01.398+0000] {data_modification.py:32} INFO - Inserted row with Video_ID: 897gvApD6V4
[2026-05-31T10:45:01.400+0000] {data_modification.py:32} INFO - Inserted row with Video_ID: Z9NxQdQ8Rpg
[2026-05-31T10:45:01.402+0000] {data_modification.py:32} INFO - Inserted row with Video_ID: JFtlf8RoPZY
[2026-05-31T10:45:01.404+0000] {data_modification.py:32} INFO - Inserted row with Video_ID: jCE1Ol3PYDs
[2026-05-31T10:45:01.406+0000] {data_modification.py:32} INFO - Inserted row with Video_ID: IqL-ZunFfpk
[2026-05-31T10:45:01.408+0000] {data_modification.py:32} INFO - Inserted row with Video_ID: purAsH7pXTQ
[2026-05-31T10:45:01.410+0000] {data_modification.py:32} INFO - Inserted row with Video_ID: IEuDUhGIJ5c
[2026-05-31T10:45:01.412+0000] {data_modification.py:32} INFO - Inserted row with Video_ID: AoN1K4c7VKE
[2026-05-31T10:45:01.415+0000] {data_modification.py:32} INFO - Inserted row with Video_ID: IcuJ3vO_t3k
[2026-05-31T10:45:01.417+0000] {data_modification.py:32} INFO - Inserted row with Video_ID: c9VS_cgInT4
[2026-05-31T10:45:01.419+0000] {data_modification.py:32} INFO - Inserted row with Video_ID: KaUuPNYHFNg
[2026-05-31T10:45:01.421+0000] {data_modification.py:32} INFO - Inserted row with Video_ID: 5OLs1GWB4OA
[2026-05-31T10:45:01.423+0000] {data_modification.py:32} INFO - Inserted row with Video_ID: hjkbqeWQAM8
[2026-05-31T10:45:01.425+0000] {data_modification.py:32} INFO - Inserted row with Video_ID: XbaZ45LVzzM
[2026-05-31T10:45:01.427+0000] {data_modification.py:32} INFO - Inserted row with Video_ID: gar4U3n-ILY
[2026-05-31T10:45:01.429+0000] {data_modification.py:32} INFO - Inserted row with Video_ID: 9WEQts7b8Pw
[2026-05-31T10:45:01.431+0000] {data_modification.py:32} INFO - Inserted row with Video_ID: toIeUtplfWQ
[2026-05-31T10:45:01.433+0000] {data_modification.py:32} INFO - Inserted row with Video_ID: _sBRk9ADpK8
[2026-05-31T10:45:01.435+0000] {data_modification.py:32} INFO - Inserted row with Video_ID: kNLr-cduzuo
[2026-05-31T10:45:01.437+0000] {data_modification.py:32} INFO - Inserted row with Video_ID: pAnGwRiQ4-4
[2026-05-31T10:45:01.439+0000] {data_modification.py:32} INFO - Inserted row with Video_ID: wSh8fAFWEWs
[2026-05-31T10:45:01.442+0000] {data_modification.py:32} INFO - Inserted row with Video_ID: 3GNyw4uaAqU
[2026-05-31T10:45:01.444+0000] {data_modification.py:32} INFO - Inserted row with Video_ID: ywIcdSNJolo
[2026-05-31T10:45:01.446+0000] {data_modification.py:32} INFO - Inserted row with Video_ID: QJI0an6irrA
[2026-05-31T10:45:01.448+0000] {data_modification.py:32} INFO - Inserted row with Video_ID: mktYW177p6U
[2026-05-31T10:45:01.450+0000] {data_modification.py:32} INFO - Inserted row with Video_ID: 7aE4EhHXzlA
[2026-05-31T10:45:01.452+0000] {data_modification.py:32} INFO - Inserted row with Video_ID: IJkB-oapuks
[2026-05-31T10:45:01.454+0000] {data_modification.py:32} INFO - Inserted row with Video_ID: ZFoNBxpXen4
[2026-05-31T10:45:01.456+0000] {data_modification.py:32} INFO - Inserted row with Video_ID: RB71Z-vVvCc
[2026-05-31T10:45:01.458+0000] {data_modification.py:32} INFO - Inserted row with Video_ID: fO5FwBcCJBY
[2026-05-31T10:45:01.460+0000] {data_modification.py:32} INFO - Inserted row with Video_ID: U-x6KxH1kB4
[2026-05-31T10:45:01.463+0000] {data_modification.py:32} INFO - Inserted row with Video_ID: 8bMh8azh3CY
[2026-05-31T10:45:01.465+0000] {data_modification.py:32} INFO - Inserted row with Video_ID: SE9xF1l3ZwE
[2026-05-31T10:45:01.467+0000] {data_modification.py:32} INFO - Inserted row with Video_ID: rF00lQ_upzg
[2026-05-31T10:45:01.469+0000] {data_modification.py:32} INFO - Inserted row with Video_ID: uZY9xr-QAk0
[2026-05-31T10:45:01.471+0000] {data_modification.py:32} INFO - Inserted row with Video_ID: AWBsoArakNY
[2026-05-31T10:45:01.473+0000] {data_modification.py:32} INFO - Inserted row with Video_ID: Ah_uuTwGOYU
[2026-05-31T10:45:01.475+0000] {data_modification.py:32} INFO - Inserted row with Video_ID: HISfrcjiNPM
[2026-05-31T10:45:01.477+0000] {data_modification.py:32} INFO - Inserted row with Video_ID: WROMyJAJmp4
[2026-05-31T10:45:01.479+0000] {data_modification.py:32} INFO - Inserted row with Video_ID: tAwzBYE18Us
[2026-05-31T10:45:01.482+0000] {data_modification.py:32} INFO - Inserted row with Video_ID: LyFMbY-c_Lc
[2026-05-31T10:45:01.484+0000] {data_modification.py:32} INFO - Inserted row with Video_ID: 3RmOvxilbPM
[2026-05-31T10:45:01.486+0000] {data_modification.py:32} INFO - Inserted row with Video_ID: R7MkZL5i3FQ
[2026-05-31T10:45:01.489+0000] {data_modification.py:32} INFO - Inserted row with Video_ID: 26QQE7EsnLA
[2026-05-31T10:45:01.491+0000] {data_modification.py:32} INFO - Inserted row with Video_ID: PryTbmudhS8
[2026-05-31T10:45:01.493+0000] {data_modification.py:32} INFO - Inserted row with Video_ID: Oo9EbArcQ1c
[2026-05-31T10:45:01.496+0000] {data_modification.py:32} INFO - Inserted row with Video_ID: yWEUL3crU_E
[2026-05-31T10:45:01.498+0000] {data_modification.py:32} INFO - Inserted row with Video_ID: JgJrQnDIRgg
[2026-05-31T10:45:01.500+0000] {data_modification.py:32} INFO - Inserted row with Video_ID: gtkqnhN0VkU
[2026-05-31T10:45:01.503+0000] {data_modification.py:32} INFO - Inserted row with Video_ID: oBXSvS2QKxU
[2026-05-31T10:45:01.505+0000] {data_modification.py:32} INFO - Inserted row with Video_ID: UTdcX1e0cMA
[2026-05-31T10:45:01.507+0000] {data_modification.py:32} INFO - Inserted row with Video_ID: oiZvK6MY7tI
[2026-05-31T10:45:01.509+0000] {data_modification.py:32} INFO - Inserted row with Video_ID: F0OkwXKcPSE
[2026-05-31T10:45:01.511+0000] {data_modification.py:32} INFO - Inserted row with Video_ID: 686PL7rt654
[2026-05-31T10:45:01.514+0000] {data_modification.py:32} INFO - Inserted row with Video_ID: zo7i8VTpfNM
[2026-05-31T10:45:01.516+0000] {data_modification.py:32} INFO - Inserted row with Video_ID: NfhuGUyWYfQ
[2026-05-31T10:45:01.518+0000] {data_modification.py:32} INFO - Inserted row with Video_ID: wIpWCJKfRXs
[2026-05-31T10:45:01.520+0000] {data_modification.py:32} INFO - Inserted row with Video_ID: 9Xeepzg1B8I
[2026-05-31T10:45:01.522+0000] {data_modification.py:32} INFO - Inserted row with Video_ID: 50G0kIty7Cg
[2026-05-31T10:45:01.524+0000] {data_modification.py:32} INFO - Inserted row with Video_ID: 4l97aNza_Zc
[2026-05-31T10:45:01.526+0000] {data_modification.py:32} INFO - Inserted row with Video_ID: 3ih2bPKSWsQ
[2026-05-31T10:45:01.528+0000] {data_modification.py:32} INFO - Inserted row with Video_ID: uA9Zcg3vHvo
[2026-05-31T10:45:01.531+0000] {data_modification.py:32} INFO - Inserted row with Video_ID: _AbFXuGDRTs
[2026-05-31T10:45:01.533+0000] {data_modification.py:32} INFO - Inserted row with Video_ID: MOGW3v3pJ5Y
[2026-05-31T10:45:01.535+0000] {data_modification.py:32} INFO - Inserted row with Video_ID: XNtTO_339kU
[2026-05-31T10:45:01.537+0000] {data_modification.py:32} INFO - Inserted row with Video_ID: rB9NynBZ4go
[2026-05-31T10:45:01.539+0000] {data_modification.py:32} INFO - Inserted row with Video_ID: TDv56whosPQ
[2026-05-31T10:45:01.541+0000] {data_modification.py:32} INFO - Inserted row with Video_ID: R_BmT1OJw98
[2026-05-31T10:45:01.543+0000] {data_modification.py:32} INFO - Inserted row with Video_ID: vpRW4JhzfSE
[2026-05-31T10:45:01.545+0000] {data_modification.py:32} INFO - Inserted row with Video_ID: qXW93Cois2s
[2026-05-31T10:45:01.548+0000] {data_modification.py:32} INFO - Inserted row with Video_ID: r7f0L48dHpc
[2026-05-31T10:45:01.550+0000] {data_modification.py:32} INFO - Inserted row with Video_ID: Z4hVGCWH1Kc
[2026-05-31T10:45:01.552+0000] {data_modification.py:32} INFO - Inserted row with Video_ID: zxuICI0kL3s
[2026-05-31T10:45:01.554+0000] {data_modification.py:32} INFO - Inserted row with Video_ID: R1SFXJo-FlE
[2026-05-31T10:45:01.556+0000] {data_modification.py:32} INFO - Inserted row with Video_ID: lQz5aqjZ3lQ
[2026-05-31T10:45:01.559+0000] {data_modification.py:32} INFO - Inserted row with Video_ID: EiFcNbXBqeo
[2026-05-31T10:45:01.561+0000] {data_modification.py:32} INFO - Inserted row with Video_ID: pzBi1nwDn8U
[2026-05-31T10:45:01.563+0000] {data_modification.py:32} INFO - Inserted row with Video_ID: R7oW0LwS_e4
[2026-05-31T10:45:01.565+0000] {data_modification.py:32} INFO - Inserted row with Video_ID: BfKI_TQnQvo
[2026-05-31T10:45:01.568+0000] {data_modification.py:32} INFO - Inserted row with Video_ID: FWAdfuPpLOc
[2026-05-31T10:45:01.570+0000] {data_modification.py:32} INFO - Inserted row with Video_ID: NjlP2_l1Wr0
[2026-05-31T10:45:01.572+0000] {data_modification.py:32} INFO - Inserted row with Video_ID: gGcaGdHlt60
[2026-05-31T10:45:01.574+0000] {data_modification.py:32} INFO - Inserted row with Video_ID: pe_ejTiIcSs
[2026-05-31T10:45:01.576+0000] {data_modification.py:32} INFO - Inserted row with Video_ID: V6In4tmd-w8
[2026-05-31T10:45:01.578+0000] {data_modification.py:32} INFO - Inserted row with Video_ID: ZGvn9ywXjpY
[2026-05-31T10:45:01.580+0000] {data_modification.py:32} INFO - Inserted row with Video_ID: hTSaweR8qMI
[2026-05-31T10:45:01.583+0000] {data_modification.py:32} INFO - Inserted row with Video_ID: KCRLP-zBacU
[2026-05-31T10:45:01.585+0000] {data_modification.py:32} INFO - Inserted row with Video_ID: c2ukL_zjFCk
[2026-05-31T10:45:01.587+0000] {data_modification.py:32} INFO - Inserted row with Video_ID: DZIASl9q90s
[2026-05-31T10:45:01.589+0000] {data_modification.py:32} INFO - Inserted row with Video_ID: 7qY-qalCI2Y
[2026-05-31T10:45:01.592+0000] {data_modification.py:32} INFO - Inserted row with Video_ID: N0pwLtonPdg
[2026-05-31T10:45:01.594+0000] {data_modification.py:32} INFO - Inserted row with Video_ID: -4GmbBoYQjE
[2026-05-31T10:45:01.596+0000] {data_modification.py:32} INFO - Inserted row with Video_ID: 0yPgljFcTR4
[2026-05-31T10:45:01.598+0000] {data_modification.py:32} INFO - Inserted row with Video_ID: TN1wErFGTzM
[2026-05-31T10:45:01.601+0000] {data_modification.py:32} INFO - Inserted row with Video_ID: 3dxksf0CzS8
[2026-05-31T10:45:01.603+0000] {data_modification.py:32} INFO - Inserted row with Video_ID: x7yv72s8h0o
[2026-05-31T10:45:01.605+0000] {data_modification.py:32} INFO - Inserted row with Video_ID: uyiG6uw-6pA
[2026-05-31T10:45:01.607+0000] {data_modification.py:32} INFO - Inserted row with Video_ID: M1STzb7k9L8
[2026-05-31T10:45:01.609+0000] {data_modification.py:32} INFO - Inserted row with Video_ID: 7K-yxGWYsnk
[2026-05-31T10:45:01.611+0000] {data_modification.py:32} INFO - Inserted row with Video_ID: Tbn4cYCaZCk
[2026-05-31T10:45:01.614+0000] {data_modification.py:32} INFO - Inserted row with Video_ID: figrl0aOULs
[2026-05-31T10:45:01.616+0000] {data_modification.py:32} INFO - Inserted row with Video_ID: Uxc84UUrVHk
[2026-05-31T10:45:01.618+0000] {data_modification.py:32} INFO - Inserted row with Video_ID: BzKaMelDzqo
[2026-05-31T10:45:01.620+0000] {data_modification.py:32} INFO - Inserted row with Video_ID: 4yx9ZJDfyKk
[2026-05-31T10:45:01.622+0000] {data_modification.py:32} INFO - Inserted row with Video_ID: kPa_S6jN9ls
[2026-05-31T10:45:01.624+0000] {data_modification.py:32} INFO - Inserted row with Video_ID: 69g-YcbmgQA
[2026-05-31T10:45:01.626+0000] {data_modification.py:32} INFO - Inserted row with Video_ID: aKq8bkY5eTU
[2026-05-31T10:45:01.628+0000] {data_modification.py:32} INFO - Inserted row with Video_ID: TNtpUQbW4mg
[2026-05-31T10:45:01.630+0000] {data_modification.py:32} INFO - Inserted row with Video_ID: TgCm8oDmxOk
[2026-05-31T10:45:01.632+0000] {data_modification.py:32} INFO - Inserted row with Video_ID: 954wJ3uHVAk
[2026-05-31T10:45:01.634+0000] {data_modification.py:32} INFO - Inserted row with Video_ID: zajUgQLviwk
[2026-05-31T10:45:01.636+0000] {data_modification.py:32} INFO - Inserted row with Video_ID: PXevNM0awlI
[2026-05-31T10:45:01.639+0000] {data_modification.py:32} INFO - Inserted row with Video_ID: PuQ5UxKUY48
[2026-05-31T10:45:01.641+0000] {data_modification.py:32} INFO - Inserted row with Video_ID: L5ihmu87xTE
[2026-05-31T10:45:01.643+0000] {data_modification.py:32} INFO - Inserted row with Video_ID: nAiKLoCP-kU
[2026-05-31T10:45:01.645+0000] {data_modification.py:32} INFO - Inserted row with Video_ID: NDsO1LT_0lw
[2026-05-31T10:45:01.647+0000] {data_modification.py:32} INFO - Inserted row with Video_ID: sF5LYGgKbUA
[2026-05-31T10:45:01.649+0000] {data_modification.py:32} INFO - Inserted row with Video_ID: MFpWEKN9c6Y
[2026-05-31T10:45:01.651+0000] {data_modification.py:32} INFO - Inserted row with Video_ID: TRxMLLuWIhw
[2026-05-31T10:45:01.653+0000] {data_modification.py:32} INFO - Inserted row with Video_ID: SM66GDRyIVY
[2026-05-31T10:45:01.655+0000] {data_modification.py:32} INFO - Inserted row with Video_ID: EvqtfK_RaRg
[2026-05-31T10:45:01.658+0000] {data_modification.py:32} INFO - Inserted row with Video_ID: 3cWm9B_0_kI
[2026-05-31T10:45:01.660+0000] {data_modification.py:32} INFO - Inserted row with Video_ID: qtWqHIx8Z-o
[2026-05-31T10:45:01.662+0000] {data_modification.py:32} INFO - Inserted row with Video_ID: gs8qfL9PNac
[2026-05-31T10:45:01.664+0000] {data_modification.py:32} INFO - Inserted row with Video_ID: DBPYB8WkkDc
[2026-05-31T10:45:01.666+0000] {data_modification.py:32} INFO - Inserted row with Video_ID: zvBXpoBegwE
[2026-05-31T10:45:01.668+0000] {data_modification.py:32} INFO - Inserted row with Video_ID: SWc8fI_9iqA
[2026-05-31T10:45:01.670+0000] {data_modification.py:32} INFO - Inserted row with Video_ID: 0BjlBnfHcHM
[2026-05-31T10:45:01.673+0000] {data_modification.py:32} INFO - Inserted row with Video_ID: HcL1EQ5qD_g
[2026-05-31T10:45:01.675+0000] {data_modification.py:32} INFO - Inserted row with Video_ID: dc089EZRGcg
[2026-05-31T10:45:01.677+0000] {data_modification.py:32} INFO - Inserted row with Video_ID: vXNtju4VFm4
[2026-05-31T10:45:01.679+0000] {data_modification.py:32} INFO - Inserted row with Video_ID: I9mw5UlDyPI
[2026-05-31T10:45:01.682+0000] {data_modification.py:32} INFO - Inserted row with Video_ID: pS-fFdvyHLE
[2026-05-31T10:45:01.684+0000] {data_modification.py:32} INFO - Inserted row with Video_ID: Xj0Jtjg3lHQ
[2026-05-31T10:45:01.686+0000] {data_modification.py:32} INFO - Inserted row with Video_ID: 9UtcHPCEBgg
[2026-05-31T10:45:01.688+0000] {data_modification.py:32} INFO - Inserted row with Video_ID: ZNt_GoOBHq8
[2026-05-31T10:45:01.690+0000] {data_modification.py:32} INFO - Inserted row with Video_ID: bn0Kh9c4Zv4
[2026-05-31T10:45:01.693+0000] {data_modification.py:32} INFO - Inserted row with Video_ID: dDVFnfCwjHA
[2026-05-31T10:45:01.695+0000] {data_modification.py:32} INFO - Inserted row with Video_ID: Kt2HvqRruHQ
[2026-05-31T10:45:01.697+0000] {data_modification.py:32} INFO - Inserted row with Video_ID: vDrSCXFMAKk
[2026-05-31T10:45:01.699+0000] {data_modification.py:32} INFO - Inserted row with Video_ID: snX5YyflrGw
[2026-05-31T10:45:01.701+0000] {data_modification.py:32} INFO - Inserted row with Video_ID: nbzQdlWrcnk
[2026-05-31T10:45:01.703+0000] {data_modification.py:32} INFO - Inserted row with Video_ID: 8krJy31Diow
[2026-05-31T10:45:01.705+0000] {data_modification.py:32} INFO - Inserted row with Video_ID: aRcUVhVlSHg
[2026-05-31T10:45:01.708+0000] {data_modification.py:32} INFO - Inserted row with Video_ID: Jo7sfpeWqwE
[2026-05-31T10:45:01.710+0000] {data_modification.py:32} INFO - Inserted row with Video_ID: QtD-CeUdRUQ
[2026-05-31T10:45:01.712+0000] {data_modification.py:32} INFO - Inserted row with Video_ID: ndAQfTzlVjc
[2026-05-31T10:45:01.715+0000] {data_modification.py:32} INFO - Inserted row with Video_ID: AydS-vA3qa4
[2026-05-31T10:45:01.717+0000] {data_modification.py:32} INFO - Inserted row with Video_ID: UPrkC1LdlLY
[2026-05-31T10:45:01.719+0000] {data_modification.py:32} INFO - Inserted row with Video_ID: 8bTQMDM4qvY
[2026-05-31T10:45:01.721+0000] {data_modification.py:32} INFO - Inserted row with Video_ID: DBw0oD38z0Q
[2026-05-31T10:45:01.724+0000] {data_modification.py:32} INFO - Inserted row with Video_ID: 4SNThp0YiU4
[2026-05-31T10:45:01.726+0000] {data_modification.py:32} INFO - Inserted row with Video_ID: XhuisK0bTSA
[2026-05-31T10:45:01.729+0000] {data_modification.py:32} INFO - Inserted row with Video_ID: lkCRPp7cnP8
[2026-05-31T10:45:01.731+0000] {data_modification.py:32} INFO - Inserted row with Video_ID: KkCXLABwHP0
[2026-05-31T10:45:01.733+0000] {data_modification.py:32} INFO - Inserted row with Video_ID: PWirijQkH4M
[2026-05-31T10:45:01.735+0000] {data_modification.py:32} INFO - Inserted row with Video_ID: U_LlX4t0A9I
[2026-05-31T10:45:01.738+0000] {data_modification.py:32} INFO - Inserted row with Video_ID: T8I165Qxeo8
[2026-05-31T10:45:01.740+0000] {data_modification.py:32} INFO - Inserted row with Video_ID: i-9V21MqlhY
[2026-05-31T10:45:01.742+0000] {data_modification.py:32} INFO - Inserted row with Video_ID: YyNz4--6fro
[2026-05-31T10:45:01.744+0000] {data_modification.py:32} INFO - Inserted row with Video_ID: f0cXJ6mJxGc
[2026-05-31T10:45:01.747+0000] {data_modification.py:32} INFO - Inserted row with Video_ID: F6PqxbvOCUI
[2026-05-31T10:45:01.749+0000] {data_modification.py:32} INFO - Inserted row with Video_ID: oA4LSZvX4iE
[2026-05-31T10:45:01.751+0000] {data_modification.py:32} INFO - Inserted row with Video_ID: ZKxnjszkZto
[2026-05-31T10:45:01.753+0000] {data_modification.py:32} INFO - Inserted row with Video_ID: 8_gdcaX9Xqk
[2026-05-31T10:45:01.755+0000] {data_modification.py:32} INFO - Inserted row with Video_ID: snUyLbGx6U4
[2026-05-31T10:45:01.758+0000] {data_modification.py:32} INFO - Inserted row with Video_ID: Pv0iVoSZzN8
[2026-05-31T10:45:01.760+0000] {data_modification.py:32} INFO - Inserted row with Video_ID: CWbV3NItSdY
[2026-05-31T10:45:01.762+0000] {data_modification.py:32} INFO - Inserted row with Video_ID: l-nMKJ5J3Uc
[2026-05-31T10:45:01.764+0000] {data_modification.py:32} INFO - Inserted row with Video_ID: XE1Qyss8GIY
[2026-05-31T10:45:01.768+0000] {data_modification.py:32} INFO - Inserted row with Video_ID: 6GzHPS0rEgc
[2026-05-31T10:45:01.770+0000] {data_modification.py:32} INFO - Inserted row with Video_ID: imhY0pe-Sd8
[2026-05-31T10:45:01.773+0000] {data_modification.py:32} INFO - Inserted row with Video_ID: erLbbextvlY
[2026-05-31T10:45:01.775+0000] {data_modification.py:32} INFO - Inserted row with Video_ID: OnTTThIzuNU
[2026-05-31T10:45:01.777+0000] {data_modification.py:32} INFO - Inserted row with Video_ID: mKdjycj-7eE
[2026-05-31T10:45:01.779+0000] {data_modification.py:32} INFO - Inserted row with Video_ID: tWYsfOSY9vY
[2026-05-31T10:45:01.781+0000] {data_modification.py:32} INFO - Inserted row with Video_ID: sH48lKbayNU
[2026-05-31T10:45:01.784+0000] {data_modification.py:32} INFO - Inserted row with Video_ID: AFXoSFNMwIA
[2026-05-31T10:45:01.786+0000] {data_modification.py:32} INFO - Inserted row with Video_ID: k194wHZHjB0
[2026-05-31T10:45:01.788+0000] {data_modification.py:32} INFO - Inserted row with Video_ID: AjwAdtlRKf8
[2026-05-31T10:45:01.790+0000] {data_modification.py:32} INFO - Inserted row with Video_ID: KOEfDvr4DcQ
[2026-05-31T10:45:01.792+0000] {data_modification.py:32} INFO - Inserted row with Video_ID: krsBRQbOPQ4
[2026-05-31T10:45:01.794+0000] {data_modification.py:32} INFO - Inserted row with Video_ID: 7ESeQBeikKs
[2026-05-31T10:45:01.796+0000] {data_modification.py:32} INFO - Inserted row with Video_ID: K_CbgLpvH9E
[2026-05-31T10:45:01.799+0000] {data_modification.py:32} INFO - Inserted row with Video_ID: lOKASgtr6kU
[2026-05-31T10:45:01.801+0000] {data_modification.py:32} INFO - Inserted row with Video_ID: 9RhWXPcKBI8
[2026-05-31T10:45:01.803+0000] {data_modification.py:32} INFO - Inserted row with Video_ID: ZVt9ZJfWV1c
[2026-05-31T10:45:01.805+0000] {data_modification.py:32} INFO - Inserted row with Video_ID: rWBOITBjitE
[2026-05-31T10:45:01.807+0000] {data_modification.py:32} INFO - Inserted row with Video_ID: tnTPaLOaHz8
[2026-05-31T10:45:01.809+0000] {data_modification.py:32} INFO - Inserted row with Video_ID: Wdjh81uH6FU
[2026-05-31T10:45:01.811+0000] {data_modification.py:32} INFO - Inserted row with Video_ID: 7dYTw-jAYkY
[2026-05-31T10:45:01.814+0000] {data_modification.py:32} INFO - Inserted row with Video_ID: AjZDwxt7S8w
[2026-05-31T10:45:01.816+0000] {data_modification.py:32} INFO - Inserted row with Video_ID: aZnqqXaT02g
[2026-05-31T10:45:01.818+0000] {data_modification.py:32} INFO - Inserted row with Video_ID: mwKJfNYwvm8
[2026-05-31T10:45:01.820+0000] {data_modification.py:32} INFO - Inserted row with Video_ID: l9_8_pDTmis
[2026-05-31T10:45:01.822+0000] {data_modification.py:32} INFO - Inserted row with Video_ID: n7x4Jj9pdH8
[2026-05-31T10:45:01.824+0000] {data_modification.py:32} INFO - Inserted row with Video_ID: QjvpjXdgugA
[2026-05-31T10:45:01.827+0000] {data_modification.py:32} INFO - Inserted row with Video_ID: jGAJCAuV3pQ
[2026-05-31T10:45:01.829+0000] {data_modification.py:32} INFO - Inserted row with Video_ID: c0v8OPItCOg
[2026-05-31T10:45:01.831+0000] {data_modification.py:32} INFO - Inserted row with Video_ID: 3ryID_SwU5E
[2026-05-31T10:45:01.833+0000] {data_modification.py:32} INFO - Inserted row with Video_ID: IemzxkkzI5s
[2026-05-31T10:45:01.835+0000] {data_modification.py:32} INFO - Inserted row with Video_ID: 3OFj6l2tQ9s
[2026-05-31T10:45:01.837+0000] {data_modification.py:32} INFO - Inserted row with Video_ID: bvlFjrcpD6s
[2026-05-31T10:45:01.839+0000] {data_modification.py:32} INFO - Inserted row with Video_ID: AZlBZuS4hr0
[2026-05-31T10:45:01.841+0000] {data_modification.py:32} INFO - Inserted row with Video_ID: Gx6VeIIbWwM
[2026-05-31T10:45:01.844+0000] {data_modification.py:32} INFO - Inserted row with Video_ID: CAOY8EKH1qU
[2026-05-31T10:45:01.846+0000] {data_modification.py:32} INFO - Inserted row with Video_ID: IQxea9UB1nQ
[2026-05-31T10:45:01.848+0000] {data_modification.py:32} INFO - Inserted row with Video_ID: KrLj6nc516A
[2026-05-31T10:45:01.850+0000] {data_modification.py:32} INFO - Inserted row with Video_ID: zgLhCT7aFCA
[2026-05-31T10:45:01.852+0000] {data_modification.py:32} INFO - Inserted row with Video_ID: L5kIXRdwGAI
[2026-05-31T10:45:01.855+0000] {data_modification.py:32} INFO - Inserted row with Video_ID: 19NmWqv4Alk
[2026-05-31T10:45:01.857+0000] {data_modification.py:32} INFO - Inserted row with Video_ID: vBpQ1SlfVtU
[2026-05-31T10:45:01.859+0000] {data_modification.py:32} INFO - Inserted row with Video_ID: SGzWIoLAzmY
[2026-05-31T10:45:01.861+0000] {data_modification.py:32} INFO - Inserted row with Video_ID: NnNZLCl78Ao
[2026-05-31T10:45:01.863+0000] {data_modification.py:32} INFO - Inserted row with Video_ID: NTZhwAldqwg
[2026-05-31T10:45:01.865+0000] {data_modification.py:32} INFO - Inserted row with Video_ID: J_z-W4UVHkw
[2026-05-31T10:45:01.867+0000] {data_modification.py:32} INFO - Inserted row with Video_ID: mKIhHNznt4s
[2026-05-31T10:45:01.869+0000] {data_modification.py:32} INFO - Inserted row with Video_ID: jObOjhUkf50
[2026-05-31T10:45:01.872+0000] {data_modification.py:32} INFO - Inserted row with Video_ID: O3YVBJ2n5xg
[2026-05-31T10:45:01.874+0000] {data_modification.py:32} INFO - Inserted row with Video_ID: yhB3BgJyGl8
[2026-05-31T10:45:01.876+0000] {data_modification.py:32} INFO - Inserted row with Video_ID: CP82DAKzL1U
[2026-05-31T10:45:01.878+0000] {data_modification.py:32} INFO - Inserted row with Video_ID: fuhE6PYnRMc
[2026-05-31T10:45:01.880+0000] {data_modification.py:32} INFO - Inserted row with Video_ID: stUofW3whpE
[2026-05-31T10:45:01.883+0000] {data_modification.py:32} INFO - Inserted row with Video_ID: 48h57PspBec
[2026-05-31T10:45:01.885+0000] {data_modification.py:32} INFO - Inserted row with Video_ID: ooAwCOP67GQ
[2026-05-31T10:45:01.887+0000] {data_modification.py:32} INFO - Inserted row with Video_ID: FM7Z-Xq8Drc
[2026-05-31T10:45:01.889+0000] {data_modification.py:32} INFO - Inserted row with Video_ID: ykRq_rp7NhM
[2026-05-31T10:45:01.891+0000] {data_modification.py:32} INFO - Inserted row with Video_ID: WTOm65IZneg
[2026-05-31T10:45:01.894+0000] {data_modification.py:32} INFO - Inserted row with Video_ID: 8kggT2ej-lo
[2026-05-31T10:45:01.896+0000] {data_modification.py:32} INFO - Inserted row with Video_ID: GGBy50KtvRk
[2026-05-31T10:45:01.898+0000] {data_modification.py:32} INFO - Inserted row with Video_ID: Y4-gFIfGXiQ
[2026-05-31T10:45:01.900+0000] {data_modification.py:32} INFO - Inserted row with Video_ID: 1WEAJ-DFkHE
[2026-05-31T10:45:01.902+0000] {data_modification.py:32} INFO - Inserted row with Video_ID: Y0cBiGUuB1Y
[2026-05-31T10:45:01.904+0000] {data_modification.py:32} INFO - Inserted row with Video_ID: YLt73w6criQ
[2026-05-31T10:45:01.907+0000] {data_modification.py:32} INFO - Inserted row with Video_ID: NPYPXWJBTWM
[2026-05-31T10:45:01.909+0000] {data_modification.py:32} INFO - Inserted row with Video_ID: lglIQkCHO0g
[2026-05-31T10:45:01.912+0000] {data_modification.py:32} INFO - Inserted row with Video_ID: TJ2ifmkGGus
[2026-05-31T10:45:01.914+0000] {data_modification.py:32} INFO - Inserted row with Video_ID: 7IKab3HcfFk
[2026-05-31T10:45:01.916+0000] {data_modification.py:32} INFO - Inserted row with Video_ID: h5NvTTOlOtI
[2026-05-31T10:45:01.918+0000] {data_modification.py:32} INFO - Inserted row with Video_ID: se50viFJ0AQ
[2026-05-31T10:45:01.920+0000] {data_modification.py:32} INFO - Inserted row with Video_ID: 0CTp1a-aCUM
[2026-05-31T10:45:01.923+0000] {data_modification.py:32} INFO - Inserted row with Video_ID: FD-0KG-h2-c
[2026-05-31T10:45:01.925+0000] {data_modification.py:32} INFO - Inserted row with Video_ID: kX3nB4PpJko
[2026-05-31T10:45:01.927+0000] {data_modification.py:32} INFO - Inserted row with Video_ID: YlvcFJOE-OE
[2026-05-31T10:45:01.929+0000] {data_modification.py:32} INFO - Inserted row with Video_ID: iogcY_4xGjo
[2026-05-31T10:45:01.931+0000] {data_modification.py:32} INFO - Inserted row with Video_ID: S_CUEOBZ0P4
[2026-05-31T10:45:01.933+0000] {data_modification.py:32} INFO - Inserted row with Video_ID: gHzuabZUd6c
[2026-05-31T10:45:01.936+0000] {data_modification.py:32} INFO - Inserted row with Video_ID: 65fN_OUawjk
[2026-05-31T10:45:01.938+0000] {data_modification.py:32} INFO - Inserted row with Video_ID: jdMNoQE3mIQ
[2026-05-31T10:45:01.940+0000] {data_modification.py:32} INFO - Inserted row with Video_ID: 2isYuQZMbdU
[2026-05-31T10:45:01.942+0000] {data_modification.py:32} INFO - Inserted row with Video_ID: tVWWp1PqDus
[2026-05-31T10:45:01.944+0000] {data_modification.py:32} INFO - Inserted row with Video_ID: vaIgyRoUkQI
[2026-05-31T10:45:01.947+0000] {data_modification.py:32} INFO - Inserted row with Video_ID: Hwybp38GnZw
[2026-05-31T10:45:01.949+0000] {data_modification.py:32} INFO - Inserted row with Video_ID: hD1YtmKXNb4
[2026-05-31T10:45:01.951+0000] {data_modification.py:32} INFO - Inserted row with Video_ID: LnlKwzc_TNA
[2026-05-31T10:45:01.953+0000] {data_modification.py:32} INFO - Inserted row with Video_ID: 3jS_yEK8qVI
[2026-05-31T10:45:01.955+0000] {data_modification.py:32} INFO - Inserted row with Video_ID: 00NgUctWoLQ
[2026-05-31T10:45:01.957+0000] {data_modification.py:32} INFO - Inserted row with Video_ID: x9TQ6culXIA
[2026-05-31T10:45:01.959+0000] {data_modification.py:32} INFO - Inserted row with Video_ID: QbJJwaVdgIs
[2026-05-31T10:45:01.962+0000] {data_modification.py:32} INFO - Inserted row with Video_ID: 0e3GPea1Tyg
[2026-05-31T10:45:01.964+0000] {data_modification.py:32} INFO - Inserted row with Video_ID: cV2gBU6hKfY
[2026-05-31T10:45:01.966+0000] {data_modification.py:32} INFO - Inserted row with Video_ID: qIsgdOVGA04
[2026-05-31T10:45:01.968+0000] {data_modification.py:32} INFO - Inserted row with Video_ID: cExLQ1o2pDw
[2026-05-31T10:45:01.970+0000] {data_modification.py:32} INFO - Inserted row with Video_ID: uocETPj4Jx4
[2026-05-31T10:45:01.972+0000] {data_modification.py:32} INFO - Inserted row with Video_ID: zxYjTTXc-J8
[2026-05-31T10:45:01.975+0000] {data_modification.py:32} INFO - Inserted row with Video_ID: hxwpkM5w3Cc
[2026-05-31T10:45:01.977+0000] {data_modification.py:32} INFO - Inserted row with Video_ID: ktyJIj6i4Qw
[2026-05-31T10:45:01.979+0000] {data_modification.py:32} INFO - Inserted row with Video_ID: urtFrxDUV6c
[2026-05-31T10:45:01.981+0000] {data_modification.py:32} INFO - Inserted row with Video_ID: nM89Wl03Q4g
[2026-05-31T10:45:01.984+0000] {data_modification.py:32} INFO - Inserted row with Video_ID: NZlClr_ivb4
[2026-05-31T10:45:01.986+0000] {data_modification.py:32} INFO - Inserted row with Video_ID: E6E22XQPhhg
[2026-05-31T10:45:01.988+0000] {data_modification.py:32} INFO - Inserted row with Video_ID: TQHEJj68Jew
[2026-05-31T10:45:01.990+0000] {data_modification.py:32} INFO - Inserted row with Video_ID: WcwGleN38zE
[2026-05-31T10:45:01.992+0000] {data_modification.py:32} INFO - Inserted row with Video_ID: fMfipiV_17o
[2026-05-31T10:45:01.995+0000] {data_modification.py:32} INFO - Inserted row with Video_ID: ayXxwJJId_c
[2026-05-31T10:45:01.997+0000] {data_modification.py:32} INFO - Inserted row with Video_ID: 9bqk6ZUsKyA
[2026-05-31T10:45:01.999+0000] {data_modification.py:32} INFO - Inserted row with Video_ID: DuQbOQwVaNE
[2026-05-31T10:45:02.001+0000] {data_modification.py:32} INFO - Inserted row with Video_ID: vJH28ICkCdU
[2026-05-31T10:45:02.003+0000] {data_modification.py:32} INFO - Inserted row with Video_ID: _uwNDiU04zE
[2026-05-31T10:45:02.005+0000] {data_modification.py:32} INFO - Inserted row with Video_ID: C680oxL__ck
[2026-05-31T10:45:02.007+0000] {data_modification.py:32} INFO - Inserted row with Video_ID: 5Fg9oZk-5uA
[2026-05-31T10:45:02.009+0000] {data_modification.py:32} INFO - Inserted row with Video_ID: PKtnafFtfEo
[2026-05-31T10:45:02.012+0000] {data_modification.py:32} INFO - Inserted row with Video_ID: f0c7pSCoZqE
[2026-05-31T10:45:02.014+0000] {data_modification.py:32} INFO - Inserted row with Video_ID: dg2Ag3e8W-Q
[2026-05-31T10:45:02.016+0000] {data_modification.py:32} INFO - Inserted row with Video_ID: LeYsRMZFUq0
[2026-05-31T10:45:02.018+0000] {data_modification.py:32} INFO - Inserted row with Video_ID: Dc2ZRmuH5OM
[2026-05-31T10:45:02.020+0000] {data_modification.py:32} INFO - Inserted row with Video_ID: GLoeAJUcz38
[2026-05-31T10:45:02.022+0000] {data_modification.py:32} INFO - Inserted row with Video_ID: SZQhgExjBvQ
[2026-05-31T10:45:02.025+0000] {data_modification.py:32} INFO - Inserted row with Video_ID: IoZri9hq7z4
[2026-05-31T10:45:02.027+0000] {data_modification.py:32} INFO - Inserted row with Video_ID: vp5sSqyZ5Go
[2026-05-31T10:45:02.029+0000] {data_modification.py:32} INFO - Inserted row with Video_ID: AKJfakEsgy0
[2026-05-31T10:45:02.031+0000] {data_modification.py:32} INFO - Inserted row with Video_ID: Vl3swga-Xrk
[2026-05-31T10:45:02.033+0000] {data_modification.py:32} INFO - Inserted row with Video_ID: UE5AHE2Ypr8
[2026-05-31T10:45:02.035+0000] {data_modification.py:32} INFO - Inserted row with Video_ID: TDiXxsQ0w2Q
[2026-05-31T10:45:02.038+0000] {data_modification.py:32} INFO - Inserted row with Video_ID: oD155zWANQg
[2026-05-31T10:45:02.040+0000] {data_modification.py:32} INFO - Inserted row with Video_ID: s1ax8Tx_Jz0
[2026-05-31T10:45:02.042+0000] {data_modification.py:32} INFO - Inserted row with Video_ID: NkE0AMGzpJY
[2026-05-31T10:45:02.044+0000] {data_modification.py:32} INFO - Inserted row with Video_ID: FbM1yi4mMMc
[2026-05-31T10:45:02.047+0000] {data_modification.py:32} INFO - Inserted row with Video_ID: 5V2B28OqfqM
[2026-05-31T10:45:02.049+0000] {data_modification.py:32} INFO - Inserted row with Video_ID: Rj_vssRaZlQ
[2026-05-31T10:45:02.051+0000] {data_modification.py:32} INFO - Inserted row with Video_ID: YQDDm9HLkV4
[2026-05-31T10:45:02.053+0000] {data_modification.py:32} INFO - Inserted row with Video_ID: erQ_9yEz0ls
[2026-05-31T10:45:02.056+0000] {data_modification.py:32} INFO - Inserted row with Video_ID: OAbP-V6fEVc
[2026-05-31T10:45:02.058+0000] {data_modification.py:32} INFO - Inserted row with Video_ID: _qAJMXfL6o0
[2026-05-31T10:45:02.061+0000] {data_modification.py:32} INFO - Inserted row with Video_ID: 59AYXzCa-Cs
[2026-05-31T10:45:02.063+0000] {data_modification.py:32} INFO - Inserted row with Video_ID: r7zJ8srwwjk
[2026-05-31T10:45:02.066+0000] {data_modification.py:32} INFO - Inserted row with Video_ID: YSoJPA8-oHc
[2026-05-31T10:45:02.068+0000] {data_modification.py:32} INFO - Inserted row with Video_ID: 5Hg_QSIJm8I
[2026-05-31T10:45:02.070+0000] {data_modification.py:32} INFO - Inserted row with Video_ID: gsWPpE4Rid0
[2026-05-31T10:45:02.072+0000] {data_modification.py:32} INFO - Inserted row with Video_ID: HBMmK1c44sE
[2026-05-31T10:45:02.074+0000] {data_modification.py:32} INFO - Inserted row with Video_ID: oBYbxw8f5OI
[2026-05-31T10:45:02.076+0000] {data_modification.py:32} INFO - Inserted row with Video_ID: AiGKBNGlzHo
[2026-05-31T10:45:02.078+0000] {data_modification.py:32} INFO - Inserted row with Video_ID: _mdKvblL_8s
[2026-05-31T10:45:02.081+0000] {data_modification.py:32} INFO - Inserted row with Video_ID: yXWw0_UfSFg
[2026-05-31T10:45:02.083+0000] {data_modification.py:32} INFO - Inserted row with Video_ID: F4Y3Pkn95GI
[2026-05-31T10:45:02.086+0000] {data_modification.py:32} INFO - Inserted row with Video_ID: KSKJKLmAqpI
[2026-05-31T10:45:02.088+0000] {data_modification.py:32} INFO - Inserted row with Video_ID: IYVjOfoU3uI
[2026-05-31T10:45:02.090+0000] {data_modification.py:32} INFO - Inserted row with Video_ID: oI6aXhowFDY
[2026-05-31T10:45:02.092+0000] {data_modification.py:32} INFO - Inserted row with Video_ID: LdMx2U5tby0
[2026-05-31T10:45:02.094+0000] {data_modification.py:32} INFO - Inserted row with Video_ID: fY-LA3YaZ_M
[2026-05-31T10:45:02.096+0000] {data_modification.py:32} INFO - Inserted row with Video_ID: 0hVZOJCYBBM
[2026-05-31T10:45:02.098+0000] {data_modification.py:32} INFO - Inserted row with Video_ID: Z9WQy9jEY8M
[2026-05-31T10:45:02.101+0000] {data_modification.py:32} INFO - Inserted row with Video_ID: bs0SWXbty18
[2026-05-31T10:45:02.103+0000] {data_modification.py:32} INFO - Inserted row with Video_ID: yeqARWqjkps
[2026-05-31T10:45:02.105+0000] {data_modification.py:32} INFO - Inserted row with Video_ID: wMuYiLby3-s
[2026-05-31T10:45:02.108+0000] {data_modification.py:32} INFO - Inserted row with Video_ID: NbaWrbJDr48
[2026-05-31T10:45:02.110+0000] {data_modification.py:32} INFO - Inserted row with Video_ID: sfv1QaRzJg8
[2026-05-31T10:45:02.112+0000] {data_modification.py:32} INFO - Inserted row with Video_ID: RwnN2FVaHmw
[2026-05-31T10:45:02.115+0000] {data_modification.py:32} INFO - Inserted row with Video_ID: X1jMMFOqxEw
[2026-05-31T10:45:02.117+0000] {data_modification.py:32} INFO - Inserted row with Video_ID: ORUX1lHbOa8
[2026-05-31T10:45:02.119+0000] {data_modification.py:32} INFO - Inserted row with Video_ID: LU_xVr4b2qM
[2026-05-31T10:45:02.121+0000] {data_modification.py:32} INFO - Inserted row with Video_ID: tQ4m4zD7BBA
[2026-05-31T10:45:02.123+0000] {data_modification.py:32} INFO - Inserted row with Video_ID: D9lVNzyhYnc
[2026-05-31T10:45:02.126+0000] {data_modification.py:32} INFO - Inserted row with Video_ID: jokVbbLqV_E
[2026-05-31T10:45:02.129+0000] {data_modification.py:32} INFO - Inserted row with Video_ID: HPJKxAhLw5I
[2026-05-31T10:45:02.131+0000] {data_modification.py:32} INFO - Inserted row with Video_ID: Ims5p6wjW9s
[2026-05-31T10:45:02.133+0000] {data_modification.py:32} INFO - Inserted row with Video_ID: anFxsa5jXrE
[2026-05-31T10:45:02.136+0000] {data_modification.py:32} INFO - Inserted row with Video_ID: QxGVgXf_LNk
[2026-05-31T10:45:02.138+0000] {data_modification.py:32} INFO - Inserted row with Video_ID: al6130OD1Ck
[2026-05-31T10:45:02.140+0000] {data_modification.py:32} INFO - Inserted row with Video_ID: d1010B3sKNQ
[2026-05-31T10:45:02.142+0000] {data_modification.py:32} INFO - Inserted row with Video_ID: NS3hse9ezik
[2026-05-31T10:45:02.145+0000] {data_modification.py:32} INFO - Inserted row with Video_ID: npDey6_9YRs
[2026-05-31T10:45:02.147+0000] {data_modification.py:32} INFO - Inserted row with Video_ID: 0NGWT9COcEI
[2026-05-31T10:45:02.149+0000] {data_modification.py:32} INFO - Inserted row with Video_ID: 3LLnjRLrvLU
[2026-05-31T10:45:02.151+0000] {data_modification.py:32} INFO - Inserted row with Video_ID: bTrV5v7GLcQ
[2026-05-31T10:45:02.157+0000] {data_modification.py:32} INFO - Inserted row with Video_ID: lBYC4_Lccjw
[2026-05-31T10:45:02.159+0000] {data_modification.py:32} INFO - Inserted row with Video_ID: gL6iSCSHjco
[2026-05-31T10:45:02.161+0000] {data_modification.py:32} INFO - Inserted row with Video_ID: UQtltNZ_pjs
[2026-05-31T10:45:02.163+0000] {data_modification.py:32} INFO - Inserted row with Video_ID: 0DaMUhgcAqo
[2026-05-31T10:45:02.166+0000] {data_modification.py:32} INFO - Inserted row with Video_ID: TOcGSwJBPMQ
[2026-05-31T10:45:02.169+0000] {data_modification.py:32} INFO - Inserted row with Video_ID: ws694xrKopA
[2026-05-31T10:45:02.171+0000] {data_modification.py:32} INFO - Inserted row with Video_ID: UtnsWzaoRtg
[2026-05-31T10:45:02.173+0000] {data_modification.py:32} INFO - Inserted row with Video_ID: 6wsFjjhZPJI
[2026-05-31T10:45:02.175+0000] {data_modification.py:32} INFO - Inserted row with Video_ID: Rmf6T_Ewt38
[2026-05-31T10:45:02.178+0000] {data_modification.py:32} INFO - Inserted row with Video_ID: n6qc4LHN2KQ
[2026-05-31T10:45:02.180+0000] {data_modification.py:32} INFO - Inserted row with Video_ID: 2eFSU7TFOnk
[2026-05-31T10:45:02.182+0000] {data_modification.py:32} INFO - Inserted row with Video_ID: RCvnytndd9c
[2026-05-31T10:45:02.185+0000] {data_modification.py:32} INFO - Inserted row with Video_ID: AA-VpIj8F5Y
[2026-05-31T10:45:02.187+0000] {data_modification.py:32} INFO - Inserted row with Video_ID: fWcSBWadolA
[2026-05-31T10:45:02.189+0000] {data_modification.py:32} INFO - Inserted row with Video_ID: YyhKdOCwD7s
[2026-05-31T10:45:02.191+0000] {data_modification.py:32} INFO - Inserted row with Video_ID: ha4tRQwKIUg
[2026-05-31T10:45:02.193+0000] {data_modification.py:32} INFO - Inserted row with Video_ID: xRwy_rKc7gI
[2026-05-31T10:45:02.195+0000] {data_modification.py:32} INFO - Inserted row with Video_ID: H1WBdh56Vq4
[2026-05-31T10:45:02.197+0000] {data_modification.py:32} INFO - Inserted row with Video_ID: xhIYirjB4Yc
[2026-05-31T10:45:02.200+0000] {data_modification.py:32} INFO - Inserted row with Video_ID: HfJMs4mrSJM
[2026-05-31T10:45:02.202+0000] {data_modification.py:32} INFO - Inserted row with Video_ID: tYHTVjfShOA
[2026-05-31T10:45:02.204+0000] {data_modification.py:32} INFO - Inserted row with Video_ID: JTQcIR2ZxU4
[2026-05-31T10:45:02.206+0000] {data_modification.py:32} INFO - Inserted row with Video_ID: xpNeg0hPZIs
[2026-05-31T10:45:02.208+0000] {data_modification.py:32} INFO - Inserted row with Video_ID: 9yrdFAJUSaU
[2026-05-31T10:45:02.211+0000] {data_modification.py:32} INFO - Inserted row with Video_ID: i2O6GMpNWGo
[2026-05-31T10:45:02.213+0000] {data_modification.py:32} INFO - Inserted row with Video_ID: Y6jC6VaO3j0
[2026-05-31T10:45:02.215+0000] {data_modification.py:32} INFO - Inserted row with Video_ID: Ooke4YZv8Ts
[2026-05-31T10:45:02.217+0000] {data_modification.py:32} INFO - Inserted row with Video_ID: ZV7rU6lnAKQ
[2026-05-31T10:45:02.219+0000] {data_modification.py:32} INFO - Inserted row with Video_ID: iUzi5JmJNWc
[2026-05-31T10:45:02.222+0000] {data_modification.py:32} INFO - Inserted row with Video_ID: 9cCpZl8euLI
[2026-05-31T10:45:02.224+0000] {data_modification.py:32} INFO - Inserted row with Video_ID: I046_n20d3s
[2026-05-31T10:45:02.227+0000] {data_modification.py:32} INFO - Inserted row with Video_ID: 2nd73lyvq4w
[2026-05-31T10:45:02.229+0000] {data_modification.py:32} INFO - Inserted row with Video_ID: nuM0Z4a7kMs
[2026-05-31T10:45:02.231+0000] {data_modification.py:32} INFO - Inserted row with Video_ID: qPBtTPJHS0Q
[2026-05-31T10:45:02.233+0000] {data_modification.py:32} INFO - Inserted row with Video_ID: A-vX1AGBGsc
[2026-05-31T10:45:02.235+0000] {data_modification.py:32} INFO - Inserted row with Video_ID: IiW2smvEcBM
[2026-05-31T10:45:02.237+0000] {data_modification.py:32} INFO - Inserted row with Video_ID: q6Qw8mUVTrE
[2026-05-31T10:45:02.240+0000] {data_modification.py:32} INFO - Inserted row with Video_ID: dBxOYE2j55U
[2026-05-31T10:45:02.242+0000] {data_modification.py:32} INFO - Inserted row with Video_ID: 984NGLLYDUg
[2026-05-31T10:45:02.244+0000] {data_modification.py:32} INFO - Inserted row with Video_ID: 7zi0bi-RDj4
[2026-05-31T10:45:02.246+0000] {data_modification.py:32} INFO - Inserted row with Video_ID: XaxhLbxZ13k
[2026-05-31T10:45:02.248+0000] {data_modification.py:32} INFO - Inserted row with Video_ID: L8nh1wuXTbI
[2026-05-31T10:45:02.251+0000] {data_modification.py:32} INFO - Inserted row with Video_ID: 9-HphHIJS9c
[2026-05-31T10:45:02.253+0000] {data_modification.py:32} INFO - Inserted row with Video_ID: rPXmbM2UEbU
[2026-05-31T10:45:02.255+0000] {data_modification.py:32} INFO - Inserted row with Video_ID: sESRuTyfsEk
[2026-05-31T10:45:02.257+0000] {data_modification.py:32} INFO - Inserted row with Video_ID: QapO3maXd9k
[2026-05-31T10:45:02.259+0000] {data_modification.py:32} INFO - Inserted row with Video_ID: 71VpdDb8e6U
[2026-05-31T10:45:02.261+0000] {data_modification.py:32} INFO - Inserted row with Video_ID: Su34c5Z8DW4
[2026-05-31T10:45:02.263+0000] {data_modification.py:32} INFO - Inserted row with Video_ID: e5DqdX-7_g4
[2026-05-31T10:45:02.266+0000] {data_modification.py:32} INFO - Inserted row with Video_ID: 9vB-48kHbBU
[2026-05-31T10:45:02.268+0000] {data_modification.py:32} INFO - Inserted row with Video_ID: 3ix_gbcubTo
[2026-05-31T10:45:02.270+0000] {data_modification.py:32} INFO - Inserted row with Video_ID: mGIpOtncmSM
[2026-05-31T10:45:02.273+0000] {data_modification.py:32} INFO - Inserted row with Video_ID: VqnQ-0q2gb4
[2026-05-31T10:45:02.275+0000] {data_modification.py:32} INFO - Inserted row with Video_ID: 3TflpIllQHY
[2026-05-31T10:45:02.277+0000] {data_modification.py:32} INFO - Inserted row with Video_ID: 1SwVSTKFCsc
[2026-05-31T10:45:02.280+0000] {data_modification.py:32} INFO - Inserted row with Video_ID: ZPuEUe_8SRM
[2026-05-31T10:45:02.282+0000] {data_modification.py:32} INFO - Inserted row with Video_ID: gKVZz4kcuns
[2026-05-31T10:45:02.284+0000] {data_modification.py:32} INFO - Inserted row with Video_ID: nywT2SenPIo
[2026-05-31T10:45:02.286+0000] {data_modification.py:32} INFO - Inserted row with Video_ID: xBP9EUQIkNs
[2026-05-31T10:45:02.288+0000] {data_modification.py:32} INFO - Inserted row with Video_ID: qZNxvnQv0h4
[2026-05-31T10:45:02.290+0000] {data_modification.py:32} INFO - Inserted row with Video_ID: uE6gud1voDs
[2026-05-31T10:45:02.292+0000] {data_modification.py:32} INFO - Inserted row with Video_ID: f0M64XpmTz8
[2026-05-31T10:45:02.294+0000] {data_modification.py:32} INFO - Inserted row with Video_ID: Gz3yak1cl-8
[2026-05-31T10:45:02.296+0000] {data_modification.py:32} INFO - Inserted row with Video_ID: 9GD6hbqu2oM
[2026-05-31T10:45:02.298+0000] {data_modification.py:32} INFO - Inserted row with Video_ID: GUWGsIVEMSQ
[2026-05-31T10:45:02.300+0000] {data_modification.py:32} INFO - Inserted row with Video_ID: wDqJZ_2ZA3A
[2026-05-31T10:45:02.302+0000] {data_modification.py:32} INFO - Inserted row with Video_ID: RywkkwO78m8
[2026-05-31T10:45:02.304+0000] {data_modification.py:32} INFO - Inserted row with Video_ID: P4qWhSZ7_WA
[2026-05-31T10:45:02.306+0000] {data_modification.py:32} INFO - Inserted row with Video_ID: UlUcwJc5nBs
[2026-05-31T10:45:02.308+0000] {data_modification.py:32} INFO - Inserted row with Video_ID: qAW6CE7_bFM
[2026-05-31T10:45:02.310+0000] {data_modification.py:32} INFO - Inserted row with Video_ID: tBEBc4KQVsU
[2026-05-31T10:45:02.312+0000] {data_modification.py:32} INFO - Inserted row with Video_ID: q0OK-zHnvnA
[2026-05-31T10:45:02.314+0000] {data_modification.py:32} INFO - Inserted row with Video_ID: bFZdU9dr4OM
[2026-05-31T10:45:02.316+0000] {data_modification.py:32} INFO - Inserted row with Video_ID: nd-bwvNB7YA
[2026-05-31T10:45:02.318+0000] {data_modification.py:32} INFO - Inserted row with Video_ID: 6_im_hGxGRk
[2026-05-31T10:45:02.320+0000] {data_modification.py:32} INFO - Inserted row with Video_ID: b91vrgVY-ZQ
[2026-05-31T10:45:02.322+0000] {data_modification.py:32} INFO - Inserted row with Video_ID: 52ubXjlVzUY
[2026-05-31T10:45:02.324+0000] {data_modification.py:32} INFO - Inserted row with Video_ID: XHb7g6yuGgE
[2026-05-31T10:45:02.326+0000] {data_modification.py:32} INFO - Inserted row with Video_ID: rH1D_3G56DY
[2026-05-31T10:45:02.328+0000] {data_modification.py:32} INFO - Inserted row with Video_ID: -0zoWMSEOGg
[2026-05-31T10:45:02.331+0000] {data_modification.py:32} INFO - Inserted row with Video_ID: WRzIuC2MKOU
[2026-05-31T10:45:02.333+0000] {data_modification.py:32} INFO - Inserted row with Video_ID: foLlul8Tl3E
[2026-05-31T10:45:02.335+0000] {data_modification.py:32} INFO - Inserted row with Video_ID: 3iaDrpKdaIc
[2026-05-31T10:45:02.337+0000] {data_modification.py:32} INFO - Inserted row with Video_ID: qrIh-ZHN4-E
[2026-05-31T10:45:02.339+0000] {data_modification.py:32} INFO - Inserted row with Video_ID: mpZWt5pGKZ8
[2026-05-31T10:45:02.341+0000] {data_modification.py:32} INFO - Inserted row with Video_ID: vbph9F_pRNI
[2026-05-31T10:45:02.343+0000] {data_modification.py:32} INFO - Inserted row with Video_ID: XE9pUM9MEFA
[2026-05-31T10:45:02.345+0000] {data_modification.py:32} INFO - Inserted row with Video_ID: wbzD04leeLI
[2026-05-31T10:45:02.347+0000] {data_modification.py:32} INFO - Inserted row with Video_ID: MC5h-ShR-S8
[2026-05-31T10:45:02.349+0000] {data_modification.py:32} INFO - Inserted row with Video_ID: dp8IaLrZpGs
[2026-05-31T10:45:02.351+0000] {data_modification.py:32} INFO - Inserted row with Video_ID: 97Gh93Daio0
[2026-05-31T10:45:02.353+0000] {data_modification.py:32} INFO - Inserted row with Video_ID: t4OumncEiKo
[2026-05-31T10:45:02.355+0000] {data_modification.py:32} INFO - Inserted row with Video_ID: Ejou8aa5eZk
[2026-05-31T10:45:02.358+0000] {data_modification.py:32} INFO - Inserted row with Video_ID: ehEuczQUh8E
[2026-05-31T10:45:02.360+0000] {data_modification.py:32} INFO - Inserted row with Video_ID: uBC7805Smsg
[2026-05-31T10:45:02.362+0000] {data_modification.py:32} INFO - Inserted row with Video_ID: d8pJkuSp1iI
[2026-05-31T10:45:02.364+0000] {data_modification.py:32} INFO - Inserted row with Video_ID: dFr5YQaQQdo
[2026-05-31T10:45:02.366+0000] {data_modification.py:32} INFO - Inserted row with Video_ID: xBLxMfO3pDw
[2026-05-31T10:45:02.368+0000] {data_modification.py:32} INFO - Inserted row with Video_ID: d7QmQtNwhcU
[2026-05-31T10:45:02.371+0000] {data_modification.py:32} INFO - Inserted row with Video_ID: NZR4WEjpOQg
[2026-05-31T10:45:02.373+0000] {data_modification.py:32} INFO - Inserted row with Video_ID: vETSAZgfDP4
[2026-05-31T10:45:02.375+0000] {data_modification.py:32} INFO - Inserted row with Video_ID: zE3FLbpu9-Q
[2026-05-31T10:45:02.377+0000] {data_modification.py:32} INFO - Inserted row with Video_ID: Izmibu7dxcs
[2026-05-31T10:45:02.379+0000] {data_modification.py:32} INFO - Inserted row with Video_ID: 2Pvt8awds44
[2026-05-31T10:45:02.381+0000] {data_modification.py:32} INFO - Inserted row with Video_ID: n9BbAfbsyj0
[2026-05-31T10:45:02.383+0000] {data_modification.py:32} INFO - Inserted row with Video_ID: WZ2rYlVxt4g
[2026-05-31T10:45:02.386+0000] {data_modification.py:32} INFO - Inserted row with Video_ID: CWK6an4mYL0
[2026-05-31T10:45:02.388+0000] {data_modification.py:32} INFO - Inserted row with Video_ID: VwWV4JelEzY
[2026-05-31T10:45:02.390+0000] {data_modification.py:32} INFO - Inserted row with Video_ID: koRKIlRQj4g
[2026-05-31T10:45:02.393+0000] {data_modification.py:32} INFO - Inserted row with Video_ID: XKFKPQHdWRI
[2026-05-31T10:45:02.395+0000] {data_modification.py:32} INFO - Inserted row with Video_ID: yuGEB4ZZdUQ
[2026-05-31T10:45:02.398+0000] {data_modification.py:32} INFO - Inserted row with Video_ID: sg_XFT4K3N4
[2026-05-31T10:45:02.400+0000] {data_modification.py:32} INFO - Inserted row with Video_ID: szt8xabJoSo
[2026-05-31T10:45:02.402+0000] {data_modification.py:32} INFO - Inserted row with Video_ID: Fbl3E_XCQfA
[2026-05-31T10:45:02.405+0000] {data_modification.py:32} INFO - Inserted row with Video_ID: Pe3pGsCeYXg
[2026-05-31T10:45:02.407+0000] {data_modification.py:32} INFO - Inserted row with Video_ID: yzGmnjDFuZE
[2026-05-31T10:45:02.410+0000] {data_modification.py:32} INFO - Inserted row with Video_ID: op0N7axawJA
[2026-05-31T10:45:02.412+0000] {data_modification.py:32} INFO - Inserted row with Video_ID: l_huIWJBhJM
[2026-05-31T10:45:02.414+0000] {data_modification.py:32} INFO - Inserted row with Video_ID: 7ALCsEyn3mg
[2026-05-31T10:45:02.416+0000] {data_modification.py:32} INFO - Inserted row with Video_ID: CvMRiR4k49Y
[2026-05-31T10:45:02.419+0000] {data_modification.py:32} INFO - Inserted row with Video_ID: g2rbhIB-ITM
[2026-05-31T10:45:02.421+0000] {data_modification.py:32} INFO - Inserted row with Video_ID: nLpqZEAFnkE
[2026-05-31T10:45:02.424+0000] {data_modification.py:32} INFO - Inserted row with Video_ID: sirrTXiPFmw
[2026-05-31T10:45:02.426+0000] {data_modification.py:32} INFO - Inserted row with Video_ID: nRkwuTOESCc
[2026-05-31T10:45:02.428+0000] {data_modification.py:32} INFO - Inserted row with Video_ID: AS6WMS_Bemg
[2026-05-31T10:45:02.430+0000] {data_modification.py:32} INFO - Inserted row with Video_ID: wMn8d7IeCYM
[2026-05-31T10:45:02.432+0000] {data_modification.py:32} INFO - Inserted row with Video_ID: BMZP4CtphaU
[2026-05-31T10:45:02.435+0000] {data_modification.py:32} INFO - Inserted row with Video_ID: ln9aLVd__8w
[2026-05-31T10:45:02.437+0000] {data_modification.py:32} INFO - Inserted row with Video_ID: 93s1JECSy60
[2026-05-31T10:45:02.439+0000] {data_modification.py:32} INFO - Inserted row with Video_ID: YR6Wh2Zy9jE
[2026-05-31T10:45:02.441+0000] {data_modification.py:32} INFO - Inserted row with Video_ID: 5PCxQSMOl3o
[2026-05-31T10:45:02.443+0000] {data_modification.py:32} INFO - Inserted row with Video_ID: 5qzAVMe_SnM
[2026-05-31T10:45:02.445+0000] {data_modification.py:32} INFO - Inserted row with Video_ID: zAAXW7ySu1k
[2026-05-31T10:45:02.447+0000] {data_modification.py:32} INFO - Inserted row with Video_ID: sx5k8xd_VoU
[2026-05-31T10:45:02.449+0000] {data_modification.py:32} INFO - Inserted row with Video_ID: uotb9ZHnI2g
[2026-05-31T10:45:02.451+0000] {data_modification.py:32} INFO - Inserted row with Video_ID: nPlqRbVFBHI
[2026-05-31T10:45:02.453+0000] {data_modification.py:32} INFO - Inserted row with Video_ID: _FX6rml2Yjs
[2026-05-31T10:45:02.455+0000] {data_modification.py:32} INFO - Inserted row with Video_ID: kupaqq-xJ_8
[2026-05-31T10:45:02.457+0000] {data_modification.py:32} INFO - Inserted row with Video_ID: Er6QUQZbv0w
[2026-05-31T10:45:02.460+0000] {data_modification.py:32} INFO - Inserted row with Video_ID: 4KVmSG6KS2k
[2026-05-31T10:45:02.462+0000] {data_modification.py:32} INFO - Inserted row with Video_ID: Lx9fRu5ehFo
[2026-05-31T10:45:02.464+0000] {data_modification.py:32} INFO - Inserted row with Video_ID: KcsRxHwGz7A
[2026-05-31T10:45:02.466+0000] {data_modification.py:32} INFO - Inserted row with Video_ID: ZJwX2jTXWwQ
[2026-05-31T10:45:02.468+0000] {data_modification.py:32} INFO - Inserted row with Video_ID: N_GMakKf7G4
[2026-05-31T10:45:02.470+0000] {data_modification.py:32} INFO - Inserted row with Video_ID: 63gyUQ_JeOE
[2026-05-31T10:45:02.472+0000] {data_modification.py:32} INFO - Inserted row with Video_ID: IZVbzNRUlQI
[2026-05-31T10:45:02.474+0000] {data_modification.py:32} INFO - Inserted row with Video_ID: 8D3vI1615K4
[2026-05-31T10:45:02.476+0000] {data_modification.py:32} INFO - Inserted row with Video_ID: igVcy5dtN80
[2026-05-31T10:45:02.478+0000] {data_modification.py:32} INFO - Inserted row with Video_ID: dEOlvTqYUNo
[2026-05-31T10:45:02.481+0000] {data_modification.py:32} INFO - Inserted row with Video_ID: AS5CxLCWq-Q
[2026-05-31T10:45:02.483+0000] {data_modification.py:32} INFO - Inserted row with Video_ID: jtOalDNVrKM
[2026-05-31T10:45:02.485+0000] {data_modification.py:32} INFO - Inserted row with Video_ID: dDYP56hEYF0
[2026-05-31T10:45:02.487+0000] {data_modification.py:32} INFO - Inserted row with Video_ID: pJSbLk-Iixc
[2026-05-31T10:45:02.489+0000] {data_modification.py:32} INFO - Inserted row with Video_ID: iengNekeTNo
[2026-05-31T10:45:02.491+0000] {data_modification.py:32} INFO - Inserted row with Video_ID: rqUvnLPvbrM
[2026-05-31T10:45:02.493+0000] {data_modification.py:32} INFO - Inserted row with Video_ID: 9CVwXBYVqVk
[2026-05-31T10:45:02.496+0000] {data_modification.py:32} INFO - Inserted row with Video_ID: i8pmk5xnO2s
[2026-05-31T10:45:02.498+0000] {data_modification.py:32} INFO - Inserted row with Video_ID: xWcldHxHFpo
[2026-05-31T10:45:02.500+0000] {data_modification.py:32} INFO - Inserted row with Video_ID: YH1-fDzHHpo
[2026-05-31T10:45:02.502+0000] {data_modification.py:32} INFO - Inserted row with Video_ID: ntlG5XgYg4k
[2026-05-31T10:45:02.504+0000] {data_modification.py:32} INFO - Inserted row with Video_ID: Qy17S3g8ZuY
[2026-05-31T10:45:02.506+0000] {data_modification.py:32} INFO - Inserted row with Video_ID: PJyWmlWNor8
[2026-05-31T10:45:02.508+0000] {data_modification.py:32} INFO - Inserted row with Video_ID: KzwTYZ2W3ZA
[2026-05-31T10:45:02.510+0000] {data_modification.py:32} INFO - Inserted row with Video_ID: 9fa_JYTPZ2Y
[2026-05-31T10:45:02.512+0000] {data_modification.py:32} INFO - Inserted row with Video_ID: t1BWMa8btIw
[2026-05-31T10:45:02.515+0000] {data_modification.py:32} INFO - Inserted row with Video_ID: 2O8wta4FsD4
[2026-05-31T10:45:02.517+0000] {data_modification.py:32} INFO - Inserted row with Video_ID: dSDBr0WjrwQ
[2026-05-31T10:45:02.519+0000] {data_modification.py:32} INFO - Inserted row with Video_ID: DbC9CauTXoM
[2026-05-31T10:45:02.521+0000] {data_modification.py:32} INFO - Inserted row with Video_ID: yhNcDBnQsEY
[2026-05-31T10:45:02.523+0000] {data_modification.py:32} INFO - Inserted row with Video_ID: Wyyqz3OxB5c
[2026-05-31T10:45:02.525+0000] {data_modification.py:32} INFO - Inserted row with Video_ID: KO8B2kw_Jxs
[2026-05-31T10:45:02.528+0000] {data_modification.py:32} INFO - Inserted row with Video_ID: NEDPgQYhbqs
[2026-05-31T10:45:02.530+0000] {data_modification.py:32} INFO - Inserted row with Video_ID: DpIvW6av0pI
[2026-05-31T10:45:02.532+0000] {data_modification.py:32} INFO - Inserted row with Video_ID: RPcXg2-0ejw
[2026-05-31T10:45:02.534+0000] {data_modification.py:32} INFO - Inserted row with Video_ID: jhYG5BStQSk
[2026-05-31T10:45:02.536+0000] {data_modification.py:32} INFO - Inserted row with Video_ID: wTIPpjUgAFE
[2026-05-31T10:45:02.538+0000] {data_modification.py:32} INFO - Inserted row with Video_ID: Fzh65vCyHWQ
[2026-05-31T10:45:02.540+0000] {data_modification.py:32} INFO - Inserted row with Video_ID: vBp0bzVr09s
[2026-05-31T10:45:02.543+0000] {data_modification.py:32} INFO - Inserted row with Video_ID: AXjdI_LHWJU
[2026-05-31T10:45:02.545+0000] {data_modification.py:32} INFO - Inserted row with Video_ID: dJCsc_Cq9i4
[2026-05-31T10:45:02.547+0000] {data_modification.py:32} INFO - Inserted row with Video_ID: bqpKlkPpT10
[2026-05-31T10:45:02.549+0000] {data_modification.py:32} INFO - Inserted row with Video_ID: TIIU1ivhLKs
[2026-05-31T10:45:02.551+0000] {data_modification.py:32} INFO - Inserted row with Video_ID: G4qOiwIE_o0
[2026-05-31T10:45:02.553+0000] {data_modification.py:32} INFO - Inserted row with Video_ID: yozl6enFC-w
[2026-05-31T10:45:02.555+0000] {data_modification.py:32} INFO - Inserted row with Video_ID: LP_mGU3CgXk
[2026-05-31T10:45:02.558+0000] {data_modification.py:32} INFO - Inserted row with Video_ID: DoIQMkoYSzw
[2026-05-31T10:45:02.560+0000] {data_modification.py:32} INFO - Inserted row with Video_ID: e-If_d_bzfI
[2026-05-31T10:45:02.562+0000] {data_modification.py:32} INFO - Inserted row with Video_ID: 5J6-5g2alp8
[2026-05-31T10:45:02.564+0000] {data_modification.py:32} INFO - Inserted row with Video_ID: qjGNBluF6_I
[2026-05-31T10:45:02.566+0000] {data_modification.py:32} INFO - Inserted row with Video_ID: TLoDwqQF5ug
[2026-05-31T10:45:02.568+0000] {data_modification.py:32} INFO - Inserted row with Video_ID: uAFGIQPWL54
[2026-05-31T10:45:02.570+0000] {data_modification.py:32} INFO - Inserted row with Video_ID: SaDDjW9Rw-M
[2026-05-31T10:45:02.572+0000] {data_modification.py:32} INFO - Inserted row with Video_ID: CHdy9wND1jo
[2026-05-31T10:45:02.574+0000] {data_modification.py:32} INFO - Inserted row with Video_ID: 9LiS_3HEErU
[2026-05-31T10:45:02.577+0000] {data_modification.py:32} INFO - Inserted row with Video_ID: hRj5qNfkdO0
[2026-05-31T10:45:02.579+0000] {data_modification.py:32} INFO - Inserted row with Video_ID: ocruJKe2tFk
[2026-05-31T10:45:02.581+0000] {data_modification.py:32} INFO - Inserted row with Video_ID: MgRMNzKknto
[2026-05-31T10:45:02.583+0000] {data_modification.py:32} INFO - Inserted row with Video_ID: tqO3_AKC5Ks
[2026-05-31T10:45:02.585+0000] {data_modification.py:32} INFO - Inserted row with Video_ID: XW1TsAVdXsw
[2026-05-31T10:45:02.587+0000] {data_modification.py:32} INFO - Inserted row with Video_ID: Qhdj_Umh1IE
[2026-05-31T10:45:02.589+0000] {data_modification.py:32} INFO - Inserted row with Video_ID: fN_RQFqaGHI
[2026-05-31T10:45:02.592+0000] {data_modification.py:32} INFO - Inserted row with Video_ID: hC3xW8xeCDs
[2026-05-31T10:45:02.594+0000] {data_modification.py:32} INFO - Inserted row with Video_ID: xGJEPTCw9GU
[2026-05-31T10:45:02.596+0000] {data_modification.py:32} INFO - Inserted row with Video_ID: FmjsePPBbdU
[2026-05-31T10:45:02.599+0000] {data_modification.py:32} INFO - Inserted row with Video_ID: lMLEcUXz6T8
[2026-05-31T10:45:02.601+0000] {data_modification.py:32} INFO - Inserted row with Video_ID: BKJy7BFP3Is
[2026-05-31T10:45:02.603+0000] {data_modification.py:32} INFO - Inserted row with Video_ID: 1gfgZhW3YgU
[2026-05-31T10:45:02.605+0000] {data_modification.py:32} INFO - Inserted row with Video_ID: VXmKt_1T0QM
[2026-05-31T10:45:02.607+0000] {data_modification.py:32} INFO - Inserted row with Video_ID: 6XCUHLhdnEY
[2026-05-31T10:45:02.610+0000] {data_modification.py:32} INFO - Inserted row with Video_ID: ttWTSskmxTA
[2026-05-31T10:45:02.612+0000] {data_modification.py:32} INFO - Inserted row with Video_ID: 5bCyFf8lSfk
[2026-05-31T10:45:02.614+0000] {data_modification.py:32} INFO - Inserted row with Video_ID: ngVEpJs5A5s
[2026-05-31T10:45:02.617+0000] {data_modification.py:32} INFO - Inserted row with Video_ID: zjC48c3ptt0
[2026-05-31T10:45:02.619+0000] {data_modification.py:32} INFO - Inserted row with Video_ID: rS2sntC-lJI
[2026-05-31T10:45:02.621+0000] {data_modification.py:32} INFO - Inserted row with Video_ID: fG1N5kzeAhM
[2026-05-31T10:45:02.623+0000] {data_modification.py:32} INFO - Inserted row with Video_ID: vT_gRRMjDi0
[2026-05-31T10:45:02.625+0000] {data_modification.py:32} INFO - Inserted row with Video_ID: dfcPUqiivDY
[2026-05-31T10:45:02.627+0000] {data_modification.py:32} INFO - Inserted row with Video_ID: zCR6DJX7Kak
[2026-05-31T10:45:02.629+0000] {data_modification.py:32} INFO - Inserted row with Video_ID: 4cX-w-ia0RU
[2026-05-31T10:45:02.631+0000] {data_modification.py:32} INFO - Inserted row with Video_ID: 2nVjy-zd65Q
[2026-05-31T10:45:02.633+0000] {data_modification.py:32} INFO - Inserted row with Video_ID: xlzpD4GeBW0
[2026-05-31T10:45:02.636+0000] {data_modification.py:32} INFO - Inserted row with Video_ID: 8ZTy3K2QgOY
[2026-05-31T10:45:02.638+0000] {data_modification.py:32} INFO - Inserted row with Video_ID: k9zko79_3_I
[2026-05-31T10:45:02.640+0000] {data_modification.py:32} INFO - Inserted row with Video_ID: fYnPyLfxSJg
[2026-05-31T10:45:02.642+0000] {data_modification.py:32} INFO - Inserted row with Video_ID: pBH_QL4JGcI
[2026-05-31T10:45:02.644+0000] {data_modification.py:32} INFO - Inserted row with Video_ID: 1wtFD9zSQO8
[2026-05-31T10:45:02.646+0000] {data_modification.py:32} INFO - Inserted row with Video_ID: VqhjiwmGNKA
[2026-05-31T10:45:02.648+0000] {data_modification.py:32} INFO - Inserted row with Video_ID: EhZ9gHZOZT8
[2026-05-31T10:45:02.650+0000] {data_modification.py:32} INFO - Inserted row with Video_ID: LHtkve6-O0g
[2026-05-31T10:45:02.653+0000] {data_modification.py:32} INFO - Inserted row with Video_ID: m3Ol8zn7brk
[2026-05-31T10:45:02.655+0000] {data_modification.py:32} INFO - Inserted row with Video_ID: qBiZA4QDsj0
[2026-05-31T10:45:02.657+0000] {data_modification.py:32} INFO - Inserted row with Video_ID: NeOrh4GnPZ4
[2026-05-31T10:45:02.659+0000] {data_modification.py:32} INFO - Inserted row with Video_ID: fWhfOAuOqjY
[2026-05-31T10:45:02.661+0000] {data_modification.py:32} INFO - Inserted row with Video_ID: 9Ax56oRhcZc
[2026-05-31T10:45:02.663+0000] {data_modification.py:32} INFO - Inserted row with Video_ID: -cWVrFABWHw
[2026-05-31T10:45:02.665+0000] {data_modification.py:32} INFO - Inserted row with Video_ID: z7qtJAAV5d0
[2026-05-31T10:45:02.667+0000] {data_modification.py:32} INFO - Inserted row with Video_ID: 9pk-neTrDoM
[2026-05-31T10:45:02.670+0000] {data_modification.py:32} INFO - Inserted row with Video_ID: JQscW6DfNZY
[2026-05-31T10:45:02.672+0000] {data_modification.py:32} INFO - Inserted row with Video_ID: 9smE_EiKJ8Q
[2026-05-31T10:45:02.674+0000] {data_modification.py:32} INFO - Inserted row with Video_ID: hfaPkoXeYfU
[2026-05-31T10:45:02.676+0000] {data_modification.py:32} INFO - Inserted row with Video_ID: u0hHxeWkB_o
[2026-05-31T10:45:02.678+0000] {data_modification.py:32} INFO - Inserted row with Video_ID: 64WGWubQO3I
[2026-05-31T10:45:02.680+0000] {data_modification.py:32} INFO - Inserted row with Video_ID: QJUs6CSRCFU
[2026-05-31T10:45:02.682+0000] {data_modification.py:32} INFO - Inserted row with Video_ID: Om4c4ilT_6g
[2026-05-31T10:45:02.685+0000] {data_modification.py:32} INFO - Inserted row with Video_ID: GbOfxRfHdeg
[2026-05-31T10:45:02.687+0000] {data_modification.py:32} INFO - Inserted row with Video_ID: yzxYCRDcGDs
[2026-05-31T10:45:02.689+0000] {data_modification.py:32} INFO - Inserted row with Video_ID: PCakYf_PnT0
[2026-05-31T10:45:02.691+0000] {data_modification.py:32} INFO - Inserted row with Video_ID: 8nv_ltg4RAg
[2026-05-31T10:45:02.693+0000] {data_modification.py:32} INFO - Inserted row with Video_ID: VvphlSvCyj8
[2026-05-31T10:45:02.695+0000] {data_modification.py:32} INFO - Inserted row with Video_ID: JP3v6UxI124
[2026-05-31T10:45:02.697+0000] {data_modification.py:32} INFO - Inserted row with Video_ID: jRURlbRAUhI
[2026-05-31T10:45:02.699+0000] {data_modification.py:32} INFO - Inserted row with Video_ID: I_3R9YGFlHE
[2026-05-31T10:45:02.701+0000] {data_modification.py:32} INFO - Inserted row with Video_ID: xjJJ_wDlc1E
[2026-05-31T10:45:02.703+0000] {data_modification.py:32} INFO - Inserted row with Video_ID: cqirhwhq_qM
[2026-05-31T10:45:02.705+0000] {data_modification.py:32} INFO - Inserted row with Video_ID: 3IQdDBwc42o
[2026-05-31T10:45:02.707+0000] {data_modification.py:32} INFO - Inserted row with Video_ID: 4YHnf3YepwU
[2026-05-31T10:45:02.710+0000] {data_modification.py:32} INFO - Inserted row with Video_ID: uxzBq4Y_fNw
[2026-05-31T10:45:02.712+0000] {data_modification.py:32} INFO - Inserted row with Video_ID: HIhUkvAG0o4
[2026-05-31T10:45:02.714+0000] {data_modification.py:32} INFO - Inserted row with Video_ID: cpI5lCaqZcQ
[2026-05-31T10:45:02.716+0000] {data_modification.py:32} INFO - Inserted row with Video_ID: 6zQhLOw1nw8
[2026-05-31T10:45:02.718+0000] {data_modification.py:32} INFO - Inserted row with Video_ID: mfvi_jgdVqE
[2026-05-31T10:45:02.720+0000] {data_modification.py:32} INFO - Inserted row with Video_ID: zExxMxcoJ6A
[2026-05-31T10:45:02.723+0000] {data_modification.py:32} INFO - Inserted row with Video_ID: hD_Af6W2qug
[2026-05-31T10:45:02.725+0000] {data_modification.py:32} INFO - Inserted row with Video_ID: XOtTKQujlkI
[2026-05-31T10:45:02.727+0000] {data_modification.py:32} INFO - Inserted row with Video_ID: dRqthQ2Mc_0
[2026-05-31T10:45:02.729+0000] {data_modification.py:32} INFO - Inserted row with Video_ID: 8TFq_vvO_Wg
[2026-05-31T10:45:02.732+0000] {data_modification.py:32} INFO - Inserted row with Video_ID: oo8ve4Ldpck
[2026-05-31T10:45:02.734+0000] {data_modification.py:32} INFO - Inserted row with Video_ID: sKn8Tbp2a-4
[2026-05-31T10:45:02.736+0000] {data_modification.py:32} INFO - Inserted row with Video_ID: g0IrVKXIbmE
[2026-05-31T10:45:02.739+0000] {data_modification.py:32} INFO - Inserted row with Video_ID: 2Om2M4_Kyd0
[2026-05-31T10:45:02.741+0000] {data_modification.py:32} INFO - Inserted row with Video_ID: KaaEivIqX6M
[2026-05-31T10:45:02.743+0000] {data_modification.py:32} INFO - Inserted row with Video_ID: W4gBpws7Ug8
[2026-05-31T10:45:02.745+0000] {data_modification.py:32} INFO - Inserted row with Video_ID: NT3EkjxO8hs
[2026-05-31T10:45:02.748+0000] {data_modification.py:32} INFO - Inserted row with Video_ID: syMozMiJneM
[2026-05-31T10:45:02.750+0000] {data_modification.py:32} INFO - Inserted row with Video_ID: Wt6cMjn3YLg
[2026-05-31T10:45:02.752+0000] {data_modification.py:32} INFO - Inserted row with Video_ID: OEuS7fjMlMc
[2026-05-31T10:45:02.755+0000] {data_modification.py:32} INFO - Inserted row with Video_ID: 1Pr-R2nKTY4
[2026-05-31T10:45:02.757+0000] {data_modification.py:32} INFO - Inserted row with Video_ID: QqdUhn99E-s
[2026-05-31T10:45:02.759+0000] {data_modification.py:32} INFO - Inserted row with Video_ID: 1UygJmcHUdQ
[2026-05-31T10:45:02.761+0000] {data_modification.py:32} INFO - Inserted row with Video_ID: g4DAFnZcCcQ
[2026-05-31T10:45:02.763+0000] {data_modification.py:32} INFO - Inserted row with Video_ID: LTr8cXAxy1I
[2026-05-31T10:45:02.766+0000] {data_modification.py:32} INFO - Inserted row with Video_ID: Ow3xqv7ahXo
[2026-05-31T10:45:02.768+0000] {data_modification.py:32} INFO - Inserted row with Video_ID: TRiF8PdrIP8
[2026-05-31T10:45:02.770+0000] {data_modification.py:32} INFO - Inserted row with Video_ID: NFZ_MtTvwm0
[2026-05-31T10:45:02.772+0000] {data_modification.py:32} INFO - Inserted row with Video_ID: Pgxi8dsUW-o
[2026-05-31T10:45:02.774+0000] {data_modification.py:32} INFO - Inserted row with Video_ID: YY2-jJojnOA
[2026-05-31T10:45:02.776+0000] {data_modification.py:32} INFO - Inserted row with Video_ID: 7Pogam71094
[2026-05-31T10:45:02.778+0000] {data_modification.py:32} INFO - Inserted row with Video_ID: DL0OPJ2hahc
[2026-05-31T10:45:02.780+0000] {data_modification.py:32} INFO - Inserted row with Video_ID: WwE0tR08OTU
[2026-05-31T10:45:02.783+0000] {data_modification.py:32} INFO - Inserted row with Video_ID: 2LIJtcI4dbg
[2026-05-31T10:45:02.785+0000] {data_modification.py:32} INFO - Inserted row with Video_ID: rXnaD7PU9kY
[2026-05-31T10:45:02.787+0000] {data_modification.py:32} INFO - Inserted row with Video_ID: Ng_qwlvhrJo
[2026-05-31T10:45:02.789+0000] {data_modification.py:32} INFO - Inserted row with Video_ID: bzIPun3cVsw
[2026-05-31T10:45:02.791+0000] {data_modification.py:32} INFO - Inserted row with Video_ID: miKQkeq5sbU
[2026-05-31T10:45:02.794+0000] {data_modification.py:32} INFO - Inserted row with Video_ID: Lwt_VThQIdM
[2026-05-31T10:45:02.796+0000] {data_modification.py:32} INFO - Inserted row with Video_ID: P2oPACr4uuU
[2026-05-31T10:45:02.799+0000] {data_modification.py:32} INFO - Inserted row with Video_ID: h-D6ukDcS9o
[2026-05-31T10:45:02.801+0000] {data_modification.py:32} INFO - Inserted row with Video_ID: mY77HA20MzA
[2026-05-31T10:45:02.803+0000] {data_modification.py:32} INFO - Inserted row with Video_ID: 4krBgDFycgY
[2026-05-31T10:45:02.806+0000] {data_modification.py:32} INFO - Inserted row with Video_ID: dpUxRIqbNlc
[2026-05-31T10:45:02.808+0000] {data_modification.py:32} INFO - Inserted row with Video_ID: Cp431S5z8PE
[2026-05-31T10:45:02.812+0000] {data_modification.py:32} INFO - Inserted row with Video_ID: ttLYXcza4j4
[2026-05-31T10:45:02.814+0000] {data_modification.py:32} INFO - Inserted row with Video_ID: 3-f9DEFsh4w
[2026-05-31T10:45:02.816+0000] {data_modification.py:32} INFO - Inserted row with Video_ID: vuOTP206zWM
[2026-05-31T10:45:02.818+0000] {data_modification.py:32} INFO - Inserted row with Video_ID: J590MYm0SY8
[2026-05-31T10:45:02.820+0000] {data_modification.py:32} INFO - Inserted row with Video_ID: vGB2d5cQJpY
[2026-05-31T10:45:02.822+0000] {data_modification.py:32} INFO - Inserted row with Video_ID: M94G0iKYiSM
[2026-05-31T10:45:02.824+0000] {data_modification.py:32} INFO - Inserted row with Video_ID: pGYyUssWLTA
[2026-05-31T10:45:02.826+0000] {data_modification.py:32} INFO - Inserted row with Video_ID: j7kM8G_AjuY
[2026-05-31T10:45:02.828+0000] {data_modification.py:32} INFO - Inserted row with Video_ID: deK-My3Of0o
[2026-05-31T10:45:02.830+0000] {data_modification.py:32} INFO - Inserted row with Video_ID: oB8kFFvJdhE
[2026-05-31T10:45:02.832+0000] {data_modification.py:32} INFO - Inserted row with Video_ID: X9eXa-Uzuj0
[2026-05-31T10:45:02.834+0000] {data_modification.py:32} INFO - Inserted row with Video_ID: GxTVDClFXuc
[2026-05-31T10:45:02.836+0000] {data_modification.py:32} INFO - Inserted row with Video_ID: kGaq-Qi9hoE
[2026-05-31T10:45:02.839+0000] {data_modification.py:32} INFO - Inserted row with Video_ID: 9zFfp3gzZ88
[2026-05-31T10:45:02.841+0000] {data_modification.py:32} INFO - Inserted row with Video_ID: mM2KwBYa-u4
[2026-05-31T10:45:02.843+0000] {data_modification.py:32} INFO - Inserted row with Video_ID: WAcmsAISniQ
[2026-05-31T10:45:02.845+0000] {data_modification.py:32} INFO - Inserted row with Video_ID: kqUT-s3a6tU
[2026-05-31T10:45:02.847+0000] {data_modification.py:32} INFO - Inserted row with Video_ID: NUVglXbGBfs
[2026-05-31T10:45:02.849+0000] {data_modification.py:32} INFO - Inserted row with Video_ID: T-v4b3WtPAg
[2026-05-31T10:45:02.852+0000] {data_modification.py:32} INFO - Inserted row with Video_ID: m8qGlpcfAIw
[2026-05-31T10:45:02.854+0000] {data_modification.py:32} INFO - Inserted row with Video_ID: uZPkMnv8b-o
[2026-05-31T10:45:02.856+0000] {data_modification.py:32} INFO - Inserted row with Video_ID: qVLr6SMxvJw
[2026-05-31T10:45:02.858+0000] {data_modification.py:32} INFO - Inserted row with Video_ID: 4AigP5OY8JE
[2026-05-31T10:45:02.860+0000] {data_modification.py:32} INFO - Inserted row with Video_ID: RMoFUeBVefA
[2026-05-31T10:45:02.862+0000] {data_modification.py:32} INFO - Inserted row with Video_ID: ep7S1XnuQLU
[2026-05-31T10:45:02.865+0000] {data_modification.py:32} INFO - Inserted row with Video_ID: p6bzNpgbX8Y
[2026-05-31T10:45:02.867+0000] {data_modification.py:32} INFO - Inserted row with Video_ID: 6T17licWsQ4
[2026-05-31T10:45:02.869+0000] {data_modification.py:32} INFO - Inserted row with Video_ID: 1s6UOlWdpw4
[2026-05-31T10:45:02.871+0000] {data_modification.py:32} INFO - Inserted row with Video_ID: 3LuchpUc7PU
[2026-05-31T10:45:02.874+0000] {data_modification.py:32} INFO - Inserted row with Video_ID: _f6xCA0-gAo
[2026-05-31T10:45:02.876+0000] {data_modification.py:32} INFO - Inserted row with Video_ID: lfD7kMZKuNg
[2026-05-31T10:45:02.878+0000] {data_modification.py:32} INFO - Inserted row with Video_ID: ejlkNGm82w4
[2026-05-31T10:45:02.880+0000] {data_modification.py:32} INFO - Inserted row with Video_ID: Jtj9rUqlB1Y
[2026-05-31T10:45:02.882+0000] {data_modification.py:32} INFO - Inserted row with Video_ID: ZqzFRGH_tMQ
[2026-05-31T10:45:02.885+0000] {data_modification.py:32} INFO - Inserted row with Video_ID: 94A-bsumX9A
[2026-05-31T10:45:02.887+0000] {data_modification.py:32} INFO - Inserted row with Video_ID: gYaxI_allkQ
[2026-05-31T10:45:02.889+0000] {data_modification.py:32} INFO - Inserted row with Video_ID: AjXbO2XfBkE
[2026-05-31T10:45:02.891+0000] {data_modification.py:32} INFO - Inserted row with Video_ID: ZQZzR0DUujc
[2026-05-31T10:45:02.893+0000] {data_modification.py:32} INFO - Inserted row with Video_ID: -V3-fhJQZkk
[2026-05-31T10:45:02.896+0000] {data_modification.py:32} INFO - Inserted row with Video_ID: QX0wvWGW2qg
[2026-05-31T10:45:02.898+0000] {data_modification.py:32} INFO - Inserted row with Video_ID: oODUkNQAzXU
[2026-05-31T10:45:02.900+0000] {data_modification.py:32} INFO - Inserted row with Video_ID: 2jWZtKTN6jU
[2026-05-31T10:45:02.902+0000] {data_modification.py:32} INFO - Inserted row with Video_ID: zsADECFHY8w
[2026-05-31T10:45:02.905+0000] {data_modification.py:32} INFO - Inserted row with Video_ID: Feh8o-HmthM
[2026-05-31T10:45:02.907+0000] {data_modification.py:32} INFO - Inserted row with Video_ID: 6Xv-LVYZQxk
[2026-05-31T10:45:02.910+0000] {data_modification.py:32} INFO - Inserted row with Video_ID: 8-0ZHJHp9g4
[2026-05-31T10:45:02.912+0000] {data_modification.py:32} INFO - Inserted row with Video_ID: QqIG0R-KpGk
[2026-05-31T10:45:02.914+0000] {data_modification.py:32} INFO - Inserted row with Video_ID: qENpZBzgaUM
[2026-05-31T10:45:02.916+0000] {data_modification.py:32} INFO - Inserted row with Video_ID: 4DYBVA4884Y
[2026-05-31T10:45:02.919+0000] {data_modification.py:32} INFO - Inserted row with Video_ID: skEf9R0TXkM
[2026-05-31T10:45:02.921+0000] {data_modification.py:32} INFO - Inserted row with Video_ID: CnMv_zTXZ38
[2026-05-31T10:45:02.923+0000] {data_modification.py:32} INFO - Inserted row with Video_ID: bEIK5ni_Pzs
[2026-05-31T10:45:02.926+0000] {data_modification.py:32} INFO - Inserted row with Video_ID: _oZyp4mTzSQ
[2026-05-31T10:45:02.928+0000] {data_modification.py:32} INFO - Inserted row with Video_ID: is1LSWbssuA
[2026-05-31T10:45:02.930+0000] {data_modification.py:32} INFO - Inserted row with Video_ID: XR_q9_LEKuc
[2026-05-31T10:45:02.933+0000] {data_modification.py:32} INFO - Inserted row with Video_ID: X9UiBpDHW3w
[2026-05-31T10:45:02.935+0000] {data_modification.py:32} INFO - Inserted row with Video_ID: PRU47AuQF2M
[2026-05-31T10:45:02.937+0000] {data_modification.py:32} INFO - Inserted row with Video_ID: Y3Rxgf5_R_I
[2026-05-31T10:45:02.939+0000] {data_modification.py:32} INFO - Inserted row with Video_ID: R6zuvKbvKyU
[2026-05-31T10:45:02.942+0000] {data_modification.py:32} INFO - Inserted row with Video_ID: yCKe65Nvp0Q
[2026-05-31T10:45:02.944+0000] {data_modification.py:32} INFO - Inserted row with Video_ID: XBe57FyB2xU
[2026-05-31T10:45:02.946+0000] {data_modification.py:32} INFO - Inserted row with Video_ID: zpCwHwWgbsI
[2026-05-31T10:45:02.949+0000] {data_modification.py:32} INFO - Inserted row with Video_ID: lh61MVUxJt0
[2026-05-31T10:45:02.951+0000] {data_modification.py:32} INFO - Inserted row with Video_ID: yWnmEPgLroQ
[2026-05-31T10:45:02.953+0000] {data_modification.py:32} INFO - Inserted row with Video_ID: eBklqeeIu10
[2026-05-31T10:45:02.955+0000] {data_modification.py:32} INFO - Inserted row with Video_ID: SgMydsOucFg
[2026-05-31T10:45:02.957+0000] {data_modification.py:32} INFO - Inserted row with Video_ID: jPm3hRiMKuU
[2026-05-31T10:45:02.959+0000] {data_modification.py:32} INFO - Inserted row with Video_ID: OweuuinkVZI
[2026-05-31T10:45:02.962+0000] {data_modification.py:32} INFO - Inserted row with Video_ID: 7Pr0HP-Trgk
[2026-05-31T10:45:02.964+0000] {data_modification.py:32} INFO - Inserted row with Video_ID: UEK0fYAqMss
[2026-05-31T10:45:02.966+0000] {data_modification.py:32} INFO - Inserted row with Video_ID: lRznKN2oPUc
[2026-05-31T10:45:02.968+0000] {data_modification.py:32} INFO - Inserted row with Video_ID: IDrS_TrjuK4
[2026-05-31T10:45:02.970+0000] {data_modification.py:32} INFO - Inserted row with Video_ID: J1lhxfZtR3M
[2026-05-31T10:45:02.972+0000] {data_modification.py:32} INFO - Inserted row with Video_ID: b_o8cz0ZNdk
[2026-05-31T10:45:02.974+0000] {data_modification.py:32} INFO - Inserted row with Video_ID: i5dhcAxO25Q
[2026-05-31T10:45:02.977+0000] {data_modification.py:32} INFO - Inserted row with Video_ID: -o_8CDbFMJ0
[2026-05-31T10:45:02.979+0000] {data_modification.py:32} INFO - Inserted row with Video_ID: v5J1Cycn3s8
[2026-05-31T10:45:02.981+0000] {data_modification.py:32} INFO - Inserted row with Video_ID: YJiqYG-Mylk
[2026-05-31T10:45:02.983+0000] {data_modification.py:32} INFO - Inserted row with Video_ID: jGE1sUTeR5g
[2026-05-31T10:45:02.985+0000] {data_modification.py:32} INFO - Inserted row with Video_ID: 0tZCQ25fsoI
[2026-05-31T10:45:02.988+0000] {data_modification.py:32} INFO - Inserted row with Video_ID: N9jTogPwqVY
[2026-05-31T10:45:02.990+0000] {data_modification.py:32} INFO - Inserted row with Video_ID: yyJ7xEcENNI
[2026-05-31T10:45:02.992+0000] {data_modification.py:32} INFO - Inserted row with Video_ID: 3rJgCGMPEqA
[2026-05-31T10:45:02.995+0000] {data_modification.py:32} INFO - Inserted row with Video_ID: 7isfkomGg7o
[2026-05-31T10:45:02.997+0000] {data_modification.py:32} INFO - Inserted row with Video_ID: UCYefSGBP00
[2026-05-31T10:45:02.999+0000] {data_modification.py:32} INFO - Inserted row with Video_ID: dvdGkRK5a_0
[2026-05-31T10:45:03.001+0000] {data_modification.py:32} INFO - Inserted row with Video_ID: X7doE4h6W64
[2026-05-31T10:45:03.004+0000] {data_modification.py:32} INFO - Inserted row with Video_ID: GhppzOzN3MM
[2026-05-31T10:45:03.006+0000] {data_modification.py:32} INFO - Inserted row with Video_ID: QkXDatNdL4U
[2026-05-31T10:45:03.008+0000] {data_modification.py:32} INFO - Inserted row with Video_ID: hyt2t4r8lQ4
[2026-05-31T10:45:03.010+0000] {data_modification.py:32} INFO - Inserted row with Video_ID: -mlok5iT3GE
[2026-05-31T10:45:03.012+0000] {data_modification.py:32} INFO - Inserted row with Video_ID: STvOHHgJ1sQ
[2026-05-31T10:45:03.014+0000] {data_modification.py:32} INFO - Inserted row with Video_ID: 2-ErX5oDzwM
[2026-05-31T10:45:03.016+0000] {data_modification.py:32} INFO - Inserted row with Video_ID: 7ytYV-tVIvg
[2026-05-31T10:45:03.018+0000] {data_modification.py:32} INFO - Inserted row with Video_ID: ELIoOUKSOJQ
[2026-05-31T10:45:03.021+0000] {data_modification.py:32} INFO - Inserted row with Video_ID: uAoayezOaug
[2026-05-31T10:45:03.023+0000] {data_modification.py:32} INFO - Inserted row with Video_ID: Vr2337tCLCI
[2026-05-31T10:45:03.025+0000] {data_modification.py:32} INFO - Inserted row with Video_ID: NV7qmqbS8tM
[2026-05-31T10:45:03.027+0000] {data_modification.py:32} INFO - Inserted row with Video_ID: U9c-ycvw02A
[2026-05-31T10:45:03.030+0000] {data_modification.py:32} INFO - Inserted row with Video_ID: GfgcVOuHLAo
[2026-05-31T10:45:03.032+0000] {data_modification.py:32} INFO - Inserted row with Video_ID: zi7tZ-2PhLk
[2026-05-31T10:45:03.034+0000] {data_modification.py:32} INFO - Inserted row with Video_ID: TacjQmKCiZg
[2026-05-31T10:45:03.036+0000] {data_modification.py:32} INFO - Inserted row with Video_ID: AIytwdufwW8
[2026-05-31T10:45:03.038+0000] {data_modification.py:32} INFO - Inserted row with Video_ID: KLAI0c0Spog
[2026-05-31T10:45:03.040+0000] {data_modification.py:32} INFO - Inserted row with Video_ID: UVin8WtE5eU
[2026-05-31T10:45:03.042+0000] {data_modification.py:32} INFO - Inserted row with Video_ID: wNuxirsrwBk
[2026-05-31T10:45:03.044+0000] {data_modification.py:32} INFO - Inserted row with Video_ID: 6bxZpS0cm5o
[2026-05-31T10:45:03.047+0000] {data_modification.py:32} INFO - Inserted row with Video_ID: ajJbMGq9AS4
[2026-05-31T10:45:03.051+0000] {data_modification.py:32} INFO - Inserted row with Video_ID: UXw9jqgJNNc
[2026-05-31T10:45:03.054+0000] {data_modification.py:32} INFO - Inserted row with Video_ID: E3CqKvlzl-I
[2026-05-31T10:45:03.056+0000] {data_modification.py:32} INFO - Inserted row with Video_ID: zfDr05ax0gM
[2026-05-31T10:45:03.058+0000] {data_modification.py:32} INFO - Inserted row with Video_ID: 56OkH6ocYZU
[2026-05-31T10:45:03.060+0000] {data_modification.py:32} INFO - Inserted row with Video_ID: w40Z8aT5fpQ
[2026-05-31T10:45:03.062+0000] {data_modification.py:32} INFO - Inserted row with Video_ID: zgDezsMQyyU
[2026-05-31T10:45:03.064+0000] {data_modification.py:32} INFO - Inserted row with Video_ID: UEwnitHoSDw
[2026-05-31T10:45:03.066+0000] {data_modification.py:32} INFO - Inserted row with Video_ID: __SaaKSW9iE
[2026-05-31T10:45:03.068+0000] {data_modification.py:32} INFO - Inserted row with Video_ID: qWnyJ55KBKo
[2026-05-31T10:45:03.071+0000] {data_modification.py:32} INFO - Inserted row with Video_ID: 52awie9G00A
[2026-05-31T10:45:03.073+0000] {data_modification.py:32} INFO - Inserted row with Video_ID: bB99NdUoxEQ
[2026-05-31T10:45:03.075+0000] {data_modification.py:32} INFO - Inserted row with Video_ID: 7GjSaNi8Epg
[2026-05-31T10:45:03.078+0000] {data_modification.py:32} INFO - Inserted row with Video_ID: h5uE4ERMiTk
[2026-05-31T10:45:03.080+0000] {data_modification.py:32} INFO - Inserted row with Video_ID: umRLkCrmwcs
[2026-05-31T10:45:03.082+0000] {data_modification.py:32} INFO - Inserted row with Video_ID: rHoLyltYDtQ
[2026-05-31T10:45:03.084+0000] {data_modification.py:32} INFO - Inserted row with Video_ID: yeHjsYQ076A
[2026-05-31T10:45:03.087+0000] {data_modification.py:32} INFO - Inserted row with Video_ID: pqrdPu2ESFo
[2026-05-31T10:45:03.089+0000] {data_modification.py:32} INFO - Inserted row with Video_ID: ywZy_Fo2ydo
[2026-05-31T10:45:03.091+0000] {data_modification.py:32} INFO - Inserted row with Video_ID: qr4v9pdfVlU
[2026-05-31T10:45:03.094+0000] {data_modification.py:32} INFO - Inserted row with Video_ID: hgiPX33AHas
[2026-05-31T10:45:03.096+0000] {data_modification.py:32} INFO - Inserted row with Video_ID: oZ-Mn5p1xMw
[2026-05-31T10:45:03.098+0000] {data_modification.py:32} INFO - Inserted row with Video_ID: 5UPa_hu5opg
[2026-05-31T10:45:03.100+0000] {data_modification.py:32} INFO - Inserted row with Video_ID: zv_oq5UNDAo
[2026-05-31T10:45:03.102+0000] {data_modification.py:32} INFO - Inserted row with Video_ID: NiqkH7qVW0U
[2026-05-31T10:45:03.104+0000] {data_modification.py:32} INFO - Inserted row with Video_ID: boBokLXe5o8
[2026-05-31T10:45:03.106+0000] {data_modification.py:32} INFO - Inserted row with Video_ID: 7YOzgk-U4EU
[2026-05-31T10:45:03.108+0000] {data_modification.py:32} INFO - Inserted row with Video_ID: prdSftLj9-g
[2026-05-31T10:45:03.110+0000] {data_modification.py:32} INFO - Inserted row with Video_ID: pzlPJmNyepA
[2026-05-31T10:45:03.112+0000] {data_modification.py:32} INFO - Inserted row with Video_ID: QNoqAnJOSqU
[2026-05-31T10:45:03.114+0000] {data_modification.py:32} INFO - Inserted row with Video_ID: kzIA4vKyhRQ
[2026-05-31T10:45:03.116+0000] {data_modification.py:32} INFO - Inserted row with Video_ID: DfonKqMENrg
[2026-05-31T10:45:03.119+0000] {data_modification.py:32} INFO - Inserted row with Video_ID: MUQCwdkEbq0
[2026-05-31T10:45:03.121+0000] {data_modification.py:32} INFO - Inserted row with Video_ID: JlUzoQN9FWw
[2026-05-31T10:45:03.123+0000] {data_modification.py:32} INFO - Inserted row with Video_ID: 0VjLq-go1fg
[2026-05-31T10:45:03.125+0000] {data_modification.py:32} INFO - Inserted row with Video_ID: uCIpW9zOmgI
[2026-05-31T10:45:03.127+0000] {data_modification.py:32} INFO - Inserted row with Video_ID: Z0Poefgrs4w
[2026-05-31T10:45:03.129+0000] {data_modification.py:32} INFO - Inserted row with Video_ID: MLN6TRB9Jxw
[2026-05-31T10:45:03.131+0000] {data_modification.py:32} INFO - Inserted row with Video_ID: vZrL_FFITgs
[2026-05-31T10:45:03.134+0000] {data_modification.py:32} INFO - Inserted row with Video_ID: L7lGD_anC00
[2026-05-31T10:45:03.136+0000] {data_modification.py:32} INFO - Inserted row with Video_ID: xu1nhAfnMGA
[2026-05-31T10:45:03.139+0000] {data_modification.py:32} INFO - Inserted row with Video_ID: D1livXdFGkQ
[2026-05-31T10:45:03.141+0000] {data_modification.py:32} INFO - Inserted row with Video_ID: bwp_3qLgWpQ
[2026-05-31T10:45:03.143+0000] {data_modification.py:32} INFO - Inserted row with Video_ID: tZpnfF0-7Ls
[2026-05-31T10:45:03.146+0000] {data_modification.py:32} INFO - Inserted row with Video_ID: BwAMltY3-c0
[2026-05-31T10:45:03.148+0000] {data_modification.py:32} INFO - Inserted row with Video_ID: 7HBR3Ea72CY
[2026-05-31T10:45:03.150+0000] {data_modification.py:32} INFO - Inserted row with Video_ID: Ds9H2UnUHL0
[2026-05-31T10:45:03.152+0000] {data_modification.py:32} INFO - Inserted row with Video_ID: iqUFeWAVp-0
[2026-05-31T10:45:03.155+0000] {data_modification.py:32} INFO - Inserted row with Video_ID: W2skFWRk6qo
[2026-05-31T10:45:03.157+0000] {data_modification.py:32} INFO - Inserted row with Video_ID: X_qd-1xSTFA
[2026-05-31T10:45:03.159+0000] {data_modification.py:32} INFO - Inserted row with Video_ID: VWa0ImMY2bQ
[2026-05-31T10:45:03.161+0000] {data_modification.py:32} INFO - Inserted row with Video_ID: fEcASr38n2E
[2026-05-31T10:45:03.164+0000] {data_modification.py:32} INFO - Inserted row with Video_ID: udmf5MQLNGA
[2026-05-31T10:45:03.166+0000] {data_modification.py:32} INFO - Inserted row with Video_ID: 0dg2eR2NSQ0
[2026-05-31T10:45:03.168+0000] {data_modification.py:32} INFO - Inserted row with Video_ID: 6BNOWeYFyP8
[2026-05-31T10:45:03.170+0000] {data_modification.py:32} INFO - Inserted row with Video_ID: LDegY-H60_U
[2026-05-31T10:45:03.172+0000] {data_modification.py:32} INFO - Inserted row with Video_ID: D51HaR-XvgM
[2026-05-31T10:45:03.175+0000] {data_modification.py:32} INFO - Inserted row with Video_ID: Rio7r_vLUEo
[2026-05-31T10:45:03.177+0000] {data_modification.py:32} INFO - Inserted row with Video_ID: 8E5Ygl02wtM
[2026-05-31T10:45:03.179+0000] {data_modification.py:32} INFO - Inserted row with Video_ID: moMJjt5KECc
[2026-05-31T10:45:03.181+0000] {data_modification.py:32} INFO - Inserted row with Video_ID: OffgqPzDi7Q
[2026-05-31T10:45:03.184+0000] {data_modification.py:32} INFO - Inserted row with Video_ID: B_7uD3B62MM
[2026-05-31T10:45:03.186+0000] {data_modification.py:32} INFO - Inserted row with Video_ID: bA20RJcegOI
[2026-05-31T10:45:03.188+0000] {data_modification.py:32} INFO - Inserted row with Video_ID: NbHwVDt9Rjk
[2026-05-31T10:45:03.190+0000] {data_modification.py:32} INFO - Inserted row with Video_ID: VzsE09KjpKA
[2026-05-31T10:45:03.192+0000] {data_modification.py:32} INFO - Inserted row with Video_ID: HduubRTdko4
[2026-05-31T10:45:03.195+0000] {data_modification.py:32} INFO - Inserted row with Video_ID: qFOGv5zuTdw
[2026-05-31T10:45:03.197+0000] {data_modification.py:32} INFO - Inserted row with Video_ID: u6t4jrhs56Q
[2026-05-31T10:45:03.199+0000] {data_modification.py:32} INFO - Inserted row with Video_ID: 460GXJiGCEs
[2026-05-31T10:45:03.201+0000] {data_modification.py:32} INFO - Inserted row with Video_ID: ZiuoOcj2eLY
[2026-05-31T10:45:03.203+0000] {data_modification.py:32} INFO - Inserted row with Video_ID: LYK6SPMtJ_Y
[2026-05-31T10:45:03.205+0000] {data_modification.py:32} INFO - Inserted row with Video_ID: 2ljWxaMvE_0
[2026-05-31T10:45:03.208+0000] {data_modification.py:32} INFO - Inserted row with Video_ID: rSuuQ_s8gOw
[2026-05-31T10:45:03.210+0000] {data_modification.py:32} INFO - Inserted row with Video_ID: vKKhX-Uyggw
[2026-05-31T10:45:03.212+0000] {data_modification.py:32} INFO - Inserted row with Video_ID: EAwXH82m-6A
[2026-05-31T10:45:03.214+0000] {data_modification.py:32} INFO - Inserted row with Video_ID: U_07AG_CR5A
[2026-05-31T10:45:03.216+0000] {data_modification.py:32} INFO - Inserted row with Video_ID: Xe0AGtF5aNU
[2026-05-31T10:45:03.219+0000] {data_modification.py:32} INFO - Inserted row with Video_ID: NCv0drAPm_M
[2026-05-31T10:45:03.221+0000] {data_modification.py:32} INFO - Inserted row with Video_ID: HuLAAXZXIy0
[2026-05-31T10:45:03.223+0000] {data_modification.py:32} INFO - Inserted row with Video_ID: pV7UcYW1OwA
[2026-05-31T10:45:03.225+0000] {data_modification.py:32} INFO - Inserted row with Video_ID: x4IXCimma-s
[2026-05-31T10:45:03.227+0000] {data_modification.py:32} INFO - Inserted row with Video_ID: anZbhN0Wh_4
[2026-05-31T10:45:03.229+0000] {data_modification.py:32} INFO - Inserted row with Video_ID: 3Q3pQmzWyZM
[2026-05-31T10:45:03.231+0000] {data_modification.py:32} INFO - Inserted row with Video_ID: BqS4iVHa-LU
[2026-05-31T10:45:03.234+0000] {data_modification.py:32} INFO - Inserted row with Video_ID: zX04jQFKCpo
[2026-05-31T10:45:03.236+0000] {data_modification.py:32} INFO - Inserted row with Video_ID: G7Y9ban7b0U
[2026-05-31T10:45:03.238+0000] {data_modification.py:32} INFO - Inserted row with Video_ID: EMVvA5Cr0fY
[2026-05-31T10:45:03.240+0000] {data_modification.py:32} INFO - Inserted row with Video_ID: e14MroQ5k_s
[2026-05-31T10:45:03.243+0000] {data_modification.py:32} INFO - Inserted row with Video_ID: CuzdxsOXEZ8
[2026-05-31T10:45:03.246+0000] {data_modification.py:32} INFO - Inserted row with Video_ID: 67Wj-0OyKOM
[2026-05-31T10:45:03.249+0000] {data_modification.py:32} INFO - Inserted row with Video_ID: LWstCINhd8g
[2026-05-31T10:45:03.251+0000] {data_modification.py:32} INFO - Inserted row with Video_ID: dg6iqLCPizs
[2026-05-31T10:45:03.253+0000] {data_modification.py:32} INFO - Inserted row with Video_ID: cRPldarzw-M
[2026-05-31T10:45:03.255+0000] {data_modification.py:32} INFO - Inserted row with Video_ID: -rdYtmUejSE
[2026-05-31T10:45:03.258+0000] {data_modification.py:32} INFO - Inserted row with Video_ID: tusuuI7MEJU
[2026-05-31T10:45:03.260+0000] {data_modification.py:32} INFO - Inserted row with Video_ID: XDe5f8BEvwY
[2026-05-31T10:45:03.263+0000] {data_modification.py:32} INFO - Inserted row with Video_ID: BtCGABBPH9s
[2026-05-31T10:45:03.265+0000] {data_modification.py:32} INFO - Inserted row with Video_ID: KJ_C_NSl0P8
[2026-05-31T10:45:03.267+0000] {data_modification.py:32} INFO - Inserted row with Video_ID: LI8nWXeYtOs
[2026-05-31T10:45:03.270+0000] {data_modification.py:32} INFO - Inserted row with Video_ID: LMe7k8I082w
[2026-05-31T10:45:03.272+0000] {data_modification.py:32} INFO - Inserted row with Video_ID: h77pHTSPSiw
[2026-05-31T10:45:03.274+0000] {data_modification.py:32} INFO - Inserted row with Video_ID: JUiijjJOInw
[2026-05-31T10:45:03.277+0000] {data_modification.py:32} INFO - Inserted row with Video_ID: gpbY6zCEBv4
[2026-05-31T10:45:03.279+0000] {data_modification.py:32} INFO - Inserted row with Video_ID: Kgu2ApayYvI
[2026-05-31T10:45:03.281+0000] {data_modification.py:32} INFO - Inserted row with Video_ID: S9PIukDRcvk
[2026-05-31T10:45:03.283+0000] {data_modification.py:32} INFO - Inserted row with Video_ID: lrw3zkGS9Vc
[2026-05-31T10:45:03.286+0000] {data_modification.py:32} INFO - Inserted row with Video_ID: IQYW_lVBYGo
[2026-05-31T10:45:03.288+0000] {data_modification.py:32} INFO - Inserted row with Video_ID: iOjxpow6jow
[2026-05-31T10:45:03.290+0000] {data_modification.py:32} INFO - Inserted row with Video_ID: GdD2pqAdjXY
[2026-05-31T10:45:03.292+0000] {data_modification.py:32} INFO - Inserted row with Video_ID: nmHCmLVLxcU
[2026-05-31T10:45:03.295+0000] {data_modification.py:32} INFO - Inserted row with Video_ID: TZPlDuYrcDQ
[2026-05-31T10:45:03.297+0000] {data_modification.py:32} INFO - Inserted row with Video_ID: Oub4nMrNTqQ
[2026-05-31T10:45:03.299+0000] {data_modification.py:32} INFO - Inserted row with Video_ID: h5Z36IuyrKc
[2026-05-31T10:45:03.301+0000] {data_modification.py:32} INFO - Inserted row with Video_ID: 2IGxSOfsBok
[2026-05-31T10:45:03.304+0000] {data_modification.py:32} INFO - Inserted row with Video_ID: ZxkLCq49Tvk
[2026-05-31T10:45:03.306+0000] {data_modification.py:32} INFO - Inserted row with Video_ID: smDPnIdlkhM
[2026-05-31T10:45:03.308+0000] {data_modification.py:32} INFO - Inserted row with Video_ID: DjMYkWCEan8
[2026-05-31T10:45:03.311+0000] {data_modification.py:32} INFO - Inserted row with Video_ID: 3nn_skHgkqI
[2026-05-31T10:45:03.313+0000] {data_modification.py:32} INFO - Inserted row with Video_ID: A8IkOqb_7Yg
[2026-05-31T10:45:03.315+0000] {data_modification.py:32} INFO - Inserted row with Video_ID: hHl_YMivv3c
[2026-05-31T10:45:03.317+0000] {data_modification.py:32} INFO - Inserted row with Video_ID: 7mLSbgyjM0g
[2026-05-31T10:45:03.320+0000] {data_modification.py:32} INFO - Inserted row with Video_ID: TGKkMl17Htg
[2026-05-31T10:45:03.322+0000] {data_modification.py:32} INFO - Inserted row with Video_ID: Qw3eFnsSdlQ
[2026-05-31T10:45:03.324+0000] {data_modification.py:32} INFO - Inserted row with Video_ID: KcNCJ1mgt14
[2026-05-31T10:45:03.326+0000] {data_modification.py:32} INFO - Inserted row with Video_ID: A4lp4FRCo6o
[2026-05-31T10:45:03.328+0000] {data_modification.py:32} INFO - Inserted row with Video_ID: WYKZz3Zygdc
[2026-05-31T10:45:03.331+0000] {data_modification.py:32} INFO - Inserted row with Video_ID: 5U2fmvh9_Is
[2026-05-31T10:45:03.333+0000] {data_modification.py:32} INFO - Inserted row with Video_ID: xvIpibLjs5k
[2026-05-31T10:45:03.336+0000] {data_modification.py:32} INFO - Inserted row with Video_ID: jlpAON0ePME
[2026-05-31T10:45:03.338+0000] {data_modification.py:32} INFO - Inserted row with Video_ID: sfp0a6zDoNQ
[2026-05-31T10:45:03.340+0000] {data_modification.py:32} INFO - Inserted row with Video_ID: RaDRWNz3Al4
[2026-05-31T10:45:03.342+0000] {data_modification.py:32} INFO - Inserted row with Video_ID: Ms9MGkEm4mg
[2026-05-31T10:45:03.345+0000] {data_modification.py:32} INFO - Inserted row with Video_ID: 90wWStXJX5c
[2026-05-31T10:45:03.347+0000] {data_modification.py:32} INFO - Inserted row with Video_ID: ruSVy-u2DzM
[2026-05-31T10:45:03.349+0000] {data_modification.py:32} INFO - Inserted row with Video_ID: pP1KMQb51GA
[2026-05-31T10:45:03.352+0000] {data_modification.py:32} INFO - Inserted row with Video_ID: dPxAFqs2eYE
[2026-05-31T10:45:03.354+0000] {data_modification.py:32} INFO - Inserted row with Video_ID: p-KVD5rA_Cw
[2026-05-31T10:45:03.356+0000] {data_modification.py:32} INFO - Inserted row with Video_ID: JdCgkcb1iwQ
[2026-05-31T10:45:03.358+0000] {data_modification.py:32} INFO - Inserted row with Video_ID: 7anhkLPRk-A
[2026-05-31T10:45:03.360+0000] {data_modification.py:32} INFO - Inserted row with Video_ID: XVMY7B3AzWM
[2026-05-31T10:45:03.362+0000] {data_modification.py:32} INFO - Inserted row with Video_ID: QXag-irFHxE
[2026-05-31T10:45:03.364+0000] {data_modification.py:32} INFO - Inserted row with Video_ID: vBEGODNmdas
[2026-05-31T10:45:03.368+0000] {data_modification.py:32} INFO - Inserted row with Video_ID: v3tbnlc5cfo
[2026-05-31T10:45:03.370+0000] {data_modification.py:32} INFO - Inserted row with Video_ID: ObYLL97-SBA
[2026-05-31T10:45:03.372+0000] {data_modification.py:32} INFO - Inserted row with Video_ID: IaR7P4-wFK8
[2026-05-31T10:45:03.374+0000] {data_modification.py:32} INFO - Inserted row with Video_ID: v1ELS84GQu8
[2026-05-31T10:45:03.377+0000] {data_modification.py:32} INFO - Inserted row with Video_ID: ctJORnOjbrQ
[2026-05-31T10:45:03.379+0000] {data_modification.py:32} INFO - Inserted row with Video_ID: -hrPQFaDVKQ
[2026-05-31T10:45:03.381+0000] {data_modification.py:32} INFO - Inserted row with Video_ID: bIZ5_L1ru2w
[2026-05-31T10:45:03.383+0000] {data_modification.py:32} INFO - Inserted row with Video_ID: yyssjJEJMt4
[2026-05-31T10:45:03.385+0000] {data_modification.py:32} INFO - Inserted row with Video_ID: 2bwPntvb90U
[2026-05-31T10:45:03.387+0000] {data_modification.py:32} INFO - Inserted row with Video_ID: Wz1VHTZq16c
[2026-05-31T10:45:03.389+0000] {data_modification.py:32} INFO - Inserted row with Video_ID: Cs-kyTJso-A
[2026-05-31T10:45:03.392+0000] {data_modification.py:32} INFO - Inserted row with Video_ID: jkqd-oc0F00
[2026-05-31T10:45:03.394+0000] {data_modification.py:32} INFO - Inserted row with Video_ID: mVkT6Cd9SoI
[2026-05-31T10:45:03.396+0000] {data_modification.py:32} INFO - Inserted row with Video_ID: rffyxTTNkyk
[2026-05-31T10:45:03.398+0000] {data_modification.py:32} INFO - Inserted row with Video_ID: OOesLeO6-pc
[2026-05-31T10:45:03.400+0000] {data_modification.py:32} INFO - Inserted row with Video_ID: Q5lcjP6XlHw
[2026-05-31T10:45:03.403+0000] {data_modification.py:32} INFO - Inserted row with Video_ID: sE3ZZmYotSs
[2026-05-31T10:45:03.405+0000] {data_modification.py:32} INFO - Inserted row with Video_ID: pUwUAtmBKxw
[2026-05-31T10:45:03.407+0000] {data_modification.py:32} INFO - Inserted row with Video_ID: p5rGgPZtjDw
[2026-05-31T10:45:03.409+0000] {data_modification.py:32} INFO - Inserted row with Video_ID: bWDmDsdvoBs
[2026-05-31T10:45:03.411+0000] {data_modification.py:32} INFO - Inserted row with Video_ID: OJA1QK-j-Oo
[2026-05-31T10:45:03.413+0000] {data_modification.py:32} INFO - Inserted row with Video_ID: KL1X8NsVGd0
[2026-05-31T10:45:03.415+0000] {data_modification.py:32} INFO - Inserted row with Video_ID: q2HoSwCMcZw
[2026-05-31T10:45:03.418+0000] {data_modification.py:32} INFO - Inserted row with Video_ID: RRknlgRqOds
[2026-05-31T10:45:03.420+0000] {data_modification.py:32} INFO - Inserted row with Video_ID: j93M46a-W3U
[2026-05-31T10:45:03.422+0000] {data_modification.py:32} INFO - Inserted row with Video_ID: uqjfMNEWNIg
[2026-05-31T10:45:03.424+0000] {data_modification.py:32} INFO - Inserted row with Video_ID: X-g9aT2wFjM
[2026-05-31T10:45:03.426+0000] {data_modification.py:32} INFO - Inserted row with Video_ID: pHKlrJeKmjA
[2026-05-31T10:45:03.429+0000] {data_modification.py:32} INFO - Inserted row with Video_ID: C82suucz4i4
[2026-05-31T10:45:03.431+0000] {data_modification.py:32} INFO - Inserted row with Video_ID: H_DYlka7QAQ
[2026-05-31T10:45:03.433+0000] {data_modification.py:32} INFO - Inserted row with Video_ID: ov0KQthQ50U
[2026-05-31T10:45:03.436+0000] {data_modification.py:32} INFO - Inserted row with Video_ID: MC-7ziNt_U4
[2026-05-31T10:45:03.438+0000] {data_modification.py:32} INFO - Inserted row with Video_ID: PNsF1Uh5yP8
[2026-05-31T10:45:03.440+0000] {data_modification.py:32} INFO - Inserted row with Video_ID: 9Y2sAtN5yRs
[2026-05-31T10:45:03.443+0000] {data_modification.py:32} INFO - Inserted row with Video_ID: -z349CGAOXs
[2026-05-31T10:45:03.445+0000] {data_modification.py:32} INFO - Inserted row with Video_ID: pl4xmh3RWfE
[2026-05-31T10:45:03.448+0000] {data_modification.py:32} INFO - Inserted row with Video_ID: 6z5RwrvnH28
[2026-05-31T10:45:03.450+0000] {data_modification.py:32} INFO - Inserted row with Video_ID: ivdQqobHDPc
[2026-05-31T10:45:03.453+0000] {data_modification.py:32} INFO - Inserted row with Video_ID: uUIlb2rpIuY
[2026-05-31T10:45:03.455+0000] {data_modification.py:32} INFO - Inserted row with Video_ID: Ros1PpcO5Js
[2026-05-31T10:45:03.458+0000] {data_modification.py:32} INFO - Inserted row with Video_ID: KYv1nqutbK0
[2026-05-31T10:45:03.460+0000] {data_modification.py:32} INFO - Inserted row with Video_ID: 7Yi-ctyTNU4
[2026-05-31T10:45:03.463+0000] {data_modification.py:32} INFO - Inserted row with Video_ID: VN2-3OfUzd8
[2026-05-31T10:45:03.465+0000] {data_modification.py:32} INFO - Inserted row with Video_ID: -2IFrMOM36w
[2026-05-31T10:45:03.468+0000] {data_modification.py:32} INFO - Inserted row with Video_ID: 7dIFHQkrASM
[2026-05-31T10:45:03.470+0000] {data_modification.py:32} INFO - Inserted row with Video_ID: QicO1Gd0kvU
[2026-05-31T10:45:03.472+0000] {data_modification.py:32} INFO - Inserted row with Video_ID: yFfcsmK2TOA
[2026-05-31T10:45:03.475+0000] {data_modification.py:32} INFO - Inserted row with Video_ID: Jl0-6tbNGBo
[2026-05-31T10:45:03.477+0000] {data_modification.py:32} INFO - Inserted row with Video_ID: IAbX0FwX-GY
[2026-05-31T10:45:03.479+0000] {data_modification.py:32} INFO - Inserted row with Video_ID: XKSJRulqDNA
[2026-05-31T10:45:03.482+0000] {data_modification.py:32} INFO - Inserted row with Video_ID: jysfHFHNjYQ
[2026-05-31T10:45:03.484+0000] {data_modification.py:32} INFO - Inserted row with Video_ID: Yox25V8Qsm4
[2026-05-31T10:45:03.486+0000] {data_modification.py:32} INFO - Inserted row with Video_ID: clcN3OA8SNw
[2026-05-31T10:45:03.489+0000] {data_modification.py:32} INFO - Inserted row with Video_ID: m3lTwO0aNyw
[2026-05-31T10:45:03.491+0000] {data_modification.py:32} INFO - Inserted row with Video_ID: gchqnwXlxJw
[2026-05-31T10:45:03.493+0000] {data_modification.py:32} INFO - Inserted row with Video_ID: atCPtw4dg7g
[2026-05-31T10:45:03.496+0000] {data_modification.py:32} INFO - Inserted row with Video_ID: t8aM4HuVLrQ
[2026-05-31T10:45:03.498+0000] {data_modification.py:32} INFO - Inserted row with Video_ID: M82VAcabSiA
[2026-05-31T10:45:03.500+0000] {data_modification.py:32} INFO - Inserted row with Video_ID: 7qj3nuF9Dzw
[2026-05-31T10:45:03.502+0000] {data_modification.py:32} INFO - Inserted row with Video_ID: Y74b7WlcEpk
[2026-05-31T10:45:03.504+0000] {data_modification.py:32} INFO - Inserted row with Video_ID: Z8nEEdXTaX0
[2026-05-31T10:45:03.507+0000] {data_modification.py:32} INFO - Inserted row with Video_ID: jP82d277Cc8
[2026-05-31T10:45:03.509+0000] {data_modification.py:32} INFO - Inserted row with Video_ID: 2XVcLrB7B3Y
[2026-05-31T10:45:03.509+0000] {dwh.py:53} INFO - staging table update completed
[2026-05-31T10:45:03.510+0000] {python.py:237} INFO - Done. Returned value was: None
[2026-05-31T10:45:03.511+0000] {taskinstance.py:441} INFO - ::group::Post task execution logs
[2026-05-31T10:45:03.518+0000] {taskinstance.py:1206} INFO - Marking task as SUCCESS. dag_id=update_db, task_id=staging_table, run_id=manual__2026-05-31T10:45:00.450494+00:00, execution_date=20260531T104500, start_date=20260531T104501, end_date=20260531T104503
[2026-05-31T10:45:03.560+0000] {local_task_job_runner.py:240} INFO - Task exited with return code 0
[2026-05-31T10:45:03.573+0000] {taskinstance.py:3503} INFO - 1 downstream tasks scheduled from follow-on schedule check
[2026-05-31T10:45:03.577+0000] {local_task_job_runner.py:222} INFO - ::endgroup::
