[2026-05-28T06:48:34.133+0000] {processor.py:161} INFO - Started process (PID=164) to work on /opt/airflow/dags/main.py
[2026-05-28T06:48:34.134+0000] {processor.py:830} INFO - Processing file /opt/airflow/dags/main.py for tasks to queue
[2026-05-28T06:48:34.135+0000] {logging_mixin.py:188} INFO - [2026-05-28T06:48:34.135+0000] {dagbag.py:545} INFO - Filling up the DagBag from /opt/airflow/dags/main.py
[2026-05-28T06:48:34.143+0000] {logging_mixin.py:188} INFO - [2026-05-28T06:48:34.143+0000] {dagbag.py:355} ERROR - Failed to import: /opt/airflow/dags/main.py
Traceback (most recent call last):
  File "/home/airflow/.local/lib/python3.10/site-packages/airflow/models/dagbag.py", line 351, in parse
    loader.exec_module(new_module)
  File "<frozen importlib._bootstrap_external>", line 879, in exec_module
  File "<frozen importlib._bootstrap_external>", line 1017, in get_code
  File "<frozen importlib._bootstrap_external>", line 947, in source_to_code
  File "<frozen importlib._bootstrap>", line 241, in _call_with_frames_removed
  File "/opt/airflow/dags/main.py", line 4
    from api.video-stats import
                  ^
SyntaxError: invalid syntax
[2026-05-28T06:48:34.153+0000] {processor.py:842} WARNING - No viable dags retrieved from /opt/airflow/dags/main.py
[2026-05-28T06:48:34.170+0000] {processor.py:183} INFO - Processing /opt/airflow/dags/main.py took 0.042 seconds
[2026-05-28T06:49:04.688+0000] {processor.py:161} INFO - Started process (PID=171) to work on /opt/airflow/dags/main.py
[2026-05-28T06:49:04.688+0000] {processor.py:830} INFO - Processing file /opt/airflow/dags/main.py for tasks to queue
[2026-05-28T06:49:04.690+0000] {logging_mixin.py:188} INFO - [2026-05-28T06:49:04.690+0000] {dagbag.py:545} INFO - Filling up the DagBag from /opt/airflow/dags/main.py
[2026-05-28T06:49:04.698+0000] {logging_mixin.py:188} INFO - [2026-05-28T06:49:04.698+0000] {dagbag.py:355} ERROR - Failed to import: /opt/airflow/dags/main.py
Traceback (most recent call last):
  File "/home/airflow/.local/lib/python3.10/site-packages/airflow/models/dagbag.py", line 351, in parse
    loader.exec_module(new_module)
  File "<frozen importlib._bootstrap_external>", line 879, in exec_module
  File "<frozen importlib._bootstrap_external>", line 1017, in get_code
  File "<frozen importlib._bootstrap_external>", line 947, in source_to_code
  File "<frozen importlib._bootstrap>", line 241, in _call_with_frames_removed
  File "/opt/airflow/dags/main.py", line 4
    from api.video-stats import
                  ^
SyntaxError: invalid syntax
[2026-05-28T06:49:04.698+0000] {processor.py:842} WARNING - No viable dags retrieved from /opt/airflow/dags/main.py
[2026-05-28T06:49:04.721+0000] {processor.py:183} INFO - Processing /opt/airflow/dags/main.py took 0.037 seconds
[2026-05-28T06:49:16.812+0000] {processor.py:161} INFO - Started process (PID=178) to work on /opt/airflow/dags/main.py
[2026-05-28T06:49:16.812+0000] {processor.py:830} INFO - Processing file /opt/airflow/dags/main.py for tasks to queue
[2026-05-28T06:49:16.814+0000] {logging_mixin.py:188} INFO - [2026-05-28T06:49:16.814+0000] {dagbag.py:545} INFO - Filling up the DagBag from /opt/airflow/dags/main.py
[2026-05-28T06:49:16.873+0000] {processor.py:842} WARNING - No viable dags retrieved from /opt/airflow/dags/main.py
[2026-05-28T06:49:16.885+0000] {processor.py:183} INFO - Processing /opt/airflow/dags/main.py took 0.078 seconds
[2026-05-28T06:49:23.960+0000] {processor.py:161} INFO - Started process (PID=179) to work on /opt/airflow/dags/main.py
[2026-05-28T06:49:23.962+0000] {processor.py:830} INFO - Processing file /opt/airflow/dags/main.py for tasks to queue
[2026-05-28T06:49:23.964+0000] {logging_mixin.py:188} INFO - [2026-05-28T06:49:23.964+0000] {dagbag.py:545} INFO - Filling up the DagBag from /opt/airflow/dags/main.py
[2026-05-28T06:49:23.997+0000] {processor.py:842} WARNING - No viable dags retrieved from /opt/airflow/dags/main.py
[2026-05-28T06:49:24.008+0000] {processor.py:183} INFO - Processing /opt/airflow/dags/main.py took 0.052 seconds
[2026-05-28T06:49:24.032+0000] {processor.py:161} INFO - Started process (PID=180) to work on /opt/airflow/dags/main.py
[2026-05-28T06:49:24.033+0000] {processor.py:830} INFO - Processing file /opt/airflow/dags/main.py for tasks to queue
[2026-05-28T06:49:24.034+0000] {logging_mixin.py:188} INFO - [2026-05-28T06:49:24.034+0000] {dagbag.py:545} INFO - Filling up the DagBag from /opt/airflow/dags/main.py
[2026-05-28T06:49:24.060+0000] {processor.py:842} WARNING - No viable dags retrieved from /opt/airflow/dags/main.py
[2026-05-28T06:49:24.070+0000] {processor.py:183} INFO - Processing /opt/airflow/dags/main.py took 0.042 seconds
[2026-05-28T06:49:24.094+0000] {processor.py:161} INFO - Started process (PID=181) to work on /opt/airflow/dags/main.py
[2026-05-28T06:49:24.095+0000] {processor.py:830} INFO - Processing file /opt/airflow/dags/main.py for tasks to queue
[2026-05-28T06:49:24.096+0000] {logging_mixin.py:188} INFO - [2026-05-28T06:49:24.096+0000] {dagbag.py:545} INFO - Filling up the DagBag from /opt/airflow/dags/main.py
[2026-05-28T06:49:24.122+0000] {processor.py:842} WARNING - No viable dags retrieved from /opt/airflow/dags/main.py
[2026-05-28T06:49:24.131+0000] {processor.py:183} INFO - Processing /opt/airflow/dags/main.py took 0.042 seconds
[2026-05-28T06:49:24.155+0000] {processor.py:161} INFO - Started process (PID=182) to work on /opt/airflow/dags/main.py
[2026-05-28T06:49:24.156+0000] {processor.py:830} INFO - Processing file /opt/airflow/dags/main.py for tasks to queue
[2026-05-28T06:49:24.157+0000] {logging_mixin.py:188} INFO - [2026-05-28T06:49:24.157+0000] {dagbag.py:545} INFO - Filling up the DagBag from /opt/airflow/dags/main.py
[2026-05-28T06:49:24.183+0000] {processor.py:842} WARNING - No viable dags retrieved from /opt/airflow/dags/main.py
[2026-05-28T06:49:24.193+0000] {processor.py:183} INFO - Processing /opt/airflow/dags/main.py took 0.042 seconds
[2026-05-28T06:49:24.215+0000] {processor.py:161} INFO - Started process (PID=183) to work on /opt/airflow/dags/main.py
[2026-05-28T06:49:24.216+0000] {processor.py:830} INFO - Processing file /opt/airflow/dags/main.py for tasks to queue
[2026-05-28T06:49:24.217+0000] {logging_mixin.py:188} INFO - [2026-05-28T06:49:24.217+0000] {dagbag.py:545} INFO - Filling up the DagBag from /opt/airflow/dags/main.py
[2026-05-28T06:49:24.241+0000] {processor.py:842} WARNING - No viable dags retrieved from /opt/airflow/dags/main.py
[2026-05-28T06:49:24.251+0000] {processor.py:183} INFO - Processing /opt/airflow/dags/main.py took 0.040 seconds
[2026-05-28T06:49:54.643+0000] {processor.py:161} INFO - Started process (PID=190) to work on /opt/airflow/dags/main.py
[2026-05-28T06:49:54.644+0000] {processor.py:830} INFO - Processing file /opt/airflow/dags/main.py for tasks to queue
[2026-05-28T06:49:54.645+0000] {logging_mixin.py:188} INFO - [2026-05-28T06:49:54.645+0000] {dagbag.py:545} INFO - Filling up the DagBag from /opt/airflow/dags/main.py
[2026-05-28T06:49:54.672+0000] {processor.py:842} WARNING - No viable dags retrieved from /opt/airflow/dags/main.py
[2026-05-28T06:49:54.681+0000] {processor.py:183} INFO - Processing /opt/airflow/dags/main.py took 0.043 seconds
[2026-05-28T06:50:05.741+0000] {processor.py:161} INFO - Started process (PID=191) to work on /opt/airflow/dags/main.py
[2026-05-28T06:50:05.742+0000] {processor.py:830} INFO - Processing file /opt/airflow/dags/main.py for tasks to queue
[2026-05-28T06:50:05.744+0000] {logging_mixin.py:188} INFO - [2026-05-28T06:50:05.744+0000] {dagbag.py:545} INFO - Filling up the DagBag from /opt/airflow/dags/main.py
[2026-05-28T06:50:05.788+0000] {processor.py:842} WARNING - No viable dags retrieved from /opt/airflow/dags/main.py
[2026-05-28T06:50:05.801+0000] {processor.py:183} INFO - Processing /opt/airflow/dags/main.py took 0.066 seconds
[2026-05-28T06:50:05.828+0000] {processor.py:161} INFO - Started process (PID=192) to work on /opt/airflow/dags/main.py
[2026-05-28T06:50:05.829+0000] {processor.py:830} INFO - Processing file /opt/airflow/dags/main.py for tasks to queue
[2026-05-28T06:50:05.831+0000] {logging_mixin.py:188} INFO - [2026-05-28T06:50:05.830+0000] {dagbag.py:545} INFO - Filling up the DagBag from /opt/airflow/dags/main.py
[2026-05-28T06:50:05.860+0000] {processor.py:842} WARNING - No viable dags retrieved from /opt/airflow/dags/main.py
[2026-05-28T06:50:05.874+0000] {processor.py:183} INFO - Processing /opt/airflow/dags/main.py took 0.050 seconds
[2026-05-28T06:50:05.909+0000] {processor.py:161} INFO - Started process (PID=193) to work on /opt/airflow/dags/main.py
[2026-05-28T06:50:05.910+0000] {processor.py:830} INFO - Processing file /opt/airflow/dags/main.py for tasks to queue
[2026-05-28T06:50:05.911+0000] {logging_mixin.py:188} INFO - [2026-05-28T06:50:05.911+0000] {dagbag.py:545} INFO - Filling up the DagBag from /opt/airflow/dags/main.py
[2026-05-28T06:50:05.941+0000] {processor.py:842} WARNING - No viable dags retrieved from /opt/airflow/dags/main.py
[2026-05-28T06:50:05.955+0000] {processor.py:183} INFO - Processing /opt/airflow/dags/main.py took 0.052 seconds
[2026-05-28T06:50:05.984+0000] {processor.py:161} INFO - Started process (PID=194) to work on /opt/airflow/dags/main.py
[2026-05-28T06:50:05.986+0000] {processor.py:830} INFO - Processing file /opt/airflow/dags/main.py for tasks to queue
[2026-05-28T06:50:05.987+0000] {logging_mixin.py:188} INFO - [2026-05-28T06:50:05.987+0000] {dagbag.py:545} INFO - Filling up the DagBag from /opt/airflow/dags/main.py
[2026-05-28T06:50:06.016+0000] {processor.py:842} WARNING - No viable dags retrieved from /opt/airflow/dags/main.py
[2026-05-28T06:50:06.028+0000] {processor.py:183} INFO - Processing /opt/airflow/dags/main.py took 0.049 seconds
[2026-05-28T06:50:06.056+0000] {processor.py:161} INFO - Started process (PID=195) to work on /opt/airflow/dags/main.py
[2026-05-28T06:50:06.056+0000] {processor.py:830} INFO - Processing file /opt/airflow/dags/main.py for tasks to queue
[2026-05-28T06:50:06.058+0000] {logging_mixin.py:188} INFO - [2026-05-28T06:50:06.057+0000] {dagbag.py:545} INFO - Filling up the DagBag from /opt/airflow/dags/main.py
[2026-05-28T06:50:06.086+0000] {processor.py:842} WARNING - No viable dags retrieved from /opt/airflow/dags/main.py
[2026-05-28T06:50:06.099+0000] {processor.py:183} INFO - Processing /opt/airflow/dags/main.py took 0.048 seconds
[2026-05-28T06:50:06.128+0000] {processor.py:161} INFO - Started process (PID=196) to work on /opt/airflow/dags/main.py
[2026-05-28T06:50:06.129+0000] {processor.py:830} INFO - Processing file /opt/airflow/dags/main.py for tasks to queue
[2026-05-28T06:50:06.130+0000] {logging_mixin.py:188} INFO - [2026-05-28T06:50:06.130+0000] {dagbag.py:545} INFO - Filling up the DagBag from /opt/airflow/dags/main.py
[2026-05-28T06:50:06.159+0000] {processor.py:842} WARNING - No viable dags retrieved from /opt/airflow/dags/main.py
[2026-05-28T06:50:06.172+0000] {processor.py:183} INFO - Processing /opt/airflow/dags/main.py took 0.049 seconds
[2026-05-28T06:50:06.200+0000] {processor.py:161} INFO - Started process (PID=197) to work on /opt/airflow/dags/main.py
[2026-05-28T06:50:06.201+0000] {processor.py:830} INFO - Processing file /opt/airflow/dags/main.py for tasks to queue
[2026-05-28T06:50:06.203+0000] {logging_mixin.py:188} INFO - [2026-05-28T06:50:06.202+0000] {dagbag.py:545} INFO - Filling up the DagBag from /opt/airflow/dags/main.py
[2026-05-28T06:50:06.231+0000] {processor.py:842} WARNING - No viable dags retrieved from /opt/airflow/dags/main.py
[2026-05-28T06:50:06.242+0000] {processor.py:183} INFO - Processing /opt/airflow/dags/main.py took 0.046 seconds
[2026-05-28T06:50:06.270+0000] {processor.py:161} INFO - Started process (PID=198) to work on /opt/airflow/dags/main.py
[2026-05-28T06:50:06.270+0000] {processor.py:830} INFO - Processing file /opt/airflow/dags/main.py for tasks to queue
[2026-05-28T06:50:06.272+0000] {logging_mixin.py:188} INFO - [2026-05-28T06:50:06.272+0000] {dagbag.py:545} INFO - Filling up the DagBag from /opt/airflow/dags/main.py
[2026-05-28T06:50:06.303+0000] {processor.py:842} WARNING - No viable dags retrieved from /opt/airflow/dags/main.py
[2026-05-28T06:50:06.314+0000] {processor.py:183} INFO - Processing /opt/airflow/dags/main.py took 0.051 seconds
[2026-05-28T06:50:14.729+0000] {processor.py:161} INFO - Started process (PID=205) to work on /opt/airflow/dags/main.py
[2026-05-28T06:50:14.730+0000] {processor.py:830} INFO - Processing file /opt/airflow/dags/main.py for tasks to queue
[2026-05-28T06:50:14.732+0000] {logging_mixin.py:188} INFO - [2026-05-28T06:50:14.732+0000] {dagbag.py:545} INFO - Filling up the DagBag from /opt/airflow/dags/main.py
[2026-05-28T06:50:14.783+0000] {logging_mixin.py:188} INFO - [2026-05-28T06:50:14.768+0000] {dagbag.py:355} ERROR - Failed to import: /opt/airflow/dags/main.py
Traceback (most recent call last):
  File "/home/airflow/.local/lib/python3.10/site-packages/airflow/models/dagbag.py", line 351, in parse
    loader.exec_module(new_module)
  File "<frozen importlib._bootstrap_external>", line 883, in exec_module
  File "<frozen importlib._bootstrap>", line 241, in _call_with_frames_removed
  File "/opt/airflow/dags/main.py", line 7, in <module>
    local_tz = pendulum.timezone("")
  File "/home/airflow/.local/lib/python3.10/site-packages/pendulum/__init__.py", line 86, in timezone
    return Timezone(name)
  File "/home/airflow/.local/lib/python3.10/site-packages/pendulum/tz/timezone.py", line 65, in __new__
    return super().__new__(cls, key)  # type: ignore[call-arg]
  File "/usr/local/lib/python3.10/zoneinfo/_tzpath.py", line 67, in find_tzfile
    _validate_tzfile_path(key)
  File "/usr/local/lib/python3.10/zoneinfo/_tzpath.py", line 91, in _validate_tzfile_path
    raise ValueError(
ValueError: ZoneInfo keys must be normalized relative paths, got:
[2026-05-28T06:50:14.783+0000] {processor.py:842} WARNING - No viable dags retrieved from /opt/airflow/dags/main.py
[2026-05-28T06:50:14.801+0000] {processor.py:183} INFO - Processing /opt/airflow/dags/main.py took 0.076 seconds
[2026-05-28T06:50:45.207+0000] {processor.py:161} INFO - Started process (PID=206) to work on /opt/airflow/dags/main.py
[2026-05-28T06:50:45.208+0000] {processor.py:830} INFO - Processing file /opt/airflow/dags/main.py for tasks to queue
[2026-05-28T06:50:45.210+0000] {logging_mixin.py:188} INFO - [2026-05-28T06:50:45.209+0000] {dagbag.py:545} INFO - Filling up the DagBag from /opt/airflow/dags/main.py
[2026-05-28T06:50:45.238+0000] {logging_mixin.py:188} INFO - [2026-05-28T06:50:45.236+0000] {dagbag.py:355} ERROR - Failed to import: /opt/airflow/dags/main.py
Traceback (most recent call last):
  File "/home/airflow/.local/lib/python3.10/site-packages/airflow/models/dagbag.py", line 351, in parse
    loader.exec_module(new_module)
  File "<frozen importlib._bootstrap_external>", line 883, in exec_module
  File "<frozen importlib._bootstrap>", line 241, in _call_with_frames_removed
  File "/opt/airflow/dags/main.py", line 7, in <module>
    local_tz = pendulum.timezone("")
  File "/home/airflow/.local/lib/python3.10/site-packages/pendulum/__init__.py", line 86, in timezone
    return Timezone(name)
  File "/home/airflow/.local/lib/python3.10/site-packages/pendulum/tz/timezone.py", line 65, in __new__
    return super().__new__(cls, key)  # type: ignore[call-arg]
  File "/usr/local/lib/python3.10/zoneinfo/_tzpath.py", line 67, in find_tzfile
    _validate_tzfile_path(key)
  File "/usr/local/lib/python3.10/zoneinfo/_tzpath.py", line 91, in _validate_tzfile_path
    raise ValueError(
ValueError: ZoneInfo keys must be normalized relative paths, got:
[2026-05-28T06:50:45.239+0000] {processor.py:842} WARNING - No viable dags retrieved from /opt/airflow/dags/main.py
[2026-05-28T06:50:45.263+0000] {processor.py:183} INFO - Processing /opt/airflow/dags/main.py took 0.060 seconds
[2026-05-28T06:51:15.384+0000] {processor.py:161} INFO - Started process (PID=213) to work on /opt/airflow/dags/main.py
[2026-05-28T06:51:15.385+0000] {processor.py:830} INFO - Processing file /opt/airflow/dags/main.py for tasks to queue
[2026-05-28T06:51:15.387+0000] {logging_mixin.py:188} INFO - [2026-05-28T06:51:15.387+0000] {dagbag.py:545} INFO - Filling up the DagBag from /opt/airflow/dags/main.py
[2026-05-28T06:51:15.427+0000] {logging_mixin.py:188} INFO - [2026-05-28T06:51:15.423+0000] {dagbag.py:355} ERROR - Failed to import: /opt/airflow/dags/main.py
Traceback (most recent call last):
  File "/home/airflow/.local/lib/python3.10/site-packages/airflow/models/dagbag.py", line 351, in parse
    loader.exec_module(new_module)
  File "<frozen importlib._bootstrap_external>", line 883, in exec_module
  File "<frozen importlib._bootstrap>", line 241, in _call_with_frames_removed
  File "/opt/airflow/dags/main.py", line 7, in <module>
    local_tz = pendulum.timezone("")
  File "/home/airflow/.local/lib/python3.10/site-packages/pendulum/__init__.py", line 86, in timezone
    return Timezone(name)
  File "/home/airflow/.local/lib/python3.10/site-packages/pendulum/tz/timezone.py", line 65, in __new__
    return super().__new__(cls, key)  # type: ignore[call-arg]
  File "/usr/local/lib/python3.10/zoneinfo/_tzpath.py", line 67, in find_tzfile
    _validate_tzfile_path(key)
  File "/usr/local/lib/python3.10/zoneinfo/_tzpath.py", line 91, in _validate_tzfile_path
    raise ValueError(
ValueError: ZoneInfo keys must be normalized relative paths, got:
[2026-05-28T06:51:15.427+0000] {processor.py:842} WARNING - No viable dags retrieved from /opt/airflow/dags/main.py
[2026-05-28T06:51:15.443+0000] {processor.py:183} INFO - Processing /opt/airflow/dags/main.py took 0.073 seconds
[2026-05-28T06:51:45.999+0000] {processor.py:161} INFO - Started process (PID=220) to work on /opt/airflow/dags/main.py
[2026-05-28T06:51:46.000+0000] {processor.py:830} INFO - Processing file /opt/airflow/dags/main.py for tasks to queue
[2026-05-28T06:51:46.002+0000] {logging_mixin.py:188} INFO - [2026-05-28T06:51:46.002+0000] {dagbag.py:545} INFO - Filling up the DagBag from /opt/airflow/dags/main.py
[2026-05-28T06:51:46.034+0000] {logging_mixin.py:188} INFO - [2026-05-28T06:51:46.031+0000] {dagbag.py:355} ERROR - Failed to import: /opt/airflow/dags/main.py
Traceback (most recent call last):
  File "/home/airflow/.local/lib/python3.10/site-packages/airflow/models/dagbag.py", line 351, in parse
    loader.exec_module(new_module)
  File "<frozen importlib._bootstrap_external>", line 883, in exec_module
  File "<frozen importlib._bootstrap>", line 241, in _call_with_frames_removed
  File "/opt/airflow/dags/main.py", line 7, in <module>
    local_tz = pendulum.timezone("")
  File "/home/airflow/.local/lib/python3.10/site-packages/pendulum/__init__.py", line 86, in timezone
    return Timezone(name)
  File "/home/airflow/.local/lib/python3.10/site-packages/pendulum/tz/timezone.py", line 65, in __new__
    return super().__new__(cls, key)  # type: ignore[call-arg]
  File "/usr/local/lib/python3.10/zoneinfo/_tzpath.py", line 67, in find_tzfile
    _validate_tzfile_path(key)
  File "/usr/local/lib/python3.10/zoneinfo/_tzpath.py", line 91, in _validate_tzfile_path
    raise ValueError(
ValueError: ZoneInfo keys must be normalized relative paths, got:
[2026-05-28T06:51:46.034+0000] {processor.py:842} WARNING - No viable dags retrieved from /opt/airflow/dags/main.py
[2026-05-28T06:51:46.059+0000] {processor.py:183} INFO - Processing /opt/airflow/dags/main.py took 0.065 seconds
[2026-05-28T06:52:06.247+0000] {processor.py:161} INFO - Started process (PID=227) to work on /opt/airflow/dags/main.py
[2026-05-28T06:52:06.248+0000] {processor.py:830} INFO - Processing file /opt/airflow/dags/main.py for tasks to queue
[2026-05-28T06:52:06.250+0000] {logging_mixin.py:188} INFO - [2026-05-28T06:52:06.250+0000] {dagbag.py:545} INFO - Filling up the DagBag from /opt/airflow/dags/main.py
[2026-05-28T06:52:06.293+0000] {processor.py:842} WARNING - No viable dags retrieved from /opt/airflow/dags/main.py
[2026-05-28T06:52:06.303+0000] {processor.py:183} INFO - Processing /opt/airflow/dags/main.py took 0.061 seconds
[2026-05-28T06:52:21.372+0000] {processor.py:161} INFO - Started process (PID=234) to work on /opt/airflow/dags/main.py
[2026-05-28T06:52:21.373+0000] {processor.py:830} INFO - Processing file /opt/airflow/dags/main.py for tasks to queue
[2026-05-28T06:52:21.374+0000] {logging_mixin.py:188} INFO - [2026-05-28T06:52:21.374+0000] {dagbag.py:545} INFO - Filling up the DagBag from /opt/airflow/dags/main.py
[2026-05-28T06:52:21.385+0000] {logging_mixin.py:188} INFO - [2026-05-28T06:52:21.384+0000] {dagbag.py:355} ERROR - Failed to import: /opt/airflow/dags/main.py
Traceback (most recent call last):
  File "/home/airflow/.local/lib/python3.10/site-packages/airflow/models/dagbag.py", line 351, in parse
    loader.exec_module(new_module)
  File "<frozen importlib._bootstrap_external>", line 879, in exec_module
  File "<frozen importlib._bootstrap_external>", line 1017, in get_code
  File "<frozen importlib._bootstrap_external>", line 947, in source_to_code
  File "<frozen importlib._bootstrap>", line 241, in _call_with_frames_removed
  File "/opt/airflow/dags/main.py", line 9
    def
       ^
SyntaxError: invalid syntax
[2026-05-28T06:52:21.385+0000] {processor.py:842} WARNING - No viable dags retrieved from /opt/airflow/dags/main.py
[2026-05-28T06:52:21.400+0000] {processor.py:183} INFO - Processing /opt/airflow/dags/main.py took 0.033 seconds
[2026-05-28T06:52:21.426+0000] {processor.py:161} INFO - Started process (PID=235) to work on /opt/airflow/dags/main.py
[2026-05-28T06:52:21.427+0000] {processor.py:830} INFO - Processing file /opt/airflow/dags/main.py for tasks to queue
[2026-05-28T06:52:21.428+0000] {logging_mixin.py:188} INFO - [2026-05-28T06:52:21.428+0000] {dagbag.py:545} INFO - Filling up the DagBag from /opt/airflow/dags/main.py
[2026-05-28T06:52:21.437+0000] {logging_mixin.py:188} INFO - [2026-05-28T06:52:21.437+0000] {dagbag.py:355} ERROR - Failed to import: /opt/airflow/dags/main.py
Traceback (most recent call last):
  File "/home/airflow/.local/lib/python3.10/site-packages/airflow/models/dagbag.py", line 351, in parse
    loader.exec_module(new_module)
  File "<frozen importlib._bootstrap_external>", line 879, in exec_module
  File "<frozen importlib._bootstrap_external>", line 1017, in get_code
  File "<frozen importlib._bootstrap_external>", line 947, in source_to_code
  File "<frozen importlib._bootstrap>", line 241, in _call_with_frames_removed
  File "/opt/airflow/dags/main.py", line 9
    def
       ^
SyntaxError: invalid syntax
[2026-05-28T06:52:21.438+0000] {processor.py:842} WARNING - No viable dags retrieved from /opt/airflow/dags/main.py
[2026-05-28T06:52:21.452+0000] {processor.py:183} INFO - Processing /opt/airflow/dags/main.py took 0.032 seconds
[2026-05-28T06:52:39.949+0000] {processor.py:161} INFO - Started process (PID=236) to work on /opt/airflow/dags/main.py
[2026-05-28T06:52:39.950+0000] {processor.py:830} INFO - Processing file /opt/airflow/dags/main.py for tasks to queue
[2026-05-28T06:52:39.951+0000] {logging_mixin.py:188} INFO - [2026-05-28T06:52:39.951+0000] {dagbag.py:545} INFO - Filling up the DagBag from /opt/airflow/dags/main.py
[2026-05-28T06:52:39.984+0000] {processor.py:842} WARNING - No viable dags retrieved from /opt/airflow/dags/main.py
[2026-05-28T06:52:39.997+0000] {processor.py:183} INFO - Processing /opt/airflow/dags/main.py took 0.052 seconds
[2026-05-28T06:52:55.074+0000] {processor.py:161} INFO - Started process (PID=243) to work on /opt/airflow/dags/main.py
[2026-05-28T06:52:55.075+0000] {processor.py:830} INFO - Processing file /opt/airflow/dags/main.py for tasks to queue
[2026-05-28T06:52:55.076+0000] {logging_mixin.py:188} INFO - [2026-05-28T06:52:55.076+0000] {dagbag.py:545} INFO - Filling up the DagBag from /opt/airflow/dags/main.py
[2026-05-28T06:52:55.108+0000] {processor.py:842} WARNING - No viable dags retrieved from /opt/airflow/dags/main.py
[2026-05-28T06:52:55.118+0000] {processor.py:183} INFO - Processing /opt/airflow/dags/main.py took 0.048 seconds
[2026-05-28T06:53:09.400+0000] {processor.py:161} INFO - Started process (PID=244) to work on /opt/airflow/dags/main.py
[2026-05-28T06:53:09.401+0000] {processor.py:830} INFO - Processing file /opt/airflow/dags/main.py for tasks to queue
[2026-05-28T06:53:09.403+0000] {logging_mixin.py:188} INFO - [2026-05-28T06:53:09.403+0000] {dagbag.py:545} INFO - Filling up the DagBag from /opt/airflow/dags/main.py
[2026-05-28T06:53:09.450+0000] {processor.py:842} WARNING - No viable dags retrieved from /opt/airflow/dags/main.py
[2026-05-28T06:53:09.466+0000] {processor.py:183} INFO - Processing /opt/airflow/dags/main.py took 0.071 seconds
[2026-05-28T06:53:32.534+0000] {processor.py:161} INFO - Started process (PID=251) to work on /opt/airflow/dags/main.py
[2026-05-28T06:53:32.535+0000] {processor.py:830} INFO - Processing file /opt/airflow/dags/main.py for tasks to queue
[2026-05-28T06:53:32.537+0000] {logging_mixin.py:188} INFO - [2026-05-28T06:53:32.537+0000] {dagbag.py:545} INFO - Filling up the DagBag from /opt/airflow/dags/main.py
[2026-05-28T06:53:32.571+0000] {processor.py:842} WARNING - No viable dags retrieved from /opt/airflow/dags/main.py
[2026-05-28T06:53:32.581+0000] {processor.py:183} INFO - Processing /opt/airflow/dags/main.py took 0.052 seconds
[2026-05-28T06:53:32.607+0000] {processor.py:161} INFO - Started process (PID=252) to work on /opt/airflow/dags/main.py
[2026-05-28T06:53:32.608+0000] {processor.py:830} INFO - Processing file /opt/airflow/dags/main.py for tasks to queue
[2026-05-28T06:53:32.609+0000] {logging_mixin.py:188} INFO - [2026-05-28T06:53:32.609+0000] {dagbag.py:545} INFO - Filling up the DagBag from /opt/airflow/dags/main.py
[2026-05-28T06:53:32.635+0000] {processor.py:842} WARNING - No viable dags retrieved from /opt/airflow/dags/main.py
[2026-05-28T06:53:32.647+0000] {processor.py:183} INFO - Processing /opt/airflow/dags/main.py took 0.045 seconds
[2026-05-28T06:53:32.674+0000] {processor.py:161} INFO - Started process (PID=253) to work on /opt/airflow/dags/main.py
[2026-05-28T06:53:32.674+0000] {processor.py:830} INFO - Processing file /opt/airflow/dags/main.py for tasks to queue
[2026-05-28T06:53:32.676+0000] {logging_mixin.py:188} INFO - [2026-05-28T06:53:32.676+0000] {dagbag.py:545} INFO - Filling up the DagBag from /opt/airflow/dags/main.py
[2026-05-28T06:53:32.707+0000] {processor.py:842} WARNING - No viable dags retrieved from /opt/airflow/dags/main.py
[2026-05-28T06:53:32.718+0000] {processor.py:183} INFO - Processing /opt/airflow/dags/main.py took 0.049 seconds
[2026-05-28T06:53:32.747+0000] {processor.py:161} INFO - Started process (PID=254) to work on /opt/airflow/dags/main.py
[2026-05-28T06:53:32.748+0000] {processor.py:830} INFO - Processing file /opt/airflow/dags/main.py for tasks to queue
[2026-05-28T06:53:32.749+0000] {logging_mixin.py:188} INFO - [2026-05-28T06:53:32.749+0000] {dagbag.py:545} INFO - Filling up the DagBag from /opt/airflow/dags/main.py
[2026-05-28T06:53:32.778+0000] {processor.py:842} WARNING - No viable dags retrieved from /opt/airflow/dags/main.py
[2026-05-28T06:53:32.790+0000] {processor.py:183} INFO - Processing /opt/airflow/dags/main.py took 0.049 seconds
[2026-05-28T06:53:32.819+0000] {processor.py:161} INFO - Started process (PID=255) to work on /opt/airflow/dags/main.py
[2026-05-28T06:53:32.819+0000] {processor.py:830} INFO - Processing file /opt/airflow/dags/main.py for tasks to queue
[2026-05-28T06:53:32.821+0000] {logging_mixin.py:188} INFO - [2026-05-28T06:53:32.820+0000] {dagbag.py:545} INFO - Filling up the DagBag from /opt/airflow/dags/main.py
[2026-05-28T06:53:32.846+0000] {processor.py:842} WARNING - No viable dags retrieved from /opt/airflow/dags/main.py
[2026-05-28T06:53:32.858+0000] {processor.py:183} INFO - Processing /opt/airflow/dags/main.py took 0.044 seconds
[2026-05-28T06:53:32.884+0000] {processor.py:161} INFO - Started process (PID=256) to work on /opt/airflow/dags/main.py
[2026-05-28T06:53:32.885+0000] {processor.py:830} INFO - Processing file /opt/airflow/dags/main.py for tasks to queue
[2026-05-28T06:53:32.886+0000] {logging_mixin.py:188} INFO - [2026-05-28T06:53:32.886+0000] {dagbag.py:545} INFO - Filling up the DagBag from /opt/airflow/dags/main.py
[2026-05-28T06:53:32.913+0000] {processor.py:842} WARNING - No viable dags retrieved from /opt/airflow/dags/main.py
[2026-05-28T06:53:32.923+0000] {processor.py:183} INFO - Processing /opt/airflow/dags/main.py took 0.044 seconds
[2026-05-28T06:53:32.949+0000] {processor.py:161} INFO - Started process (PID=257) to work on /opt/airflow/dags/main.py
[2026-05-28T06:53:32.950+0000] {processor.py:830} INFO - Processing file /opt/airflow/dags/main.py for tasks to queue
[2026-05-28T06:53:32.951+0000] {logging_mixin.py:188} INFO - [2026-05-28T06:53:32.951+0000] {dagbag.py:545} INFO - Filling up the DagBag from /opt/airflow/dags/main.py
[2026-05-28T06:53:32.978+0000] {processor.py:842} WARNING - No viable dags retrieved from /opt/airflow/dags/main.py
[2026-05-28T06:53:32.989+0000] {processor.py:183} INFO - Processing /opt/airflow/dags/main.py took 0.045 seconds
[2026-05-28T06:53:33.017+0000] {processor.py:161} INFO - Started process (PID=258) to work on /opt/airflow/dags/main.py
[2026-05-28T06:53:33.018+0000] {processor.py:830} INFO - Processing file /opt/airflow/dags/main.py for tasks to queue
[2026-05-28T06:53:33.019+0000] {logging_mixin.py:188} INFO - [2026-05-28T06:53:33.019+0000] {dagbag.py:545} INFO - Filling up the DagBag from /opt/airflow/dags/main.py
[2026-05-28T06:53:33.045+0000] {processor.py:842} WARNING - No viable dags retrieved from /opt/airflow/dags/main.py
[2026-05-28T06:53:33.059+0000] {processor.py:183} INFO - Processing /opt/airflow/dags/main.py took 0.047 seconds
[2026-05-28T06:53:50.529+0000] {processor.py:161} INFO - Started process (PID=259) to work on /opt/airflow/dags/main.py
[2026-05-28T06:53:50.530+0000] {processor.py:830} INFO - Processing file /opt/airflow/dags/main.py for tasks to queue
[2026-05-28T06:53:50.531+0000] {logging_mixin.py:188} INFO - [2026-05-28T06:53:50.531+0000] {dagbag.py:545} INFO - Filling up the DagBag from /opt/airflow/dags/main.py
[2026-05-28T06:53:50.541+0000] {logging_mixin.py:188} INFO - [2026-05-28T06:53:50.540+0000] {dagbag.py:355} ERROR - Failed to import: /opt/airflow/dags/main.py
Traceback (most recent call last):
  File "/home/airflow/.local/lib/python3.10/site-packages/airflow/models/dagbag.py", line 351, in parse
    loader.exec_module(new_module)
  File "<frozen importlib._bootstrap_external>", line 879, in exec_module
  File "<frozen importlib._bootstrap_external>", line 1017, in get_code
  File "<frozen importlib._bootstrap_external>", line 947, in source_to_code
  File "<frozen importlib._bootstrap>", line 241, in _call_with_frames_removed
  File "/opt/airflow/dags/main.py", line 12
    "email_on_fail"
                  ^
SyntaxError: ':' expected after dictionary key
[2026-05-28T06:53:50.541+0000] {processor.py:842} WARNING - No viable dags retrieved from /opt/airflow/dags/main.py
[2026-05-28T06:53:50.556+0000] {processor.py:183} INFO - Processing /opt/airflow/dags/main.py took 0.031 seconds
[2026-05-28T06:53:56.585+0000] {processor.py:161} INFO - Started process (PID=260) to work on /opt/airflow/dags/main.py
[2026-05-28T06:53:56.586+0000] {processor.py:830} INFO - Processing file /opt/airflow/dags/main.py for tasks to queue
[2026-05-28T06:53:56.588+0000] {logging_mixin.py:188} INFO - [2026-05-28T06:53:56.588+0000] {dagbag.py:545} INFO - Filling up the DagBag from /opt/airflow/dags/main.py
[2026-05-28T06:53:56.597+0000] {logging_mixin.py:188} INFO - [2026-05-28T06:53:56.597+0000] {dagbag.py:355} ERROR - Failed to import: /opt/airflow/dags/main.py
Traceback (most recent call last):
  File "/home/airflow/.local/lib/python3.10/site-packages/airflow/models/dagbag.py", line 351, in parse
    loader.exec_module(new_module)
  File "<frozen importlib._bootstrap_external>", line 879, in exec_module
  File "<frozen importlib._bootstrap_external>", line 1017, in get_code
  File "<frozen importlib._bootstrap_external>", line 947, in source_to_code
  File "<frozen importlib._bootstrap>", line 241, in _call_with_frames_removed
  File "/opt/airflow/dags/main.py", line 12
    "email_on_failure": 
                      ^
SyntaxError: expression expected after dictionary key and ':'
[2026-05-28T06:53:56.598+0000] {processor.py:842} WARNING - No viable dags retrieved from /opt/airflow/dags/main.py
[2026-05-28T06:53:56.616+0000] {processor.py:183} INFO - Processing /opt/airflow/dags/main.py took 0.036 seconds
[2026-05-28T06:54:05.666+0000] {processor.py:161} INFO - Started process (PID=267) to work on /opt/airflow/dags/main.py
[2026-05-28T06:54:05.666+0000] {processor.py:830} INFO - Processing file /opt/airflow/dags/main.py for tasks to queue
[2026-05-28T06:54:05.668+0000] {logging_mixin.py:188} INFO - [2026-05-28T06:54:05.668+0000] {dagbag.py:545} INFO - Filling up the DagBag from /opt/airflow/dags/main.py
[2026-05-28T06:54:05.702+0000] {processor.py:842} WARNING - No viable dags retrieved from /opt/airflow/dags/main.py
[2026-05-28T06:54:05.716+0000] {processor.py:183} INFO - Processing /opt/airflow/dags/main.py took 0.055 seconds
[2026-05-28T06:54:05.743+0000] {processor.py:161} INFO - Started process (PID=268) to work on /opt/airflow/dags/main.py
[2026-05-28T06:54:05.744+0000] {processor.py:830} INFO - Processing file /opt/airflow/dags/main.py for tasks to queue
[2026-05-28T06:54:05.745+0000] {logging_mixin.py:188} INFO - [2026-05-28T06:54:05.745+0000] {dagbag.py:545} INFO - Filling up the DagBag from /opt/airflow/dags/main.py
[2026-05-28T06:54:05.773+0000] {processor.py:842} WARNING - No viable dags retrieved from /opt/airflow/dags/main.py
[2026-05-28T06:54:05.784+0000] {processor.py:183} INFO - Processing /opt/airflow/dags/main.py took 0.046 seconds
[2026-05-28T06:54:05.812+0000] {processor.py:161} INFO - Started process (PID=269) to work on /opt/airflow/dags/main.py
[2026-05-28T06:54:05.813+0000] {processor.py:830} INFO - Processing file /opt/airflow/dags/main.py for tasks to queue
[2026-05-28T06:54:05.815+0000] {logging_mixin.py:188} INFO - [2026-05-28T06:54:05.815+0000] {dagbag.py:545} INFO - Filling up the DagBag from /opt/airflow/dags/main.py
[2026-05-28T06:54:05.842+0000] {processor.py:842} WARNING - No viable dags retrieved from /opt/airflow/dags/main.py
[2026-05-28T06:54:05.854+0000] {processor.py:183} INFO - Processing /opt/airflow/dags/main.py took 0.046 seconds
[2026-05-28T06:54:26.145+0000] {processor.py:161} INFO - Started process (PID=270) to work on /opt/airflow/dags/main.py
[2026-05-28T06:54:26.146+0000] {processor.py:830} INFO - Processing file /opt/airflow/dags/main.py for tasks to queue
[2026-05-28T06:54:26.147+0000] {logging_mixin.py:188} INFO - [2026-05-28T06:54:26.147+0000] {dagbag.py:545} INFO - Filling up the DagBag from /opt/airflow/dags/main.py
[2026-05-28T06:54:26.157+0000] {logging_mixin.py:188} INFO - [2026-05-28T06:54:26.156+0000] {dagbag.py:355} ERROR - Failed to import: /opt/airflow/dags/main.py
Traceback (most recent call last):
  File "/home/airflow/.local/lib/python3.10/site-packages/airflow/models/dagbag.py", line 351, in parse
    loader.exec_module(new_module)
  File "<frozen importlib._bootstrap_external>", line 879, in exec_module
  File "<frozen importlib._bootstrap_external>", line 1017, in get_code
  File "<frozen importlib._bootstrap_external>", line 947, in source_to_code
  File "<frozen importlib._bootstrap>", line 241, in _call_with_frames_removed
  File "/opt/airflow/dags/main.py", line 13
    "email_on_retry"
                   ^
SyntaxError: ':' expected after dictionary key
[2026-05-28T06:54:26.157+0000] {processor.py:842} WARNING - No viable dags retrieved from /opt/airflow/dags/main.py
[2026-05-28T06:54:26.172+0000] {processor.py:183} INFO - Processing /opt/airflow/dags/main.py took 0.032 seconds
[2026-05-28T06:54:34.215+0000] {processor.py:161} INFO - Started process (PID=277) to work on /opt/airflow/dags/main.py
[2026-05-28T06:54:34.216+0000] {processor.py:830} INFO - Processing file /opt/airflow/dags/main.py for tasks to queue
[2026-05-28T06:54:34.217+0000] {logging_mixin.py:188} INFO - [2026-05-28T06:54:34.217+0000] {dagbag.py:545} INFO - Filling up the DagBag from /opt/airflow/dags/main.py
[2026-05-28T06:54:34.248+0000] {processor.py:842} WARNING - No viable dags retrieved from /opt/airflow/dags/main.py
[2026-05-28T06:54:34.269+0000] {processor.py:183} INFO - Processing /opt/airflow/dags/main.py took 0.058 seconds
[2026-05-28T06:55:04.585+0000] {processor.py:161} INFO - Started process (PID=284) to work on /opt/airflow/dags/main.py
[2026-05-28T06:55:04.586+0000] {processor.py:830} INFO - Processing file /opt/airflow/dags/main.py for tasks to queue
[2026-05-28T06:55:04.587+0000] {logging_mixin.py:188} INFO - [2026-05-28T06:55:04.587+0000] {dagbag.py:545} INFO - Filling up the DagBag from /opt/airflow/dags/main.py
[2026-05-28T06:55:04.614+0000] {processor.py:842} WARNING - No viable dags retrieved from /opt/airflow/dags/main.py
[2026-05-28T06:55:04.624+0000] {processor.py:183} INFO - Processing /opt/airflow/dags/main.py took 0.043 seconds
[2026-05-28T06:55:05.623+0000] {processor.py:161} INFO - Started process (PID=285) to work on /opt/airflow/dags/main.py
[2026-05-28T06:55:05.623+0000] {processor.py:830} INFO - Processing file /opt/airflow/dags/main.py for tasks to queue
[2026-05-28T06:55:05.625+0000] {logging_mixin.py:188} INFO - [2026-05-28T06:55:05.625+0000] {dagbag.py:545} INFO - Filling up the DagBag from /opt/airflow/dags/main.py
[2026-05-28T06:55:05.662+0000] {processor.py:842} WARNING - No viable dags retrieved from /opt/airflow/dags/main.py
[2026-05-28T06:55:05.672+0000] {processor.py:183} INFO - Processing /opt/airflow/dags/main.py took 0.053 seconds
[2026-05-28T06:55:16.738+0000] {processor.py:161} INFO - Started process (PID=286) to work on /opt/airflow/dags/main.py
[2026-05-28T06:55:16.739+0000] {processor.py:830} INFO - Processing file /opt/airflow/dags/main.py for tasks to queue
[2026-05-28T06:55:16.740+0000] {logging_mixin.py:188} INFO - [2026-05-28T06:55:16.740+0000] {dagbag.py:545} INFO - Filling up the DagBag from /opt/airflow/dags/main.py
[2026-05-28T06:55:16.777+0000] {processor.py:842} WARNING - No viable dags retrieved from /opt/airflow/dags/main.py
[2026-05-28T06:55:16.787+0000] {processor.py:183} INFO - Processing /opt/airflow/dags/main.py took 0.054 seconds
[2026-05-28T06:55:16.814+0000] {processor.py:161} INFO - Started process (PID=287) to work on /opt/airflow/dags/main.py
[2026-05-28T06:55:16.815+0000] {processor.py:830} INFO - Processing file /opt/airflow/dags/main.py for tasks to queue
[2026-05-28T06:55:16.817+0000] {logging_mixin.py:188} INFO - [2026-05-28T06:55:16.817+0000] {dagbag.py:545} INFO - Filling up the DagBag from /opt/airflow/dags/main.py
[2026-05-28T06:55:16.849+0000] {processor.py:842} WARNING - No viable dags retrieved from /opt/airflow/dags/main.py
[2026-05-28T06:55:16.861+0000] {processor.py:183} INFO - Processing /opt/airflow/dags/main.py took 0.052 seconds
[2026-05-28T06:55:16.890+0000] {processor.py:161} INFO - Started process (PID=288) to work on /opt/airflow/dags/main.py
[2026-05-28T06:55:16.891+0000] {processor.py:830} INFO - Processing file /opt/airflow/dags/main.py for tasks to queue
[2026-05-28T06:55:16.892+0000] {logging_mixin.py:188} INFO - [2026-05-28T06:55:16.892+0000] {dagbag.py:545} INFO - Filling up the DagBag from /opt/airflow/dags/main.py
[2026-05-28T06:55:16.925+0000] {processor.py:842} WARNING - No viable dags retrieved from /opt/airflow/dags/main.py
[2026-05-28T06:55:16.936+0000] {processor.py:183} INFO - Processing /opt/airflow/dags/main.py took 0.051 seconds
[2026-05-28T06:55:16.968+0000] {processor.py:161} INFO - Started process (PID=289) to work on /opt/airflow/dags/main.py
[2026-05-28T06:55:16.969+0000] {processor.py:830} INFO - Processing file /opt/airflow/dags/main.py for tasks to queue
[2026-05-28T06:55:16.970+0000] {logging_mixin.py:188} INFO - [2026-05-28T06:55:16.970+0000] {dagbag.py:545} INFO - Filling up the DagBag from /opt/airflow/dags/main.py
[2026-05-28T06:55:17.002+0000] {processor.py:842} WARNING - No viable dags retrieved from /opt/airflow/dags/main.py
[2026-05-28T06:55:17.015+0000] {processor.py:183} INFO - Processing /opt/airflow/dags/main.py took 0.053 seconds
[2026-05-28T06:55:27.292+0000] {processor.py:161} INFO - Started process (PID=290) to work on /opt/airflow/dags/main.py
[2026-05-28T06:55:27.293+0000] {processor.py:830} INFO - Processing file /opt/airflow/dags/main.py for tasks to queue
[2026-05-28T06:55:27.295+0000] {logging_mixin.py:188} INFO - [2026-05-28T06:55:27.295+0000] {dagbag.py:545} INFO - Filling up the DagBag from /opt/airflow/dags/main.py
[2026-05-28T06:55:27.330+0000] {processor.py:842} WARNING - No viable dags retrieved from /opt/airflow/dags/main.py
[2026-05-28T06:55:27.340+0000] {processor.py:183} INFO - Processing /opt/airflow/dags/main.py took 0.053 seconds
[2026-05-28T06:55:34.396+0000] {processor.py:161} INFO - Started process (PID=291) to work on /opt/airflow/dags/main.py
[2026-05-28T06:55:34.397+0000] {processor.py:830} INFO - Processing file /opt/airflow/dags/main.py for tasks to queue
[2026-05-28T06:55:34.398+0000] {logging_mixin.py:188} INFO - [2026-05-28T06:55:34.398+0000] {dagbag.py:545} INFO - Filling up the DagBag from /opt/airflow/dags/main.py
[2026-05-28T06:55:34.428+0000] {processor.py:842} WARNING - No viable dags retrieved from /opt/airflow/dags/main.py
[2026-05-28T06:55:34.437+0000] {processor.py:183} INFO - Processing /opt/airflow/dags/main.py took 0.045 seconds
[2026-05-28T06:56:03.788+0000] {processor.py:161} INFO - Started process (PID=298) to work on /opt/airflow/dags/main.py
[2026-05-28T06:56:03.788+0000] {processor.py:830} INFO - Processing file /opt/airflow/dags/main.py for tasks to queue
[2026-05-28T06:56:03.790+0000] {logging_mixin.py:188} INFO - [2026-05-28T06:56:03.790+0000] {dagbag.py:545} INFO - Filling up the DagBag from /opt/airflow/dags/main.py
[2026-05-28T06:56:03.823+0000] {processor.py:842} WARNING - No viable dags retrieved from /opt/airflow/dags/main.py
[2026-05-28T06:56:03.832+0000] {processor.py:183} INFO - Processing /opt/airflow/dags/main.py took 0.048 seconds
[2026-05-28T06:56:24.948+0000] {processor.py:161} INFO - Started process (PID=305) to work on /opt/airflow/dags/main.py
[2026-05-28T06:56:24.949+0000] {processor.py:830} INFO - Processing file /opt/airflow/dags/main.py for tasks to queue
[2026-05-28T06:56:24.950+0000] {logging_mixin.py:188} INFO - [2026-05-28T06:56:24.950+0000] {dagbag.py:545} INFO - Filling up the DagBag from /opt/airflow/dags/main.py
[2026-05-28T06:56:24.988+0000] {processor.py:842} WARNING - No viable dags retrieved from /opt/airflow/dags/main.py
[2026-05-28T06:56:24.997+0000] {processor.py:183} INFO - Processing /opt/airflow/dags/main.py took 0.054 seconds
[2026-05-28T06:56:46.250+0000] {processor.py:161} INFO - Started process (PID=312) to work on /opt/airflow/dags/main.py
[2026-05-28T06:56:46.251+0000] {processor.py:830} INFO - Processing file /opt/airflow/dags/main.py for tasks to queue
[2026-05-28T06:56:46.252+0000] {logging_mixin.py:188} INFO - [2026-05-28T06:56:46.252+0000] {dagbag.py:545} INFO - Filling up the DagBag from /opt/airflow/dags/main.py
[2026-05-28T06:56:46.284+0000] {processor.py:842} WARNING - No viable dags retrieved from /opt/airflow/dags/main.py
[2026-05-28T06:56:46.294+0000] {processor.py:183} INFO - Processing /opt/airflow/dags/main.py took 0.049 seconds
[2026-05-28T06:57:16.642+0000] {processor.py:161} INFO - Started process (PID=319) to work on /opt/airflow/dags/main.py
[2026-05-28T06:57:16.643+0000] {processor.py:830} INFO - Processing file /opt/airflow/dags/main.py for tasks to queue
[2026-05-28T06:57:16.644+0000] {logging_mixin.py:188} INFO - [2026-05-28T06:57:16.644+0000] {dagbag.py:545} INFO - Filling up the DagBag from /opt/airflow/dags/main.py
[2026-05-28T06:57:16.668+0000] {processor.py:842} WARNING - No viable dags retrieved from /opt/airflow/dags/main.py
[2026-05-28T06:57:16.676+0000] {processor.py:183} INFO - Processing /opt/airflow/dags/main.py took 0.038 seconds
[2026-05-28T06:57:23.710+0000] {processor.py:161} INFO - Started process (PID=320) to work on /opt/airflow/dags/main.py
[2026-05-28T06:57:23.711+0000] {processor.py:830} INFO - Processing file /opt/airflow/dags/main.py for tasks to queue
[2026-05-28T06:57:23.713+0000] {logging_mixin.py:188} INFO - [2026-05-28T06:57:23.713+0000] {dagbag.py:545} INFO - Filling up the DagBag from /opt/airflow/dags/main.py
[2026-05-28T06:57:23.750+0000] {processor.py:842} WARNING - No viable dags retrieved from /opt/airflow/dags/main.py
[2026-05-28T06:57:23.762+0000] {processor.py:183} INFO - Processing /opt/airflow/dags/main.py took 0.058 seconds
[2026-05-28T06:57:23.786+0000] {processor.py:161} INFO - Started process (PID=321) to work on /opt/airflow/dags/main.py
[2026-05-28T06:57:23.787+0000] {processor.py:830} INFO - Processing file /opt/airflow/dags/main.py for tasks to queue
[2026-05-28T06:57:23.788+0000] {logging_mixin.py:188} INFO - [2026-05-28T06:57:23.788+0000] {dagbag.py:545} INFO - Filling up the DagBag from /opt/airflow/dags/main.py
[2026-05-28T06:57:23.813+0000] {processor.py:842} WARNING - No viable dags retrieved from /opt/airflow/dags/main.py
[2026-05-28T06:57:23.823+0000] {processor.py:183} INFO - Processing /opt/airflow/dags/main.py took 0.042 seconds
[2026-05-28T06:57:23.850+0000] {processor.py:161} INFO - Started process (PID=322) to work on /opt/airflow/dags/main.py
[2026-05-28T06:57:23.851+0000] {processor.py:830} INFO - Processing file /opt/airflow/dags/main.py for tasks to queue
[2026-05-28T06:57:23.852+0000] {logging_mixin.py:188} INFO - [2026-05-28T06:57:23.852+0000] {dagbag.py:545} INFO - Filling up the DagBag from /opt/airflow/dags/main.py
[2026-05-28T06:57:23.877+0000] {processor.py:842} WARNING - No viable dags retrieved from /opt/airflow/dags/main.py
[2026-05-28T06:57:23.888+0000] {processor.py:183} INFO - Processing /opt/airflow/dags/main.py took 0.043 seconds
[2026-05-28T06:57:23.915+0000] {processor.py:161} INFO - Started process (PID=323) to work on /opt/airflow/dags/main.py
[2026-05-28T06:57:23.916+0000] {processor.py:830} INFO - Processing file /opt/airflow/dags/main.py for tasks to queue
[2026-05-28T06:57:23.917+0000] {logging_mixin.py:188} INFO - [2026-05-28T06:57:23.917+0000] {dagbag.py:545} INFO - Filling up the DagBag from /opt/airflow/dags/main.py
[2026-05-28T06:57:23.943+0000] {processor.py:842} WARNING - No viable dags retrieved from /opt/airflow/dags/main.py
[2026-05-28T06:57:23.954+0000] {processor.py:183} INFO - Processing /opt/airflow/dags/main.py took 0.044 seconds
[2026-05-28T06:57:43.268+0000] {processor.py:161} INFO - Started process (PID=324) to work on /opt/airflow/dags/main.py
[2026-05-28T06:57:43.269+0000] {processor.py:830} INFO - Processing file /opt/airflow/dags/main.py for tasks to queue
[2026-05-28T06:57:43.271+0000] {logging_mixin.py:188} INFO - [2026-05-28T06:57:43.270+0000] {dagbag.py:545} INFO - Filling up the DagBag from /opt/airflow/dags/main.py
[2026-05-28T06:57:43.280+0000] {logging_mixin.py:188} INFO - [2026-05-28T06:57:43.280+0000] {dagbag.py:355} ERROR - Failed to import: /opt/airflow/dags/main.py
Traceback (most recent call last):
  File "/home/airflow/.local/lib/python3.10/site-packages/airflow/models/dagbag.py", line 351, in parse
    loader.exec_module(new_module)
  File "<frozen importlib._bootstrap_external>", line 879, in exec_module
  File "<frozen importlib._bootstrap_external>", line 1017, in get_code
  File "<frozen importlib._bootstrap_external>", line 947, in source_to_code
  File "<frozen importlib._bootstrap>", line 241, in _call_with_frames_removed
  File "/opt/airflow/dags/main.py", line 19
    "start_date": 
                ^
SyntaxError: expression expected after dictionary key and ':'
[2026-05-28T06:57:43.280+0000] {processor.py:842} WARNING - No viable dags retrieved from /opt/airflow/dags/main.py
[2026-05-28T06:57:43.296+0000] {processor.py:183} INFO - Processing /opt/airflow/dags/main.py took 0.032 seconds
[2026-05-28T06:57:59.397+0000] {processor.py:161} INFO - Started process (PID=331) to work on /opt/airflow/dags/main.py
[2026-05-28T06:57:59.398+0000] {processor.py:830} INFO - Processing file /opt/airflow/dags/main.py for tasks to queue
[2026-05-28T06:57:59.400+0000] {logging_mixin.py:188} INFO - [2026-05-28T06:57:59.400+0000] {dagbag.py:545} INFO - Filling up the DagBag from /opt/airflow/dags/main.py
[2026-05-28T06:57:59.407+0000] {logging_mixin.py:188} INFO - [2026-05-28T06:57:59.407+0000] {dagbag.py:355} ERROR - Failed to import: /opt/airflow/dags/main.py
Traceback (most recent call last):
  File "/home/airflow/.local/lib/python3.10/site-packages/airflow/models/dagbag.py", line 351, in parse
    loader.exec_module(new_module)
  File "<frozen importlib._bootstrap_external>", line 879, in exec_module
  File "<frozen importlib._bootstrap_external>", line 1017, in get_code
  File "<frozen importlib._bootstrap_external>", line 947, in source_to_code
  File "<frozen importlib._bootstrap>", line 241, in _call_with_frames_removed
  File "/opt/airflow/dags/main.py", line 19
    "start_date": datetime(2026, 05, 28)
                                 ^
SyntaxError: leading zeros in decimal integer literals are not permitted; use an 0o prefix for octal integers
[2026-05-28T06:57:59.408+0000] {processor.py:842} WARNING - No viable dags retrieved from /opt/airflow/dags/main.py
[2026-05-28T06:57:59.428+0000] {processor.py:183} INFO - Processing /opt/airflow/dags/main.py took 0.035 seconds
[2026-05-28T06:58:04.454+0000] {processor.py:161} INFO - Started process (PID=332) to work on /opt/airflow/dags/main.py
[2026-05-28T06:58:04.455+0000] {processor.py:830} INFO - Processing file /opt/airflow/dags/main.py for tasks to queue
[2026-05-28T06:58:04.456+0000] {logging_mixin.py:188} INFO - [2026-05-28T06:58:04.456+0000] {dagbag.py:545} INFO - Filling up the DagBag from /opt/airflow/dags/main.py
[2026-05-28T06:58:04.464+0000] {logging_mixin.py:188} INFO - [2026-05-28T06:58:04.464+0000] {dagbag.py:355} ERROR - Failed to import: /opt/airflow/dags/main.py
Traceback (most recent call last):
  File "/home/airflow/.local/lib/python3.10/site-packages/airflow/models/dagbag.py", line 351, in parse
    loader.exec_module(new_module)
  File "<frozen importlib._bootstrap_external>", line 879, in exec_module
  File "<frozen importlib._bootstrap_external>", line 1017, in get_code
  File "<frozen importlib._bootstrap_external>", line 947, in source_to_code
  File "<frozen importlib._bootstrap>", line 241, in _call_with_frames_removed
  File "/opt/airflow/dags/main.py", line 19
    "start_date": datetime(2026, 05, 28, )
                                 ^
SyntaxError: leading zeros in decimal integer literals are not permitted; use an 0o prefix for octal integers
[2026-05-28T06:58:04.465+0000] {processor.py:842} WARNING - No viable dags retrieved from /opt/airflow/dags/main.py
[2026-05-28T06:58:04.482+0000] {processor.py:183} INFO - Processing /opt/airflow/dags/main.py took 0.033 seconds
[2026-05-28T06:58:04.507+0000] {processor.py:161} INFO - Started process (PID=333) to work on /opt/airflow/dags/main.py
[2026-05-28T06:58:04.508+0000] {processor.py:830} INFO - Processing file /opt/airflow/dags/main.py for tasks to queue
[2026-05-28T06:58:04.510+0000] {logging_mixin.py:188} INFO - [2026-05-28T06:58:04.509+0000] {dagbag.py:545} INFO - Filling up the DagBag from /opt/airflow/dags/main.py
[2026-05-28T06:58:04.519+0000] {logging_mixin.py:188} INFO - [2026-05-28T06:58:04.518+0000] {dagbag.py:355} ERROR - Failed to import: /opt/airflow/dags/main.py
Traceback (most recent call last):
  File "/home/airflow/.local/lib/python3.10/site-packages/airflow/models/dagbag.py", line 351, in parse
    loader.exec_module(new_module)
  File "<frozen importlib._bootstrap_external>", line 879, in exec_module
  File "<frozen importlib._bootstrap_external>", line 1017, in get_code
  File "<frozen importlib._bootstrap_external>", line 947, in source_to_code
  File "<frozen importlib._bootstrap>", line 241, in _call_with_frames_removed
  File "/opt/airflow/dags/main.py", line 19
    "start_date": datetime(2026, 05, 28, )
                                 ^
SyntaxError: leading zeros in decimal integer literals are not permitted; use an 0o prefix for octal integers
[2026-05-28T06:58:04.519+0000] {processor.py:842} WARNING - No viable dags retrieved from /opt/airflow/dags/main.py
[2026-05-28T06:58:04.535+0000] {processor.py:183} INFO - Processing /opt/airflow/dags/main.py took 0.032 seconds
[2026-05-28T06:58:04.562+0000] {processor.py:161} INFO - Started process (PID=334) to work on /opt/airflow/dags/main.py
[2026-05-28T06:58:04.562+0000] {processor.py:830} INFO - Processing file /opt/airflow/dags/main.py for tasks to queue
[2026-05-28T06:58:04.564+0000] {logging_mixin.py:188} INFO - [2026-05-28T06:58:04.564+0000] {dagbag.py:545} INFO - Filling up the DagBag from /opt/airflow/dags/main.py
[2026-05-28T06:58:04.572+0000] {logging_mixin.py:188} INFO - [2026-05-28T06:58:04.572+0000] {dagbag.py:355} ERROR - Failed to import: /opt/airflow/dags/main.py
Traceback (most recent call last):
  File "/home/airflow/.local/lib/python3.10/site-packages/airflow/models/dagbag.py", line 351, in parse
    loader.exec_module(new_module)
  File "<frozen importlib._bootstrap_external>", line 879, in exec_module
  File "<frozen importlib._bootstrap_external>", line 1017, in get_code
  File "<frozen importlib._bootstrap_external>", line 947, in source_to_code
  File "<frozen importlib._bootstrap>", line 241, in _call_with_frames_removed
  File "/opt/airflow/dags/main.py", line 19
    "start_date": datetime(2026, 05, 28, )
                                 ^
SyntaxError: leading zeros in decimal integer literals are not permitted; use an 0o prefix for octal integers
[2026-05-28T06:58:04.573+0000] {processor.py:842} WARNING - No viable dags retrieved from /opt/airflow/dags/main.py
[2026-05-28T06:58:04.588+0000] {processor.py:183} INFO - Processing /opt/airflow/dags/main.py took 0.031 seconds
[2026-05-28T06:58:16.835+0000] {processor.py:161} INFO - Started process (PID=341) to work on /opt/airflow/dags/main.py
[2026-05-28T06:58:16.836+0000] {processor.py:830} INFO - Processing file /opt/airflow/dags/main.py for tasks to queue
[2026-05-28T06:58:16.838+0000] {logging_mixin.py:188} INFO - [2026-05-28T06:58:16.838+0000] {dagbag.py:545} INFO - Filling up the DagBag from /opt/airflow/dags/main.py
[2026-05-28T06:58:16.874+0000] {processor.py:842} WARNING - No viable dags retrieved from /opt/airflow/dags/main.py
[2026-05-28T06:58:16.896+0000] {processor.py:183} INFO - Processing /opt/airflow/dags/main.py took 0.068 seconds
[2026-05-28T06:58:26.956+0000] {processor.py:161} INFO - Started process (PID=342) to work on /opt/airflow/dags/main.py
[2026-05-28T06:58:26.956+0000] {processor.py:830} INFO - Processing file /opt/airflow/dags/main.py for tasks to queue
[2026-05-28T06:58:26.958+0000] {logging_mixin.py:188} INFO - [2026-05-28T06:58:26.958+0000] {dagbag.py:545} INFO - Filling up the DagBag from /opt/airflow/dags/main.py
[2026-05-28T06:58:27.014+0000] {processor.py:842} WARNING - No viable dags retrieved from /opt/airflow/dags/main.py
[2026-05-28T06:58:27.024+0000] {processor.py:183} INFO - Processing /opt/airflow/dags/main.py took 0.073 seconds
[2026-05-28T06:58:33.018+0000] {processor.py:161} INFO - Started process (PID=343) to work on /opt/airflow/dags/main.py
[2026-05-28T06:58:33.019+0000] {processor.py:830} INFO - Processing file /opt/airflow/dags/main.py for tasks to queue
[2026-05-28T06:58:33.021+0000] {logging_mixin.py:188} INFO - [2026-05-28T06:58:33.021+0000] {dagbag.py:545} INFO - Filling up the DagBag from /opt/airflow/dags/main.py
[2026-05-28T06:58:33.059+0000] {processor.py:842} WARNING - No viable dags retrieved from /opt/airflow/dags/main.py
[2026-05-28T06:58:33.070+0000] {processor.py:183} INFO - Processing /opt/airflow/dags/main.py took 0.058 seconds
[2026-05-28T06:58:44.202+0000] {processor.py:161} INFO - Started process (PID=344) to work on /opt/airflow/dags/main.py
[2026-05-28T06:58:44.203+0000] {processor.py:830} INFO - Processing file /opt/airflow/dags/main.py for tasks to queue
[2026-05-28T06:58:44.204+0000] {logging_mixin.py:188} INFO - [2026-05-28T06:58:44.204+0000] {dagbag.py:545} INFO - Filling up the DagBag from /opt/airflow/dags/main.py
[2026-05-28T06:58:44.239+0000] {processor.py:842} WARNING - No viable dags retrieved from /opt/airflow/dags/main.py
[2026-05-28T06:58:44.250+0000] {processor.py:183} INFO - Processing /opt/airflow/dags/main.py took 0.052 seconds
[2026-05-28T06:58:51.652+0000] {processor.py:161} INFO - Started process (PID=351) to work on /opt/airflow/dags/main.py
[2026-05-28T06:58:51.654+0000] {processor.py:830} INFO - Processing file /opt/airflow/dags/main.py for tasks to queue
[2026-05-28T06:58:51.655+0000] {logging_mixin.py:188} INFO - [2026-05-28T06:58:51.655+0000] {dagbag.py:545} INFO - Filling up the DagBag from /opt/airflow/dags/main.py
[2026-05-28T06:58:51.697+0000] {processor.py:842} WARNING - No viable dags retrieved from /opt/airflow/dags/main.py
[2026-05-28T06:58:51.709+0000] {processor.py:183} INFO - Processing /opt/airflow/dags/main.py took 0.062 seconds
[2026-05-28T06:59:22.026+0000] {processor.py:161} INFO - Started process (PID=358) to work on /opt/airflow/dags/main.py
[2026-05-28T06:59:22.027+0000] {processor.py:830} INFO - Processing file /opt/airflow/dags/main.py for tasks to queue
[2026-05-28T06:59:22.028+0000] {logging_mixin.py:188} INFO - [2026-05-28T06:59:22.028+0000] {dagbag.py:545} INFO - Filling up the DagBag from /opt/airflow/dags/main.py
[2026-05-28T06:59:22.070+0000] {processor.py:842} WARNING - No viable dags retrieved from /opt/airflow/dags/main.py
[2026-05-28T06:59:22.082+0000] {processor.py:183} INFO - Processing /opt/airflow/dags/main.py took 0.060 seconds
[2026-05-28T06:59:53.576+0000] {processor.py:161} INFO - Started process (PID=365) to work on /opt/airflow/dags/main.py
[2026-05-28T06:59:53.577+0000] {processor.py:830} INFO - Processing file /opt/airflow/dags/main.py for tasks to queue
[2026-05-28T06:59:53.579+0000] {logging_mixin.py:188} INFO - [2026-05-28T06:59:53.579+0000] {dagbag.py:545} INFO - Filling up the DagBag from /opt/airflow/dags/main.py
[2026-05-28T06:59:53.609+0000] {processor.py:842} WARNING - No viable dags retrieved from /opt/airflow/dags/main.py
[2026-05-28T06:59:53.620+0000] {processor.py:183} INFO - Processing /opt/airflow/dags/main.py took 0.049 seconds
[2026-05-28T07:00:23.767+0000] {processor.py:161} INFO - Started process (PID=372) to work on /opt/airflow/dags/main.py
[2026-05-28T07:00:23.768+0000] {processor.py:830} INFO - Processing file /opt/airflow/dags/main.py for tasks to queue
[2026-05-28T07:00:23.770+0000] {logging_mixin.py:188} INFO - [2026-05-28T07:00:23.770+0000] {dagbag.py:545} INFO - Filling up the DagBag from /opt/airflow/dags/main.py
[2026-05-28T07:00:23.800+0000] {processor.py:842} WARNING - No viable dags retrieved from /opt/airflow/dags/main.py
[2026-05-28T07:00:23.810+0000] {processor.py:183} INFO - Processing /opt/airflow/dags/main.py took 0.047 seconds
[2026-05-28T07:00:54.580+0000] {processor.py:161} INFO - Started process (PID=379) to work on /opt/airflow/dags/main.py
[2026-05-28T07:00:54.581+0000] {processor.py:830} INFO - Processing file /opt/airflow/dags/main.py for tasks to queue
[2026-05-28T07:00:54.582+0000] {logging_mixin.py:188} INFO - [2026-05-28T07:00:54.582+0000] {dagbag.py:545} INFO - Filling up the DagBag from /opt/airflow/dags/main.py
[2026-05-28T07:00:54.620+0000] {processor.py:842} WARNING - No viable dags retrieved from /opt/airflow/dags/main.py
[2026-05-28T07:00:54.632+0000] {processor.py:183} INFO - Processing /opt/airflow/dags/main.py took 0.059 seconds
[2026-05-28T07:01:24.758+0000] {processor.py:161} INFO - Started process (PID=386) to work on /opt/airflow/dags/main.py
[2026-05-28T07:01:24.759+0000] {processor.py:830} INFO - Processing file /opt/airflow/dags/main.py for tasks to queue
[2026-05-28T07:01:24.761+0000] {logging_mixin.py:188} INFO - [2026-05-28T07:01:24.761+0000] {dagbag.py:545} INFO - Filling up the DagBag from /opt/airflow/dags/main.py
[2026-05-28T07:01:24.788+0000] {processor.py:842} WARNING - No viable dags retrieved from /opt/airflow/dags/main.py
[2026-05-28T07:01:24.799+0000] {processor.py:183} INFO - Processing /opt/airflow/dags/main.py took 0.046 seconds
[2026-05-28T07:01:54.711+0000] {processor.py:161} INFO - Started process (PID=393) to work on /opt/airflow/dags/main.py
[2026-05-28T07:01:54.712+0000] {processor.py:830} INFO - Processing file /opt/airflow/dags/main.py for tasks to queue
[2026-05-28T07:01:54.714+0000] {logging_mixin.py:188} INFO - [2026-05-28T07:01:54.714+0000] {dagbag.py:545} INFO - Filling up the DagBag from /opt/airflow/dags/main.py
[2026-05-28T07:01:54.729+0000] {logging_mixin.py:188} INFO - [2026-05-28T07:01:54.725+0000] {dagbag.py:355} ERROR - Failed to import: /opt/airflow/dags/main.py
Traceback (most recent call last):
  File "/home/airflow/.local/lib/python3.10/site-packages/airflow/models/dagbag.py", line 351, in parse
    loader.exec_module(new_module)
  File "<frozen importlib._bootstrap_external>", line 879, in exec_module
  File "<frozen importlib._bootstrap_external>", line 1017, in get_code
  File "<frozen importlib._bootstrap_external>", line 947, in source_to_code
  File "<frozen importlib._bootstrap>", line 241, in _call_with_frames_removed
  File "/opt/airflow/dags/main.py", line 25
    )
     ^
SyntaxError: expected ':'
[2026-05-28T07:01:54.729+0000] {processor.py:842} WARNING - No viable dags retrieved from /opt/airflow/dags/main.py
[2026-05-28T07:01:54.746+0000] {processor.py:183} INFO - Processing /opt/airflow/dags/main.py took 0.042 seconds
[2026-05-28T07:01:59.764+0000] {processor.py:161} INFO - Started process (PID=394) to work on /opt/airflow/dags/main.py
[2026-05-28T07:01:59.764+0000] {processor.py:830} INFO - Processing file /opt/airflow/dags/main.py for tasks to queue
[2026-05-28T07:01:59.766+0000] {logging_mixin.py:188} INFO - [2026-05-28T07:01:59.766+0000] {dagbag.py:545} INFO - Filling up the DagBag from /opt/airflow/dags/main.py
[2026-05-28T07:01:59.774+0000] {logging_mixin.py:188} INFO - [2026-05-28T07:01:59.774+0000] {dagbag.py:355} ERROR - Failed to import: /opt/airflow/dags/main.py
Traceback (most recent call last):
  File "/home/airflow/.local/lib/python3.10/site-packages/airflow/models/dagbag.py", line 351, in parse
    loader.exec_module(new_module)
  File "<frozen importlib._bootstrap_external>", line 879, in exec_module
  File "<frozen importlib._bootstrap_external>", line 1017, in get_code
  File "<frozen importlib._bootstrap_external>", line 947, in source_to_code
  File "<frozen importlib._bootstrap>", line 241, in _call_with_frames_removed
  File "/opt/airflow/dags/main.py", line 25
    )
     ^
SyntaxError: expected ':'
[2026-05-28T07:01:59.775+0000] {processor.py:842} WARNING - No viable dags retrieved from /opt/airflow/dags/main.py
[2026-05-28T07:01:59.789+0000] {processor.py:183} INFO - Processing /opt/airflow/dags/main.py took 0.030 seconds
[2026-05-28T07:02:17.394+0000] {processor.py:161} INFO - Started process (PID=395) to work on /opt/airflow/dags/main.py
[2026-05-28T07:02:17.394+0000] {processor.py:830} INFO - Processing file /opt/airflow/dags/main.py for tasks to queue
[2026-05-28T07:02:17.396+0000] {logging_mixin.py:188} INFO - [2026-05-28T07:02:17.396+0000] {dagbag.py:545} INFO - Filling up the DagBag from /opt/airflow/dags/main.py
[2026-05-28T07:02:17.406+0000] {logging_mixin.py:188} INFO - [2026-05-28T07:02:17.405+0000] {dagbag.py:355} ERROR - Failed to import: /opt/airflow/dags/main.py
Traceback (most recent call last):
  File "/home/airflow/.local/lib/python3.10/site-packages/airflow/models/dagbag.py", line 351, in parse
    loader.exec_module(new_module)
  File "<frozen importlib._bootstrap_external>", line 879, in exec_module
  File "<frozen importlib._bootstrap_external>", line 1017, in get_code
  File "<frozen importlib._bootstrap_external>", line 947, in source_to_code
  File "<frozen importlib._bootstrap>", line 241, in _call_with_frames_removed
  File "/opt/airflow/dags/main.py", line 25
    )
     ^
SyntaxError: expected ':'
[2026-05-28T07:02:17.406+0000] {processor.py:842} WARNING - No viable dags retrieved from /opt/airflow/dags/main.py
[2026-05-28T07:02:17.420+0000] {processor.py:183} INFO - Processing /opt/airflow/dags/main.py took 0.030 seconds
[2026-05-28T07:02:26.470+0000] {processor.py:161} INFO - Started process (PID=402) to work on /opt/airflow/dags/main.py
[2026-05-28T07:02:26.470+0000] {processor.py:830} INFO - Processing file /opt/airflow/dags/main.py for tasks to queue
[2026-05-28T07:02:26.472+0000] {logging_mixin.py:188} INFO - [2026-05-28T07:02:26.472+0000] {dagbag.py:545} INFO - Filling up the DagBag from /opt/airflow/dags/main.py
[2026-05-28T07:02:26.485+0000] {logging_mixin.py:188} INFO - [2026-05-28T07:02:26.485+0000] {dagbag.py:355} ERROR - Failed to import: /opt/airflow/dags/main.py
Traceback (most recent call last):
  File "/home/airflow/.local/lib/python3.10/site-packages/airflow/models/dagbag.py", line 351, in parse
    loader.exec_module(new_module)
  File "<frozen importlib._bootstrap_external>", line 879, in exec_module
  File "<frozen importlib._bootstrap_external>", line 1017, in get_code
  File "<frozen importlib._bootstrap_external>", line 947, in source_to_code
  File "<frozen importlib._bootstrap>", line 241, in _call_with_frames_removed
  File "/opt/airflow/dags/main.py", line 26
    )
     ^
SyntaxError: expected ':'
[2026-05-28T07:02:26.486+0000] {processor.py:842} WARNING - No viable dags retrieved from /opt/airflow/dags/main.py
[2026-05-28T07:02:26.504+0000] {processor.py:183} INFO - Processing /opt/airflow/dags/main.py took 0.040 seconds
[2026-05-28T07:02:36.564+0000] {processor.py:161} INFO - Started process (PID=403) to work on /opt/airflow/dags/main.py
[2026-05-28T07:02:36.565+0000] {processor.py:830} INFO - Processing file /opt/airflow/dags/main.py for tasks to queue
[2026-05-28T07:02:36.567+0000] {logging_mixin.py:188} INFO - [2026-05-28T07:02:36.566+0000] {dagbag.py:545} INFO - Filling up the DagBag from /opt/airflow/dags/main.py
[2026-05-28T07:02:36.576+0000] {logging_mixin.py:188} INFO - [2026-05-28T07:02:36.576+0000] {dagbag.py:355} ERROR - Failed to import: /opt/airflow/dags/main.py
Traceback (most recent call last):
  File "/home/airflow/.local/lib/python3.10/site-packages/airflow/models/dagbag.py", line 351, in parse
    loader.exec_module(new_module)
  File "<frozen importlib._bootstrap_external>", line 879, in exec_module
  File "<frozen importlib._bootstrap_external>", line 1017, in get_code
  File "<frozen importlib._bootstrap_external>", line 947, in source_to_code
  File "<frozen importlib._bootstrap>", line 241, in _call_with_frames_removed
  File "/opt/airflow/dags/main.py", line 27
    )
     ^
SyntaxError: expected ':'
[2026-05-28T07:02:36.577+0000] {processor.py:842} WARNING - No viable dags retrieved from /opt/airflow/dags/main.py
[2026-05-28T07:02:36.597+0000] {processor.py:183} INFO - Processing /opt/airflow/dags/main.py took 0.038 seconds
[2026-05-28T07:02:51.234+0000] {processor.py:161} INFO - Started process (PID=404) to work on /opt/airflow/dags/main.py
[2026-05-28T07:02:51.235+0000] {processor.py:830} INFO - Processing file /opt/airflow/dags/main.py for tasks to queue
[2026-05-28T07:02:51.237+0000] {logging_mixin.py:188} INFO - [2026-05-28T07:02:51.237+0000] {dagbag.py:545} INFO - Filling up the DagBag from /opt/airflow/dags/main.py
[2026-05-28T07:02:51.251+0000] {logging_mixin.py:188} INFO - [2026-05-28T07:02:51.250+0000] {dagbag.py:355} ERROR - Failed to import: /opt/airflow/dags/main.py
Traceback (most recent call last):
  File "/home/airflow/.local/lib/python3.10/site-packages/airflow/models/dagbag.py", line 351, in parse
    loader.exec_module(new_module)
  File "<frozen importlib._bootstrap_external>", line 879, in exec_module
  File "<frozen importlib._bootstrap_external>", line 1017, in get_code
  File "<frozen importlib._bootstrap_external>", line 947, in source_to_code
  File "<frozen importlib._bootstrap>", line 241, in _call_with_frames_removed
  File "/opt/airflow/dags/main.py", line 27
    )
     ^
SyntaxError: expected ':'
[2026-05-28T07:02:51.252+0000] {processor.py:842} WARNING - No viable dags retrieved from /opt/airflow/dags/main.py
[2026-05-28T07:02:51.267+0000] {processor.py:183} INFO - Processing /opt/airflow/dags/main.py took 0.038 seconds
[2026-05-28T07:02:56.287+0000] {processor.py:161} INFO - Started process (PID=405) to work on /opt/airflow/dags/main.py
[2026-05-28T07:02:56.289+0000] {processor.py:830} INFO - Processing file /opt/airflow/dags/main.py for tasks to queue
[2026-05-28T07:02:56.292+0000] {logging_mixin.py:188} INFO - [2026-05-28T07:02:56.292+0000] {dagbag.py:545} INFO - Filling up the DagBag from /opt/airflow/dags/main.py
[2026-05-28T07:02:56.306+0000] {logging_mixin.py:188} INFO - [2026-05-28T07:02:56.306+0000] {dagbag.py:355} ERROR - Failed to import: /opt/airflow/dags/main.py
Traceback (most recent call last):
  File "/home/airflow/.local/lib/python3.10/site-packages/airflow/models/dagbag.py", line 351, in parse
    loader.exec_module(new_module)
  File "<frozen importlib._bootstrap_external>", line 879, in exec_module
  File "<frozen importlib._bootstrap_external>", line 1017, in get_code
  File "<frozen importlib._bootstrap_external>", line 947, in source_to_code
  File "<frozen importlib._bootstrap>", line 241, in _call_with_frames_removed
  File "/opt/airflow/dags/main.py", line 27
    )
     ^
SyntaxError: expected ':'
[2026-05-28T07:02:56.307+0000] {processor.py:842} WARNING - No viable dags retrieved from /opt/airflow/dags/main.py
[2026-05-28T07:02:56.323+0000] {processor.py:183} INFO - Processing /opt/airflow/dags/main.py took 0.042 seconds
[2026-05-28T07:03:07.380+0000] {processor.py:161} INFO - Started process (PID=412) to work on /opt/airflow/dags/main.py
[2026-05-28T07:03:07.381+0000] {processor.py:830} INFO - Processing file /opt/airflow/dags/main.py for tasks to queue
[2026-05-28T07:03:07.383+0000] {logging_mixin.py:188} INFO - [2026-05-28T07:03:07.383+0000] {dagbag.py:545} INFO - Filling up the DagBag from /opt/airflow/dags/main.py
[2026-05-28T07:03:07.393+0000] {logging_mixin.py:188} INFO - [2026-05-28T07:03:07.393+0000] {dagbag.py:355} ERROR - Failed to import: /opt/airflow/dags/main.py
Traceback (most recent call last):
  File "/home/airflow/.local/lib/python3.10/site-packages/airflow/models/dagbag.py", line 351, in parse
    loader.exec_module(new_module)
  File "<frozen importlib._bootstrap_external>", line 879, in exec_module
  File "<frozen importlib._bootstrap_external>", line 1017, in get_code
  File "<frozen importlib._bootstrap_external>", line 947, in source_to_code
  File "<frozen importlib._bootstrap>", line 241, in _call_with_frames_removed
  File "/opt/airflow/dags/main.py", line 27
    )
     ^
SyntaxError: expected ':'
[2026-05-28T07:03:07.394+0000] {processor.py:842} WARNING - No viable dags retrieved from /opt/airflow/dags/main.py
[2026-05-28T07:03:07.409+0000] {processor.py:183} INFO - Processing /opt/airflow/dags/main.py took 0.034 seconds
[2026-05-28T07:03:20.099+0000] {processor.py:161} INFO - Started process (PID=413) to work on /opt/airflow/dags/main.py
[2026-05-28T07:03:20.100+0000] {processor.py:830} INFO - Processing file /opt/airflow/dags/main.py for tasks to queue
[2026-05-28T07:03:20.101+0000] {logging_mixin.py:188} INFO - [2026-05-28T07:03:20.101+0000] {dagbag.py:545} INFO - Filling up the DagBag from /opt/airflow/dags/main.py
[2026-05-28T07:03:20.110+0000] {logging_mixin.py:188} INFO - [2026-05-28T07:03:20.110+0000] {dagbag.py:355} ERROR - Failed to import: /opt/airflow/dags/main.py
Traceback (most recent call last):
  File "/home/airflow/.local/lib/python3.10/site-packages/airflow/models/dagbag.py", line 351, in parse
    loader.exec_module(new_module)
  File "<frozen importlib._bootstrap_external>", line 879, in exec_module
  File "<frozen importlib._bootstrap_external>", line 1017, in get_code
  File "<frozen importlib._bootstrap_external>", line 947, in source_to_code
  File "<frozen importlib._bootstrap>", line 241, in _call_with_frames_removed
  File "/opt/airflow/dags/main.py", line 28
    )
     ^
SyntaxError: expected ':'
[2026-05-28T07:03:20.111+0000] {processor.py:842} WARNING - No viable dags retrieved from /opt/airflow/dags/main.py
[2026-05-28T07:03:20.129+0000] {processor.py:183} INFO - Processing /opt/airflow/dags/main.py took 0.036 seconds
[2026-05-28T07:03:41.292+0000] {processor.py:161} INFO - Started process (PID=420) to work on /opt/airflow/dags/main.py
[2026-05-28T07:03:41.293+0000] {processor.py:830} INFO - Processing file /opt/airflow/dags/main.py for tasks to queue
[2026-05-28T07:03:41.294+0000] {logging_mixin.py:188} INFO - [2026-05-28T07:03:41.294+0000] {dagbag.py:545} INFO - Filling up the DagBag from /opt/airflow/dags/main.py
[2026-05-28T07:03:41.305+0000] {logging_mixin.py:188} INFO - [2026-05-28T07:03:41.304+0000] {dagbag.py:355} ERROR - Failed to import: /opt/airflow/dags/main.py
Traceback (most recent call last):
  File "/home/airflow/.local/lib/python3.10/site-packages/airflow/models/dagbag.py", line 351, in parse
    loader.exec_module(new_module)
  File "<frozen importlib._bootstrap_external>", line 879, in exec_module
  File "<frozen importlib._bootstrap_external>", line 1017, in get_code
  File "<frozen importlib._bootstrap_external>", line 947, in source_to_code
  File "<frozen importlib._bootstrap>", line 241, in _call_with_frames_removed
  File "/opt/airflow/dags/main.py", line 28
    )
     ^
SyntaxError: expected ':'
[2026-05-28T07:03:41.305+0000] {processor.py:842} WARNING - No viable dags retrieved from /opt/airflow/dags/main.py
[2026-05-28T07:03:41.324+0000] {processor.py:183} INFO - Processing /opt/airflow/dags/main.py took 0.038 seconds
[2026-05-28T07:03:50.068+0000] {processor.py:161} INFO - Started process (PID=421) to work on /opt/airflow/dags/main.py
[2026-05-28T07:03:50.070+0000] {processor.py:830} INFO - Processing file /opt/airflow/dags/main.py for tasks to queue
[2026-05-28T07:03:50.073+0000] {logging_mixin.py:188} INFO - [2026-05-28T07:03:50.073+0000] {dagbag.py:545} INFO - Filling up the DagBag from /opt/airflow/dags/main.py
[2026-05-28T07:03:50.092+0000] {logging_mixin.py:188} INFO - [2026-05-28T07:03:50.091+0000] {dagbag.py:355} ERROR - Failed to import: /opt/airflow/dags/main.py
Traceback (most recent call last):
  File "/home/airflow/.local/lib/python3.10/site-packages/airflow/models/dagbag.py", line 351, in parse
    loader.exec_module(new_module)
  File "<frozen importlib._bootstrap_external>", line 879, in exec_module
  File "<frozen importlib._bootstrap_external>", line 1017, in get_code
  File "<frozen importlib._bootstrap_external>", line 947, in source_to_code
  File "<frozen importlib._bootstrap>", line 241, in _call_with_frames_removed
  File "/opt/airflow/dags/main.py", line 28
    )
    ^
SyntaxError: invalid syntax
[2026-05-28T07:03:50.092+0000] {processor.py:842} WARNING - No viable dags retrieved from /opt/airflow/dags/main.py
[2026-05-28T07:03:50.110+0000] {processor.py:183} INFO - Processing /opt/airflow/dags/main.py took 0.047 seconds
[2026-05-28T07:03:56.127+0000] {processor.py:161} INFO - Started process (PID=422) to work on /opt/airflow/dags/main.py
[2026-05-28T07:03:56.127+0000] {processor.py:830} INFO - Processing file /opt/airflow/dags/main.py for tasks to queue
[2026-05-28T07:03:56.129+0000] {logging_mixin.py:188} INFO - [2026-05-28T07:03:56.128+0000] {dagbag.py:545} INFO - Filling up the DagBag from /opt/airflow/dags/main.py
[2026-05-28T07:03:56.137+0000] {logging_mixin.py:188} INFO - [2026-05-28T07:03:56.137+0000] {dagbag.py:355} ERROR - Failed to import: /opt/airflow/dags/main.py
Traceback (most recent call last):
  File "/home/airflow/.local/lib/python3.10/site-packages/airflow/models/dagbag.py", line 351, in parse
    loader.exec_module(new_module)
  File "<frozen importlib._bootstrap_external>", line 879, in exec_module
  File "<frozen importlib._bootstrap_external>", line 1017, in get_code
  File "<frozen importlib._bootstrap_external>", line 947, in source_to_code
  File "<frozen importlib._bootstrap>", line 241, in _call_with_frames_removed
  File "/opt/airflow/dags/main.py", line 28
    )
     ^
SyntaxError: expected ':'
[2026-05-28T07:03:56.138+0000] {processor.py:842} WARNING - No viable dags retrieved from /opt/airflow/dags/main.py
[2026-05-28T07:03:56.153+0000] {processor.py:183} INFO - Processing /opt/airflow/dags/main.py took 0.031 seconds
[2026-05-28T07:04:02.229+0000] {processor.py:161} INFO - Started process (PID=429) to work on /opt/airflow/dags/main.py
[2026-05-28T07:04:02.230+0000] {processor.py:830} INFO - Processing file /opt/airflow/dags/main.py for tasks to queue
[2026-05-28T07:04:02.231+0000] {logging_mixin.py:188} INFO - [2026-05-28T07:04:02.231+0000] {dagbag.py:545} INFO - Filling up the DagBag from /opt/airflow/dags/main.py
[2026-05-28T07:04:02.241+0000] {logging_mixin.py:188} INFO - [2026-05-28T07:04:02.240+0000] {dagbag.py:355} ERROR - Failed to import: /opt/airflow/dags/main.py
Traceback (most recent call last):
  File "/home/airflow/.local/lib/python3.10/site-packages/airflow/models/dagbag.py", line 351, in parse
    loader.exec_module(new_module)
  File "<frozen importlib._bootstrap_external>", line 879, in exec_module
  File "<frozen importlib._bootstrap_external>", line 1017, in get_code
  File "<frozen importlib._bootstrap_external>", line 947, in source_to_code
  File "<frozen importlib._bootstrap>", line 241, in _call_with_frames_removed
  File "/opt/airflow/dags/main.py", line 29
    )
     ^
SyntaxError: expected ':'
[2026-05-28T07:04:02.241+0000] {processor.py:842} WARNING - No viable dags retrieved from /opt/airflow/dags/main.py
[2026-05-28T07:04:02.263+0000] {processor.py:183} INFO - Processing /opt/airflow/dags/main.py took 0.038 seconds
[2026-05-28T07:04:13.306+0000] {processor.py:161} INFO - Started process (PID=430) to work on /opt/airflow/dags/main.py
[2026-05-28T07:04:13.308+0000] {processor.py:830} INFO - Processing file /opt/airflow/dags/main.py for tasks to queue
[2026-05-28T07:04:13.309+0000] {logging_mixin.py:188} INFO - [2026-05-28T07:04:13.309+0000] {dagbag.py:545} INFO - Filling up the DagBag from /opt/airflow/dags/main.py
[2026-05-28T07:04:13.319+0000] {logging_mixin.py:188} INFO - [2026-05-28T07:04:13.319+0000] {dagbag.py:355} ERROR - Failed to import: /opt/airflow/dags/main.py
Traceback (most recent call last):
  File "/home/airflow/.local/lib/python3.10/site-packages/airflow/models/dagbag.py", line 351, in parse
    loader.exec_module(new_module)
  File "<frozen importlib._bootstrap_external>", line 879, in exec_module
  File "<frozen importlib._bootstrap_external>", line 1017, in get_code
  File "<frozen importlib._bootstrap_external>", line 947, in source_to_code
  File "<frozen importlib._bootstrap>", line 241, in _call_with_frames_removed
  File "/opt/airflow/dags/main.py", line 29
    )
     ^
SyntaxError: expected ':'
[2026-05-28T07:04:13.320+0000] {processor.py:842} WARNING - No viable dags retrieved from /opt/airflow/dags/main.py
[2026-05-28T07:04:13.342+0000] {processor.py:183} INFO - Processing /opt/airflow/dags/main.py took 0.041 seconds
[2026-05-28T07:04:16.374+0000] {processor.py:161} INFO - Started process (PID=431) to work on /opt/airflow/dags/main.py
[2026-05-28T07:04:16.375+0000] {processor.py:830} INFO - Processing file /opt/airflow/dags/main.py for tasks to queue
[2026-05-28T07:04:16.377+0000] {logging_mixin.py:188} INFO - [2026-05-28T07:04:16.377+0000] {dagbag.py:545} INFO - Filling up the DagBag from /opt/airflow/dags/main.py
[2026-05-28T07:04:16.389+0000] {logging_mixin.py:188} INFO - [2026-05-28T07:04:16.388+0000] {dagbag.py:355} ERROR - Failed to import: /opt/airflow/dags/main.py
Traceback (most recent call last):
  File "/home/airflow/.local/lib/python3.10/site-packages/airflow/models/dagbag.py", line 351, in parse
    loader.exec_module(new_module)
  File "<frozen importlib._bootstrap_external>", line 879, in exec_module
  File "<frozen importlib._bootstrap_external>", line 1017, in get_code
  File "<frozen importlib._bootstrap_external>", line 947, in source_to_code
  File "<frozen importlib._bootstrap>", line 241, in _call_with_frames_removed
  File "/opt/airflow/dags/main.py", line 29
    ) as 
         ^
SyntaxError: invalid syntax
[2026-05-28T07:04:16.389+0000] {processor.py:842} WARNING - No viable dags retrieved from /opt/airflow/dags/main.py
[2026-05-28T07:04:16.406+0000] {processor.py:183} INFO - Processing /opt/airflow/dags/main.py took 0.037 seconds
[2026-05-28T07:04:20.420+0000] {processor.py:161} INFO - Started process (PID=432) to work on /opt/airflow/dags/main.py
[2026-05-28T07:04:20.421+0000] {processor.py:830} INFO - Processing file /opt/airflow/dags/main.py for tasks to queue
[2026-05-28T07:04:20.422+0000] {logging_mixin.py:188} INFO - [2026-05-28T07:04:20.422+0000] {dagbag.py:545} INFO - Filling up the DagBag from /opt/airflow/dags/main.py
[2026-05-28T07:04:20.432+0000] {logging_mixin.py:188} INFO - [2026-05-28T07:04:20.432+0000] {dagbag.py:355} ERROR - Failed to import: /opt/airflow/dags/main.py
Traceback (most recent call last):
  File "/home/airflow/.local/lib/python3.10/site-packages/airflow/models/dagbag.py", line 351, in parse
    loader.exec_module(new_module)
  File "<frozen importlib._bootstrap_external>", line 879, in exec_module
  File "<frozen importlib._bootstrap_external>", line 1017, in get_code
  File "<frozen importlib._bootstrap_external>", line 947, in source_to_code
  File "<frozen importlib._bootstrap>", line 241, in _call_with_frames_removed
  File "/opt/airflow/dags/main.py", line 30
    
    ^
IndentationError: expected an indented block after 'with' statement on line 23
[2026-05-28T07:04:20.433+0000] {processor.py:842} WARNING - No viable dags retrieved from /opt/airflow/dags/main.py
[2026-05-28T07:04:20.449+0000] {processor.py:183} INFO - Processing /opt/airflow/dags/main.py took 0.034 seconds
[2026-05-28T07:04:20.480+0000] {processor.py:161} INFO - Started process (PID=433) to work on /opt/airflow/dags/main.py
[2026-05-28T07:04:20.481+0000] {processor.py:830} INFO - Processing file /opt/airflow/dags/main.py for tasks to queue
[2026-05-28T07:04:20.482+0000] {logging_mixin.py:188} INFO - [2026-05-28T07:04:20.482+0000] {dagbag.py:545} INFO - Filling up the DagBag from /opt/airflow/dags/main.py
[2026-05-28T07:04:20.493+0000] {logging_mixin.py:188} INFO - [2026-05-28T07:04:20.493+0000] {dagbag.py:355} ERROR - Failed to import: /opt/airflow/dags/main.py
Traceback (most recent call last):
  File "/home/airflow/.local/lib/python3.10/site-packages/airflow/models/dagbag.py", line 351, in parse
    loader.exec_module(new_module)
  File "<frozen importlib._bootstrap_external>", line 879, in exec_module
  File "<frozen importlib._bootstrap_external>", line 1017, in get_code
  File "<frozen importlib._bootstrap_external>", line 947, in source_to_code
  File "<frozen importlib._bootstrap>", line 241, in _call_with_frames_removed
  File "/opt/airflow/dags/main.py", line 30
    
    ^
IndentationError: expected an indented block after 'with' statement on line 23
[2026-05-28T07:04:20.494+0000] {processor.py:842} WARNING - No viable dags retrieved from /opt/airflow/dags/main.py
[2026-05-28T07:04:20.512+0000] {processor.py:183} INFO - Processing /opt/airflow/dags/main.py took 0.041 seconds
[2026-05-28T07:04:20.541+0000] {processor.py:161} INFO - Started process (PID=434) to work on /opt/airflow/dags/main.py
[2026-05-28T07:04:20.542+0000] {processor.py:830} INFO - Processing file /opt/airflow/dags/main.py for tasks to queue
[2026-05-28T07:04:20.544+0000] {logging_mixin.py:188} INFO - [2026-05-28T07:04:20.543+0000] {dagbag.py:545} INFO - Filling up the DagBag from /opt/airflow/dags/main.py
[2026-05-28T07:04:20.554+0000] {logging_mixin.py:188} INFO - [2026-05-28T07:04:20.554+0000] {dagbag.py:355} ERROR - Failed to import: /opt/airflow/dags/main.py
Traceback (most recent call last):
  File "/home/airflow/.local/lib/python3.10/site-packages/airflow/models/dagbag.py", line 351, in parse
    loader.exec_module(new_module)
  File "<frozen importlib._bootstrap_external>", line 879, in exec_module
  File "<frozen importlib._bootstrap_external>", line 1017, in get_code
  File "<frozen importlib._bootstrap_external>", line 947, in source_to_code
  File "<frozen importlib._bootstrap>", line 241, in _call_with_frames_removed
  File "/opt/airflow/dags/main.py", line 30
    
    ^
IndentationError: expected an indented block after 'with' statement on line 23
[2026-05-28T07:04:20.554+0000] {processor.py:842} WARNING - No viable dags retrieved from /opt/airflow/dags/main.py
[2026-05-28T07:04:20.570+0000] {processor.py:183} INFO - Processing /opt/airflow/dags/main.py took 0.034 seconds
[2026-05-28T07:04:20.598+0000] {processor.py:161} INFO - Started process (PID=435) to work on /opt/airflow/dags/main.py
[2026-05-28T07:04:20.599+0000] {processor.py:830} INFO - Processing file /opt/airflow/dags/main.py for tasks to queue
[2026-05-28T07:04:20.600+0000] {logging_mixin.py:188} INFO - [2026-05-28T07:04:20.600+0000] {dagbag.py:545} INFO - Filling up the DagBag from /opt/airflow/dags/main.py
[2026-05-28T07:04:20.610+0000] {logging_mixin.py:188} INFO - [2026-05-28T07:04:20.610+0000] {dagbag.py:355} ERROR - Failed to import: /opt/airflow/dags/main.py
Traceback (most recent call last):
  File "/home/airflow/.local/lib/python3.10/site-packages/airflow/models/dagbag.py", line 351, in parse
    loader.exec_module(new_module)
  File "<frozen importlib._bootstrap_external>", line 879, in exec_module
  File "<frozen importlib._bootstrap_external>", line 1017, in get_code
  File "<frozen importlib._bootstrap_external>", line 947, in source_to_code
  File "<frozen importlib._bootstrap>", line 241, in _call_with_frames_removed
  File "/opt/airflow/dags/main.py", line 30
    
    ^
IndentationError: expected an indented block after 'with' statement on line 23
[2026-05-28T07:04:20.611+0000] {processor.py:842} WARNING - No viable dags retrieved from /opt/airflow/dags/main.py
[2026-05-28T07:04:20.626+0000] {processor.py:183} INFO - Processing /opt/airflow/dags/main.py took 0.033 seconds
[2026-05-28T07:04:20.653+0000] {processor.py:161} INFO - Started process (PID=436) to work on /opt/airflow/dags/main.py
[2026-05-28T07:04:20.654+0000] {processor.py:830} INFO - Processing file /opt/airflow/dags/main.py for tasks to queue
[2026-05-28T07:04:20.656+0000] {logging_mixin.py:188} INFO - [2026-05-28T07:04:20.655+0000] {dagbag.py:545} INFO - Filling up the DagBag from /opt/airflow/dags/main.py
[2026-05-28T07:04:20.666+0000] {logging_mixin.py:188} INFO - [2026-05-28T07:04:20.666+0000] {dagbag.py:355} ERROR - Failed to import: /opt/airflow/dags/main.py
Traceback (most recent call last):
  File "/home/airflow/.local/lib/python3.10/site-packages/airflow/models/dagbag.py", line 351, in parse
    loader.exec_module(new_module)
  File "<frozen importlib._bootstrap_external>", line 879, in exec_module
  File "<frozen importlib._bootstrap_external>", line 1017, in get_code
  File "<frozen importlib._bootstrap_external>", line 947, in source_to_code
  File "<frozen importlib._bootstrap>", line 241, in _call_with_frames_removed
  File "/opt/airflow/dags/main.py", line 30
    
    ^
IndentationError: expected an indented block after 'with' statement on line 23
[2026-05-28T07:04:20.667+0000] {processor.py:842} WARNING - No viable dags retrieved from /opt/airflow/dags/main.py
[2026-05-28T07:04:20.681+0000] {processor.py:183} INFO - Processing /opt/airflow/dags/main.py took 0.033 seconds
[2026-05-28T07:04:29.655+0000] {processor.py:161} INFO - Started process (PID=437) to work on /opt/airflow/dags/main.py
[2026-05-28T07:04:29.657+0000] {processor.py:830} INFO - Processing file /opt/airflow/dags/main.py for tasks to queue
[2026-05-28T07:04:29.659+0000] {logging_mixin.py:188} INFO - [2026-05-28T07:04:29.659+0000] {dagbag.py:545} INFO - Filling up the DagBag from /opt/airflow/dags/main.py
[2026-05-28T07:04:29.669+0000] {logging_mixin.py:188} INFO - [2026-05-28T07:04:29.668+0000] {dagbag.py:355} ERROR - Failed to import: /opt/airflow/dags/main.py
Traceback (most recent call last):
  File "/home/airflow/.local/lib/python3.10/site-packages/airflow/models/dagbag.py", line 351, in parse
    loader.exec_module(new_module)
  File "<frozen importlib._bootstrap_external>", line 879, in exec_module
  File "<frozen importlib._bootstrap_external>", line 1017, in get_code
  File "<frozen importlib._bootstrap_external>", line 947, in source_to_code
  File "<frozen importlib._bootstrap>", line 241, in _call_with_frames_removed
  File "/opt/airflow/dags/main.py", line 31
    # Define 
             ^
IndentationError: expected an indented block after 'with' statement on line 23
[2026-05-28T07:04:29.669+0000] {processor.py:842} WARNING - No viable dags retrieved from /opt/airflow/dags/main.py
[2026-05-28T07:04:29.690+0000] {processor.py:183} INFO - Processing /opt/airflow/dags/main.py took 0.039 seconds
[2026-05-28T07:04:33.718+0000] {processor.py:161} INFO - Started process (PID=444) to work on /opt/airflow/dags/main.py
[2026-05-28T07:04:33.719+0000] {processor.py:830} INFO - Processing file /opt/airflow/dags/main.py for tasks to queue
[2026-05-28T07:04:33.720+0000] {logging_mixin.py:188} INFO - [2026-05-28T07:04:33.720+0000] {dagbag.py:545} INFO - Filling up the DagBag from /opt/airflow/dags/main.py
[2026-05-28T07:04:33.730+0000] {logging_mixin.py:188} INFO - [2026-05-28T07:04:33.730+0000] {dagbag.py:355} ERROR - Failed to import: /opt/airflow/dags/main.py
Traceback (most recent call last):
  File "/home/airflow/.local/lib/python3.10/site-packages/airflow/models/dagbag.py", line 351, in parse
    loader.exec_module(new_module)
  File "<frozen importlib._bootstrap_external>", line 879, in exec_module
  File "<frozen importlib._bootstrap_external>", line 1017, in get_code
  File "<frozen importlib._bootstrap_external>", line 947, in source_to_code
  File "<frozen importlib._bootstrap>", line 241, in _call_with_frames_removed
  File "/opt/airflow/dags/main.py", line 32
    
    ^
IndentationError: expected an indented block after 'with' statement on line 23
[2026-05-28T07:04:33.731+0000] {processor.py:842} WARNING - No viable dags retrieved from /opt/airflow/dags/main.py
[2026-05-28T07:04:33.752+0000] {processor.py:183} INFO - Processing /opt/airflow/dags/main.py took 0.038 seconds
[2026-05-28T07:04:42.799+0000] {processor.py:161} INFO - Started process (PID=445) to work on /opt/airflow/dags/main.py
[2026-05-28T07:04:42.800+0000] {processor.py:830} INFO - Processing file /opt/airflow/dags/main.py for tasks to queue
[2026-05-28T07:04:42.802+0000] {logging_mixin.py:188} INFO - [2026-05-28T07:04:42.801+0000] {dagbag.py:545} INFO - Filling up the DagBag from /opt/airflow/dags/main.py
[2026-05-28T07:04:42.814+0000] {logging_mixin.py:188} INFO - [2026-05-28T07:04:42.813+0000] {dagbag.py:355} ERROR - Failed to import: /opt/airflow/dags/main.py
Traceback (most recent call last):
  File "/home/airflow/.local/lib/python3.10/site-packages/airflow/models/dagbag.py", line 351, in parse
    loader.exec_module(new_module)
  File "<frozen importlib._bootstrap_external>", line 879, in exec_module
  File "<frozen importlib._bootstrap_external>", line 1017, in get_code
  File "<frozen importlib._bootstrap_external>", line 947, in source_to_code
  File "<frozen importlib._bootstrap>", line 241, in _call_with_frames_removed
  File "/opt/airflow/dags/main.py", line 32
    playlist_id-
                ^
SyntaxError: invalid syntax
[2026-05-28T07:04:42.814+0000] {processor.py:842} WARNING - No viable dags retrieved from /opt/airflow/dags/main.py
[2026-05-28T07:04:42.830+0000] {processor.py:183} INFO - Processing /opt/airflow/dags/main.py took 0.036 seconds
[2026-05-28T07:04:49.881+0000] {processor.py:161} INFO - Started process (PID=446) to work on /opt/airflow/dags/main.py
[2026-05-28T07:04:49.882+0000] {processor.py:830} INFO - Processing file /opt/airflow/dags/main.py for tasks to queue
[2026-05-28T07:04:49.883+0000] {logging_mixin.py:188} INFO - [2026-05-28T07:04:49.883+0000] {dagbag.py:545} INFO - Filling up the DagBag from /opt/airflow/dags/main.py
[2026-05-28T07:04:49.944+0000] {processor.py:840} INFO - DAG(s) 'produce_json' retrieved from /opt/airflow/dags/main.py
[2026-05-28T07:04:50.151+0000] {logging_mixin.py:188} INFO - [2026-05-28T07:04:50.150+0000] {override.py:1829} INFO - Created Permission View: can read on DAG:produce_json
[2026-05-28T07:04:50.159+0000] {logging_mixin.py:188} INFO - [2026-05-28T07:04:50.159+0000] {override.py:1829} INFO - Created Permission View: can delete on DAG:produce_json
[2026-05-28T07:04:50.165+0000] {logging_mixin.py:188} INFO - [2026-05-28T07:04:50.165+0000] {override.py:1829} INFO - Created Permission View: can edit on DAG:produce_json
[2026-05-28T07:04:50.165+0000] {logging_mixin.py:188} INFO - [2026-05-28T07:04:50.165+0000] {dag.py:3096} INFO - Sync 1 DAGs
[2026-05-28T07:04:50.174+0000] {logging_mixin.py:188} INFO - [2026-05-28T07:04:50.174+0000] {dag.py:3118} INFO - Creating ORM DAG for produce_json
[2026-05-28T07:04:50.181+0000] {logging_mixin.py:188} INFO - [2026-05-28T07:04:50.181+0000] {dag.py:3954} INFO - Setting next_dagrun for produce_json to 2026-05-28 11:00:00+00:00, run_after=2026-05-29 11:00:00+00:00
[2026-05-28T07:04:50.198+0000] {processor.py:183} INFO - Processing /opt/airflow/dags/main.py took 0.321 seconds
[2026-05-28T07:04:50.930+0000] {processor.py:161} INFO - Started process (PID=447) to work on /opt/airflow/dags/main.py
[2026-05-28T07:04:50.931+0000] {processor.py:830} INFO - Processing file /opt/airflow/dags/main.py for tasks to queue
[2026-05-28T07:04:50.933+0000] {logging_mixin.py:188} INFO - [2026-05-28T07:04:50.932+0000] {dagbag.py:545} INFO - Filling up the DagBag from /opt/airflow/dags/main.py
[2026-05-28T07:04:50.981+0000] {processor.py:840} INFO - DAG(s) 'produce_json' retrieved from /opt/airflow/dags/main.py
[2026-05-28T07:04:50.992+0000] {logging_mixin.py:188} INFO - [2026-05-28T07:04:50.992+0000] {dag.py:3096} INFO - Sync 1 DAGs
[2026-05-28T07:04:51.010+0000] {logging_mixin.py:188} INFO - [2026-05-28T07:04:51.010+0000] {dag.py:3954} INFO - Setting next_dagrun for produce_json to 2026-05-28 11:00:00+00:00, run_after=2026-05-29 11:00:00+00:00
[2026-05-28T07:04:51.031+0000] {processor.py:183} INFO - Processing /opt/airflow/dags/main.py took 0.110 seconds
[2026-05-28T07:04:51.062+0000] {processor.py:161} INFO - Started process (PID=448) to work on /opt/airflow/dags/main.py
[2026-05-28T07:04:51.063+0000] {processor.py:830} INFO - Processing file /opt/airflow/dags/main.py for tasks to queue
[2026-05-28T07:04:51.064+0000] {logging_mixin.py:188} INFO - [2026-05-28T07:04:51.064+0000] {dagbag.py:545} INFO - Filling up the DagBag from /opt/airflow/dags/main.py
[2026-05-28T07:04:51.098+0000] {processor.py:840} INFO - DAG(s) 'produce_json' retrieved from /opt/airflow/dags/main.py
[2026-05-28T07:04:51.109+0000] {logging_mixin.py:188} INFO - [2026-05-28T07:04:51.109+0000] {dag.py:3096} INFO - Sync 1 DAGs
[2026-05-28T07:04:51.126+0000] {logging_mixin.py:188} INFO - [2026-05-28T07:04:51.126+0000] {dag.py:3954} INFO - Setting next_dagrun for produce_json to 2026-05-28 11:00:00+00:00, run_after=2026-05-29 11:00:00+00:00
[2026-05-28T07:04:51.145+0000] {processor.py:183} INFO - Processing /opt/airflow/dags/main.py took 0.088 seconds
[2026-05-28T07:04:51.174+0000] {processor.py:161} INFO - Started process (PID=449) to work on /opt/airflow/dags/main.py
[2026-05-28T07:04:51.175+0000] {processor.py:830} INFO - Processing file /opt/airflow/dags/main.py for tasks to queue
[2026-05-28T07:04:51.177+0000] {logging_mixin.py:188} INFO - [2026-05-28T07:04:51.176+0000] {dagbag.py:545} INFO - Filling up the DagBag from /opt/airflow/dags/main.py
[2026-05-28T07:04:51.213+0000] {processor.py:840} INFO - DAG(s) 'produce_json' retrieved from /opt/airflow/dags/main.py
[2026-05-28T07:04:51.224+0000] {logging_mixin.py:188} INFO - [2026-05-28T07:04:51.224+0000] {dag.py:3096} INFO - Sync 1 DAGs
[2026-05-28T07:04:51.248+0000] {logging_mixin.py:188} INFO - [2026-05-28T07:04:51.248+0000] {dag.py:3954} INFO - Setting next_dagrun for produce_json to 2026-05-28 11:00:00+00:00, run_after=2026-05-29 11:00:00+00:00
[2026-05-28T07:04:51.266+0000] {processor.py:183} INFO - Processing /opt/airflow/dags/main.py took 0.098 seconds
[2026-05-28T07:04:54.201+0000] {processor.py:161} INFO - Started process (PID=450) to work on /opt/airflow/dags/main.py
[2026-05-28T07:04:54.202+0000] {processor.py:830} INFO - Processing file /opt/airflow/dags/main.py for tasks to queue
[2026-05-28T07:04:54.204+0000] {logging_mixin.py:188} INFO - [2026-05-28T07:04:54.203+0000] {dagbag.py:545} INFO - Filling up the DagBag from /opt/airflow/dags/main.py
[2026-05-28T07:04:54.244+0000] {processor.py:840} INFO - DAG(s) 'produce_json' retrieved from /opt/airflow/dags/main.py
[2026-05-28T07:04:54.253+0000] {logging_mixin.py:188} INFO - [2026-05-28T07:04:54.253+0000] {dag.py:3096} INFO - Sync 1 DAGs
[2026-05-28T07:04:54.269+0000] {logging_mixin.py:188} INFO - [2026-05-28T07:04:54.269+0000] {dag.py:3954} INFO - Setting next_dagrun for produce_json to 2026-05-28 11:00:00+00:00, run_after=2026-05-29 11:00:00+00:00
[2026-05-28T07:04:54.290+0000] {processor.py:183} INFO - Processing /opt/airflow/dags/main.py took 0.094 seconds
[2026-05-28T07:05:24.378+0000] {processor.py:161} INFO - Started process (PID=457) to work on /opt/airflow/dags/main.py
[2026-05-28T07:05:24.378+0000] {processor.py:830} INFO - Processing file /opt/airflow/dags/main.py for tasks to queue
[2026-05-28T07:05:24.380+0000] {logging_mixin.py:188} INFO - [2026-05-28T07:05:24.380+0000] {dagbag.py:545} INFO - Filling up the DagBag from /opt/airflow/dags/main.py
[2026-05-28T07:05:24.411+0000] {processor.py:840} INFO - DAG(s) 'produce_json' retrieved from /opt/airflow/dags/main.py
[2026-05-28T07:05:24.435+0000] {logging_mixin.py:188} INFO - [2026-05-28T07:05:24.435+0000] {dag.py:3096} INFO - Sync 1 DAGs
[2026-05-28T07:05:24.452+0000] {logging_mixin.py:188} INFO - [2026-05-28T07:05:24.452+0000] {dag.py:3954} INFO - Setting next_dagrun for produce_json to 2026-05-28 11:00:00+00:00, run_after=2026-05-29 11:00:00+00:00
[2026-05-28T07:05:24.467+0000] {processor.py:183} INFO - Processing /opt/airflow/dags/main.py took 0.094 seconds
[2026-05-28T07:05:26.524+0000] {processor.py:161} INFO - Started process (PID=458) to work on /opt/airflow/dags/main.py
[2026-05-28T07:05:26.525+0000] {processor.py:830} INFO - Processing file /opt/airflow/dags/main.py for tasks to queue
[2026-05-28T07:05:26.528+0000] {logging_mixin.py:188} INFO - [2026-05-28T07:05:26.527+0000] {dagbag.py:545} INFO - Filling up the DagBag from /opt/airflow/dags/main.py
[2026-05-28T07:05:26.577+0000] {logging_mixin.py:188} INFO - [2026-05-28T07:05:26.569+0000] {dagbag.py:355} ERROR - Failed to import: /opt/airflow/dags/main.py
Traceback (most recent call last):
  File "/home/airflow/.local/lib/python3.10/site-packages/airflow/models/dagbag.py", line 351, in parse
    loader.exec_module(new_module)
  File "<frozen importlib._bootstrap_external>", line 883, in exec_module
  File "<frozen importlib._bootstrap>", line 241, in _call_with_frames_removed
  File "/opt/airflow/dags/main.py", line 33, in <module>
    video_ids = get_video_ids()
  File "/home/airflow/.local/lib/python3.10/site-packages/airflow/decorators/base.py", line 372, in __call__
    op = self.operator_class(
  File "/home/airflow/.local/lib/python3.10/site-packages/airflow/models/baseoperator.py", line 485, in apply_defaults
    result = func(self, **kwargs, default_args=default_args)
  File "/home/airflow/.local/lib/python3.10/site-packages/airflow/decorators/python.py", line 52, in __init__
    super().__init__(
  File "/home/airflow/.local/lib/python3.10/site-packages/airflow/models/baseoperator.py", line 485, in apply_defaults
    result = func(self, **kwargs, default_args=default_args)
  File "/home/airflow/.local/lib/python3.10/site-packages/airflow/decorators/base.py", line 253, in __init__
    signature.bind(*op_args, **op_kwargs)
  File "/usr/local/lib/python3.10/inspect.py", line 3186, in bind
    return self._bind(args, kwargs)
  File "/usr/local/lib/python3.10/inspect.py", line 3101, in _bind
    raise TypeError(msg) from None
TypeError: missing a required argument: 'playListId'
[2026-05-28T07:05:26.578+0000] {processor.py:842} WARNING - No viable dags retrieved from /opt/airflow/dags/main.py
[2026-05-28T07:05:26.595+0000] {processor.py:183} INFO - Processing /opt/airflow/dags/main.py took 0.078 seconds
[2026-05-28T07:05:26.623+0000] {processor.py:161} INFO - Started process (PID=459) to work on /opt/airflow/dags/main.py
[2026-05-28T07:05:26.623+0000] {processor.py:830} INFO - Processing file /opt/airflow/dags/main.py for tasks to queue
[2026-05-28T07:05:26.625+0000] {logging_mixin.py:188} INFO - [2026-05-28T07:05:26.625+0000] {dagbag.py:545} INFO - Filling up the DagBag from /opt/airflow/dags/main.py
[2026-05-28T07:05:26.662+0000] {logging_mixin.py:188} INFO - [2026-05-28T07:05:26.659+0000] {dagbag.py:355} ERROR - Failed to import: /opt/airflow/dags/main.py
Traceback (most recent call last):
  File "/home/airflow/.local/lib/python3.10/site-packages/airflow/models/dagbag.py", line 351, in parse
    loader.exec_module(new_module)
  File "<frozen importlib._bootstrap_external>", line 883, in exec_module
  File "<frozen importlib._bootstrap>", line 241, in _call_with_frames_removed
  File "/opt/airflow/dags/main.py", line 33, in <module>
    video_ids = get_video_ids()
  File "/home/airflow/.local/lib/python3.10/site-packages/airflow/decorators/base.py", line 372, in __call__
    op = self.operator_class(
  File "/home/airflow/.local/lib/python3.10/site-packages/airflow/models/baseoperator.py", line 485, in apply_defaults
    result = func(self, **kwargs, default_args=default_args)
  File "/home/airflow/.local/lib/python3.10/site-packages/airflow/decorators/python.py", line 52, in __init__
    super().__init__(
  File "/home/airflow/.local/lib/python3.10/site-packages/airflow/models/baseoperator.py", line 485, in apply_defaults
    result = func(self, **kwargs, default_args=default_args)
  File "/home/airflow/.local/lib/python3.10/site-packages/airflow/decorators/base.py", line 253, in __init__
    signature.bind(*op_args, **op_kwargs)
  File "/usr/local/lib/python3.10/inspect.py", line 3186, in bind
    return self._bind(args, kwargs)
  File "/usr/local/lib/python3.10/inspect.py", line 3101, in _bind
    raise TypeError(msg) from None
TypeError: missing a required argument: 'playListId'
[2026-05-28T07:05:26.663+0000] {processor.py:842} WARNING - No viable dags retrieved from /opt/airflow/dags/main.py
[2026-05-28T07:05:26.679+0000] {processor.py:183} INFO - Processing /opt/airflow/dags/main.py took 0.061 seconds
[2026-05-28T07:05:26.707+0000] {processor.py:161} INFO - Started process (PID=460) to work on /opt/airflow/dags/main.py
[2026-05-28T07:05:26.708+0000] {processor.py:830} INFO - Processing file /opt/airflow/dags/main.py for tasks to queue
[2026-05-28T07:05:26.710+0000] {logging_mixin.py:188} INFO - [2026-05-28T07:05:26.710+0000] {dagbag.py:545} INFO - Filling up the DagBag from /opt/airflow/dags/main.py
[2026-05-28T07:05:26.744+0000] {logging_mixin.py:188} INFO - [2026-05-28T07:05:26.741+0000] {dagbag.py:355} ERROR - Failed to import: /opt/airflow/dags/main.py
Traceback (most recent call last):
  File "/home/airflow/.local/lib/python3.10/site-packages/airflow/models/dagbag.py", line 351, in parse
    loader.exec_module(new_module)
  File "<frozen importlib._bootstrap_external>", line 883, in exec_module
  File "<frozen importlib._bootstrap>", line 241, in _call_with_frames_removed
  File "/opt/airflow/dags/main.py", line 33, in <module>
    video_ids = get_video_ids()
  File "/home/airflow/.local/lib/python3.10/site-packages/airflow/decorators/base.py", line 372, in __call__
    op = self.operator_class(
  File "/home/airflow/.local/lib/python3.10/site-packages/airflow/models/baseoperator.py", line 485, in apply_defaults
    result = func(self, **kwargs, default_args=default_args)
  File "/home/airflow/.local/lib/python3.10/site-packages/airflow/decorators/python.py", line 52, in __init__
    super().__init__(
  File "/home/airflow/.local/lib/python3.10/site-packages/airflow/models/baseoperator.py", line 485, in apply_defaults
    result = func(self, **kwargs, default_args=default_args)
  File "/home/airflow/.local/lib/python3.10/site-packages/airflow/decorators/base.py", line 253, in __init__
    signature.bind(*op_args, **op_kwargs)
  File "/usr/local/lib/python3.10/inspect.py", line 3186, in bind
    return self._bind(args, kwargs)
  File "/usr/local/lib/python3.10/inspect.py", line 3101, in _bind
    raise TypeError(msg) from None
TypeError: missing a required argument: 'playListId'
[2026-05-28T07:05:26.745+0000] {processor.py:842} WARNING - No viable dags retrieved from /opt/airflow/dags/main.py
[2026-05-28T07:05:26.761+0000] {processor.py:183} INFO - Processing /opt/airflow/dags/main.py took 0.059 seconds
[2026-05-28T07:05:26.789+0000] {processor.py:161} INFO - Started process (PID=461) to work on /opt/airflow/dags/main.py
[2026-05-28T07:05:26.790+0000] {processor.py:830} INFO - Processing file /opt/airflow/dags/main.py for tasks to queue
[2026-05-28T07:05:26.791+0000] {logging_mixin.py:188} INFO - [2026-05-28T07:05:26.791+0000] {dagbag.py:545} INFO - Filling up the DagBag from /opt/airflow/dags/main.py
[2026-05-28T07:05:26.829+0000] {logging_mixin.py:188} INFO - [2026-05-28T07:05:26.825+0000] {dagbag.py:355} ERROR - Failed to import: /opt/airflow/dags/main.py
Traceback (most recent call last):
  File "/home/airflow/.local/lib/python3.10/site-packages/airflow/models/dagbag.py", line 351, in parse
    loader.exec_module(new_module)
  File "<frozen importlib._bootstrap_external>", line 883, in exec_module
  File "<frozen importlib._bootstrap>", line 241, in _call_with_frames_removed
  File "/opt/airflow/dags/main.py", line 33, in <module>
    video_ids = get_video_ids()
  File "/home/airflow/.local/lib/python3.10/site-packages/airflow/decorators/base.py", line 372, in __call__
    op = self.operator_class(
  File "/home/airflow/.local/lib/python3.10/site-packages/airflow/models/baseoperator.py", line 485, in apply_defaults
    result = func(self, **kwargs, default_args=default_args)
  File "/home/airflow/.local/lib/python3.10/site-packages/airflow/decorators/python.py", line 52, in __init__
    super().__init__(
  File "/home/airflow/.local/lib/python3.10/site-packages/airflow/models/baseoperator.py", line 485, in apply_defaults
    result = func(self, **kwargs, default_args=default_args)
  File "/home/airflow/.local/lib/python3.10/site-packages/airflow/decorators/base.py", line 253, in __init__
    signature.bind(*op_args, **op_kwargs)
  File "/usr/local/lib/python3.10/inspect.py", line 3186, in bind
    return self._bind(args, kwargs)
  File "/usr/local/lib/python3.10/inspect.py", line 3101, in _bind
    raise TypeError(msg) from None
TypeError: missing a required argument: 'playListId'
[2026-05-28T07:05:26.829+0000] {processor.py:842} WARNING - No viable dags retrieved from /opt/airflow/dags/main.py
[2026-05-28T07:05:26.846+0000] {processor.py:183} INFO - Processing /opt/airflow/dags/main.py took 0.062 seconds
[2026-05-28T07:05:44.828+0000] {processor.py:161} INFO - Started process (PID=468) to work on /opt/airflow/dags/main.py
[2026-05-28T07:05:44.829+0000] {processor.py:830} INFO - Processing file /opt/airflow/dags/main.py for tasks to queue
[2026-05-28T07:05:44.831+0000] {logging_mixin.py:188} INFO - [2026-05-28T07:05:44.831+0000] {dagbag.py:545} INFO - Filling up the DagBag from /opt/airflow/dags/main.py
[2026-05-28T07:05:44.867+0000] {processor.py:840} INFO - DAG(s) 'produce_json' retrieved from /opt/airflow/dags/main.py
[2026-05-28T07:05:44.926+0000] {logging_mixin.py:188} INFO - [2026-05-28T07:05:44.926+0000] {dag.py:3096} INFO - Sync 1 DAGs
[2026-05-28T07:05:44.938+0000] {logging_mixin.py:188} INFO - [2026-05-28T07:05:44.938+0000] {dag.py:3954} INFO - Setting next_dagrun for produce_json to 2026-05-28 11:00:00+00:00, run_after=2026-05-29 11:00:00+00:00
[2026-05-28T07:05:44.965+0000] {processor.py:183} INFO - Processing /opt/airflow/dags/main.py took 0.141 seconds
[2026-05-28T07:05:56.955+0000] {processor.py:161} INFO - Started process (PID=469) to work on /opt/airflow/dags/main.py
[2026-05-28T07:05:56.956+0000] {processor.py:830} INFO - Processing file /opt/airflow/dags/main.py for tasks to queue
[2026-05-28T07:05:56.958+0000] {logging_mixin.py:188} INFO - [2026-05-28T07:05:56.958+0000] {dagbag.py:545} INFO - Filling up the DagBag from /opt/airflow/dags/main.py
[2026-05-28T07:05:57.010+0000] {logging_mixin.py:188} INFO - [2026-05-28T07:05:57.004+0000] {dagbag.py:355} ERROR - Failed to import: /opt/airflow/dags/main.py
Traceback (most recent call last):
  File "/home/airflow/.local/lib/python3.10/site-packages/airflow/models/dagbag.py", line 351, in parse
    loader.exec_module(new_module)
  File "<frozen importlib._bootstrap_external>", line 883, in exec_module
  File "<frozen importlib._bootstrap>", line 241, in _call_with_frames_removed
  File "/opt/airflow/dags/main.py", line 35, in <module>
    save_to_json(extracted_data)
  File "/opt/airflow/dags/api/video_stats.py", line 126, in save_to_json
    json.dump(extracted_data, json_outfile, indent=4, ensure_ascii=False)
  File "/usr/local/lib/python3.10/json/__init__.py", line 179, in dump
    for chunk in iterable:
  File "/usr/local/lib/python3.10/json/encoder.py", line 438, in _iterencode
    o = _default(o)
  File "/usr/local/lib/python3.10/json/encoder.py", line 179, in default
    raise TypeError(f'Object of type {o.__class__.__name__} '
TypeError: Object of type PlainXComArg is not JSON serializable
[2026-05-28T07:05:57.011+0000] {processor.py:842} WARNING - No viable dags retrieved from /opt/airflow/dags/main.py
[2026-05-28T07:05:57.028+0000] {processor.py:183} INFO - Processing /opt/airflow/dags/main.py took 0.078 seconds
[2026-05-28T07:05:57.057+0000] {processor.py:161} INFO - Started process (PID=470) to work on /opt/airflow/dags/main.py
[2026-05-28T07:05:57.058+0000] {processor.py:830} INFO - Processing file /opt/airflow/dags/main.py for tasks to queue
[2026-05-28T07:05:57.060+0000] {logging_mixin.py:188} INFO - [2026-05-28T07:05:57.060+0000] {dagbag.py:545} INFO - Filling up the DagBag from /opt/airflow/dags/main.py
[2026-05-28T07:05:57.103+0000] {logging_mixin.py:188} INFO - [2026-05-28T07:05:57.097+0000] {dagbag.py:355} ERROR - Failed to import: /opt/airflow/dags/main.py
Traceback (most recent call last):
  File "/home/airflow/.local/lib/python3.10/site-packages/airflow/models/dagbag.py", line 351, in parse
    loader.exec_module(new_module)
  File "<frozen importlib._bootstrap_external>", line 883, in exec_module
  File "<frozen importlib._bootstrap>", line 241, in _call_with_frames_removed
  File "/opt/airflow/dags/main.py", line 35, in <module>
    save_to_json(extracted_data)
  File "/opt/airflow/dags/api/video_stats.py", line 126, in save_to_json
    json.dump(extracted_data, json_outfile, indent=4, ensure_ascii=False)
  File "/usr/local/lib/python3.10/json/__init__.py", line 179, in dump
    for chunk in iterable:
  File "/usr/local/lib/python3.10/json/encoder.py", line 438, in _iterencode
    o = _default(o)
  File "/usr/local/lib/python3.10/json/encoder.py", line 179, in default
    raise TypeError(f'Object of type {o.__class__.__name__} '
TypeError: Object of type PlainXComArg is not JSON serializable
[2026-05-28T07:05:57.103+0000] {processor.py:842} WARNING - No viable dags retrieved from /opt/airflow/dags/main.py
[2026-05-28T07:05:57.120+0000] {processor.py:183} INFO - Processing /opt/airflow/dags/main.py took 0.068 seconds
[2026-05-28T07:05:57.149+0000] {processor.py:161} INFO - Started process (PID=471) to work on /opt/airflow/dags/main.py
[2026-05-28T07:05:57.150+0000] {processor.py:830} INFO - Processing file /opt/airflow/dags/main.py for tasks to queue
[2026-05-28T07:05:57.152+0000] {logging_mixin.py:188} INFO - [2026-05-28T07:05:57.152+0000] {dagbag.py:545} INFO - Filling up the DagBag from /opt/airflow/dags/main.py
[2026-05-28T07:05:57.194+0000] {logging_mixin.py:188} INFO - [2026-05-28T07:05:57.189+0000] {dagbag.py:355} ERROR - Failed to import: /opt/airflow/dags/main.py
Traceback (most recent call last):
  File "/home/airflow/.local/lib/python3.10/site-packages/airflow/models/dagbag.py", line 351, in parse
    loader.exec_module(new_module)
  File "<frozen importlib._bootstrap_external>", line 883, in exec_module
  File "<frozen importlib._bootstrap>", line 241, in _call_with_frames_removed
  File "/opt/airflow/dags/main.py", line 35, in <module>
    save_to_json(extracted_data)
  File "/opt/airflow/dags/api/video_stats.py", line 126, in save_to_json
    json.dump(extracted_data, json_outfile, indent=4, ensure_ascii=False)
  File "/usr/local/lib/python3.10/json/__init__.py", line 179, in dump
    for chunk in iterable:
  File "/usr/local/lib/python3.10/json/encoder.py", line 438, in _iterencode
    o = _default(o)
  File "/usr/local/lib/python3.10/json/encoder.py", line 179, in default
    raise TypeError(f'Object of type {o.__class__.__name__} '
TypeError: Object of type PlainXComArg is not JSON serializable
[2026-05-28T07:05:57.195+0000] {processor.py:842} WARNING - No viable dags retrieved from /opt/airflow/dags/main.py
[2026-05-28T07:05:57.212+0000] {processor.py:183} INFO - Processing /opt/airflow/dags/main.py took 0.067 seconds
[2026-05-28T07:05:57.239+0000] {processor.py:161} INFO - Started process (PID=472) to work on /opt/airflow/dags/main.py
[2026-05-28T07:05:57.240+0000] {processor.py:830} INFO - Processing file /opt/airflow/dags/main.py for tasks to queue
[2026-05-28T07:05:57.242+0000] {logging_mixin.py:188} INFO - [2026-05-28T07:05:57.241+0000] {dagbag.py:545} INFO - Filling up the DagBag from /opt/airflow/dags/main.py
[2026-05-28T07:05:57.278+0000] {logging_mixin.py:188} INFO - [2026-05-28T07:05:57.274+0000] {dagbag.py:355} ERROR - Failed to import: /opt/airflow/dags/main.py
Traceback (most recent call last):
  File "/home/airflow/.local/lib/python3.10/site-packages/airflow/models/dagbag.py", line 351, in parse
    loader.exec_module(new_module)
  File "<frozen importlib._bootstrap_external>", line 883, in exec_module
  File "<frozen importlib._bootstrap>", line 241, in _call_with_frames_removed
  File "/opt/airflow/dags/main.py", line 35, in <module>
    save_to_json(extracted_data)
  File "/opt/airflow/dags/api/video_stats.py", line 126, in save_to_json
    json.dump(extracted_data, json_outfile, indent=4, ensure_ascii=False)
  File "/usr/local/lib/python3.10/json/__init__.py", line 179, in dump
    for chunk in iterable:
  File "/usr/local/lib/python3.10/json/encoder.py", line 438, in _iterencode
    o = _default(o)
  File "/usr/local/lib/python3.10/json/encoder.py", line 179, in default
    raise TypeError(f'Object of type {o.__class__.__name__} '
TypeError: Object of type PlainXComArg is not JSON serializable
[2026-05-28T07:05:57.279+0000] {processor.py:842} WARNING - No viable dags retrieved from /opt/airflow/dags/main.py
[2026-05-28T07:05:57.296+0000] {processor.py:183} INFO - Processing /opt/airflow/dags/main.py took 0.062 seconds
[2026-05-28T07:06:16.294+0000] {processor.py:161} INFO - Started process (PID=479) to work on /opt/airflow/dags/main.py
[2026-05-28T07:06:16.295+0000] {processor.py:830} INFO - Processing file /opt/airflow/dags/main.py for tasks to queue
[2026-05-28T07:06:16.296+0000] {logging_mixin.py:188} INFO - [2026-05-28T07:06:16.296+0000] {dagbag.py:545} INFO - Filling up the DagBag from /opt/airflow/dags/main.py
[2026-05-28T07:06:16.339+0000] {logging_mixin.py:188} INFO - [2026-05-28T07:06:16.335+0000] {dagbag.py:355} ERROR - Failed to import: /opt/airflow/dags/main.py
Traceback (most recent call last):
  File "/home/airflow/.local/lib/python3.10/site-packages/airflow/models/dagbag.py", line 351, in parse
    loader.exec_module(new_module)
  File "<frozen importlib._bootstrap_external>", line 883, in exec_module
  File "<frozen importlib._bootstrap>", line 241, in _call_with_frames_removed
  File "/opt/airflow/dags/main.py", line 35, in <module>
    save_to_json_data = save_to_json(extracted_data)
  File "/opt/airflow/dags/api/video_stats.py", line 126, in save_to_json
    json.dump(extracted_data, json_outfile, indent=4, ensure_ascii=False)
  File "/usr/local/lib/python3.10/json/__init__.py", line 179, in dump
    for chunk in iterable:
  File "/usr/local/lib/python3.10/json/encoder.py", line 438, in _iterencode
    o = _default(o)
  File "/usr/local/lib/python3.10/json/encoder.py", line 179, in default
    raise TypeError(f'Object of type {o.__class__.__name__} '
TypeError: Object of type PlainXComArg is not JSON serializable
[2026-05-28T07:06:16.339+0000] {processor.py:842} WARNING - No viable dags retrieved from /opt/airflow/dags/main.py
[2026-05-28T07:06:16.362+0000] {processor.py:183} INFO - Processing /opt/airflow/dags/main.py took 0.074 seconds
[2026-05-28T07:06:33.459+0000] {processor.py:161} INFO - Started process (PID=480) to work on /opt/airflow/dags/main.py
[2026-05-28T07:06:33.460+0000] {processor.py:830} INFO - Processing file /opt/airflow/dags/main.py for tasks to queue
[2026-05-28T07:06:33.462+0000] {logging_mixin.py:188} INFO - [2026-05-28T07:06:33.462+0000] {dagbag.py:545} INFO - Filling up the DagBag from /opt/airflow/dags/main.py
[2026-05-28T07:06:33.533+0000] {logging_mixin.py:188} INFO - [2026-05-28T07:06:33.524+0000] {dagbag.py:355} ERROR - Failed to import: /opt/airflow/dags/main.py
Traceback (most recent call last):
  File "/home/airflow/.local/lib/python3.10/site-packages/airflow/models/dagbag.py", line 351, in parse
    loader.exec_module(new_module)
  File "<frozen importlib._bootstrap_external>", line 883, in exec_module
  File "<frozen importlib._bootstrap>", line 241, in _call_with_frames_removed
  File "/opt/airflow/dags/main.py", line 35, in <module>
    save_to_json_data = save_to_json(extracted_data)
  File "/opt/airflow/dags/api/video_stats.py", line 126, in save_to_json
    json.dump(extracted_data, json_outfile, indent=4, ensure_ascii=False)
  File "/usr/local/lib/python3.10/json/__init__.py", line 179, in dump
    for chunk in iterable:
  File "/usr/local/lib/python3.10/json/encoder.py", line 438, in _iterencode
    o = _default(o)
  File "/usr/local/lib/python3.10/json/encoder.py", line 179, in default
    raise TypeError(f'Object of type {o.__class__.__name__} '
TypeError: Object of type PlainXComArg is not JSON serializable
[2026-05-28T07:06:33.534+0000] {processor.py:842} WARNING - No viable dags retrieved from /opt/airflow/dags/main.py
[2026-05-28T07:06:33.557+0000] {processor.py:183} INFO - Processing /opt/airflow/dags/main.py took 0.103 seconds
[2026-05-28T07:06:36.502+0000] {processor.py:161} INFO - Started process (PID=481) to work on /opt/airflow/dags/main.py
[2026-05-28T07:06:36.503+0000] {processor.py:830} INFO - Processing file /opt/airflow/dags/main.py for tasks to queue
[2026-05-28T07:06:36.504+0000] {logging_mixin.py:188} INFO - [2026-05-28T07:06:36.504+0000] {dagbag.py:545} INFO - Filling up the DagBag from /opt/airflow/dags/main.py
[2026-05-28T07:06:36.552+0000] {logging_mixin.py:188} INFO - [2026-05-28T07:06:36.547+0000] {dagbag.py:355} ERROR - Failed to import: /opt/airflow/dags/main.py
Traceback (most recent call last):
  File "/home/airflow/.local/lib/python3.10/site-packages/airflow/models/dagbag.py", line 351, in parse
    loader.exec_module(new_module)
  File "<frozen importlib._bootstrap_external>", line 883, in exec_module
  File "<frozen importlib._bootstrap>", line 241, in _call_with_frames_removed
  File "/opt/airflow/dags/main.py", line 35, in <module>
    save_to_json_data = save_to_json(extracted_data)
  File "/opt/airflow/dags/api/video_stats.py", line 126, in save_to_json
    json.dump(extracted_data, json_outfile, indent=4, ensure_ascii=False)
  File "/usr/local/lib/python3.10/json/__init__.py", line 179, in dump
    for chunk in iterable:
  File "/usr/local/lib/python3.10/json/encoder.py", line 438, in _iterencode
    o = _default(o)
  File "/usr/local/lib/python3.10/json/encoder.py", line 179, in default
    raise TypeError(f'Object of type {o.__class__.__name__} '
TypeError: Object of type PlainXComArg is not JSON serializable
[2026-05-28T07:06:36.553+0000] {processor.py:842} WARNING - No viable dags retrieved from /opt/airflow/dags/main.py
[2026-05-28T07:06:36.567+0000] {processor.py:183} INFO - Processing /opt/airflow/dags/main.py took 0.070 seconds
[2026-05-28T07:06:36.596+0000] {processor.py:161} INFO - Started process (PID=482) to work on /opt/airflow/dags/main.py
[2026-05-28T07:06:36.597+0000] {processor.py:830} INFO - Processing file /opt/airflow/dags/main.py for tasks to queue
[2026-05-28T07:06:36.598+0000] {logging_mixin.py:188} INFO - [2026-05-28T07:06:36.598+0000] {dagbag.py:545} INFO - Filling up the DagBag from /opt/airflow/dags/main.py
[2026-05-28T07:06:36.634+0000] {logging_mixin.py:188} INFO - [2026-05-28T07:06:36.630+0000] {dagbag.py:355} ERROR - Failed to import: /opt/airflow/dags/main.py
Traceback (most recent call last):
  File "/home/airflow/.local/lib/python3.10/site-packages/airflow/models/dagbag.py", line 351, in parse
    loader.exec_module(new_module)
  File "<frozen importlib._bootstrap_external>", line 883, in exec_module
  File "<frozen importlib._bootstrap>", line 241, in _call_with_frames_removed
  File "/opt/airflow/dags/main.py", line 35, in <module>
    save_to_json_data = save_to_json(extracted_data)
  File "/opt/airflow/dags/api/video_stats.py", line 126, in save_to_json
    json.dump(extracted_data, json_outfile, indent=4, ensure_ascii=False)
  File "/usr/local/lib/python3.10/json/__init__.py", line 179, in dump
    for chunk in iterable:
  File "/usr/local/lib/python3.10/json/encoder.py", line 438, in _iterencode
    o = _default(o)
  File "/usr/local/lib/python3.10/json/encoder.py", line 179, in default
    raise TypeError(f'Object of type {o.__class__.__name__} '
TypeError: Object of type PlainXComArg is not JSON serializable
[2026-05-28T07:06:36.634+0000] {processor.py:842} WARNING - No viable dags retrieved from /opt/airflow/dags/main.py
[2026-05-28T07:06:36.651+0000] {processor.py:183} INFO - Processing /opt/airflow/dags/main.py took 0.060 seconds
[2026-05-28T07:06:58.707+0000] {processor.py:161} INFO - Started process (PID=489) to work on /opt/airflow/dags/main.py
[2026-05-28T07:06:58.708+0000] {processor.py:830} INFO - Processing file /opt/airflow/dags/main.py for tasks to queue
[2026-05-28T07:06:58.709+0000] {logging_mixin.py:188} INFO - [2026-05-28T07:06:58.708+0000] {dagbag.py:545} INFO - Filling up the DagBag from /opt/airflow/dags/main.py
[2026-05-28T07:06:58.761+0000] {logging_mixin.py:188} INFO - [2026-05-28T07:06:58.756+0000] {dagbag.py:355} ERROR - Failed to import: /opt/airflow/dags/main.py
Traceback (most recent call last):
  File "/home/airflow/.local/lib/python3.10/site-packages/airflow/models/dagbag.py", line 351, in parse
    loader.exec_module(new_module)
  File "<frozen importlib._bootstrap_external>", line 883, in exec_module
  File "<frozen importlib._bootstrap>", line 241, in _call_with_frames_removed
  File "/opt/airflow/dags/main.py", line 35, in <module>
    save_to_json_task = save_to_json(extracted_data)
  File "/opt/airflow/dags/api/video_stats.py", line 126, in save_to_json
    json.dump(extracted_data, json_outfile, indent=4, ensure_ascii=False)
  File "/usr/local/lib/python3.10/json/__init__.py", line 179, in dump
    for chunk in iterable:
  File "/usr/local/lib/python3.10/json/encoder.py", line 438, in _iterencode
    o = _default(o)
  File "/usr/local/lib/python3.10/json/encoder.py", line 179, in default
    raise TypeError(f'Object of type {o.__class__.__name__} '
TypeError: Object of type PlainXComArg is not JSON serializable
[2026-05-28T07:06:58.762+0000] {processor.py:842} WARNING - No viable dags retrieved from /opt/airflow/dags/main.py
[2026-05-28T07:06:58.786+0000] {processor.py:183} INFO - Processing /opt/airflow/dags/main.py took 0.085 seconds
[2026-05-28T07:07:17.729+0000] {processor.py:161} INFO - Started process (PID=496) to work on /opt/airflow/dags/main.py
[2026-05-28T07:07:17.730+0000] {processor.py:830} INFO - Processing file /opt/airflow/dags/main.py for tasks to queue
[2026-05-28T07:07:17.731+0000] {logging_mixin.py:188} INFO - [2026-05-28T07:07:17.730+0000] {dagbag.py:545} INFO - Filling up the DagBag from /opt/airflow/dags/main.py
[2026-05-28T07:07:17.784+0000] {logging_mixin.py:188} INFO - [2026-05-28T07:07:17.779+0000] {dagbag.py:355} ERROR - Failed to import: /opt/airflow/dags/main.py
Traceback (most recent call last):
  File "/home/airflow/.local/lib/python3.10/site-packages/airflow/models/dagbag.py", line 351, in parse
    loader.exec_module(new_module)
  File "<frozen importlib._bootstrap_external>", line 883, in exec_module
  File "<frozen importlib._bootstrap>", line 241, in _call_with_frames_removed
  File "/opt/airflow/dags/main.py", line 35, in <module>
    save_to_json_task = save_to_json(extracted_data)
  File "/opt/airflow/dags/api/video_stats.py", line 126, in save_to_json
    json.dump(extracted_data, json_outfile, indent=4, ensure_ascii=False)
  File "/usr/local/lib/python3.10/json/__init__.py", line 179, in dump
    for chunk in iterable:
  File "/usr/local/lib/python3.10/json/encoder.py", line 438, in _iterencode
    o = _default(o)
  File "/usr/local/lib/python3.10/json/encoder.py", line 179, in default
    raise TypeError(f'Object of type {o.__class__.__name__} '
TypeError: Object of type PlainXComArg is not JSON serializable
[2026-05-28T07:07:17.784+0000] {processor.py:842} WARNING - No viable dags retrieved from /opt/airflow/dags/main.py
[2026-05-28T07:07:17.801+0000] {processor.py:183} INFO - Processing /opt/airflow/dags/main.py took 0.078 seconds
[2026-05-28T07:07:44.944+0000] {processor.py:161} INFO - Started process (PID=503) to work on /opt/airflow/dags/main.py
[2026-05-28T07:07:44.945+0000] {processor.py:830} INFO - Processing file /opt/airflow/dags/main.py for tasks to queue
[2026-05-28T07:07:44.946+0000] {logging_mixin.py:188} INFO - [2026-05-28T07:07:44.945+0000] {dagbag.py:545} INFO - Filling up the DagBag from /opt/airflow/dags/main.py
[2026-05-28T07:07:44.997+0000] {logging_mixin.py:188} INFO - [2026-05-28T07:07:44.992+0000] {dagbag.py:355} ERROR - Failed to import: /opt/airflow/dags/main.py
Traceback (most recent call last):
  File "/home/airflow/.local/lib/python3.10/site-packages/airflow/models/dagbag.py", line 351, in parse
    loader.exec_module(new_module)
  File "<frozen importlib._bootstrap_external>", line 883, in exec_module
  File "<frozen importlib._bootstrap>", line 241, in _call_with_frames_removed
  File "/opt/airflow/dags/main.py", line 35, in <module>
    save_to_json_task = save_to_json(extracted_data)
  File "/opt/airflow/dags/api/video_stats.py", line 126, in save_to_json
    json.dump(extracted_data, json_outfile, indent=4, ensure_ascii=False)
  File "/usr/local/lib/python3.10/json/__init__.py", line 179, in dump
    for chunk in iterable:
  File "/usr/local/lib/python3.10/json/encoder.py", line 438, in _iterencode
    o = _default(o)
  File "/usr/local/lib/python3.10/json/encoder.py", line 179, in default
    raise TypeError(f'Object of type {o.__class__.__name__} '
TypeError: Object of type PlainXComArg is not JSON serializable
[2026-05-28T07:07:44.997+0000] {processor.py:842} WARNING - No viable dags retrieved from /opt/airflow/dags/main.py
[2026-05-28T07:07:45.012+0000] {processor.py:183} INFO - Processing /opt/airflow/dags/main.py took 0.074 seconds
[2026-05-28T07:07:45.040+0000] {processor.py:161} INFO - Started process (PID=504) to work on /opt/airflow/dags/main.py
[2026-05-28T07:07:45.040+0000] {processor.py:830} INFO - Processing file /opt/airflow/dags/main.py for tasks to queue
[2026-05-28T07:07:45.041+0000] {logging_mixin.py:188} INFO - [2026-05-28T07:07:45.041+0000] {dagbag.py:545} INFO - Filling up the DagBag from /opt/airflow/dags/main.py
[2026-05-28T07:07:45.089+0000] {logging_mixin.py:188} INFO - [2026-05-28T07:07:45.083+0000] {dagbag.py:355} ERROR - Failed to import: /opt/airflow/dags/main.py
Traceback (most recent call last):
  File "/home/airflow/.local/lib/python3.10/site-packages/airflow/models/dagbag.py", line 351, in parse
    loader.exec_module(new_module)
  File "<frozen importlib._bootstrap_external>", line 883, in exec_module
  File "<frozen importlib._bootstrap>", line 241, in _call_with_frames_removed
  File "/opt/airflow/dags/main.py", line 35, in <module>
    save_to_json_task = save_to_json(extracted_data)
  File "/opt/airflow/dags/api/video_stats.py", line 126, in save_to_json
    json.dump(extracted_data, json_outfile, indent=4, ensure_ascii=False)
  File "/usr/local/lib/python3.10/json/__init__.py", line 179, in dump
    for chunk in iterable:
  File "/usr/local/lib/python3.10/json/encoder.py", line 438, in _iterencode
    o = _default(o)
  File "/usr/local/lib/python3.10/json/encoder.py", line 179, in default
    raise TypeError(f'Object of type {o.__class__.__name__} '
TypeError: Object of type PlainXComArg is not JSON serializable
[2026-05-28T07:07:45.089+0000] {processor.py:842} WARNING - No viable dags retrieved from /opt/airflow/dags/main.py
[2026-05-28T07:07:45.108+0000] {processor.py:183} INFO - Processing /opt/airflow/dags/main.py took 0.073 seconds
[2026-05-28T07:07:45.138+0000] {processor.py:161} INFO - Started process (PID=505) to work on /opt/airflow/dags/main.py
[2026-05-28T07:07:45.139+0000] {processor.py:830} INFO - Processing file /opt/airflow/dags/main.py for tasks to queue
[2026-05-28T07:07:45.140+0000] {logging_mixin.py:188} INFO - [2026-05-28T07:07:45.140+0000] {dagbag.py:545} INFO - Filling up the DagBag from /opt/airflow/dags/main.py
[2026-05-28T07:07:45.189+0000] {logging_mixin.py:188} INFO - [2026-05-28T07:07:45.183+0000] {dagbag.py:355} ERROR - Failed to import: /opt/airflow/dags/main.py
Traceback (most recent call last):
  File "/home/airflow/.local/lib/python3.10/site-packages/airflow/models/dagbag.py", line 351, in parse
    loader.exec_module(new_module)
  File "<frozen importlib._bootstrap_external>", line 883, in exec_module
  File "<frozen importlib._bootstrap>", line 241, in _call_with_frames_removed
  File "/opt/airflow/dags/main.py", line 35, in <module>
    save_to_json_task = save_to_json(extracted_data)
  File "/opt/airflow/dags/api/video_stats.py", line 126, in save_to_json
    json.dump(extracted_data, json_outfile, indent=4, ensure_ascii=False)
  File "/usr/local/lib/python3.10/json/__init__.py", line 179, in dump
    for chunk in iterable:
  File "/usr/local/lib/python3.10/json/encoder.py", line 438, in _iterencode
    o = _default(o)
  File "/usr/local/lib/python3.10/json/encoder.py", line 179, in default
    raise TypeError(f'Object of type {o.__class__.__name__} '
TypeError: Object of type PlainXComArg is not JSON serializable
[2026-05-28T07:07:45.190+0000] {processor.py:842} WARNING - No viable dags retrieved from /opt/airflow/dags/main.py
[2026-05-28T07:07:45.208+0000] {processor.py:183} INFO - Processing /opt/airflow/dags/main.py took 0.075 seconds
[2026-05-28T07:08:16.113+0000] {processor.py:161} INFO - Started process (PID=512) to work on /opt/airflow/dags/main.py
[2026-05-28T07:08:16.114+0000] {processor.py:830} INFO - Processing file /opt/airflow/dags/main.py for tasks to queue
[2026-05-28T07:08:16.114+0000] {logging_mixin.py:188} INFO - [2026-05-28T07:08:16.114+0000] {dagbag.py:545} INFO - Filling up the DagBag from /opt/airflow/dags/main.py
[2026-05-28T07:08:16.151+0000] {logging_mixin.py:188} INFO - [2026-05-28T07:08:16.147+0000] {dagbag.py:355} ERROR - Failed to import: /opt/airflow/dags/main.py
Traceback (most recent call last):
  File "/home/airflow/.local/lib/python3.10/site-packages/airflow/models/dagbag.py", line 351, in parse
    loader.exec_module(new_module)
  File "<frozen importlib._bootstrap_external>", line 883, in exec_module
  File "<frozen importlib._bootstrap>", line 241, in _call_with_frames_removed
  File "/opt/airflow/dags/main.py", line 35, in <module>
    save_to_json_task = save_to_json(extracted_data)
  File "/opt/airflow/dags/api/video_stats.py", line 126, in save_to_json
    json.dump(extracted_data, json_outfile, indent=4, ensure_ascii=False)
  File "/usr/local/lib/python3.10/json/__init__.py", line 179, in dump
    for chunk in iterable:
  File "/usr/local/lib/python3.10/json/encoder.py", line 438, in _iterencode
    o = _default(o)
  File "/usr/local/lib/python3.10/json/encoder.py", line 179, in default
    raise TypeError(f'Object of type {o.__class__.__name__} '
TypeError: Object of type PlainXComArg is not JSON serializable
[2026-05-28T07:08:16.152+0000] {processor.py:842} WARNING - No viable dags retrieved from /opt/airflow/dags/main.py
[2026-05-28T07:08:16.167+0000] {processor.py:183} INFO - Processing /opt/airflow/dags/main.py took 0.059 seconds
[2026-05-28T07:08:47.111+0000] {processor.py:161} INFO - Started process (PID=519) to work on /opt/airflow/dags/main.py
[2026-05-28T07:08:47.112+0000] {processor.py:830} INFO - Processing file /opt/airflow/dags/main.py for tasks to queue
[2026-05-28T07:08:47.113+0000] {logging_mixin.py:188} INFO - [2026-05-28T07:08:47.112+0000] {dagbag.py:545} INFO - Filling up the DagBag from /opt/airflow/dags/main.py
[2026-05-28T07:08:47.166+0000] {logging_mixin.py:188} INFO - [2026-05-28T07:08:47.160+0000] {dagbag.py:355} ERROR - Failed to import: /opt/airflow/dags/main.py
Traceback (most recent call last):
  File "/home/airflow/.local/lib/python3.10/site-packages/airflow/models/dagbag.py", line 351, in parse
    loader.exec_module(new_module)
  File "<frozen importlib._bootstrap_external>", line 883, in exec_module
  File "<frozen importlib._bootstrap>", line 241, in _call_with_frames_removed
  File "/opt/airflow/dags/main.py", line 35, in <module>
    save_to_json_task = save_to_json(extracted_data)
  File "/opt/airflow/dags/api/video_stats.py", line 126, in save_to_json
    json.dump(extracted_data, json_outfile, indent=4, ensure_ascii=False)
  File "/usr/local/lib/python3.10/json/__init__.py", line 179, in dump
    for chunk in iterable:
  File "/usr/local/lib/python3.10/json/encoder.py", line 438, in _iterencode
    o = _default(o)
  File "/usr/local/lib/python3.10/json/encoder.py", line 179, in default
    raise TypeError(f'Object of type {o.__class__.__name__} '
TypeError: Object of type PlainXComArg is not JSON serializable
[2026-05-28T07:08:47.166+0000] {processor.py:842} WARNING - No viable dags retrieved from /opt/airflow/dags/main.py
[2026-05-28T07:08:47.180+0000] {processor.py:183} INFO - Processing /opt/airflow/dags/main.py took 0.074 seconds
[2026-05-28T07:09:18.106+0000] {processor.py:161} INFO - Started process (PID=526) to work on /opt/airflow/dags/main.py
[2026-05-28T07:09:18.107+0000] {processor.py:830} INFO - Processing file /opt/airflow/dags/main.py for tasks to queue
[2026-05-28T07:09:18.108+0000] {logging_mixin.py:188} INFO - [2026-05-28T07:09:18.108+0000] {dagbag.py:545} INFO - Filling up the DagBag from /opt/airflow/dags/main.py
[2026-05-28T07:09:18.144+0000] {logging_mixin.py:188} INFO - [2026-05-28T07:09:18.141+0000] {dagbag.py:355} ERROR - Failed to import: /opt/airflow/dags/main.py
Traceback (most recent call last):
  File "/home/airflow/.local/lib/python3.10/site-packages/airflow/models/dagbag.py", line 351, in parse
    loader.exec_module(new_module)
  File "<frozen importlib._bootstrap_external>", line 883, in exec_module
  File "<frozen importlib._bootstrap>", line 241, in _call_with_frames_removed
  File "/opt/airflow/dags/main.py", line 35, in <module>
    save_to_json_task = save_to_json(extracted_data)
  File "/opt/airflow/dags/api/video_stats.py", line 126, in save_to_json
    json.dump(extracted_data, json_outfile, indent=4, ensure_ascii=False)
  File "/usr/local/lib/python3.10/json/__init__.py", line 179, in dump
    for chunk in iterable:
  File "/usr/local/lib/python3.10/json/encoder.py", line 438, in _iterencode
    o = _default(o)
  File "/usr/local/lib/python3.10/json/encoder.py", line 179, in default
    raise TypeError(f'Object of type {o.__class__.__name__} '
TypeError: Object of type PlainXComArg is not JSON serializable
[2026-05-28T07:09:18.145+0000] {processor.py:842} WARNING - No viable dags retrieved from /opt/airflow/dags/main.py
[2026-05-28T07:09:18.166+0000] {processor.py:183} INFO - Processing /opt/airflow/dags/main.py took 0.065 seconds
[2026-05-28T07:09:48.197+0000] {processor.py:161} INFO - Started process (PID=527) to work on /opt/airflow/dags/main.py
[2026-05-28T07:09:48.198+0000] {processor.py:830} INFO - Processing file /opt/airflow/dags/main.py for tasks to queue
[2026-05-28T07:09:48.199+0000] {logging_mixin.py:188} INFO - [2026-05-28T07:09:48.198+0000] {dagbag.py:545} INFO - Filling up the DagBag from /opt/airflow/dags/main.py
[2026-05-28T07:09:48.251+0000] {logging_mixin.py:188} INFO - [2026-05-28T07:09:48.245+0000] {dagbag.py:355} ERROR - Failed to import: /opt/airflow/dags/main.py
Traceback (most recent call last):
  File "/home/airflow/.local/lib/python3.10/site-packages/airflow/models/dagbag.py", line 351, in parse
    loader.exec_module(new_module)
  File "<frozen importlib._bootstrap_external>", line 883, in exec_module
  File "<frozen importlib._bootstrap>", line 241, in _call_with_frames_removed
  File "/opt/airflow/dags/main.py", line 35, in <module>
    save_to_json_task = save_to_json(extracted_data)
  File "/opt/airflow/dags/api/video_stats.py", line 126, in save_to_json
    json.dump(extracted_data, json_outfile, indent=4, ensure_ascii=False)
  File "/usr/local/lib/python3.10/json/__init__.py", line 179, in dump
    for chunk in iterable:
  File "/usr/local/lib/python3.10/json/encoder.py", line 438, in _iterencode
    o = _default(o)
  File "/usr/local/lib/python3.10/json/encoder.py", line 179, in default
    raise TypeError(f'Object of type {o.__class__.__name__} '
TypeError: Object of type PlainXComArg is not JSON serializable
[2026-05-28T07:09:48.252+0000] {processor.py:842} WARNING - No viable dags retrieved from /opt/airflow/dags/main.py
[2026-05-28T07:09:48.268+0000] {processor.py:183} INFO - Processing /opt/airflow/dags/main.py took 0.078 seconds
[2026-05-28T07:10:19.148+0000] {processor.py:161} INFO - Started process (PID=534) to work on /opt/airflow/dags/main.py
[2026-05-28T07:10:19.149+0000] {processor.py:830} INFO - Processing file /opt/airflow/dags/main.py for tasks to queue
[2026-05-28T07:10:19.150+0000] {logging_mixin.py:188} INFO - [2026-05-28T07:10:19.150+0000] {dagbag.py:545} INFO - Filling up the DagBag from /opt/airflow/dags/main.py
[2026-05-28T07:10:19.188+0000] {logging_mixin.py:188} INFO - [2026-05-28T07:10:19.184+0000] {dagbag.py:355} ERROR - Failed to import: /opt/airflow/dags/main.py
Traceback (most recent call last):
  File "/home/airflow/.local/lib/python3.10/site-packages/airflow/models/dagbag.py", line 351, in parse
    loader.exec_module(new_module)
  File "<frozen importlib._bootstrap_external>", line 883, in exec_module
  File "<frozen importlib._bootstrap>", line 241, in _call_with_frames_removed
  File "/opt/airflow/dags/main.py", line 35, in <module>
    save_to_json_task = save_to_json(extracted_data)
  File "/opt/airflow/dags/api/video_stats.py", line 126, in save_to_json
    json.dump(extracted_data, json_outfile, indent=4, ensure_ascii=False)
  File "/usr/local/lib/python3.10/json/__init__.py", line 179, in dump
    for chunk in iterable:
  File "/usr/local/lib/python3.10/json/encoder.py", line 438, in _iterencode
    o = _default(o)
  File "/usr/local/lib/python3.10/json/encoder.py", line 179, in default
    raise TypeError(f'Object of type {o.__class__.__name__} '
TypeError: Object of type PlainXComArg is not JSON serializable
[2026-05-28T07:10:19.188+0000] {processor.py:842} WARNING - No viable dags retrieved from /opt/airflow/dags/main.py
[2026-05-28T07:10:19.210+0000] {processor.py:183} INFO - Processing /opt/airflow/dags/main.py took 0.067 seconds
[2026-05-28T07:10:49.238+0000] {processor.py:161} INFO - Started process (PID=541) to work on /opt/airflow/dags/main.py
[2026-05-28T07:10:49.239+0000] {processor.py:830} INFO - Processing file /opt/airflow/dags/main.py for tasks to queue
[2026-05-28T07:10:49.239+0000] {logging_mixin.py:188} INFO - [2026-05-28T07:10:49.239+0000] {dagbag.py:545} INFO - Filling up the DagBag from /opt/airflow/dags/main.py
[2026-05-28T07:10:49.279+0000] {logging_mixin.py:188} INFO - [2026-05-28T07:10:49.275+0000] {dagbag.py:355} ERROR - Failed to import: /opt/airflow/dags/main.py
Traceback (most recent call last):
  File "/home/airflow/.local/lib/python3.10/site-packages/airflow/models/dagbag.py", line 351, in parse
    loader.exec_module(new_module)
  File "<frozen importlib._bootstrap_external>", line 883, in exec_module
  File "<frozen importlib._bootstrap>", line 241, in _call_with_frames_removed
  File "/opt/airflow/dags/main.py", line 35, in <module>
    save_to_json_task = save_to_json(extracted_data)
  File "/opt/airflow/dags/api/video_stats.py", line 126, in save_to_json
    json.dump(extracted_data, json_outfile, indent=4, ensure_ascii=False)
  File "/usr/local/lib/python3.10/json/__init__.py", line 179, in dump
    for chunk in iterable:
  File "/usr/local/lib/python3.10/json/encoder.py", line 438, in _iterencode
    o = _default(o)
  File "/usr/local/lib/python3.10/json/encoder.py", line 179, in default
    raise TypeError(f'Object of type {o.__class__.__name__} '
TypeError: Object of type PlainXComArg is not JSON serializable
[2026-05-28T07:10:49.279+0000] {processor.py:842} WARNING - No viable dags retrieved from /opt/airflow/dags/main.py
[2026-05-28T07:10:49.295+0000] {processor.py:183} INFO - Processing /opt/airflow/dags/main.py took 0.061 seconds
[2026-05-28T07:11:20.245+0000] {processor.py:161} INFO - Started process (PID=548) to work on /opt/airflow/dags/main.py
[2026-05-28T07:11:20.245+0000] {processor.py:830} INFO - Processing file /opt/airflow/dags/main.py for tasks to queue
[2026-05-28T07:11:20.246+0000] {logging_mixin.py:188} INFO - [2026-05-28T07:11:20.246+0000] {dagbag.py:545} INFO - Filling up the DagBag from /opt/airflow/dags/main.py
[2026-05-28T07:11:20.281+0000] {logging_mixin.py:188} INFO - [2026-05-28T07:11:20.277+0000] {dagbag.py:355} ERROR - Failed to import: /opt/airflow/dags/main.py
Traceback (most recent call last):
  File "/home/airflow/.local/lib/python3.10/site-packages/airflow/models/dagbag.py", line 351, in parse
    loader.exec_module(new_module)
  File "<frozen importlib._bootstrap_external>", line 883, in exec_module
  File "<frozen importlib._bootstrap>", line 241, in _call_with_frames_removed
  File "/opt/airflow/dags/main.py", line 35, in <module>
    save_to_json_task = save_to_json(extracted_data)
  File "/opt/airflow/dags/api/video_stats.py", line 126, in save_to_json
    json.dump(extracted_data, json_outfile, indent=4, ensure_ascii=False)
  File "/usr/local/lib/python3.10/json/__init__.py", line 179, in dump
    for chunk in iterable:
  File "/usr/local/lib/python3.10/json/encoder.py", line 438, in _iterencode
    o = _default(o)
  File "/usr/local/lib/python3.10/json/encoder.py", line 179, in default
    raise TypeError(f'Object of type {o.__class__.__name__} '
TypeError: Object of type PlainXComArg is not JSON serializable
[2026-05-28T07:11:20.282+0000] {processor.py:842} WARNING - No viable dags retrieved from /opt/airflow/dags/main.py
[2026-05-28T07:11:20.297+0000] {processor.py:183} INFO - Processing /opt/airflow/dags/main.py took 0.057 seconds
[2026-05-28T07:11:51.227+0000] {processor.py:161} INFO - Started process (PID=555) to work on /opt/airflow/dags/main.py
[2026-05-28T07:11:51.227+0000] {processor.py:830} INFO - Processing file /opt/airflow/dags/main.py for tasks to queue
[2026-05-28T07:11:51.228+0000] {logging_mixin.py:188} INFO - [2026-05-28T07:11:51.228+0000] {dagbag.py:545} INFO - Filling up the DagBag from /opt/airflow/dags/main.py
[2026-05-28T07:11:51.264+0000] {logging_mixin.py:188} INFO - [2026-05-28T07:11:51.260+0000] {dagbag.py:355} ERROR - Failed to import: /opt/airflow/dags/main.py
Traceback (most recent call last):
  File "/home/airflow/.local/lib/python3.10/site-packages/airflow/models/dagbag.py", line 351, in parse
    loader.exec_module(new_module)
  File "<frozen importlib._bootstrap_external>", line 883, in exec_module
  File "<frozen importlib._bootstrap>", line 241, in _call_with_frames_removed
  File "/opt/airflow/dags/main.py", line 35, in <module>
    save_to_json_task = save_to_json(extracted_data)
  File "/opt/airflow/dags/api/video_stats.py", line 126, in save_to_json
    json.dump(extracted_data, json_outfile, indent=4, ensure_ascii=False)
  File "/usr/local/lib/python3.10/json/__init__.py", line 179, in dump
    for chunk in iterable:
  File "/usr/local/lib/python3.10/json/encoder.py", line 438, in _iterencode
    o = _default(o)
  File "/usr/local/lib/python3.10/json/encoder.py", line 179, in default
    raise TypeError(f'Object of type {o.__class__.__name__} '
TypeError: Object of type PlainXComArg is not JSON serializable
[2026-05-28T07:11:51.264+0000] {processor.py:842} WARNING - No viable dags retrieved from /opt/airflow/dags/main.py
[2026-05-28T07:11:51.279+0000] {processor.py:183} INFO - Processing /opt/airflow/dags/main.py took 0.057 seconds
[2026-05-28T07:12:22.284+0000] {processor.py:161} INFO - Started process (PID=562) to work on /opt/airflow/dags/main.py
[2026-05-28T07:12:22.285+0000] {processor.py:830} INFO - Processing file /opt/airflow/dags/main.py for tasks to queue
[2026-05-28T07:12:22.286+0000] {logging_mixin.py:188} INFO - [2026-05-28T07:12:22.285+0000] {dagbag.py:545} INFO - Filling up the DagBag from /opt/airflow/dags/main.py
[2026-05-28T07:12:22.334+0000] {logging_mixin.py:188} INFO - [2026-05-28T07:12:22.329+0000] {dagbag.py:355} ERROR - Failed to import: /opt/airflow/dags/main.py
Traceback (most recent call last):
  File "/home/airflow/.local/lib/python3.10/site-packages/airflow/models/dagbag.py", line 351, in parse
    loader.exec_module(new_module)
  File "<frozen importlib._bootstrap_external>", line 883, in exec_module
  File "<frozen importlib._bootstrap>", line 241, in _call_with_frames_removed
  File "/opt/airflow/dags/main.py", line 35, in <module>
    save_to_json_task = save_to_json(extracted_data)
  File "/opt/airflow/dags/api/video_stats.py", line 126, in save_to_json
    json.dump(extracted_data, json_outfile, indent=4, ensure_ascii=False)
  File "/usr/local/lib/python3.10/json/__init__.py", line 179, in dump
    for chunk in iterable:
  File "/usr/local/lib/python3.10/json/encoder.py", line 438, in _iterencode
    o = _default(o)
  File "/usr/local/lib/python3.10/json/encoder.py", line 179, in default
    raise TypeError(f'Object of type {o.__class__.__name__} '
TypeError: Object of type PlainXComArg is not JSON serializable
[2026-05-28T07:12:22.334+0000] {processor.py:842} WARNING - No viable dags retrieved from /opt/airflow/dags/main.py
[2026-05-28T07:12:22.350+0000] {processor.py:183} INFO - Processing /opt/airflow/dags/main.py took 0.074 seconds
[2026-05-28T07:12:52.455+0000] {processor.py:161} INFO - Started process (PID=569) to work on /opt/airflow/dags/main.py
[2026-05-28T07:12:52.455+0000] {processor.py:830} INFO - Processing file /opt/airflow/dags/main.py for tasks to queue
[2026-05-28T07:12:52.456+0000] {logging_mixin.py:188} INFO - [2026-05-28T07:12:52.456+0000] {dagbag.py:545} INFO - Filling up the DagBag from /opt/airflow/dags/main.py
[2026-05-28T07:12:52.498+0000] {logging_mixin.py:188} INFO - [2026-05-28T07:12:52.493+0000] {dagbag.py:355} ERROR - Failed to import: /opt/airflow/dags/main.py
Traceback (most recent call last):
  File "/home/airflow/.local/lib/python3.10/site-packages/airflow/models/dagbag.py", line 351, in parse
    loader.exec_module(new_module)
  File "<frozen importlib._bootstrap_external>", line 883, in exec_module
  File "<frozen importlib._bootstrap>", line 241, in _call_with_frames_removed
  File "/opt/airflow/dags/main.py", line 35, in <module>
    save_to_json_task = save_to_json(extracted_data)
  File "/opt/airflow/dags/api/video_stats.py", line 126, in save_to_json
    json.dump(extracted_data, json_outfile, indent=4, ensure_ascii=False)
  File "/usr/local/lib/python3.10/json/__init__.py", line 179, in dump
    for chunk in iterable:
  File "/usr/local/lib/python3.10/json/encoder.py", line 438, in _iterencode
    o = _default(o)
  File "/usr/local/lib/python3.10/json/encoder.py", line 179, in default
    raise TypeError(f'Object of type {o.__class__.__name__} '
TypeError: Object of type PlainXComArg is not JSON serializable
[2026-05-28T07:12:52.498+0000] {processor.py:842} WARNING - No viable dags retrieved from /opt/airflow/dags/main.py
[2026-05-28T07:12:52.513+0000] {processor.py:183} INFO - Processing /opt/airflow/dags/main.py took 0.063 seconds
[2026-05-28T07:13:23.526+0000] {processor.py:161} INFO - Started process (PID=576) to work on /opt/airflow/dags/main.py
[2026-05-28T07:13:23.527+0000] {processor.py:830} INFO - Processing file /opt/airflow/dags/main.py for tasks to queue
[2026-05-28T07:13:23.528+0000] {logging_mixin.py:188} INFO - [2026-05-28T07:13:23.528+0000] {dagbag.py:545} INFO - Filling up the DagBag from /opt/airflow/dags/main.py
[2026-05-28T07:13:23.600+0000] {processor.py:840} INFO - DAG(s) 'produce_json' retrieved from /opt/airflow/dags/main.py
[2026-05-28T07:13:23.701+0000] {logging_mixin.py:188} INFO - [2026-05-28T07:13:23.701+0000] {dag.py:3096} INFO - Sync 1 DAGs
[2026-05-28T07:13:23.714+0000] {logging_mixin.py:188} INFO - [2026-05-28T07:13:23.714+0000] {dag.py:3954} INFO - Setting next_dagrun for produce_json to 2026-05-28 11:00:00+00:00, run_after=2026-05-29 11:00:00+00:00
[2026-05-28T07:13:23.734+0000] {processor.py:183} INFO - Processing /opt/airflow/dags/main.py took 0.221 seconds
[2026-05-28T07:13:53.759+0000] {processor.py:161} INFO - Started process (PID=583) to work on /opt/airflow/dags/main.py
[2026-05-28T07:13:53.760+0000] {processor.py:830} INFO - Processing file /opt/airflow/dags/main.py for tasks to queue
[2026-05-28T07:13:53.761+0000] {logging_mixin.py:188} INFO - [2026-05-28T07:13:53.761+0000] {dagbag.py:545} INFO - Filling up the DagBag from /opt/airflow/dags/main.py
[2026-05-28T07:13:53.795+0000] {processor.py:840} INFO - DAG(s) 'produce_json' retrieved from /opt/airflow/dags/main.py
[2026-05-28T07:13:53.818+0000] {logging_mixin.py:188} INFO - [2026-05-28T07:13:53.818+0000] {dag.py:3096} INFO - Sync 1 DAGs
[2026-05-28T07:13:53.834+0000] {logging_mixin.py:188} INFO - [2026-05-28T07:13:53.834+0000] {dag.py:3954} INFO - Setting next_dagrun for produce_json to 2026-05-28 11:00:00+00:00, run_after=2026-05-29 11:00:00+00:00
[2026-05-28T07:13:53.859+0000] {processor.py:183} INFO - Processing /opt/airflow/dags/main.py took 0.106 seconds
[2026-05-28T07:14:24.773+0000] {processor.py:161} INFO - Started process (PID=590) to work on /opt/airflow/dags/main.py
[2026-05-28T07:14:24.773+0000] {processor.py:830} INFO - Processing file /opt/airflow/dags/main.py for tasks to queue
[2026-05-28T07:14:24.774+0000] {logging_mixin.py:188} INFO - [2026-05-28T07:14:24.774+0000] {dagbag.py:545} INFO - Filling up the DagBag from /opt/airflow/dags/main.py
[2026-05-28T07:14:24.805+0000] {processor.py:840} INFO - DAG(s) 'produce_json' retrieved from /opt/airflow/dags/main.py
[2026-05-28T07:14:24.826+0000] {logging_mixin.py:188} INFO - [2026-05-28T07:14:24.826+0000] {dag.py:3096} INFO - Sync 1 DAGs
[2026-05-28T07:14:24.840+0000] {logging_mixin.py:188} INFO - [2026-05-28T07:14:24.840+0000] {dag.py:3954} INFO - Setting next_dagrun for produce_json to 2026-05-28 11:00:00+00:00, run_after=2026-05-29 11:00:00+00:00
[2026-05-28T07:14:24.858+0000] {processor.py:183} INFO - Processing /opt/airflow/dags/main.py took 0.090 seconds
[2026-05-28T07:14:55.708+0000] {processor.py:161} INFO - Started process (PID=597) to work on /opt/airflow/dags/main.py
[2026-05-28T07:14:55.709+0000] {processor.py:830} INFO - Processing file /opt/airflow/dags/main.py for tasks to queue
[2026-05-28T07:14:55.710+0000] {logging_mixin.py:188} INFO - [2026-05-28T07:14:55.709+0000] {dagbag.py:545} INFO - Filling up the DagBag from /opt/airflow/dags/main.py
[2026-05-28T07:14:55.742+0000] {processor.py:840} INFO - DAG(s) 'produce_json' retrieved from /opt/airflow/dags/main.py
[2026-05-28T07:14:55.764+0000] {logging_mixin.py:188} INFO - [2026-05-28T07:14:55.764+0000] {dag.py:3096} INFO - Sync 1 DAGs
[2026-05-28T07:14:55.779+0000] {logging_mixin.py:188} INFO - [2026-05-28T07:14:55.779+0000] {dag.py:3954} INFO - Setting next_dagrun for produce_json to 2026-05-28 11:00:00+00:00, run_after=2026-05-29 11:00:00+00:00
[2026-05-28T07:14:55.796+0000] {processor.py:183} INFO - Processing /opt/airflow/dags/main.py took 0.093 seconds
[2026-05-28T07:15:26.729+0000] {processor.py:161} INFO - Started process (PID=604) to work on /opt/airflow/dags/main.py
[2026-05-28T07:15:26.730+0000] {processor.py:830} INFO - Processing file /opt/airflow/dags/main.py for tasks to queue
[2026-05-28T07:15:26.731+0000] {logging_mixin.py:188} INFO - [2026-05-28T07:15:26.730+0000] {dagbag.py:545} INFO - Filling up the DagBag from /opt/airflow/dags/main.py
[2026-05-28T07:15:26.761+0000] {processor.py:840} INFO - DAG(s) 'produce_json' retrieved from /opt/airflow/dags/main.py
[2026-05-28T07:15:26.780+0000] {logging_mixin.py:188} INFO - [2026-05-28T07:15:26.780+0000] {dag.py:3096} INFO - Sync 1 DAGs
[2026-05-28T07:15:26.793+0000] {logging_mixin.py:188} INFO - [2026-05-28T07:15:26.793+0000] {dag.py:3954} INFO - Setting next_dagrun for produce_json to 2026-05-28 11:00:00+00:00, run_after=2026-05-29 11:00:00+00:00
[2026-05-28T07:15:26.806+0000] {processor.py:183} INFO - Processing /opt/airflow/dags/main.py took 0.082 seconds
[2026-05-28T07:15:56.868+0000] {processor.py:161} INFO - Started process (PID=611) to work on /opt/airflow/dags/main.py
[2026-05-28T07:15:56.869+0000] {processor.py:830} INFO - Processing file /opt/airflow/dags/main.py for tasks to queue
[2026-05-28T07:15:56.870+0000] {logging_mixin.py:188} INFO - [2026-05-28T07:15:56.870+0000] {dagbag.py:545} INFO - Filling up the DagBag from /opt/airflow/dags/main.py
[2026-05-28T07:15:56.900+0000] {processor.py:840} INFO - DAG(s) 'produce_json' retrieved from /opt/airflow/dags/main.py
[2026-05-28T07:15:56.920+0000] {logging_mixin.py:188} INFO - [2026-05-28T07:15:56.920+0000] {dag.py:3096} INFO - Sync 1 DAGs
[2026-05-28T07:15:56.934+0000] {logging_mixin.py:188} INFO - [2026-05-28T07:15:56.934+0000] {dag.py:3954} INFO - Setting next_dagrun for produce_json to 2026-05-28 11:00:00+00:00, run_after=2026-05-29 11:00:00+00:00
[2026-05-28T07:15:56.956+0000] {processor.py:183} INFO - Processing /opt/airflow/dags/main.py took 0.093 seconds
[2026-05-28T07:16:27.914+0000] {processor.py:161} INFO - Started process (PID=618) to work on /opt/airflow/dags/main.py
[2026-05-28T07:16:27.915+0000] {processor.py:830} INFO - Processing file /opt/airflow/dags/main.py for tasks to queue
[2026-05-28T07:16:27.916+0000] {logging_mixin.py:188} INFO - [2026-05-28T07:16:27.916+0000] {dagbag.py:545} INFO - Filling up the DagBag from /opt/airflow/dags/main.py
[2026-05-28T07:16:27.957+0000] {processor.py:840} INFO - DAG(s) 'produce_json' retrieved from /opt/airflow/dags/main.py
[2026-05-28T07:16:27.983+0000] {logging_mixin.py:188} INFO - [2026-05-28T07:16:27.983+0000] {dag.py:3096} INFO - Sync 1 DAGs
[2026-05-28T07:16:27.997+0000] {logging_mixin.py:188} INFO - [2026-05-28T07:16:27.997+0000] {dag.py:3954} INFO - Setting next_dagrun for produce_json to 2026-05-28 11:00:00+00:00, run_after=2026-05-29 11:00:00+00:00
[2026-05-28T07:16:28.012+0000] {processor.py:183} INFO - Processing /opt/airflow/dags/main.py took 0.103 seconds
[2026-05-28T07:16:58.930+0000] {processor.py:161} INFO - Started process (PID=625) to work on /opt/airflow/dags/main.py
[2026-05-28T07:16:58.931+0000] {processor.py:830} INFO - Processing file /opt/airflow/dags/main.py for tasks to queue
[2026-05-28T07:16:58.932+0000] {logging_mixin.py:188} INFO - [2026-05-28T07:16:58.932+0000] {dagbag.py:545} INFO - Filling up the DagBag from /opt/airflow/dags/main.py
[2026-05-28T07:16:58.966+0000] {processor.py:840} INFO - DAG(s) 'produce_json' retrieved from /opt/airflow/dags/main.py
[2026-05-28T07:16:58.990+0000] {logging_mixin.py:188} INFO - [2026-05-28T07:16:58.989+0000] {dag.py:3096} INFO - Sync 1 DAGs
[2026-05-28T07:16:59.006+0000] {logging_mixin.py:188} INFO - [2026-05-28T07:16:59.006+0000] {dag.py:3954} INFO - Setting next_dagrun for produce_json to 2026-05-28 11:00:00+00:00, run_after=2026-05-29 11:00:00+00:00
[2026-05-28T07:16:59.022+0000] {processor.py:183} INFO - Processing /opt/airflow/dags/main.py took 0.097 seconds
[2026-05-28T07:17:30.026+0000] {processor.py:161} INFO - Started process (PID=632) to work on /opt/airflow/dags/main.py
[2026-05-28T07:17:30.027+0000] {processor.py:830} INFO - Processing file /opt/airflow/dags/main.py for tasks to queue
[2026-05-28T07:17:30.028+0000] {logging_mixin.py:188} INFO - [2026-05-28T07:17:30.028+0000] {dagbag.py:545} INFO - Filling up the DagBag from /opt/airflow/dags/main.py
[2026-05-28T07:17:30.072+0000] {processor.py:840} INFO - DAG(s) 'produce_json' retrieved from /opt/airflow/dags/main.py
[2026-05-28T07:17:30.099+0000] {logging_mixin.py:188} INFO - [2026-05-28T07:17:30.099+0000] {dag.py:3096} INFO - Sync 1 DAGs
[2026-05-28T07:17:30.114+0000] {logging_mixin.py:188} INFO - [2026-05-28T07:17:30.114+0000] {dag.py:3954} INFO - Setting next_dagrun for produce_json to 2026-05-28 11:00:00+00:00, run_after=2026-05-29 11:00:00+00:00
[2026-05-28T07:17:30.127+0000] {processor.py:183} INFO - Processing /opt/airflow/dags/main.py took 0.115 seconds
[2026-05-28T07:18:02.026+0000] {processor.py:161} INFO - Started process (PID=639) to work on /opt/airflow/dags/main.py
[2026-05-28T07:18:02.027+0000] {processor.py:830} INFO - Processing file /opt/airflow/dags/main.py for tasks to queue
[2026-05-28T07:18:02.028+0000] {logging_mixin.py:188} INFO - [2026-05-28T07:18:02.028+0000] {dagbag.py:545} INFO - Filling up the DagBag from /opt/airflow/dags/main.py
[2026-05-28T07:18:02.068+0000] {processor.py:840} INFO - DAG(s) 'produce_json' retrieved from /opt/airflow/dags/main.py
[2026-05-28T07:18:02.093+0000] {logging_mixin.py:188} INFO - [2026-05-28T07:18:02.092+0000] {dag.py:3096} INFO - Sync 1 DAGs
[2026-05-28T07:18:02.108+0000] {logging_mixin.py:188} INFO - [2026-05-28T07:18:02.108+0000] {dag.py:3954} INFO - Setting next_dagrun for produce_json to 2026-05-28 11:00:00+00:00, run_after=2026-05-29 11:00:00+00:00
[2026-05-28T07:18:02.133+0000] {processor.py:183} INFO - Processing /opt/airflow/dags/main.py took 0.113 seconds
[2026-05-28T07:18:32.294+0000] {processor.py:161} INFO - Started process (PID=646) to work on /opt/airflow/dags/main.py
[2026-05-28T07:18:32.295+0000] {processor.py:830} INFO - Processing file /opt/airflow/dags/main.py for tasks to queue
[2026-05-28T07:18:32.296+0000] {logging_mixin.py:188} INFO - [2026-05-28T07:18:32.296+0000] {dagbag.py:545} INFO - Filling up the DagBag from /opt/airflow/dags/main.py
[2026-05-28T07:18:32.329+0000] {processor.py:840} INFO - DAG(s) 'produce_json' retrieved from /opt/airflow/dags/main.py
[2026-05-28T07:18:32.349+0000] {logging_mixin.py:188} INFO - [2026-05-28T07:18:32.349+0000] {dag.py:3096} INFO - Sync 1 DAGs
[2026-05-28T07:18:32.364+0000] {logging_mixin.py:188} INFO - [2026-05-28T07:18:32.364+0000] {dag.py:3954} INFO - Setting next_dagrun for produce_json to 2026-05-28 11:00:00+00:00, run_after=2026-05-29 11:00:00+00:00
[2026-05-28T07:18:32.386+0000] {processor.py:183} INFO - Processing /opt/airflow/dags/main.py took 0.097 seconds
[2026-05-28T07:19:03.353+0000] {processor.py:161} INFO - Started process (PID=653) to work on /opt/airflow/dags/main.py
[2026-05-28T07:19:03.354+0000] {processor.py:830} INFO - Processing file /opt/airflow/dags/main.py for tasks to queue
[2026-05-28T07:19:03.354+0000] {logging_mixin.py:188} INFO - [2026-05-28T07:19:03.354+0000] {dagbag.py:545} INFO - Filling up the DagBag from /opt/airflow/dags/main.py
[2026-05-28T07:19:03.387+0000] {processor.py:840} INFO - DAG(s) 'produce_json' retrieved from /opt/airflow/dags/main.py
[2026-05-28T07:19:03.408+0000] {logging_mixin.py:188} INFO - [2026-05-28T07:19:03.408+0000] {dag.py:3096} INFO - Sync 1 DAGs
[2026-05-28T07:19:03.423+0000] {logging_mixin.py:188} INFO - [2026-05-28T07:19:03.423+0000] {dag.py:3954} INFO - Setting next_dagrun for produce_json to 2026-05-28 11:00:00+00:00, run_after=2026-05-29 11:00:00+00:00
[2026-05-28T07:19:03.446+0000] {processor.py:183} INFO - Processing /opt/airflow/dags/main.py took 0.097 seconds
[2026-05-28T07:19:34.409+0000] {processor.py:161} INFO - Started process (PID=660) to work on /opt/airflow/dags/main.py
[2026-05-28T07:19:34.410+0000] {processor.py:830} INFO - Processing file /opt/airflow/dags/main.py for tasks to queue
[2026-05-28T07:19:34.411+0000] {logging_mixin.py:188} INFO - [2026-05-28T07:19:34.411+0000] {dagbag.py:545} INFO - Filling up the DagBag from /opt/airflow/dags/main.py
[2026-05-28T07:19:34.441+0000] {processor.py:840} INFO - DAG(s) 'produce_json' retrieved from /opt/airflow/dags/main.py
[2026-05-28T07:19:34.460+0000] {logging_mixin.py:188} INFO - [2026-05-28T07:19:34.460+0000] {dag.py:3096} INFO - Sync 1 DAGs
[2026-05-28T07:19:34.472+0000] {logging_mixin.py:188} INFO - [2026-05-28T07:19:34.472+0000] {dag.py:3954} INFO - Setting next_dagrun for produce_json to 2026-05-28 11:00:00+00:00, run_after=2026-05-29 11:00:00+00:00
[2026-05-28T07:19:34.497+0000] {processor.py:183} INFO - Processing /opt/airflow/dags/main.py took 0.093 seconds
[2026-05-28T07:20:04.541+0000] {processor.py:161} INFO - Started process (PID=667) to work on /opt/airflow/dags/main.py
[2026-05-28T07:20:04.542+0000] {processor.py:830} INFO - Processing file /opt/airflow/dags/main.py for tasks to queue
[2026-05-28T07:20:04.543+0000] {logging_mixin.py:188} INFO - [2026-05-28T07:20:04.543+0000] {dagbag.py:545} INFO - Filling up the DagBag from /opt/airflow/dags/main.py
[2026-05-28T07:20:04.575+0000] {processor.py:840} INFO - DAG(s) 'produce_json' retrieved from /opt/airflow/dags/main.py
[2026-05-28T07:20:04.597+0000] {logging_mixin.py:188} INFO - [2026-05-28T07:20:04.596+0000] {dag.py:3096} INFO - Sync 1 DAGs
[2026-05-28T07:20:04.615+0000] {logging_mixin.py:188} INFO - [2026-05-28T07:20:04.615+0000] {dag.py:3954} INFO - Setting next_dagrun for produce_json to 2026-05-28 11:00:00+00:00, run_after=2026-05-29 11:00:00+00:00
[2026-05-28T07:20:04.632+0000] {processor.py:183} INFO - Processing /opt/airflow/dags/main.py took 0.096 seconds
[2026-05-28T07:20:34.686+0000] {processor.py:161} INFO - Started process (PID=674) to work on /opt/airflow/dags/main.py
[2026-05-28T07:20:34.687+0000] {processor.py:830} INFO - Processing file /opt/airflow/dags/main.py for tasks to queue
[2026-05-28T07:20:34.688+0000] {logging_mixin.py:188} INFO - [2026-05-28T07:20:34.688+0000] {dagbag.py:545} INFO - Filling up the DagBag from /opt/airflow/dags/main.py
[2026-05-28T07:20:34.719+0000] {processor.py:840} INFO - DAG(s) 'produce_json' retrieved from /opt/airflow/dags/main.py
[2026-05-28T07:20:34.741+0000] {logging_mixin.py:188} INFO - [2026-05-28T07:20:34.741+0000] {dag.py:3096} INFO - Sync 1 DAGs
[2026-05-28T07:20:34.756+0000] {logging_mixin.py:188} INFO - [2026-05-28T07:20:34.756+0000] {dag.py:3954} INFO - Setting next_dagrun for produce_json to 2026-05-28 11:00:00+00:00, run_after=2026-05-29 11:00:00+00:00
[2026-05-28T07:20:34.780+0000] {processor.py:183} INFO - Processing /opt/airflow/dags/main.py took 0.098 seconds
[2026-05-28T07:21:04.901+0000] {processor.py:161} INFO - Started process (PID=681) to work on /opt/airflow/dags/main.py
[2026-05-28T07:21:04.902+0000] {processor.py:830} INFO - Processing file /opt/airflow/dags/main.py for tasks to queue
[2026-05-28T07:21:04.903+0000] {logging_mixin.py:188} INFO - [2026-05-28T07:21:04.903+0000] {dagbag.py:545} INFO - Filling up the DagBag from /opt/airflow/dags/main.py
[2026-05-28T07:21:04.933+0000] {processor.py:840} INFO - DAG(s) 'produce_json' retrieved from /opt/airflow/dags/main.py
[2026-05-28T07:21:04.954+0000] {logging_mixin.py:188} INFO - [2026-05-28T07:21:04.954+0000] {dag.py:3096} INFO - Sync 1 DAGs
[2026-05-28T07:21:04.972+0000] {logging_mixin.py:188} INFO - [2026-05-28T07:21:04.971+0000] {dag.py:3954} INFO - Setting next_dagrun for produce_json to 2026-05-28 11:00:00+00:00, run_after=2026-05-29 11:00:00+00:00
[2026-05-28T07:21:04.995+0000] {processor.py:183} INFO - Processing /opt/airflow/dags/main.py took 0.099 seconds
[2026-05-28T07:21:35.042+0000] {processor.py:161} INFO - Started process (PID=688) to work on /opt/airflow/dags/main.py
[2026-05-28T07:21:35.043+0000] {processor.py:830} INFO - Processing file /opt/airflow/dags/main.py for tasks to queue
[2026-05-28T07:21:35.043+0000] {logging_mixin.py:188} INFO - [2026-05-28T07:21:35.043+0000] {dagbag.py:545} INFO - Filling up the DagBag from /opt/airflow/dags/main.py
[2026-05-28T07:21:35.091+0000] {processor.py:840} INFO - DAG(s) 'produce_json' retrieved from /opt/airflow/dags/main.py
[2026-05-28T07:21:35.112+0000] {logging_mixin.py:188} INFO - [2026-05-28T07:21:35.112+0000] {dag.py:3096} INFO - Sync 1 DAGs
[2026-05-28T07:21:35.126+0000] {logging_mixin.py:188} INFO - [2026-05-28T07:21:35.126+0000] {dag.py:3954} INFO - Setting next_dagrun for produce_json to 2026-05-28 11:00:00+00:00, run_after=2026-05-29 11:00:00+00:00
[2026-05-28T07:21:35.139+0000] {processor.py:183} INFO - Processing /opt/airflow/dags/main.py took 0.102 seconds
[2026-05-28T07:22:05.199+0000] {processor.py:161} INFO - Started process (PID=695) to work on /opt/airflow/dags/main.py
[2026-05-28T07:22:05.200+0000] {processor.py:830} INFO - Processing file /opt/airflow/dags/main.py for tasks to queue
[2026-05-28T07:22:05.201+0000] {logging_mixin.py:188} INFO - [2026-05-28T07:22:05.201+0000] {dagbag.py:545} INFO - Filling up the DagBag from /opt/airflow/dags/main.py
[2026-05-28T07:22:05.238+0000] {processor.py:840} INFO - DAG(s) 'produce_json' retrieved from /opt/airflow/dags/main.py
[2026-05-28T07:22:05.264+0000] {logging_mixin.py:188} INFO - [2026-05-28T07:22:05.264+0000] {dag.py:3096} INFO - Sync 1 DAGs
[2026-05-28T07:22:05.282+0000] {logging_mixin.py:188} INFO - [2026-05-28T07:22:05.282+0000] {dag.py:3954} INFO - Setting next_dagrun for produce_json to 2026-05-28 11:00:00+00:00, run_after=2026-05-29 11:00:00+00:00
[2026-05-28T07:22:05.300+0000] {processor.py:183} INFO - Processing /opt/airflow/dags/main.py took 0.106 seconds
[2026-05-28T07:22:35.347+0000] {processor.py:161} INFO - Started process (PID=702) to work on /opt/airflow/dags/main.py
[2026-05-28T07:22:35.348+0000] {processor.py:830} INFO - Processing file /opt/airflow/dags/main.py for tasks to queue
[2026-05-28T07:22:35.349+0000] {logging_mixin.py:188} INFO - [2026-05-28T07:22:35.349+0000] {dagbag.py:545} INFO - Filling up the DagBag from /opt/airflow/dags/main.py
[2026-05-28T07:22:35.381+0000] {processor.py:840} INFO - DAG(s) 'produce_json' retrieved from /opt/airflow/dags/main.py
[2026-05-28T07:22:35.401+0000] {logging_mixin.py:188} INFO - [2026-05-28T07:22:35.401+0000] {dag.py:3096} INFO - Sync 1 DAGs
[2026-05-28T07:22:35.415+0000] {logging_mixin.py:188} INFO - [2026-05-28T07:22:35.415+0000] {dag.py:3954} INFO - Setting next_dagrun for produce_json to 2026-05-28 11:00:00+00:00, run_after=2026-05-29 11:00:00+00:00
[2026-05-28T07:22:35.433+0000] {processor.py:183} INFO - Processing /opt/airflow/dags/main.py took 0.090 seconds
[2026-05-28T07:23:05.515+0000] {processor.py:161} INFO - Started process (PID=709) to work on /opt/airflow/dags/main.py
[2026-05-28T07:23:05.516+0000] {processor.py:830} INFO - Processing file /opt/airflow/dags/main.py for tasks to queue
[2026-05-28T07:23:05.516+0000] {logging_mixin.py:188} INFO - [2026-05-28T07:23:05.516+0000] {dagbag.py:545} INFO - Filling up the DagBag from /opt/airflow/dags/main.py
[2026-05-28T07:23:05.559+0000] {processor.py:840} INFO - DAG(s) 'produce_json' retrieved from /opt/airflow/dags/main.py
[2026-05-28T07:23:05.586+0000] {logging_mixin.py:188} INFO - [2026-05-28T07:23:05.586+0000] {dag.py:3096} INFO - Sync 1 DAGs
[2026-05-28T07:23:05.604+0000] {logging_mixin.py:188} INFO - [2026-05-28T07:23:05.604+0000] {dag.py:3954} INFO - Setting next_dagrun for produce_json to 2026-05-28 11:00:00+00:00, run_after=2026-05-29 11:00:00+00:00
[2026-05-28T07:23:05.620+0000] {processor.py:183} INFO - Processing /opt/airflow/dags/main.py took 0.120 seconds
[2026-05-28T07:23:36.630+0000] {processor.py:161} INFO - Started process (PID=716) to work on /opt/airflow/dags/main.py
[2026-05-28T07:23:36.631+0000] {processor.py:830} INFO - Processing file /opt/airflow/dags/main.py for tasks to queue
[2026-05-28T07:23:36.632+0000] {logging_mixin.py:188} INFO - [2026-05-28T07:23:36.632+0000] {dagbag.py:545} INFO - Filling up the DagBag from /opt/airflow/dags/main.py
[2026-05-28T07:23:36.664+0000] {processor.py:840} INFO - DAG(s) 'produce_json' retrieved from /opt/airflow/dags/main.py
[2026-05-28T07:23:36.685+0000] {logging_mixin.py:188} INFO - [2026-05-28T07:23:36.685+0000] {dag.py:3096} INFO - Sync 1 DAGs
[2026-05-28T07:23:36.699+0000] {logging_mixin.py:188} INFO - [2026-05-28T07:23:36.699+0000] {dag.py:3954} INFO - Setting next_dagrun for produce_json to 2026-05-28 11:00:00+00:00, run_after=2026-05-29 11:00:00+00:00
[2026-05-28T07:23:36.723+0000] {processor.py:183} INFO - Processing /opt/airflow/dags/main.py took 0.099 seconds
