[2026-06-01T12:06:56.087+0000] {local_task_job_runner.py:120} INFO - ::group::Pre task execution logs
[2026-06-01T12:06:56.103+0000] {taskinstance.py:2076} INFO - Dependencies all met for dep_context=non-requeueable deps ti=<TaskInstance: update_db.staging_table manual__2026-06-01T12:06:55.671917+00:00 [queued]>
[2026-06-01T12:06:56.107+0000] {taskinstance.py:2076} INFO - Dependencies all met for dep_context=requeueable deps ti=<TaskInstance: update_db.staging_table manual__2026-06-01T12:06:55.671917+00:00 [queued]>
[2026-06-01T12:06:56.108+0000] {taskinstance.py:2306} INFO - Starting attempt 1 of 1
[2026-06-01T12:06:56.119+0000] {taskinstance.py:2330} INFO - Executing <Task(_PythonDecoratedOperator): staging_table> on 2026-06-01 12:06:55.671917+00:00
[2026-06-01T12:06:56.122+0000] {standard_task_runner.py:63} INFO - Started process 641 to run task
[2026-06-01T12:06:56.125+0000] {standard_task_runner.py:90} INFO - Running: ['airflow', 'tasks', 'run', 'update_db', 'staging_table', 'manual__2026-06-01T12:06:55.671917+00:00', '--job-id', '50', '--raw', '--subdir', 'DAGS_FOLDER/main.py', '--cfg-path', '/tmp/tmpnwly7jpn']
[2026-06-01T12:06:56.126+0000] {standard_task_runner.py:91} INFO - Job 50: Subtask staging_table
[2026-06-01T12:06:56.161+0000] {task_command.py:426} INFO - Running <TaskInstance: update_db.staging_table manual__2026-06-01T12:06:55.671917+00:00 [running]> on host 5dd8bf667756
[2026-06-01T12:06:56.216+0000] {taskinstance.py:2648} INFO - Exporting env vars: AIRFLOW_CTX_DAG_EMAIL='data@engineers.com' AIRFLOW_CTX_DAG_OWNER='dataengineers' AIRFLOW_CTX_DAG_ID='update_db' AIRFLOW_CTX_TASK_ID='staging_table' AIRFLOW_CTX_EXECUTION_DATE='2026-06-01T12:06:55.671917+00:00' AIRFLOW_CTX_TRY_NUMBER='1' AIRFLOW_CTX_DAG_RUN_ID='manual__2026-06-01T12:06:55.671917+00:00'
[2026-06-01T12:06:56.217+0000] {taskinstance.py:430} INFO - ::endgroup::
[2026-06-01T12:06:56.230+0000] {base.py:84} INFO - Using connection ID 'postgres_db_yt_elt' for task execution.
[2026-06-01T12:06:56.233+0000] {data_loading.py:12} INFO - Processing file: YT_data_2026-06-01
[2026-06-01T12:06:56.240+0000] {base.py:84} INFO - Using connection ID 'postgres_db_yt_elt' for task execution.
[2026-06-01T12:06:56.244+0000] {base.py:84} INFO - Using connection ID 'postgres_db_yt_elt' for task execution.
[2026-06-01T12:06:56.256+0000] {data_modification.py:75} INFO - Updated row with Video_ID: GpQSUjNsNm0
[2026-06-01T12:06:56.259+0000] {data_modification.py:75} INFO - Updated row with Video_ID: y1UVAtHALaA
[2026-06-01T12:06:56.261+0000] {data_modification.py:75} INFO - Updated row with Video_ID: hYahU_Cqwp8
[2026-06-01T12:06:56.263+0000] {data_modification.py:75} INFO - Updated row with Video_ID: SllXaJiQjBA
[2026-06-01T12:06:56.265+0000] {data_modification.py:75} INFO - Updated row with Video_ID: dqpCvSU-ECE
[2026-06-01T12:06:56.267+0000] {data_modification.py:75} INFO - Updated row with Video_ID: AaMdXZMvT3w
[2026-06-01T12:06:56.269+0000] {data_modification.py:75} INFO - Updated row with Video_ID: QAkEMtJpq3c
[2026-06-01T12:06:56.271+0000] {data_modification.py:75} INFO - Updated row with Video_ID: hCuqh2NU2Yg
[2026-06-01T12:06:56.274+0000] {data_modification.py:75} INFO - Updated row with Video_ID: B9LizOAAoLg
[2026-06-01T12:06:56.276+0000] {data_modification.py:75} INFO - Updated row with Video_ID: rqsRdfdN4uI
[2026-06-01T12:06:56.278+0000] {data_modification.py:75} INFO - Updated row with Video_ID: feu5PQvoCiA
[2026-06-01T12:06:56.280+0000] {data_modification.py:75} INFO - Updated row with Video_ID: 6Zy5VLcEbZc
[2026-06-01T12:06:56.282+0000] {data_modification.py:75} INFO - Updated row with Video_ID: VEGq2Du_HCw
[2026-06-01T12:06:56.284+0000] {data_modification.py:75} INFO - Updated row with Video_ID: EdT5Z16Y5WE
[2026-06-01T12:06:56.286+0000] {data_modification.py:75} INFO - Updated row with Video_ID: ScjQAcbA9e4
[2026-06-01T12:06:56.288+0000] {data_modification.py:75} INFO - Updated row with Video_ID: hRBpDdWbUpI
[2026-06-01T12:06:56.290+0000] {data_modification.py:75} INFO - Updated row with Video_ID: pzxtGL9kzPs
[2026-06-01T12:06:56.293+0000] {data_modification.py:75} INFO - Updated row with Video_ID: yy-Nt0dRhNI
[2026-06-01T12:06:56.295+0000] {data_modification.py:75} INFO - Updated row with Video_ID: zRtGL0-5rg4
[2026-06-01T12:06:56.297+0000] {data_modification.py:75} INFO - Updated row with Video_ID: mFWpUx3FiyU
[2026-06-01T12:06:56.299+0000] {data_modification.py:75} INFO - Updated row with Video_ID: 6W_841xoprg
[2026-06-01T12:06:56.301+0000] {data_modification.py:75} INFO - Updated row with Video_ID: VIJLIo5yT1I
[2026-06-01T12:06:56.303+0000] {data_modification.py:75} INFO - Updated row with Video_ID: uNu6XEPTy5g
[2026-06-01T12:06:56.305+0000] {data_modification.py:75} INFO - Updated row with Video_ID: DXVHmGoCTco
[2026-06-01T12:06:56.307+0000] {data_modification.py:75} INFO - Updated row with Video_ID: _JUlWtSCNbs
[2026-06-01T12:06:56.309+0000] {data_modification.py:75} INFO - Updated row with Video_ID: AKC50SZQFN8
[2026-06-01T12:06:56.311+0000] {data_modification.py:75} INFO - Updated row with Video_ID: 897gvApD6V4
[2026-06-01T12:06:56.313+0000] {data_modification.py:75} INFO - Updated row with Video_ID: Z9NxQdQ8Rpg
[2026-06-01T12:06:56.315+0000] {data_modification.py:75} INFO - Updated row with Video_ID: JFtlf8RoPZY
[2026-06-01T12:06:56.317+0000] {data_modification.py:75} INFO - Updated row with Video_ID: jCE1Ol3PYDs
[2026-06-01T12:06:56.319+0000] {data_modification.py:75} INFO - Updated row with Video_ID: IqL-ZunFfpk
[2026-06-01T12:06:56.321+0000] {data_modification.py:75} INFO - Updated row with Video_ID: purAsH7pXTQ
[2026-06-01T12:06:56.323+0000] {data_modification.py:75} INFO - Updated row with Video_ID: IEuDUhGIJ5c
[2026-06-01T12:06:56.325+0000] {data_modification.py:75} INFO - Updated row with Video_ID: AoN1K4c7VKE
[2026-06-01T12:06:56.327+0000] {data_modification.py:75} INFO - Updated row with Video_ID: IcuJ3vO_t3k
[2026-06-01T12:06:56.329+0000] {data_modification.py:75} INFO - Updated row with Video_ID: c9VS_cgInT4
[2026-06-01T12:06:56.332+0000] {data_modification.py:75} INFO - Updated row with Video_ID: KaUuPNYHFNg
[2026-06-01T12:06:56.334+0000] {data_modification.py:75} INFO - Updated row with Video_ID: 5OLs1GWB4OA
[2026-06-01T12:06:56.336+0000] {data_modification.py:75} INFO - Updated row with Video_ID: hjkbqeWQAM8
[2026-06-01T12:06:56.338+0000] {data_modification.py:75} INFO - Updated row with Video_ID: XbaZ45LVzzM
[2026-06-01T12:06:56.341+0000] {data_modification.py:75} INFO - Updated row with Video_ID: gar4U3n-ILY
[2026-06-01T12:06:56.343+0000] {data_modification.py:75} INFO - Updated row with Video_ID: 9WEQts7b8Pw
[2026-06-01T12:06:56.345+0000] {data_modification.py:75} INFO - Updated row with Video_ID: toIeUtplfWQ
[2026-06-01T12:06:56.347+0000] {data_modification.py:75} INFO - Updated row with Video_ID: _sBRk9ADpK8
[2026-06-01T12:06:56.349+0000] {data_modification.py:75} INFO - Updated row with Video_ID: kNLr-cduzuo
[2026-06-01T12:06:56.351+0000] {data_modification.py:75} INFO - Updated row with Video_ID: pAnGwRiQ4-4
[2026-06-01T12:06:56.353+0000] {data_modification.py:75} INFO - Updated row with Video_ID: wSh8fAFWEWs
[2026-06-01T12:06:56.355+0000] {data_modification.py:75} INFO - Updated row with Video_ID: 3GNyw4uaAqU
[2026-06-01T12:06:56.357+0000] {data_modification.py:75} INFO - Updated row with Video_ID: ywIcdSNJolo
[2026-06-01T12:06:56.359+0000] {data_modification.py:75} INFO - Updated row with Video_ID: QJI0an6irrA
[2026-06-01T12:06:56.361+0000] {data_modification.py:75} INFO - Updated row with Video_ID: mktYW177p6U
[2026-06-01T12:06:56.363+0000] {data_modification.py:75} INFO - Updated row with Video_ID: 7aE4EhHXzlA
[2026-06-01T12:06:56.366+0000] {data_modification.py:75} INFO - Updated row with Video_ID: IJkB-oapuks
[2026-06-01T12:06:56.368+0000] {data_modification.py:75} INFO - Updated row with Video_ID: ZFoNBxpXen4
[2026-06-01T12:06:56.370+0000] {data_modification.py:75} INFO - Updated row with Video_ID: RB71Z-vVvCc
[2026-06-01T12:06:56.372+0000] {data_modification.py:75} INFO - Updated row with Video_ID: fO5FwBcCJBY
[2026-06-01T12:06:56.375+0000] {data_modification.py:75} INFO - Updated row with Video_ID: U-x6KxH1kB4
[2026-06-01T12:06:56.377+0000] {data_modification.py:75} INFO - Updated row with Video_ID: 8bMh8azh3CY
[2026-06-01T12:06:56.379+0000] {data_modification.py:75} INFO - Updated row with Video_ID: SE9xF1l3ZwE
[2026-06-01T12:06:56.381+0000] {data_modification.py:75} INFO - Updated row with Video_ID: rF00lQ_upzg
[2026-06-01T12:06:56.383+0000] {data_modification.py:75} INFO - Updated row with Video_ID: uZY9xr-QAk0
[2026-06-01T12:06:56.386+0000] {data_modification.py:75} INFO - Updated row with Video_ID: AWBsoArakNY
[2026-06-01T12:06:56.388+0000] {data_modification.py:75} INFO - Updated row with Video_ID: Ah_uuTwGOYU
[2026-06-01T12:06:56.390+0000] {data_modification.py:75} INFO - Updated row with Video_ID: HISfrcjiNPM
[2026-06-01T12:06:56.392+0000] {data_modification.py:75} INFO - Updated row with Video_ID: WROMyJAJmp4
[2026-06-01T12:06:56.394+0000] {data_modification.py:75} INFO - Updated row with Video_ID: tAwzBYE18Us
[2026-06-01T12:06:56.396+0000] {data_modification.py:75} INFO - Updated row with Video_ID: LyFMbY-c_Lc
[2026-06-01T12:06:56.398+0000] {data_modification.py:75} INFO - Updated row with Video_ID: 3RmOvxilbPM
[2026-06-01T12:06:56.400+0000] {data_modification.py:75} INFO - Updated row with Video_ID: R7MkZL5i3FQ
[2026-06-01T12:06:56.403+0000] {data_modification.py:75} INFO - Updated row with Video_ID: 26QQE7EsnLA
[2026-06-01T12:06:56.405+0000] {data_modification.py:75} INFO - Updated row with Video_ID: PryTbmudhS8
[2026-06-01T12:06:56.407+0000] {data_modification.py:75} INFO - Updated row with Video_ID: Oo9EbArcQ1c
[2026-06-01T12:06:56.409+0000] {data_modification.py:75} INFO - Updated row with Video_ID: yWEUL3crU_E
[2026-06-01T12:06:56.411+0000] {data_modification.py:75} INFO - Updated row with Video_ID: JgJrQnDIRgg
[2026-06-01T12:06:56.413+0000] {data_modification.py:75} INFO - Updated row with Video_ID: gtkqnhN0VkU
[2026-06-01T12:06:56.415+0000] {data_modification.py:75} INFO - Updated row with Video_ID: oBXSvS2QKxU
[2026-06-01T12:06:56.417+0000] {data_modification.py:75} INFO - Updated row with Video_ID: UTdcX1e0cMA
[2026-06-01T12:06:56.419+0000] {data_modification.py:75} INFO - Updated row with Video_ID: oiZvK6MY7tI
[2026-06-01T12:06:56.421+0000] {data_modification.py:75} INFO - Updated row with Video_ID: F0OkwXKcPSE
[2026-06-01T12:06:56.423+0000] {data_modification.py:75} INFO - Updated row with Video_ID: 686PL7rt654
[2026-06-01T12:06:56.425+0000] {data_modification.py:75} INFO - Updated row with Video_ID: zo7i8VTpfNM
[2026-06-01T12:06:56.427+0000] {data_modification.py:75} INFO - Updated row with Video_ID: NfhuGUyWYfQ
[2026-06-01T12:06:56.429+0000] {data_modification.py:75} INFO - Updated row with Video_ID: wIpWCJKfRXs
[2026-06-01T12:06:56.431+0000] {data_modification.py:75} INFO - Updated row with Video_ID: 9Xeepzg1B8I
[2026-06-01T12:06:56.433+0000] {data_modification.py:75} INFO - Updated row with Video_ID: 50G0kIty7Cg
[2026-06-01T12:06:56.435+0000] {data_modification.py:75} INFO - Updated row with Video_ID: 4l97aNza_Zc
[2026-06-01T12:06:56.438+0000] {data_modification.py:75} INFO - Updated row with Video_ID: 3ih2bPKSWsQ
[2026-06-01T12:06:56.440+0000] {data_modification.py:75} INFO - Updated row with Video_ID: uA9Zcg3vHvo
[2026-06-01T12:06:56.442+0000] {data_modification.py:75} INFO - Updated row with Video_ID: _AbFXuGDRTs
[2026-06-01T12:06:56.444+0000] {data_modification.py:75} INFO - Updated row with Video_ID: MOGW3v3pJ5Y
[2026-06-01T12:06:56.446+0000] {data_modification.py:75} INFO - Updated row with Video_ID: XNtTO_339kU
[2026-06-01T12:06:56.448+0000] {data_modification.py:75} INFO - Updated row with Video_ID: rB9NynBZ4go
[2026-06-01T12:06:56.451+0000] {data_modification.py:75} INFO - Updated row with Video_ID: TDv56whosPQ
[2026-06-01T12:06:56.453+0000] {data_modification.py:75} INFO - Updated row with Video_ID: R_BmT1OJw98
[2026-06-01T12:06:56.455+0000] {data_modification.py:75} INFO - Updated row with Video_ID: vpRW4JhzfSE
[2026-06-01T12:06:56.458+0000] {data_modification.py:75} INFO - Updated row with Video_ID: qXW93Cois2s
[2026-06-01T12:06:56.460+0000] {data_modification.py:75} INFO - Updated row with Video_ID: r7f0L48dHpc
[2026-06-01T12:06:56.463+0000] {data_modification.py:75} INFO - Updated row with Video_ID: Z4hVGCWH1Kc
[2026-06-01T12:06:56.465+0000] {data_modification.py:75} INFO - Updated row with Video_ID: zxuICI0kL3s
[2026-06-01T12:06:56.468+0000] {data_modification.py:75} INFO - Updated row with Video_ID: R1SFXJo-FlE
[2026-06-01T12:06:56.470+0000] {data_modification.py:75} INFO - Updated row with Video_ID: lQz5aqjZ3lQ
[2026-06-01T12:06:56.474+0000] {data_modification.py:75} INFO - Updated row with Video_ID: EiFcNbXBqeo
[2026-06-01T12:06:56.478+0000] {data_modification.py:75} INFO - Updated row with Video_ID: pzBi1nwDn8U
[2026-06-01T12:06:56.480+0000] {data_modification.py:75} INFO - Updated row with Video_ID: R7oW0LwS_e4
[2026-06-01T12:06:56.483+0000] {data_modification.py:75} INFO - Updated row with Video_ID: BfKI_TQnQvo
[2026-06-01T12:06:56.485+0000] {data_modification.py:75} INFO - Updated row with Video_ID: FWAdfuPpLOc
[2026-06-01T12:06:56.488+0000] {data_modification.py:75} INFO - Updated row with Video_ID: NjlP2_l1Wr0
[2026-06-01T12:06:56.490+0000] {data_modification.py:75} INFO - Updated row with Video_ID: gGcaGdHlt60
[2026-06-01T12:06:56.492+0000] {data_modification.py:75} INFO - Updated row with Video_ID: pe_ejTiIcSs
[2026-06-01T12:06:56.494+0000] {data_modification.py:75} INFO - Updated row with Video_ID: V6In4tmd-w8
[2026-06-01T12:06:56.496+0000] {data_modification.py:75} INFO - Updated row with Video_ID: ZGvn9ywXjpY
[2026-06-01T12:06:56.499+0000] {data_modification.py:75} INFO - Updated row with Video_ID: hTSaweR8qMI
[2026-06-01T12:06:56.501+0000] {data_modification.py:75} INFO - Updated row with Video_ID: KCRLP-zBacU
[2026-06-01T12:06:56.503+0000] {data_modification.py:75} INFO - Updated row with Video_ID: c2ukL_zjFCk
[2026-06-01T12:06:56.505+0000] {data_modification.py:75} INFO - Updated row with Video_ID: DZIASl9q90s
[2026-06-01T12:06:56.507+0000] {data_modification.py:75} INFO - Updated row with Video_ID: 7qY-qalCI2Y
[2026-06-01T12:06:56.509+0000] {data_modification.py:75} INFO - Updated row with Video_ID: N0pwLtonPdg
[2026-06-01T12:06:56.511+0000] {data_modification.py:75} INFO - Updated row with Video_ID: -4GmbBoYQjE
[2026-06-01T12:06:56.513+0000] {data_modification.py:75} INFO - Updated row with Video_ID: 0yPgljFcTR4
[2026-06-01T12:06:56.515+0000] {data_modification.py:75} INFO - Updated row with Video_ID: TN1wErFGTzM
[2026-06-01T12:06:56.518+0000] {data_modification.py:75} INFO - Updated row with Video_ID: 3dxksf0CzS8
[2026-06-01T12:06:56.520+0000] {data_modification.py:75} INFO - Updated row with Video_ID: x7yv72s8h0o
[2026-06-01T12:06:56.522+0000] {data_modification.py:75} INFO - Updated row with Video_ID: uyiG6uw-6pA
[2026-06-01T12:06:56.524+0000] {data_modification.py:75} INFO - Updated row with Video_ID: M1STzb7k9L8
[2026-06-01T12:06:56.526+0000] {data_modification.py:75} INFO - Updated row with Video_ID: 7K-yxGWYsnk
[2026-06-01T12:06:56.529+0000] {data_modification.py:75} INFO - Updated row with Video_ID: Tbn4cYCaZCk
[2026-06-01T12:06:56.531+0000] {data_modification.py:75} INFO - Updated row with Video_ID: figrl0aOULs
[2026-06-01T12:06:56.533+0000] {data_modification.py:75} INFO - Updated row with Video_ID: Uxc84UUrVHk
[2026-06-01T12:06:56.535+0000] {data_modification.py:75} INFO - Updated row with Video_ID: BzKaMelDzqo
[2026-06-01T12:06:56.537+0000] {data_modification.py:75} INFO - Updated row with Video_ID: 4yx9ZJDfyKk
[2026-06-01T12:06:56.539+0000] {data_modification.py:75} INFO - Updated row with Video_ID: kPa_S6jN9ls
[2026-06-01T12:06:56.542+0000] {data_modification.py:75} INFO - Updated row with Video_ID: 69g-YcbmgQA
[2026-06-01T12:06:56.544+0000] {data_modification.py:75} INFO - Updated row with Video_ID: aKq8bkY5eTU
[2026-06-01T12:06:56.546+0000] {data_modification.py:75} INFO - Updated row with Video_ID: TNtpUQbW4mg
[2026-06-01T12:06:56.548+0000] {data_modification.py:75} INFO - Updated row with Video_ID: TgCm8oDmxOk
[2026-06-01T12:06:56.550+0000] {data_modification.py:75} INFO - Updated row with Video_ID: 954wJ3uHVAk
[2026-06-01T12:06:56.553+0000] {data_modification.py:75} INFO - Updated row with Video_ID: zajUgQLviwk
[2026-06-01T12:06:56.555+0000] {data_modification.py:75} INFO - Updated row with Video_ID: PXevNM0awlI
[2026-06-01T12:06:56.557+0000] {data_modification.py:75} INFO - Updated row with Video_ID: PuQ5UxKUY48
[2026-06-01T12:06:56.559+0000] {data_modification.py:75} INFO - Updated row with Video_ID: L5ihmu87xTE
[2026-06-01T12:06:56.561+0000] {data_modification.py:75} INFO - Updated row with Video_ID: nAiKLoCP-kU
[2026-06-01T12:06:56.563+0000] {data_modification.py:75} INFO - Updated row with Video_ID: NDsO1LT_0lw
[2026-06-01T12:06:56.565+0000] {data_modification.py:75} INFO - Updated row with Video_ID: sF5LYGgKbUA
[2026-06-01T12:06:56.567+0000] {data_modification.py:75} INFO - Updated row with Video_ID: MFpWEKN9c6Y
[2026-06-01T12:06:56.569+0000] {data_modification.py:75} INFO - Updated row with Video_ID: TRxMLLuWIhw
[2026-06-01T12:06:56.572+0000] {data_modification.py:75} INFO - Updated row with Video_ID: SM66GDRyIVY
[2026-06-01T12:06:56.574+0000] {data_modification.py:75} INFO - Updated row with Video_ID: EvqtfK_RaRg
[2026-06-01T12:06:56.576+0000] {data_modification.py:75} INFO - Updated row with Video_ID: 3cWm9B_0_kI
[2026-06-01T12:06:56.578+0000] {data_modification.py:75} INFO - Updated row with Video_ID: qtWqHIx8Z-o
[2026-06-01T12:06:56.580+0000] {data_modification.py:75} INFO - Updated row with Video_ID: gs8qfL9PNac
[2026-06-01T12:06:56.583+0000] {data_modification.py:75} INFO - Updated row with Video_ID: DBPYB8WkkDc
[2026-06-01T12:06:56.585+0000] {data_modification.py:75} INFO - Updated row with Video_ID: zvBXpoBegwE
[2026-06-01T12:06:56.587+0000] {data_modification.py:75} INFO - Updated row with Video_ID: SWc8fI_9iqA
[2026-06-01T12:06:56.590+0000] {data_modification.py:75} INFO - Updated row with Video_ID: 0BjlBnfHcHM
[2026-06-01T12:06:56.592+0000] {data_modification.py:75} INFO - Updated row with Video_ID: HcL1EQ5qD_g
[2026-06-01T12:06:56.595+0000] {data_modification.py:75} INFO - Updated row with Video_ID: dc089EZRGcg
[2026-06-01T12:06:56.597+0000] {data_modification.py:75} INFO - Updated row with Video_ID: vXNtju4VFm4
[2026-06-01T12:06:56.599+0000] {data_modification.py:75} INFO - Updated row with Video_ID: I9mw5UlDyPI
[2026-06-01T12:06:56.601+0000] {data_modification.py:75} INFO - Updated row with Video_ID: pS-fFdvyHLE
[2026-06-01T12:06:56.604+0000] {data_modification.py:75} INFO - Updated row with Video_ID: Xj0Jtjg3lHQ
[2026-06-01T12:06:56.606+0000] {data_modification.py:75} INFO - Updated row with Video_ID: 9UtcHPCEBgg
[2026-06-01T12:06:56.609+0000] {data_modification.py:75} INFO - Updated row with Video_ID: ZNt_GoOBHq8
[2026-06-01T12:06:56.611+0000] {data_modification.py:75} INFO - Updated row with Video_ID: bn0Kh9c4Zv4
[2026-06-01T12:06:56.613+0000] {data_modification.py:75} INFO - Updated row with Video_ID: dDVFnfCwjHA
[2026-06-01T12:06:56.615+0000] {data_modification.py:75} INFO - Updated row with Video_ID: Kt2HvqRruHQ
[2026-06-01T12:06:56.617+0000] {data_modification.py:75} INFO - Updated row with Video_ID: vDrSCXFMAKk
[2026-06-01T12:06:56.620+0000] {data_modification.py:75} INFO - Updated row with Video_ID: snX5YyflrGw
[2026-06-01T12:06:56.622+0000] {data_modification.py:75} INFO - Updated row with Video_ID: nbzQdlWrcnk
[2026-06-01T12:06:56.624+0000] {data_modification.py:75} INFO - Updated row with Video_ID: 8krJy31Diow
[2026-06-01T12:06:56.626+0000] {data_modification.py:75} INFO - Updated row with Video_ID: aRcUVhVlSHg
[2026-06-01T12:06:56.628+0000] {data_modification.py:75} INFO - Updated row with Video_ID: Jo7sfpeWqwE
[2026-06-01T12:06:56.630+0000] {data_modification.py:75} INFO - Updated row with Video_ID: QtD-CeUdRUQ
[2026-06-01T12:06:56.632+0000] {data_modification.py:75} INFO - Updated row with Video_ID: ndAQfTzlVjc
[2026-06-01T12:06:56.635+0000] {data_modification.py:75} INFO - Updated row with Video_ID: AydS-vA3qa4
[2026-06-01T12:06:56.637+0000] {data_modification.py:75} INFO - Updated row with Video_ID: UPrkC1LdlLY
[2026-06-01T12:06:56.639+0000] {data_modification.py:75} INFO - Updated row with Video_ID: 8bTQMDM4qvY
[2026-06-01T12:06:56.641+0000] {data_modification.py:75} INFO - Updated row with Video_ID: DBw0oD38z0Q
[2026-06-01T12:06:56.643+0000] {data_modification.py:75} INFO - Updated row with Video_ID: 4SNThp0YiU4
[2026-06-01T12:06:56.646+0000] {data_modification.py:75} INFO - Updated row with Video_ID: XhuisK0bTSA
[2026-06-01T12:06:56.648+0000] {data_modification.py:75} INFO - Updated row with Video_ID: lkCRPp7cnP8
[2026-06-01T12:06:56.650+0000] {data_modification.py:75} INFO - Updated row with Video_ID: KkCXLABwHP0
[2026-06-01T12:06:56.652+0000] {data_modification.py:75} INFO - Updated row with Video_ID: PWirijQkH4M
[2026-06-01T12:06:56.655+0000] {data_modification.py:75} INFO - Updated row with Video_ID: U_LlX4t0A9I
[2026-06-01T12:06:56.657+0000] {data_modification.py:75} INFO - Updated row with Video_ID: T8I165Qxeo8
[2026-06-01T12:06:56.659+0000] {data_modification.py:75} INFO - Updated row with Video_ID: i-9V21MqlhY
[2026-06-01T12:06:56.661+0000] {data_modification.py:75} INFO - Updated row with Video_ID: YyNz4--6fro
[2026-06-01T12:06:56.664+0000] {data_modification.py:75} INFO - Updated row with Video_ID: f0cXJ6mJxGc
[2026-06-01T12:06:56.666+0000] {data_modification.py:75} INFO - Updated row with Video_ID: F6PqxbvOCUI
[2026-06-01T12:06:56.668+0000] {data_modification.py:75} INFO - Updated row with Video_ID: oA4LSZvX4iE
[2026-06-01T12:06:56.671+0000] {data_modification.py:75} INFO - Updated row with Video_ID: ZKxnjszkZto
[2026-06-01T12:06:56.673+0000] {data_modification.py:75} INFO - Updated row with Video_ID: 8_gdcaX9Xqk
[2026-06-01T12:06:56.675+0000] {data_modification.py:75} INFO - Updated row with Video_ID: snUyLbGx6U4
[2026-06-01T12:06:56.677+0000] {data_modification.py:75} INFO - Updated row with Video_ID: Pv0iVoSZzN8
[2026-06-01T12:06:56.679+0000] {data_modification.py:75} INFO - Updated row with Video_ID: CWbV3NItSdY
[2026-06-01T12:06:56.682+0000] {data_modification.py:75} INFO - Updated row with Video_ID: l-nMKJ5J3Uc
[2026-06-01T12:06:56.684+0000] {data_modification.py:75} INFO - Updated row with Video_ID: XE1Qyss8GIY
[2026-06-01T12:06:56.686+0000] {data_modification.py:75} INFO - Updated row with Video_ID: 6GzHPS0rEgc
[2026-06-01T12:06:56.688+0000] {data_modification.py:75} INFO - Updated row with Video_ID: imhY0pe-Sd8
[2026-06-01T12:06:56.690+0000] {data_modification.py:75} INFO - Updated row with Video_ID: erLbbextvlY
[2026-06-01T12:06:56.692+0000] {data_modification.py:75} INFO - Updated row with Video_ID: OnTTThIzuNU
[2026-06-01T12:06:56.695+0000] {data_modification.py:75} INFO - Updated row with Video_ID: mKdjycj-7eE
[2026-06-01T12:06:56.697+0000] {data_modification.py:75} INFO - Updated row with Video_ID: tWYsfOSY9vY
[2026-06-01T12:06:56.699+0000] {data_modification.py:75} INFO - Updated row with Video_ID: sH48lKbayNU
[2026-06-01T12:06:56.701+0000] {data_modification.py:75} INFO - Updated row with Video_ID: AFXoSFNMwIA
[2026-06-01T12:06:56.704+0000] {data_modification.py:75} INFO - Updated row with Video_ID: k194wHZHjB0
[2026-06-01T12:06:56.706+0000] {data_modification.py:75} INFO - Updated row with Video_ID: AjwAdtlRKf8
[2026-06-01T12:06:56.708+0000] {data_modification.py:75} INFO - Updated row with Video_ID: KOEfDvr4DcQ
[2026-06-01T12:06:56.710+0000] {data_modification.py:75} INFO - Updated row with Video_ID: krsBRQbOPQ4
[2026-06-01T12:06:56.712+0000] {data_modification.py:75} INFO - Updated row with Video_ID: 7ESeQBeikKs
[2026-06-01T12:06:56.714+0000] {data_modification.py:75} INFO - Updated row with Video_ID: K_CbgLpvH9E
[2026-06-01T12:06:56.717+0000] {data_modification.py:75} INFO - Updated row with Video_ID: lOKASgtr6kU
[2026-06-01T12:06:56.719+0000] {data_modification.py:75} INFO - Updated row with Video_ID: 9RhWXPcKBI8
[2026-06-01T12:06:56.721+0000] {data_modification.py:75} INFO - Updated row with Video_ID: ZVt9ZJfWV1c
[2026-06-01T12:06:56.723+0000] {data_modification.py:75} INFO - Updated row with Video_ID: rWBOITBjitE
[2026-06-01T12:06:56.725+0000] {data_modification.py:75} INFO - Updated row with Video_ID: tnTPaLOaHz8
[2026-06-01T12:06:56.727+0000] {data_modification.py:75} INFO - Updated row with Video_ID: Wdjh81uH6FU
[2026-06-01T12:06:56.729+0000] {data_modification.py:75} INFO - Updated row with Video_ID: 7dYTw-jAYkY
[2026-06-01T12:06:56.731+0000] {data_modification.py:75} INFO - Updated row with Video_ID: AjZDwxt7S8w
[2026-06-01T12:06:56.733+0000] {data_modification.py:75} INFO - Updated row with Video_ID: aZnqqXaT02g
[2026-06-01T12:06:56.736+0000] {data_modification.py:75} INFO - Updated row with Video_ID: mwKJfNYwvm8
[2026-06-01T12:06:56.738+0000] {data_modification.py:75} INFO - Updated row with Video_ID: l9_8_pDTmis
[2026-06-01T12:06:56.740+0000] {data_modification.py:75} INFO - Updated row with Video_ID: n7x4Jj9pdH8
[2026-06-01T12:06:56.742+0000] {data_modification.py:75} INFO - Updated row with Video_ID: QjvpjXdgugA
[2026-06-01T12:06:56.744+0000] {data_modification.py:75} INFO - Updated row with Video_ID: jGAJCAuV3pQ
[2026-06-01T12:06:56.746+0000] {data_modification.py:75} INFO - Updated row with Video_ID: c0v8OPItCOg
[2026-06-01T12:06:56.748+0000] {data_modification.py:75} INFO - Updated row with Video_ID: 3ryID_SwU5E
[2026-06-01T12:06:56.750+0000] {data_modification.py:75} INFO - Updated row with Video_ID: IemzxkkzI5s
[2026-06-01T12:06:56.752+0000] {data_modification.py:75} INFO - Updated row with Video_ID: 3OFj6l2tQ9s
[2026-06-01T12:06:56.754+0000] {data_modification.py:75} INFO - Updated row with Video_ID: bvlFjrcpD6s
[2026-06-01T12:06:56.757+0000] {data_modification.py:75} INFO - Updated row with Video_ID: AZlBZuS4hr0
[2026-06-01T12:06:56.759+0000] {data_modification.py:75} INFO - Updated row with Video_ID: Gx6VeIIbWwM
[2026-06-01T12:06:56.761+0000] {data_modification.py:75} INFO - Updated row with Video_ID: CAOY8EKH1qU
[2026-06-01T12:06:56.763+0000] {data_modification.py:75} INFO - Updated row with Video_ID: IQxea9UB1nQ
[2026-06-01T12:06:56.765+0000] {data_modification.py:75} INFO - Updated row with Video_ID: KrLj6nc516A
[2026-06-01T12:06:56.767+0000] {data_modification.py:75} INFO - Updated row with Video_ID: zgLhCT7aFCA
[2026-06-01T12:06:56.769+0000] {data_modification.py:75} INFO - Updated row with Video_ID: L5kIXRdwGAI
[2026-06-01T12:06:56.771+0000] {data_modification.py:75} INFO - Updated row with Video_ID: 19NmWqv4Alk
[2026-06-01T12:06:56.773+0000] {data_modification.py:75} INFO - Updated row with Video_ID: vBpQ1SlfVtU
[2026-06-01T12:06:56.776+0000] {data_modification.py:75} INFO - Updated row with Video_ID: SGzWIoLAzmY
[2026-06-01T12:06:56.778+0000] {data_modification.py:75} INFO - Updated row with Video_ID: NnNZLCl78Ao
[2026-06-01T12:06:56.780+0000] {data_modification.py:75} INFO - Updated row with Video_ID: NTZhwAldqwg
[2026-06-01T12:06:56.782+0000] {data_modification.py:75} INFO - Updated row with Video_ID: J_z-W4UVHkw
[2026-06-01T12:06:56.784+0000] {data_modification.py:75} INFO - Updated row with Video_ID: mKIhHNznt4s
[2026-06-01T12:06:56.786+0000] {data_modification.py:75} INFO - Updated row with Video_ID: jObOjhUkf50
[2026-06-01T12:06:56.788+0000] {data_modification.py:75} INFO - Updated row with Video_ID: O3YVBJ2n5xg
[2026-06-01T12:06:56.790+0000] {data_modification.py:75} INFO - Updated row with Video_ID: yhB3BgJyGl8
[2026-06-01T12:06:56.792+0000] {data_modification.py:75} INFO - Updated row with Video_ID: CP82DAKzL1U
[2026-06-01T12:06:56.795+0000] {data_modification.py:75} INFO - Updated row with Video_ID: fuhE6PYnRMc
[2026-06-01T12:06:56.797+0000] {data_modification.py:75} INFO - Updated row with Video_ID: stUofW3whpE
[2026-06-01T12:06:56.799+0000] {data_modification.py:75} INFO - Updated row with Video_ID: 48h57PspBec
[2026-06-01T12:06:56.801+0000] {data_modification.py:75} INFO - Updated row with Video_ID: ooAwCOP67GQ
[2026-06-01T12:06:56.803+0000] {data_modification.py:75} INFO - Updated row with Video_ID: FM7Z-Xq8Drc
[2026-06-01T12:06:56.805+0000] {data_modification.py:75} INFO - Updated row with Video_ID: ykRq_rp7NhM
[2026-06-01T12:06:56.807+0000] {data_modification.py:75} INFO - Updated row with Video_ID: WTOm65IZneg
[2026-06-01T12:06:56.809+0000] {data_modification.py:75} INFO - Updated row with Video_ID: 8kggT2ej-lo
[2026-06-01T12:06:56.811+0000] {data_modification.py:75} INFO - Updated row with Video_ID: GGBy50KtvRk
[2026-06-01T12:06:56.814+0000] {data_modification.py:75} INFO - Updated row with Video_ID: Y4-gFIfGXiQ
[2026-06-01T12:06:56.816+0000] {data_modification.py:75} INFO - Updated row with Video_ID: 1WEAJ-DFkHE
[2026-06-01T12:06:56.818+0000] {data_modification.py:75} INFO - Updated row with Video_ID: Y0cBiGUuB1Y
[2026-06-01T12:06:56.820+0000] {data_modification.py:75} INFO - Updated row with Video_ID: YLt73w6criQ
[2026-06-01T12:06:56.822+0000] {data_modification.py:75} INFO - Updated row with Video_ID: NPYPXWJBTWM
[2026-06-01T12:06:56.824+0000] {data_modification.py:75} INFO - Updated row with Video_ID: lglIQkCHO0g
[2026-06-01T12:06:56.826+0000] {data_modification.py:75} INFO - Updated row with Video_ID: TJ2ifmkGGus
[2026-06-01T12:06:56.828+0000] {data_modification.py:75} INFO - Updated row with Video_ID: 7IKab3HcfFk
[2026-06-01T12:06:56.830+0000] {data_modification.py:75} INFO - Updated row with Video_ID: h5NvTTOlOtI
[2026-06-01T12:06:56.832+0000] {data_modification.py:75} INFO - Updated row with Video_ID: se50viFJ0AQ
[2026-06-01T12:06:56.834+0000] {data_modification.py:75} INFO - Updated row with Video_ID: 0CTp1a-aCUM
[2026-06-01T12:06:56.836+0000] {data_modification.py:75} INFO - Updated row with Video_ID: FD-0KG-h2-c
[2026-06-01T12:06:56.838+0000] {data_modification.py:75} INFO - Updated row with Video_ID: kX3nB4PpJko
[2026-06-01T12:06:56.841+0000] {data_modification.py:75} INFO - Updated row with Video_ID: YlvcFJOE-OE
[2026-06-01T12:06:56.843+0000] {data_modification.py:75} INFO - Updated row with Video_ID: iogcY_4xGjo
[2026-06-01T12:06:56.845+0000] {data_modification.py:75} INFO - Updated row with Video_ID: S_CUEOBZ0P4
[2026-06-01T12:06:56.847+0000] {data_modification.py:75} INFO - Updated row with Video_ID: gHzuabZUd6c
[2026-06-01T12:06:56.849+0000] {data_modification.py:75} INFO - Updated row with Video_ID: 65fN_OUawjk
[2026-06-01T12:06:56.851+0000] {data_modification.py:75} INFO - Updated row with Video_ID: jdMNoQE3mIQ
[2026-06-01T12:06:56.853+0000] {data_modification.py:75} INFO - Updated row with Video_ID: 2isYuQZMbdU
[2026-06-01T12:06:56.855+0000] {data_modification.py:75} INFO - Updated row with Video_ID: tVWWp1PqDus
[2026-06-01T12:06:56.857+0000] {data_modification.py:75} INFO - Updated row with Video_ID: vaIgyRoUkQI
[2026-06-01T12:06:56.859+0000] {data_modification.py:75} INFO - Updated row with Video_ID: Hwybp38GnZw
[2026-06-01T12:06:56.862+0000] {data_modification.py:75} INFO - Updated row with Video_ID: hD1YtmKXNb4
[2026-06-01T12:06:56.864+0000] {data_modification.py:75} INFO - Updated row with Video_ID: LnlKwzc_TNA
[2026-06-01T12:06:56.866+0000] {data_modification.py:75} INFO - Updated row with Video_ID: 3jS_yEK8qVI
[2026-06-01T12:06:56.868+0000] {data_modification.py:75} INFO - Updated row with Video_ID: 00NgUctWoLQ
[2026-06-01T12:06:56.870+0000] {data_modification.py:75} INFO - Updated row with Video_ID: x9TQ6culXIA
[2026-06-01T12:06:56.872+0000] {data_modification.py:75} INFO - Updated row with Video_ID: QbJJwaVdgIs
[2026-06-01T12:06:56.874+0000] {data_modification.py:75} INFO - Updated row with Video_ID: 0e3GPea1Tyg
[2026-06-01T12:06:56.877+0000] {data_modification.py:75} INFO - Updated row with Video_ID: cV2gBU6hKfY
[2026-06-01T12:06:56.879+0000] {data_modification.py:75} INFO - Updated row with Video_ID: qIsgdOVGA04
[2026-06-01T12:06:56.882+0000] {data_modification.py:75} INFO - Updated row with Video_ID: cExLQ1o2pDw
[2026-06-01T12:06:56.885+0000] {data_modification.py:75} INFO - Updated row with Video_ID: uocETPj4Jx4
[2026-06-01T12:06:56.887+0000] {data_modification.py:75} INFO - Updated row with Video_ID: zxYjTTXc-J8
[2026-06-01T12:06:56.890+0000] {data_modification.py:75} INFO - Updated row with Video_ID: hxwpkM5w3Cc
[2026-06-01T12:06:56.893+0000] {data_modification.py:75} INFO - Updated row with Video_ID: ktyJIj6i4Qw
[2026-06-01T12:06:56.895+0000] {data_modification.py:75} INFO - Updated row with Video_ID: urtFrxDUV6c
[2026-06-01T12:06:56.897+0000] {data_modification.py:75} INFO - Updated row with Video_ID: nM89Wl03Q4g
[2026-06-01T12:06:56.899+0000] {data_modification.py:75} INFO - Updated row with Video_ID: NZlClr_ivb4
[2026-06-01T12:06:56.901+0000] {data_modification.py:75} INFO - Updated row with Video_ID: E6E22XQPhhg
[2026-06-01T12:06:56.904+0000] {data_modification.py:75} INFO - Updated row with Video_ID: TQHEJj68Jew
[2026-06-01T12:06:56.906+0000] {data_modification.py:75} INFO - Updated row with Video_ID: WcwGleN38zE
[2026-06-01T12:06:56.908+0000] {data_modification.py:75} INFO - Updated row with Video_ID: fMfipiV_17o
[2026-06-01T12:06:56.910+0000] {data_modification.py:75} INFO - Updated row with Video_ID: ayXxwJJId_c
[2026-06-01T12:06:56.912+0000] {data_modification.py:75} INFO - Updated row with Video_ID: 9bqk6ZUsKyA
[2026-06-01T12:06:56.915+0000] {data_modification.py:75} INFO - Updated row with Video_ID: DuQbOQwVaNE
[2026-06-01T12:06:56.917+0000] {data_modification.py:75} INFO - Updated row with Video_ID: vJH28ICkCdU
[2026-06-01T12:06:56.919+0000] {data_modification.py:75} INFO - Updated row with Video_ID: _uwNDiU04zE
[2026-06-01T12:06:56.921+0000] {data_modification.py:75} INFO - Updated row with Video_ID: C680oxL__ck
[2026-06-01T12:06:56.923+0000] {data_modification.py:75} INFO - Updated row with Video_ID: 5Fg9oZk-5uA
[2026-06-01T12:06:56.925+0000] {data_modification.py:75} INFO - Updated row with Video_ID: PKtnafFtfEo
[2026-06-01T12:06:56.927+0000] {data_modification.py:75} INFO - Updated row with Video_ID: f0c7pSCoZqE
[2026-06-01T12:06:56.930+0000] {data_modification.py:75} INFO - Updated row with Video_ID: dg2Ag3e8W-Q
[2026-06-01T12:06:56.932+0000] {data_modification.py:75} INFO - Updated row with Video_ID: LeYsRMZFUq0
[2026-06-01T12:06:56.934+0000] {data_modification.py:75} INFO - Updated row with Video_ID: Dc2ZRmuH5OM
[2026-06-01T12:06:56.936+0000] {data_modification.py:75} INFO - Updated row with Video_ID: GLoeAJUcz38
[2026-06-01T12:06:56.939+0000] {data_modification.py:75} INFO - Updated row with Video_ID: SZQhgExjBvQ
[2026-06-01T12:06:56.941+0000] {data_modification.py:75} INFO - Updated row with Video_ID: IoZri9hq7z4
[2026-06-01T12:06:56.943+0000] {data_modification.py:75} INFO - Updated row with Video_ID: vp5sSqyZ5Go
[2026-06-01T12:06:56.945+0000] {data_modification.py:75} INFO - Updated row with Video_ID: AKJfakEsgy0
[2026-06-01T12:06:56.947+0000] {data_modification.py:75} INFO - Updated row with Video_ID: Vl3swga-Xrk
[2026-06-01T12:06:56.949+0000] {data_modification.py:75} INFO - Updated row with Video_ID: UE5AHE2Ypr8
[2026-06-01T12:06:56.952+0000] {data_modification.py:75} INFO - Updated row with Video_ID: TDiXxsQ0w2Q
[2026-06-01T12:06:56.954+0000] {data_modification.py:75} INFO - Updated row with Video_ID: oD155zWANQg
[2026-06-01T12:06:56.956+0000] {data_modification.py:75} INFO - Updated row with Video_ID: s1ax8Tx_Jz0
[2026-06-01T12:06:56.958+0000] {data_modification.py:75} INFO - Updated row with Video_ID: NkE0AMGzpJY
[2026-06-01T12:06:56.960+0000] {data_modification.py:75} INFO - Updated row with Video_ID: FbM1yi4mMMc
[2026-06-01T12:06:56.962+0000] {data_modification.py:75} INFO - Updated row with Video_ID: 5V2B28OqfqM
[2026-06-01T12:06:56.964+0000] {data_modification.py:75} INFO - Updated row with Video_ID: Rj_vssRaZlQ
[2026-06-01T12:06:56.966+0000] {data_modification.py:75} INFO - Updated row with Video_ID: YQDDm9HLkV4
[2026-06-01T12:06:56.968+0000] {data_modification.py:75} INFO - Updated row with Video_ID: erQ_9yEz0ls
[2026-06-01T12:06:56.970+0000] {data_modification.py:75} INFO - Updated row with Video_ID: OAbP-V6fEVc
[2026-06-01T12:06:56.972+0000] {data_modification.py:75} INFO - Updated row with Video_ID: _qAJMXfL6o0
[2026-06-01T12:06:56.974+0000] {data_modification.py:75} INFO - Updated row with Video_ID: 59AYXzCa-Cs
[2026-06-01T12:06:56.976+0000] {data_modification.py:75} INFO - Updated row with Video_ID: r7zJ8srwwjk
[2026-06-01T12:06:56.978+0000] {data_modification.py:75} INFO - Updated row with Video_ID: YSoJPA8-oHc
[2026-06-01T12:06:56.981+0000] {data_modification.py:75} INFO - Updated row with Video_ID: 5Hg_QSIJm8I
[2026-06-01T12:06:56.983+0000] {data_modification.py:75} INFO - Updated row with Video_ID: gsWPpE4Rid0
[2026-06-01T12:06:56.985+0000] {data_modification.py:75} INFO - Updated row with Video_ID: HBMmK1c44sE
[2026-06-01T12:06:56.987+0000] {data_modification.py:75} INFO - Updated row with Video_ID: oBYbxw8f5OI
[2026-06-01T12:06:56.989+0000] {data_modification.py:75} INFO - Updated row with Video_ID: AiGKBNGlzHo
[2026-06-01T12:06:56.992+0000] {data_modification.py:75} INFO - Updated row with Video_ID: _mdKvblL_8s
[2026-06-01T12:06:56.994+0000] {data_modification.py:75} INFO - Updated row with Video_ID: yXWw0_UfSFg
[2026-06-01T12:06:56.996+0000] {data_modification.py:75} INFO - Updated row with Video_ID: F4Y3Pkn95GI
[2026-06-01T12:06:56.998+0000] {data_modification.py:75} INFO - Updated row with Video_ID: KSKJKLmAqpI
[2026-06-01T12:06:57.000+0000] {data_modification.py:75} INFO - Updated row with Video_ID: IYVjOfoU3uI
[2026-06-01T12:06:57.002+0000] {data_modification.py:75} INFO - Updated row with Video_ID: oI6aXhowFDY
[2026-06-01T12:06:57.004+0000] {data_modification.py:75} INFO - Updated row with Video_ID: LdMx2U5tby0
[2026-06-01T12:06:57.007+0000] {data_modification.py:75} INFO - Updated row with Video_ID: fY-LA3YaZ_M
[2026-06-01T12:06:57.009+0000] {data_modification.py:75} INFO - Updated row with Video_ID: 0hVZOJCYBBM
[2026-06-01T12:06:57.011+0000] {data_modification.py:75} INFO - Updated row with Video_ID: Z9WQy9jEY8M
[2026-06-01T12:06:57.013+0000] {data_modification.py:75} INFO - Updated row with Video_ID: bs0SWXbty18
[2026-06-01T12:06:57.015+0000] {data_modification.py:75} INFO - Updated row with Video_ID: yeqARWqjkps
[2026-06-01T12:06:57.017+0000] {data_modification.py:75} INFO - Updated row with Video_ID: wMuYiLby3-s
[2026-06-01T12:06:57.019+0000] {data_modification.py:75} INFO - Updated row with Video_ID: NbaWrbJDr48
[2026-06-01T12:06:57.022+0000] {data_modification.py:75} INFO - Updated row with Video_ID: sfv1QaRzJg8
[2026-06-01T12:06:57.024+0000] {data_modification.py:75} INFO - Updated row with Video_ID: RwnN2FVaHmw
[2026-06-01T12:06:57.026+0000] {data_modification.py:75} INFO - Updated row with Video_ID: X1jMMFOqxEw
[2026-06-01T12:06:57.028+0000] {data_modification.py:75} INFO - Updated row with Video_ID: ORUX1lHbOa8
[2026-06-01T12:06:57.030+0000] {data_modification.py:75} INFO - Updated row with Video_ID: LU_xVr4b2qM
[2026-06-01T12:06:57.032+0000] {data_modification.py:75} INFO - Updated row with Video_ID: tQ4m4zD7BBA
[2026-06-01T12:06:57.034+0000] {data_modification.py:75} INFO - Updated row with Video_ID: D9lVNzyhYnc
[2026-06-01T12:06:57.036+0000] {data_modification.py:75} INFO - Updated row with Video_ID: jokVbbLqV_E
[2026-06-01T12:06:57.039+0000] {data_modification.py:75} INFO - Updated row with Video_ID: HPJKxAhLw5I
[2026-06-01T12:06:57.041+0000] {data_modification.py:75} INFO - Updated row with Video_ID: Ims5p6wjW9s
[2026-06-01T12:06:57.043+0000] {data_modification.py:75} INFO - Updated row with Video_ID: anFxsa5jXrE
[2026-06-01T12:06:57.045+0000] {data_modification.py:75} INFO - Updated row with Video_ID: QxGVgXf_LNk
[2026-06-01T12:06:57.047+0000] {data_modification.py:75} INFO - Updated row with Video_ID: al6130OD1Ck
[2026-06-01T12:06:57.049+0000] {data_modification.py:75} INFO - Updated row with Video_ID: d1010B3sKNQ
[2026-06-01T12:06:57.051+0000] {data_modification.py:75} INFO - Updated row with Video_ID: NS3hse9ezik
[2026-06-01T12:06:57.054+0000] {data_modification.py:75} INFO - Updated row with Video_ID: npDey6_9YRs
[2026-06-01T12:06:57.056+0000] {data_modification.py:75} INFO - Updated row with Video_ID: 0NGWT9COcEI
[2026-06-01T12:06:57.058+0000] {data_modification.py:75} INFO - Updated row with Video_ID: 3LLnjRLrvLU
[2026-06-01T12:06:57.060+0000] {data_modification.py:75} INFO - Updated row with Video_ID: bTrV5v7GLcQ
[2026-06-01T12:06:57.062+0000] {data_modification.py:75} INFO - Updated row with Video_ID: lBYC4_Lccjw
[2026-06-01T12:06:57.065+0000] {data_modification.py:75} INFO - Updated row with Video_ID: gL6iSCSHjco
[2026-06-01T12:06:57.067+0000] {data_modification.py:75} INFO - Updated row with Video_ID: UQtltNZ_pjs
[2026-06-01T12:06:57.069+0000] {data_modification.py:75} INFO - Updated row with Video_ID: 0DaMUhgcAqo
[2026-06-01T12:06:57.071+0000] {data_modification.py:75} INFO - Updated row with Video_ID: TOcGSwJBPMQ
[2026-06-01T12:06:57.073+0000] {data_modification.py:75} INFO - Updated row with Video_ID: ws694xrKopA
[2026-06-01T12:06:57.075+0000] {data_modification.py:75} INFO - Updated row with Video_ID: UtnsWzaoRtg
[2026-06-01T12:06:57.078+0000] {data_modification.py:75} INFO - Updated row with Video_ID: 6wsFjjhZPJI
[2026-06-01T12:06:57.080+0000] {data_modification.py:75} INFO - Updated row with Video_ID: Rmf6T_Ewt38
[2026-06-01T12:06:57.082+0000] {data_modification.py:75} INFO - Updated row with Video_ID: n6qc4LHN2KQ
[2026-06-01T12:06:57.084+0000] {data_modification.py:75} INFO - Updated row with Video_ID: 2eFSU7TFOnk
[2026-06-01T12:06:57.086+0000] {data_modification.py:75} INFO - Updated row with Video_ID: RCvnytndd9c
[2026-06-01T12:06:57.088+0000] {data_modification.py:75} INFO - Updated row with Video_ID: AA-VpIj8F5Y
[2026-06-01T12:06:57.090+0000] {data_modification.py:75} INFO - Updated row with Video_ID: fWcSBWadolA
[2026-06-01T12:06:57.093+0000] {data_modification.py:75} INFO - Updated row with Video_ID: YyhKdOCwD7s
[2026-06-01T12:06:57.095+0000] {data_modification.py:75} INFO - Updated row with Video_ID: ha4tRQwKIUg
[2026-06-01T12:06:57.097+0000] {data_modification.py:75} INFO - Updated row with Video_ID: xRwy_rKc7gI
[2026-06-01T12:06:57.099+0000] {data_modification.py:75} INFO - Updated row with Video_ID: H1WBdh56Vq4
[2026-06-01T12:06:57.101+0000] {data_modification.py:75} INFO - Updated row with Video_ID: xhIYirjB4Yc
[2026-06-01T12:06:57.103+0000] {data_modification.py:75} INFO - Updated row with Video_ID: HfJMs4mrSJM
[2026-06-01T12:06:57.105+0000] {data_modification.py:75} INFO - Updated row with Video_ID: tYHTVjfShOA
[2026-06-01T12:06:57.107+0000] {data_modification.py:75} INFO - Updated row with Video_ID: JTQcIR2ZxU4
[2026-06-01T12:06:57.109+0000] {data_modification.py:75} INFO - Updated row with Video_ID: xpNeg0hPZIs
[2026-06-01T12:06:57.111+0000] {data_modification.py:75} INFO - Updated row with Video_ID: 9yrdFAJUSaU
[2026-06-01T12:06:57.113+0000] {data_modification.py:75} INFO - Updated row with Video_ID: i2O6GMpNWGo
[2026-06-01T12:06:57.115+0000] {data_modification.py:75} INFO - Updated row with Video_ID: Y6jC6VaO3j0
[2026-06-01T12:06:57.117+0000] {data_modification.py:75} INFO - Updated row with Video_ID: Ooke4YZv8Ts
[2026-06-01T12:06:57.120+0000] {data_modification.py:75} INFO - Updated row with Video_ID: ZV7rU6lnAKQ
[2026-06-01T12:06:57.122+0000] {data_modification.py:75} INFO - Updated row with Video_ID: iUzi5JmJNWc
[2026-06-01T12:06:57.124+0000] {data_modification.py:75} INFO - Updated row with Video_ID: 9cCpZl8euLI
[2026-06-01T12:06:57.126+0000] {data_modification.py:75} INFO - Updated row with Video_ID: I046_n20d3s
[2026-06-01T12:06:57.128+0000] {data_modification.py:75} INFO - Updated row with Video_ID: 2nd73lyvq4w
[2026-06-01T12:06:57.130+0000] {data_modification.py:75} INFO - Updated row with Video_ID: nuM0Z4a7kMs
[2026-06-01T12:06:57.132+0000] {data_modification.py:75} INFO - Updated row with Video_ID: qPBtTPJHS0Q
[2026-06-01T12:06:57.134+0000] {data_modification.py:75} INFO - Updated row with Video_ID: A-vX1AGBGsc
[2026-06-01T12:06:57.136+0000] {data_modification.py:75} INFO - Updated row with Video_ID: IiW2smvEcBM
[2026-06-01T12:06:57.138+0000] {data_modification.py:75} INFO - Updated row with Video_ID: q6Qw8mUVTrE
[2026-06-01T12:06:57.140+0000] {data_modification.py:75} INFO - Updated row with Video_ID: dBxOYE2j55U
[2026-06-01T12:06:57.143+0000] {data_modification.py:75} INFO - Updated row with Video_ID: 984NGLLYDUg
[2026-06-01T12:06:57.145+0000] {data_modification.py:75} INFO - Updated row with Video_ID: 7zi0bi-RDj4
[2026-06-01T12:06:57.147+0000] {data_modification.py:75} INFO - Updated row with Video_ID: XaxhLbxZ13k
[2026-06-01T12:06:57.149+0000] {data_modification.py:75} INFO - Updated row with Video_ID: L8nh1wuXTbI
[2026-06-01T12:06:57.151+0000] {data_modification.py:75} INFO - Updated row with Video_ID: 9-HphHIJS9c
[2026-06-01T12:06:57.153+0000] {data_modification.py:75} INFO - Updated row with Video_ID: rPXmbM2UEbU
[2026-06-01T12:06:57.156+0000] {data_modification.py:75} INFO - Updated row with Video_ID: sESRuTyfsEk
[2026-06-01T12:06:57.158+0000] {data_modification.py:75} INFO - Updated row with Video_ID: QapO3maXd9k
[2026-06-01T12:06:57.160+0000] {data_modification.py:75} INFO - Updated row with Video_ID: 71VpdDb8e6U
[2026-06-01T12:06:57.162+0000] {data_modification.py:75} INFO - Updated row with Video_ID: Su34c5Z8DW4
[2026-06-01T12:06:57.164+0000] {data_modification.py:75} INFO - Updated row with Video_ID: e5DqdX-7_g4
[2026-06-01T12:06:57.166+0000] {data_modification.py:75} INFO - Updated row with Video_ID: 9vB-48kHbBU
[2026-06-01T12:06:57.168+0000] {data_modification.py:75} INFO - Updated row with Video_ID: 3ix_gbcubTo
[2026-06-01T12:06:57.170+0000] {data_modification.py:75} INFO - Updated row with Video_ID: mGIpOtncmSM
[2026-06-01T12:06:57.172+0000] {data_modification.py:75} INFO - Updated row with Video_ID: VqnQ-0q2gb4
[2026-06-01T12:06:57.175+0000] {data_modification.py:75} INFO - Updated row with Video_ID: 3TflpIllQHY
[2026-06-01T12:06:57.177+0000] {data_modification.py:75} INFO - Updated row with Video_ID: 1SwVSTKFCsc
[2026-06-01T12:06:57.179+0000] {data_modification.py:75} INFO - Updated row with Video_ID: ZPuEUe_8SRM
[2026-06-01T12:06:57.181+0000] {data_modification.py:75} INFO - Updated row with Video_ID: gKVZz4kcuns
[2026-06-01T12:06:57.183+0000] {data_modification.py:75} INFO - Updated row with Video_ID: nywT2SenPIo
[2026-06-01T12:06:57.185+0000] {data_modification.py:75} INFO - Updated row with Video_ID: xBP9EUQIkNs
[2026-06-01T12:06:57.187+0000] {data_modification.py:75} INFO - Updated row with Video_ID: qZNxvnQv0h4
[2026-06-01T12:06:57.189+0000] {data_modification.py:75} INFO - Updated row with Video_ID: uE6gud1voDs
[2026-06-01T12:06:57.191+0000] {data_modification.py:75} INFO - Updated row with Video_ID: f0M64XpmTz8
[2026-06-01T12:06:57.193+0000] {data_modification.py:75} INFO - Updated row with Video_ID: Gz3yak1cl-8
[2026-06-01T12:06:57.195+0000] {data_modification.py:75} INFO - Updated row with Video_ID: 9GD6hbqu2oM
[2026-06-01T12:06:57.197+0000] {data_modification.py:75} INFO - Updated row with Video_ID: GUWGsIVEMSQ
[2026-06-01T12:06:57.199+0000] {data_modification.py:75} INFO - Updated row with Video_ID: wDqJZ_2ZA3A
[2026-06-01T12:06:57.201+0000] {data_modification.py:75} INFO - Updated row with Video_ID: RywkkwO78m8
[2026-06-01T12:06:57.204+0000] {data_modification.py:75} INFO - Updated row with Video_ID: P4qWhSZ7_WA
[2026-06-01T12:06:57.206+0000] {data_modification.py:75} INFO - Updated row with Video_ID: UlUcwJc5nBs
[2026-06-01T12:06:57.208+0000] {data_modification.py:75} INFO - Updated row with Video_ID: qAW6CE7_bFM
[2026-06-01T12:06:57.210+0000] {data_modification.py:75} INFO - Updated row with Video_ID: tBEBc4KQVsU
[2026-06-01T12:06:57.212+0000] {data_modification.py:75} INFO - Updated row with Video_ID: q0OK-zHnvnA
[2026-06-01T12:06:57.214+0000] {data_modification.py:75} INFO - Updated row with Video_ID: bFZdU9dr4OM
[2026-06-01T12:06:57.216+0000] {data_modification.py:75} INFO - Updated row with Video_ID: nd-bwvNB7YA
[2026-06-01T12:06:57.219+0000] {data_modification.py:75} INFO - Updated row with Video_ID: 6_im_hGxGRk
[2026-06-01T12:06:57.221+0000] {data_modification.py:75} INFO - Updated row with Video_ID: b91vrgVY-ZQ
[2026-06-01T12:06:57.223+0000] {data_modification.py:75} INFO - Updated row with Video_ID: 52ubXjlVzUY
[2026-06-01T12:06:57.225+0000] {data_modification.py:75} INFO - Updated row with Video_ID: XHb7g6yuGgE
[2026-06-01T12:06:57.227+0000] {data_modification.py:75} INFO - Updated row with Video_ID: rH1D_3G56DY
[2026-06-01T12:06:57.229+0000] {data_modification.py:75} INFO - Updated row with Video_ID: -0zoWMSEOGg
[2026-06-01T12:06:57.232+0000] {data_modification.py:75} INFO - Updated row with Video_ID: WRzIuC2MKOU
[2026-06-01T12:06:57.234+0000] {data_modification.py:75} INFO - Updated row with Video_ID: foLlul8Tl3E
[2026-06-01T12:06:57.236+0000] {data_modification.py:75} INFO - Updated row with Video_ID: 3iaDrpKdaIc
[2026-06-01T12:06:57.238+0000] {data_modification.py:75} INFO - Updated row with Video_ID: qrIh-ZHN4-E
[2026-06-01T12:06:57.240+0000] {data_modification.py:75} INFO - Updated row with Video_ID: mpZWt5pGKZ8
[2026-06-01T12:06:57.242+0000] {data_modification.py:75} INFO - Updated row with Video_ID: vbph9F_pRNI
[2026-06-01T12:06:57.245+0000] {data_modification.py:75} INFO - Updated row with Video_ID: XE9pUM9MEFA
[2026-06-01T12:06:57.247+0000] {data_modification.py:75} INFO - Updated row with Video_ID: wbzD04leeLI
[2026-06-01T12:06:57.249+0000] {data_modification.py:75} INFO - Updated row with Video_ID: MC5h-ShR-S8
[2026-06-01T12:06:57.251+0000] {data_modification.py:75} INFO - Updated row with Video_ID: dp8IaLrZpGs
[2026-06-01T12:06:57.253+0000] {data_modification.py:75} INFO - Updated row with Video_ID: 97Gh93Daio0
[2026-06-01T12:06:57.255+0000] {data_modification.py:75} INFO - Updated row with Video_ID: t4OumncEiKo
[2026-06-01T12:06:57.257+0000] {data_modification.py:75} INFO - Updated row with Video_ID: Ejou8aa5eZk
[2026-06-01T12:06:57.259+0000] {data_modification.py:75} INFO - Updated row with Video_ID: ehEuczQUh8E
[2026-06-01T12:06:57.261+0000] {data_modification.py:75} INFO - Updated row with Video_ID: uBC7805Smsg
[2026-06-01T12:06:57.263+0000] {data_modification.py:75} INFO - Updated row with Video_ID: d8pJkuSp1iI
[2026-06-01T12:06:57.265+0000] {data_modification.py:75} INFO - Updated row with Video_ID: dFr5YQaQQdo
[2026-06-01T12:06:57.267+0000] {data_modification.py:75} INFO - Updated row with Video_ID: xBLxMfO3pDw
[2026-06-01T12:06:57.269+0000] {data_modification.py:75} INFO - Updated row with Video_ID: d7QmQtNwhcU
[2026-06-01T12:06:57.272+0000] {data_modification.py:75} INFO - Updated row with Video_ID: NZR4WEjpOQg
[2026-06-01T12:06:57.274+0000] {data_modification.py:75} INFO - Updated row with Video_ID: vETSAZgfDP4
[2026-06-01T12:06:57.276+0000] {data_modification.py:75} INFO - Updated row with Video_ID: zE3FLbpu9-Q
[2026-06-01T12:06:57.278+0000] {data_modification.py:75} INFO - Updated row with Video_ID: Izmibu7dxcs
[2026-06-01T12:06:57.280+0000] {data_modification.py:75} INFO - Updated row with Video_ID: 2Pvt8awds44
[2026-06-01T12:06:57.282+0000] {data_modification.py:75} INFO - Updated row with Video_ID: n9BbAfbsyj0
[2026-06-01T12:06:57.284+0000] {data_modification.py:75} INFO - Updated row with Video_ID: WZ2rYlVxt4g
[2026-06-01T12:06:57.286+0000] {data_modification.py:75} INFO - Updated row with Video_ID: CWK6an4mYL0
[2026-06-01T12:06:57.288+0000] {data_modification.py:75} INFO - Updated row with Video_ID: VwWV4JelEzY
[2026-06-01T12:06:57.291+0000] {data_modification.py:75} INFO - Updated row with Video_ID: koRKIlRQj4g
[2026-06-01T12:06:57.293+0000] {data_modification.py:75} INFO - Updated row with Video_ID: XKFKPQHdWRI
[2026-06-01T12:06:57.295+0000] {data_modification.py:75} INFO - Updated row with Video_ID: yuGEB4ZZdUQ
[2026-06-01T12:06:57.297+0000] {data_modification.py:75} INFO - Updated row with Video_ID: sg_XFT4K3N4
[2026-06-01T12:06:57.299+0000] {data_modification.py:75} INFO - Updated row with Video_ID: szt8xabJoSo
[2026-06-01T12:06:57.302+0000] {data_modification.py:75} INFO - Updated row with Video_ID: Fbl3E_XCQfA
[2026-06-01T12:06:57.304+0000] {data_modification.py:75} INFO - Updated row with Video_ID: Pe3pGsCeYXg
[2026-06-01T12:06:57.307+0000] {data_modification.py:75} INFO - Updated row with Video_ID: yzGmnjDFuZE
[2026-06-01T12:06:57.309+0000] {data_modification.py:75} INFO - Updated row with Video_ID: op0N7axawJA
[2026-06-01T12:06:57.311+0000] {data_modification.py:75} INFO - Updated row with Video_ID: l_huIWJBhJM
[2026-06-01T12:06:57.313+0000] {data_modification.py:75} INFO - Updated row with Video_ID: 7ALCsEyn3mg
[2026-06-01T12:06:57.315+0000] {data_modification.py:75} INFO - Updated row with Video_ID: CvMRiR4k49Y
[2026-06-01T12:06:57.317+0000] {data_modification.py:75} INFO - Updated row with Video_ID: g2rbhIB-ITM
[2026-06-01T12:06:57.319+0000] {data_modification.py:75} INFO - Updated row with Video_ID: nLpqZEAFnkE
[2026-06-01T12:06:57.321+0000] {data_modification.py:75} INFO - Updated row with Video_ID: sirrTXiPFmw
[2026-06-01T12:06:57.323+0000] {data_modification.py:75} INFO - Updated row with Video_ID: nRkwuTOESCc
[2026-06-01T12:06:57.326+0000] {data_modification.py:75} INFO - Updated row with Video_ID: AS6WMS_Bemg
[2026-06-01T12:06:57.328+0000] {data_modification.py:75} INFO - Updated row with Video_ID: wMn8d7IeCYM
[2026-06-01T12:06:57.330+0000] {data_modification.py:75} INFO - Updated row with Video_ID: BMZP4CtphaU
[2026-06-01T12:06:57.332+0000] {data_modification.py:75} INFO - Updated row with Video_ID: ln9aLVd__8w
[2026-06-01T12:06:57.335+0000] {data_modification.py:75} INFO - Updated row with Video_ID: 93s1JECSy60
[2026-06-01T12:06:57.337+0000] {data_modification.py:75} INFO - Updated row with Video_ID: YR6Wh2Zy9jE
[2026-06-01T12:06:57.338+0000] {data_modification.py:75} INFO - Updated row with Video_ID: 5PCxQSMOl3o
[2026-06-01T12:06:57.341+0000] {data_modification.py:75} INFO - Updated row with Video_ID: 5qzAVMe_SnM
[2026-06-01T12:06:57.343+0000] {data_modification.py:75} INFO - Updated row with Video_ID: zAAXW7ySu1k
[2026-06-01T12:06:57.345+0000] {data_modification.py:75} INFO - Updated row with Video_ID: sx5k8xd_VoU
[2026-06-01T12:06:57.347+0000] {data_modification.py:75} INFO - Updated row with Video_ID: uotb9ZHnI2g
[2026-06-01T12:06:57.349+0000] {data_modification.py:75} INFO - Updated row with Video_ID: nPlqRbVFBHI
[2026-06-01T12:06:57.351+0000] {data_modification.py:75} INFO - Updated row with Video_ID: _FX6rml2Yjs
[2026-06-01T12:06:57.353+0000] {data_modification.py:75} INFO - Updated row with Video_ID: kupaqq-xJ_8
[2026-06-01T12:06:57.356+0000] {data_modification.py:75} INFO - Updated row with Video_ID: Er6QUQZbv0w
[2026-06-01T12:06:57.358+0000] {data_modification.py:75} INFO - Updated row with Video_ID: 4KVmSG6KS2k
[2026-06-01T12:06:57.360+0000] {data_modification.py:75} INFO - Updated row with Video_ID: Lx9fRu5ehFo
[2026-06-01T12:06:57.363+0000] {data_modification.py:75} INFO - Updated row with Video_ID: KcsRxHwGz7A
[2026-06-01T12:06:57.365+0000] {data_modification.py:75} INFO - Updated row with Video_ID: ZJwX2jTXWwQ
[2026-06-01T12:06:57.367+0000] {data_modification.py:75} INFO - Updated row with Video_ID: N_GMakKf7G4
[2026-06-01T12:06:57.369+0000] {data_modification.py:75} INFO - Updated row with Video_ID: 63gyUQ_JeOE
[2026-06-01T12:06:57.371+0000] {data_modification.py:75} INFO - Updated row with Video_ID: IZVbzNRUlQI
[2026-06-01T12:06:57.373+0000] {data_modification.py:75} INFO - Updated row with Video_ID: 8D3vI1615K4
[2026-06-01T12:06:57.376+0000] {data_modification.py:75} INFO - Updated row with Video_ID: igVcy5dtN80
[2026-06-01T12:06:57.378+0000] {data_modification.py:75} INFO - Updated row with Video_ID: dEOlvTqYUNo
[2026-06-01T12:06:57.380+0000] {data_modification.py:75} INFO - Updated row with Video_ID: AS5CxLCWq-Q
[2026-06-01T12:06:57.382+0000] {data_modification.py:75} INFO - Updated row with Video_ID: jtOalDNVrKM
[2026-06-01T12:06:57.385+0000] {data_modification.py:75} INFO - Updated row with Video_ID: dDYP56hEYF0
[2026-06-01T12:06:57.387+0000] {data_modification.py:75} INFO - Updated row with Video_ID: pJSbLk-Iixc
[2026-06-01T12:06:57.390+0000] {data_modification.py:75} INFO - Updated row with Video_ID: iengNekeTNo
[2026-06-01T12:06:57.392+0000] {data_modification.py:75} INFO - Updated row with Video_ID: rqUvnLPvbrM
[2026-06-01T12:06:57.394+0000] {data_modification.py:75} INFO - Updated row with Video_ID: 9CVwXBYVqVk
[2026-06-01T12:06:57.396+0000] {data_modification.py:75} INFO - Updated row with Video_ID: i8pmk5xnO2s
[2026-06-01T12:06:57.399+0000] {data_modification.py:75} INFO - Updated row with Video_ID: xWcldHxHFpo
[2026-06-01T12:06:57.401+0000] {data_modification.py:75} INFO - Updated row with Video_ID: YH1-fDzHHpo
[2026-06-01T12:06:57.403+0000] {data_modification.py:75} INFO - Updated row with Video_ID: ntlG5XgYg4k
[2026-06-01T12:06:57.405+0000] {data_modification.py:75} INFO - Updated row with Video_ID: Qy17S3g8ZuY
[2026-06-01T12:06:57.408+0000] {data_modification.py:75} INFO - Updated row with Video_ID: PJyWmlWNor8
[2026-06-01T12:06:57.410+0000] {data_modification.py:75} INFO - Updated row with Video_ID: KzwTYZ2W3ZA
[2026-06-01T12:06:57.421+0000] {data_modification.py:75} INFO - Updated row with Video_ID: 9fa_JYTPZ2Y
[2026-06-01T12:06:57.425+0000] {data_modification.py:75} INFO - Updated row with Video_ID: t1BWMa8btIw
[2026-06-01T12:06:57.427+0000] {data_modification.py:75} INFO - Updated row with Video_ID: 2O8wta4FsD4
[2026-06-01T12:06:57.434+0000] {data_modification.py:75} INFO - Updated row with Video_ID: dSDBr0WjrwQ
[2026-06-01T12:06:57.437+0000] {data_modification.py:75} INFO - Updated row with Video_ID: DbC9CauTXoM
[2026-06-01T12:06:57.439+0000] {data_modification.py:75} INFO - Updated row with Video_ID: yhNcDBnQsEY
[2026-06-01T12:06:57.441+0000] {data_modification.py:75} INFO - Updated row with Video_ID: Wyyqz3OxB5c
[2026-06-01T12:06:57.444+0000] {data_modification.py:75} INFO - Updated row with Video_ID: KO8B2kw_Jxs
[2026-06-01T12:06:57.446+0000] {data_modification.py:75} INFO - Updated row with Video_ID: NEDPgQYhbqs
[2026-06-01T12:06:57.448+0000] {data_modification.py:75} INFO - Updated row with Video_ID: DpIvW6av0pI
[2026-06-01T12:06:57.450+0000] {data_modification.py:75} INFO - Updated row with Video_ID: RPcXg2-0ejw
[2026-06-01T12:06:57.452+0000] {data_modification.py:75} INFO - Updated row with Video_ID: jhYG5BStQSk
[2026-06-01T12:06:57.454+0000] {data_modification.py:75} INFO - Updated row with Video_ID: wTIPpjUgAFE
[2026-06-01T12:06:57.456+0000] {data_modification.py:75} INFO - Updated row with Video_ID: Fzh65vCyHWQ
[2026-06-01T12:06:57.459+0000] {data_modification.py:75} INFO - Updated row with Video_ID: vBp0bzVr09s
[2026-06-01T12:06:57.461+0000] {data_modification.py:75} INFO - Updated row with Video_ID: AXjdI_LHWJU
[2026-06-01T12:06:57.463+0000] {data_modification.py:75} INFO - Updated row with Video_ID: dJCsc_Cq9i4
[2026-06-01T12:06:57.465+0000] {data_modification.py:75} INFO - Updated row with Video_ID: bqpKlkPpT10
[2026-06-01T12:06:57.467+0000] {data_modification.py:75} INFO - Updated row with Video_ID: TIIU1ivhLKs
[2026-06-01T12:06:57.469+0000] {data_modification.py:75} INFO - Updated row with Video_ID: G4qOiwIE_o0
[2026-06-01T12:06:57.471+0000] {data_modification.py:75} INFO - Updated row with Video_ID: yozl6enFC-w
[2026-06-01T12:06:57.473+0000] {data_modification.py:75} INFO - Updated row with Video_ID: LP_mGU3CgXk
[2026-06-01T12:06:57.476+0000] {data_modification.py:75} INFO - Updated row with Video_ID: DoIQMkoYSzw
[2026-06-01T12:06:57.478+0000] {data_modification.py:75} INFO - Updated row with Video_ID: e-If_d_bzfI
[2026-06-01T12:06:57.480+0000] {data_modification.py:75} INFO - Updated row with Video_ID: 5J6-5g2alp8
[2026-06-01T12:06:57.482+0000] {data_modification.py:75} INFO - Updated row with Video_ID: qjGNBluF6_I
[2026-06-01T12:06:57.484+0000] {data_modification.py:75} INFO - Updated row with Video_ID: TLoDwqQF5ug
[2026-06-01T12:06:57.486+0000] {data_modification.py:75} INFO - Updated row with Video_ID: uAFGIQPWL54
[2026-06-01T12:06:57.488+0000] {data_modification.py:75} INFO - Updated row with Video_ID: SaDDjW9Rw-M
[2026-06-01T12:06:57.490+0000] {data_modification.py:75} INFO - Updated row with Video_ID: CHdy9wND1jo
[2026-06-01T12:06:57.492+0000] {data_modification.py:75} INFO - Updated row with Video_ID: 9LiS_3HEErU
[2026-06-01T12:06:57.494+0000] {data_modification.py:75} INFO - Updated row with Video_ID: hRj5qNfkdO0
[2026-06-01T12:06:57.497+0000] {data_modification.py:75} INFO - Updated row with Video_ID: ocruJKe2tFk
[2026-06-01T12:06:57.499+0000] {data_modification.py:75} INFO - Updated row with Video_ID: MgRMNzKknto
[2026-06-01T12:06:57.501+0000] {data_modification.py:75} INFO - Updated row with Video_ID: tqO3_AKC5Ks
[2026-06-01T12:06:57.503+0000] {data_modification.py:75} INFO - Updated row with Video_ID: XW1TsAVdXsw
[2026-06-01T12:06:57.505+0000] {data_modification.py:75} INFO - Updated row with Video_ID: Qhdj_Umh1IE
[2026-06-01T12:06:57.507+0000] {data_modification.py:75} INFO - Updated row with Video_ID: fN_RQFqaGHI
[2026-06-01T12:06:57.509+0000] {data_modification.py:75} INFO - Updated row with Video_ID: hC3xW8xeCDs
[2026-06-01T12:06:57.511+0000] {data_modification.py:75} INFO - Updated row with Video_ID: xGJEPTCw9GU
[2026-06-01T12:06:57.513+0000] {data_modification.py:75} INFO - Updated row with Video_ID: FmjsePPBbdU
[2026-06-01T12:06:57.515+0000] {data_modification.py:75} INFO - Updated row with Video_ID: lMLEcUXz6T8
[2026-06-01T12:06:57.517+0000] {data_modification.py:75} INFO - Updated row with Video_ID: BKJy7BFP3Is
[2026-06-01T12:06:57.519+0000] {data_modification.py:75} INFO - Updated row with Video_ID: 1gfgZhW3YgU
[2026-06-01T12:06:57.522+0000] {data_modification.py:75} INFO - Updated row with Video_ID: VXmKt_1T0QM
[2026-06-01T12:06:57.524+0000] {data_modification.py:75} INFO - Updated row with Video_ID: 6XCUHLhdnEY
[2026-06-01T12:06:57.526+0000] {data_modification.py:75} INFO - Updated row with Video_ID: ttWTSskmxTA
[2026-06-01T12:06:57.528+0000] {data_modification.py:75} INFO - Updated row with Video_ID: 5bCyFf8lSfk
[2026-06-01T12:06:57.530+0000] {data_modification.py:75} INFO - Updated row with Video_ID: ngVEpJs5A5s
[2026-06-01T12:06:57.532+0000] {data_modification.py:75} INFO - Updated row with Video_ID: zjC48c3ptt0
[2026-06-01T12:06:57.534+0000] {data_modification.py:75} INFO - Updated row with Video_ID: rS2sntC-lJI
[2026-06-01T12:06:57.536+0000] {data_modification.py:75} INFO - Updated row with Video_ID: fG1N5kzeAhM
[2026-06-01T12:06:57.538+0000] {data_modification.py:75} INFO - Updated row with Video_ID: vT_gRRMjDi0
[2026-06-01T12:06:57.540+0000] {data_modification.py:75} INFO - Updated row with Video_ID: dfcPUqiivDY
[2026-06-01T12:06:57.542+0000] {data_modification.py:75} INFO - Updated row with Video_ID: zCR6DJX7Kak
[2026-06-01T12:06:57.544+0000] {data_modification.py:75} INFO - Updated row with Video_ID: 4cX-w-ia0RU
[2026-06-01T12:06:57.546+0000] {data_modification.py:75} INFO - Updated row with Video_ID: 2nVjy-zd65Q
[2026-06-01T12:06:57.548+0000] {data_modification.py:75} INFO - Updated row with Video_ID: xlzpD4GeBW0
[2026-06-01T12:06:57.551+0000] {data_modification.py:75} INFO - Updated row with Video_ID: 8ZTy3K2QgOY
[2026-06-01T12:06:57.553+0000] {data_modification.py:75} INFO - Updated row with Video_ID: k9zko79_3_I
[2026-06-01T12:06:57.555+0000] {data_modification.py:75} INFO - Updated row with Video_ID: fYnPyLfxSJg
[2026-06-01T12:06:57.558+0000] {data_modification.py:75} INFO - Updated row with Video_ID: pBH_QL4JGcI
[2026-06-01T12:06:57.560+0000] {data_modification.py:75} INFO - Updated row with Video_ID: 1wtFD9zSQO8
[2026-06-01T12:06:57.562+0000] {data_modification.py:75} INFO - Updated row with Video_ID: VqhjiwmGNKA
[2026-06-01T12:06:57.564+0000] {data_modification.py:75} INFO - Updated row with Video_ID: EhZ9gHZOZT8
[2026-06-01T12:06:57.566+0000] {data_modification.py:75} INFO - Updated row with Video_ID: LHtkve6-O0g
[2026-06-01T12:06:57.568+0000] {data_modification.py:75} INFO - Updated row with Video_ID: m3Ol8zn7brk
[2026-06-01T12:06:57.570+0000] {data_modification.py:75} INFO - Updated row with Video_ID: qBiZA4QDsj0
[2026-06-01T12:06:57.572+0000] {data_modification.py:75} INFO - Updated row with Video_ID: NeOrh4GnPZ4
[2026-06-01T12:06:57.574+0000] {data_modification.py:75} INFO - Updated row with Video_ID: fWhfOAuOqjY
[2026-06-01T12:06:57.576+0000] {data_modification.py:75} INFO - Updated row with Video_ID: 9Ax56oRhcZc
[2026-06-01T12:06:57.578+0000] {data_modification.py:75} INFO - Updated row with Video_ID: -cWVrFABWHw
[2026-06-01T12:06:57.580+0000] {data_modification.py:75} INFO - Updated row with Video_ID: z7qtJAAV5d0
[2026-06-01T12:06:57.582+0000] {data_modification.py:75} INFO - Updated row with Video_ID: 9pk-neTrDoM
[2026-06-01T12:06:57.584+0000] {data_modification.py:75} INFO - Updated row with Video_ID: JQscW6DfNZY
[2026-06-01T12:06:57.586+0000] {data_modification.py:75} INFO - Updated row with Video_ID: 9smE_EiKJ8Q
[2026-06-01T12:06:57.588+0000] {data_modification.py:75} INFO - Updated row with Video_ID: hfaPkoXeYfU
[2026-06-01T12:06:57.590+0000] {data_modification.py:75} INFO - Updated row with Video_ID: u0hHxeWkB_o
[2026-06-01T12:06:57.593+0000] {data_modification.py:75} INFO - Updated row with Video_ID: 64WGWubQO3I
[2026-06-01T12:06:57.595+0000] {data_modification.py:75} INFO - Updated row with Video_ID: QJUs6CSRCFU
[2026-06-01T12:06:57.597+0000] {data_modification.py:75} INFO - Updated row with Video_ID: Om4c4ilT_6g
[2026-06-01T12:06:57.599+0000] {data_modification.py:75} INFO - Updated row with Video_ID: GbOfxRfHdeg
[2026-06-01T12:06:57.601+0000] {data_modification.py:75} INFO - Updated row with Video_ID: yzxYCRDcGDs
[2026-06-01T12:06:57.603+0000] {data_modification.py:75} INFO - Updated row with Video_ID: PCakYf_PnT0
[2026-06-01T12:06:57.605+0000] {data_modification.py:75} INFO - Updated row with Video_ID: 8nv_ltg4RAg
[2026-06-01T12:06:57.607+0000] {data_modification.py:75} INFO - Updated row with Video_ID: VvphlSvCyj8
[2026-06-01T12:06:57.609+0000] {data_modification.py:75} INFO - Updated row with Video_ID: JP3v6UxI124
[2026-06-01T12:06:57.611+0000] {data_modification.py:75} INFO - Updated row with Video_ID: jRURlbRAUhI
[2026-06-01T12:06:57.613+0000] {data_modification.py:75} INFO - Updated row with Video_ID: I_3R9YGFlHE
[2026-06-01T12:06:57.615+0000] {data_modification.py:75} INFO - Updated row with Video_ID: xjJJ_wDlc1E
[2026-06-01T12:06:57.617+0000] {data_modification.py:75} INFO - Updated row with Video_ID: cqirhwhq_qM
[2026-06-01T12:06:57.619+0000] {data_modification.py:75} INFO - Updated row with Video_ID: 3IQdDBwc42o
[2026-06-01T12:06:57.621+0000] {data_modification.py:75} INFO - Updated row with Video_ID: 4YHnf3YepwU
[2026-06-01T12:06:57.623+0000] {data_modification.py:75} INFO - Updated row with Video_ID: uxzBq4Y_fNw
[2026-06-01T12:06:57.625+0000] {data_modification.py:75} INFO - Updated row with Video_ID: HIhUkvAG0o4
[2026-06-01T12:06:57.627+0000] {data_modification.py:75} INFO - Updated row with Video_ID: cpI5lCaqZcQ
[2026-06-01T12:06:57.630+0000] {data_modification.py:75} INFO - Updated row with Video_ID: 6zQhLOw1nw8
[2026-06-01T12:06:57.632+0000] {data_modification.py:75} INFO - Updated row with Video_ID: mfvi_jgdVqE
[2026-06-01T12:06:57.634+0000] {data_modification.py:75} INFO - Updated row with Video_ID: zExxMxcoJ6A
[2026-06-01T12:06:57.636+0000] {data_modification.py:75} INFO - Updated row with Video_ID: hD_Af6W2qug
[2026-06-01T12:06:57.638+0000] {data_modification.py:75} INFO - Updated row with Video_ID: XOtTKQujlkI
[2026-06-01T12:06:57.641+0000] {data_modification.py:75} INFO - Updated row with Video_ID: dRqthQ2Mc_0
[2026-06-01T12:06:57.643+0000] {data_modification.py:75} INFO - Updated row with Video_ID: 8TFq_vvO_Wg
[2026-06-01T12:06:57.645+0000] {data_modification.py:75} INFO - Updated row with Video_ID: oo8ve4Ldpck
[2026-06-01T12:06:57.647+0000] {data_modification.py:75} INFO - Updated row with Video_ID: sKn8Tbp2a-4
[2026-06-01T12:06:57.649+0000] {data_modification.py:75} INFO - Updated row with Video_ID: g0IrVKXIbmE
[2026-06-01T12:06:57.652+0000] {data_modification.py:75} INFO - Updated row with Video_ID: 2Om2M4_Kyd0
[2026-06-01T12:06:57.654+0000] {data_modification.py:75} INFO - Updated row with Video_ID: KaaEivIqX6M
[2026-06-01T12:06:57.656+0000] {data_modification.py:75} INFO - Updated row with Video_ID: W4gBpws7Ug8
[2026-06-01T12:06:57.658+0000] {data_modification.py:75} INFO - Updated row with Video_ID: NT3EkjxO8hs
[2026-06-01T12:06:57.660+0000] {data_modification.py:75} INFO - Updated row with Video_ID: syMozMiJneM
[2026-06-01T12:06:57.662+0000] {data_modification.py:75} INFO - Updated row with Video_ID: Wt6cMjn3YLg
[2026-06-01T12:06:57.665+0000] {data_modification.py:75} INFO - Updated row with Video_ID: OEuS7fjMlMc
[2026-06-01T12:06:57.667+0000] {data_modification.py:75} INFO - Updated row with Video_ID: 1Pr-R2nKTY4
[2026-06-01T12:06:57.669+0000] {data_modification.py:75} INFO - Updated row with Video_ID: QqdUhn99E-s
[2026-06-01T12:06:57.671+0000] {data_modification.py:75} INFO - Updated row with Video_ID: 1UygJmcHUdQ
[2026-06-01T12:06:57.673+0000] {data_modification.py:75} INFO - Updated row with Video_ID: g4DAFnZcCcQ
[2026-06-01T12:06:57.675+0000] {data_modification.py:75} INFO - Updated row with Video_ID: LTr8cXAxy1I
[2026-06-01T12:06:57.677+0000] {data_modification.py:75} INFO - Updated row with Video_ID: Ow3xqv7ahXo
[2026-06-01T12:06:57.679+0000] {data_modification.py:75} INFO - Updated row with Video_ID: TRiF8PdrIP8
[2026-06-01T12:06:57.681+0000] {data_modification.py:75} INFO - Updated row with Video_ID: NFZ_MtTvwm0
[2026-06-01T12:06:57.683+0000] {data_modification.py:75} INFO - Updated row with Video_ID: Pgxi8dsUW-o
[2026-06-01T12:06:57.686+0000] {data_modification.py:75} INFO - Updated row with Video_ID: YY2-jJojnOA
[2026-06-01T12:06:57.688+0000] {data_modification.py:75} INFO - Updated row with Video_ID: 7Pogam71094
[2026-06-01T12:06:57.690+0000] {data_modification.py:75} INFO - Updated row with Video_ID: DL0OPJ2hahc
[2026-06-01T12:06:57.692+0000] {data_modification.py:75} INFO - Updated row with Video_ID: WwE0tR08OTU
[2026-06-01T12:06:57.694+0000] {data_modification.py:75} INFO - Updated row with Video_ID: 2LIJtcI4dbg
[2026-06-01T12:06:57.696+0000] {data_modification.py:75} INFO - Updated row with Video_ID: rXnaD7PU9kY
[2026-06-01T12:06:57.698+0000] {data_modification.py:75} INFO - Updated row with Video_ID: Ng_qwlvhrJo
[2026-06-01T12:06:57.700+0000] {data_modification.py:75} INFO - Updated row with Video_ID: bzIPun3cVsw
[2026-06-01T12:06:57.702+0000] {data_modification.py:75} INFO - Updated row with Video_ID: miKQkeq5sbU
[2026-06-01T12:06:57.704+0000] {data_modification.py:75} INFO - Updated row with Video_ID: Lwt_VThQIdM
[2026-06-01T12:06:57.706+0000] {data_modification.py:75} INFO - Updated row with Video_ID: P2oPACr4uuU
[2026-06-01T12:06:57.708+0000] {data_modification.py:75} INFO - Updated row with Video_ID: h-D6ukDcS9o
[2026-06-01T12:06:57.710+0000] {data_modification.py:75} INFO - Updated row with Video_ID: mY77HA20MzA
[2026-06-01T12:06:57.712+0000] {data_modification.py:75} INFO - Updated row with Video_ID: 4krBgDFycgY
[2026-06-01T12:06:57.714+0000] {data_modification.py:75} INFO - Updated row with Video_ID: dpUxRIqbNlc
[2026-06-01T12:06:57.716+0000] {data_modification.py:75} INFO - Updated row with Video_ID: Cp431S5z8PE
[2026-06-01T12:06:57.719+0000] {data_modification.py:75} INFO - Updated row with Video_ID: ttLYXcza4j4
[2026-06-01T12:06:57.721+0000] {data_modification.py:75} INFO - Updated row with Video_ID: 3-f9DEFsh4w
[2026-06-01T12:06:57.723+0000] {data_modification.py:75} INFO - Updated row with Video_ID: vuOTP206zWM
[2026-06-01T12:06:57.725+0000] {data_modification.py:75} INFO - Updated row with Video_ID: J590MYm0SY8
[2026-06-01T12:06:57.727+0000] {data_modification.py:75} INFO - Updated row with Video_ID: vGB2d5cQJpY
[2026-06-01T12:06:57.729+0000] {data_modification.py:75} INFO - Updated row with Video_ID: M94G0iKYiSM
[2026-06-01T12:06:57.731+0000] {data_modification.py:75} INFO - Updated row with Video_ID: pGYyUssWLTA
[2026-06-01T12:06:57.733+0000] {data_modification.py:75} INFO - Updated row with Video_ID: j7kM8G_AjuY
[2026-06-01T12:06:57.735+0000] {data_modification.py:75} INFO - Updated row with Video_ID: deK-My3Of0o
[2026-06-01T12:06:57.737+0000] {data_modification.py:75} INFO - Updated row with Video_ID: oB8kFFvJdhE
[2026-06-01T12:06:57.739+0000] {data_modification.py:75} INFO - Updated row with Video_ID: X9eXa-Uzuj0
[2026-06-01T12:06:57.742+0000] {data_modification.py:75} INFO - Updated row with Video_ID: GxTVDClFXuc
[2026-06-01T12:06:57.744+0000] {data_modification.py:75} INFO - Updated row with Video_ID: kGaq-Qi9hoE
[2026-06-01T12:06:57.746+0000] {data_modification.py:75} INFO - Updated row with Video_ID: 9zFfp3gzZ88
[2026-06-01T12:06:57.748+0000] {data_modification.py:75} INFO - Updated row with Video_ID: mM2KwBYa-u4
[2026-06-01T12:06:57.750+0000] {data_modification.py:75} INFO - Updated row with Video_ID: WAcmsAISniQ
[2026-06-01T12:06:57.753+0000] {data_modification.py:75} INFO - Updated row with Video_ID: kqUT-s3a6tU
[2026-06-01T12:06:57.755+0000] {data_modification.py:75} INFO - Updated row with Video_ID: NUVglXbGBfs
[2026-06-01T12:06:57.757+0000] {data_modification.py:75} INFO - Updated row with Video_ID: T-v4b3WtPAg
[2026-06-01T12:06:57.759+0000] {data_modification.py:75} INFO - Updated row with Video_ID: m8qGlpcfAIw
[2026-06-01T12:06:57.761+0000] {data_modification.py:75} INFO - Updated row with Video_ID: uZPkMnv8b-o
[2026-06-01T12:06:57.763+0000] {data_modification.py:75} INFO - Updated row with Video_ID: qVLr6SMxvJw
[2026-06-01T12:06:57.765+0000] {data_modification.py:75} INFO - Updated row with Video_ID: 4AigP5OY8JE
[2026-06-01T12:06:57.767+0000] {data_modification.py:75} INFO - Updated row with Video_ID: RMoFUeBVefA
[2026-06-01T12:06:57.770+0000] {data_modification.py:75} INFO - Updated row with Video_ID: ep7S1XnuQLU
[2026-06-01T12:06:57.772+0000] {data_modification.py:75} INFO - Updated row with Video_ID: p6bzNpgbX8Y
[2026-06-01T12:06:57.774+0000] {data_modification.py:75} INFO - Updated row with Video_ID: 6T17licWsQ4
[2026-06-01T12:06:57.776+0000] {data_modification.py:75} INFO - Updated row with Video_ID: 1s6UOlWdpw4
[2026-06-01T12:06:57.778+0000] {data_modification.py:75} INFO - Updated row with Video_ID: 3LuchpUc7PU
[2026-06-01T12:06:57.780+0000] {data_modification.py:75} INFO - Updated row with Video_ID: _f6xCA0-gAo
[2026-06-01T12:06:57.783+0000] {data_modification.py:75} INFO - Updated row with Video_ID: lfD7kMZKuNg
[2026-06-01T12:06:57.785+0000] {data_modification.py:75} INFO - Updated row with Video_ID: ejlkNGm82w4
[2026-06-01T12:06:57.787+0000] {data_modification.py:75} INFO - Updated row with Video_ID: Jtj9rUqlB1Y
[2026-06-01T12:06:57.789+0000] {data_modification.py:75} INFO - Updated row with Video_ID: ZqzFRGH_tMQ
[2026-06-01T12:06:57.791+0000] {data_modification.py:75} INFO - Updated row with Video_ID: 94A-bsumX9A
[2026-06-01T12:06:57.793+0000] {data_modification.py:75} INFO - Updated row with Video_ID: gYaxI_allkQ
[2026-06-01T12:06:57.795+0000] {data_modification.py:75} INFO - Updated row with Video_ID: AjXbO2XfBkE
[2026-06-01T12:06:57.797+0000] {data_modification.py:75} INFO - Updated row with Video_ID: ZQZzR0DUujc
[2026-06-01T12:06:57.799+0000] {data_modification.py:75} INFO - Updated row with Video_ID: -V3-fhJQZkk
[2026-06-01T12:06:57.801+0000] {data_modification.py:75} INFO - Updated row with Video_ID: QX0wvWGW2qg
[2026-06-01T12:06:57.803+0000] {data_modification.py:75} INFO - Updated row with Video_ID: oODUkNQAzXU
[2026-06-01T12:06:57.806+0000] {data_modification.py:75} INFO - Updated row with Video_ID: 2jWZtKTN6jU
[2026-06-01T12:06:57.808+0000] {data_modification.py:75} INFO - Updated row with Video_ID: zsADECFHY8w
[2026-06-01T12:06:57.810+0000] {data_modification.py:75} INFO - Updated row with Video_ID: Feh8o-HmthM
[2026-06-01T12:06:57.812+0000] {data_modification.py:75} INFO - Updated row with Video_ID: 6Xv-LVYZQxk
[2026-06-01T12:06:57.814+0000] {data_modification.py:75} INFO - Updated row with Video_ID: 8-0ZHJHp9g4
[2026-06-01T12:06:57.816+0000] {data_modification.py:75} INFO - Updated row with Video_ID: QqIG0R-KpGk
[2026-06-01T12:06:57.818+0000] {data_modification.py:75} INFO - Updated row with Video_ID: qENpZBzgaUM
[2026-06-01T12:06:57.821+0000] {data_modification.py:75} INFO - Updated row with Video_ID: 4DYBVA4884Y
[2026-06-01T12:06:57.823+0000] {data_modification.py:75} INFO - Updated row with Video_ID: skEf9R0TXkM
[2026-06-01T12:06:57.825+0000] {data_modification.py:75} INFO - Updated row with Video_ID: CnMv_zTXZ38
[2026-06-01T12:06:57.827+0000] {data_modification.py:75} INFO - Updated row with Video_ID: bEIK5ni_Pzs
[2026-06-01T12:06:57.830+0000] {data_modification.py:75} INFO - Updated row with Video_ID: _oZyp4mTzSQ
[2026-06-01T12:06:57.832+0000] {data_modification.py:75} INFO - Updated row with Video_ID: is1LSWbssuA
[2026-06-01T12:06:57.834+0000] {data_modification.py:75} INFO - Updated row with Video_ID: XR_q9_LEKuc
[2026-06-01T12:06:57.836+0000] {data_modification.py:75} INFO - Updated row with Video_ID: X9UiBpDHW3w
[2026-06-01T12:06:57.839+0000] {data_modification.py:75} INFO - Updated row with Video_ID: PRU47AuQF2M
[2026-06-01T12:06:57.841+0000] {data_modification.py:75} INFO - Updated row with Video_ID: Y3Rxgf5_R_I
[2026-06-01T12:06:57.843+0000] {data_modification.py:75} INFO - Updated row with Video_ID: R6zuvKbvKyU
[2026-06-01T12:06:57.845+0000] {data_modification.py:75} INFO - Updated row with Video_ID: yCKe65Nvp0Q
[2026-06-01T12:06:57.847+0000] {data_modification.py:75} INFO - Updated row with Video_ID: XBe57FyB2xU
[2026-06-01T12:06:57.849+0000] {data_modification.py:75} INFO - Updated row with Video_ID: zpCwHwWgbsI
[2026-06-01T12:06:57.851+0000] {data_modification.py:75} INFO - Updated row with Video_ID: lh61MVUxJt0
[2026-06-01T12:06:57.853+0000] {data_modification.py:75} INFO - Updated row with Video_ID: yWnmEPgLroQ
[2026-06-01T12:06:57.856+0000] {data_modification.py:75} INFO - Updated row with Video_ID: eBklqeeIu10
[2026-06-01T12:06:57.858+0000] {data_modification.py:75} INFO - Updated row with Video_ID: SgMydsOucFg
[2026-06-01T12:06:57.860+0000] {data_modification.py:75} INFO - Updated row with Video_ID: jPm3hRiMKuU
[2026-06-01T12:06:57.862+0000] {data_modification.py:75} INFO - Updated row with Video_ID: OweuuinkVZI
[2026-06-01T12:06:57.864+0000] {data_modification.py:75} INFO - Updated row with Video_ID: 7Pr0HP-Trgk
[2026-06-01T12:06:57.866+0000] {data_modification.py:75} INFO - Updated row with Video_ID: UEK0fYAqMss
[2026-06-01T12:06:57.869+0000] {data_modification.py:75} INFO - Updated row with Video_ID: lRznKN2oPUc
[2026-06-01T12:06:57.871+0000] {data_modification.py:75} INFO - Updated row with Video_ID: IDrS_TrjuK4
[2026-06-01T12:06:57.873+0000] {data_modification.py:75} INFO - Updated row with Video_ID: J1lhxfZtR3M
[2026-06-01T12:06:57.875+0000] {data_modification.py:75} INFO - Updated row with Video_ID: b_o8cz0ZNdk
[2026-06-01T12:06:57.877+0000] {data_modification.py:75} INFO - Updated row with Video_ID: i5dhcAxO25Q
[2026-06-01T12:06:57.880+0000] {data_modification.py:75} INFO - Updated row with Video_ID: -o_8CDbFMJ0
[2026-06-01T12:06:57.882+0000] {data_modification.py:75} INFO - Updated row with Video_ID: v5J1Cycn3s8
[2026-06-01T12:06:57.884+0000] {data_modification.py:75} INFO - Updated row with Video_ID: YJiqYG-Mylk
[2026-06-01T12:06:57.886+0000] {data_modification.py:75} INFO - Updated row with Video_ID: jGE1sUTeR5g
[2026-06-01T12:06:57.888+0000] {data_modification.py:75} INFO - Updated row with Video_ID: 0tZCQ25fsoI
[2026-06-01T12:06:57.891+0000] {data_modification.py:75} INFO - Updated row with Video_ID: N9jTogPwqVY
[2026-06-01T12:06:57.893+0000] {data_modification.py:75} INFO - Updated row with Video_ID: yyJ7xEcENNI
[2026-06-01T12:06:57.895+0000] {data_modification.py:75} INFO - Updated row with Video_ID: 3rJgCGMPEqA
[2026-06-01T12:06:57.897+0000] {data_modification.py:75} INFO - Updated row with Video_ID: 7isfkomGg7o
[2026-06-01T12:06:57.899+0000] {data_modification.py:75} INFO - Updated row with Video_ID: UCYefSGBP00
[2026-06-01T12:06:57.901+0000] {data_modification.py:75} INFO - Updated row with Video_ID: dvdGkRK5a_0
[2026-06-01T12:06:57.903+0000] {data_modification.py:75} INFO - Updated row with Video_ID: X7doE4h6W64
[2026-06-01T12:06:57.905+0000] {data_modification.py:75} INFO - Updated row with Video_ID: GhppzOzN3MM
[2026-06-01T12:06:57.907+0000] {data_modification.py:75} INFO - Updated row with Video_ID: QkXDatNdL4U
[2026-06-01T12:06:57.909+0000] {data_modification.py:75} INFO - Updated row with Video_ID: hyt2t4r8lQ4
[2026-06-01T12:06:57.912+0000] {data_modification.py:75} INFO - Updated row with Video_ID: -mlok5iT3GE
[2026-06-01T12:06:57.914+0000] {data_modification.py:75} INFO - Updated row with Video_ID: STvOHHgJ1sQ
[2026-06-01T12:06:57.916+0000] {data_modification.py:75} INFO - Updated row with Video_ID: 2-ErX5oDzwM
[2026-06-01T12:06:57.918+0000] {data_modification.py:75} INFO - Updated row with Video_ID: 7ytYV-tVIvg
[2026-06-01T12:06:57.920+0000] {data_modification.py:75} INFO - Updated row with Video_ID: ELIoOUKSOJQ
[2026-06-01T12:06:57.922+0000] {data_modification.py:75} INFO - Updated row with Video_ID: uAoayezOaug
[2026-06-01T12:06:57.925+0000] {data_modification.py:75} INFO - Updated row with Video_ID: Vr2337tCLCI
[2026-06-01T12:06:57.927+0000] {data_modification.py:75} INFO - Updated row with Video_ID: NV7qmqbS8tM
[2026-06-01T12:06:57.929+0000] {data_modification.py:75} INFO - Updated row with Video_ID: U9c-ycvw02A
[2026-06-01T12:06:57.931+0000] {data_modification.py:75} INFO - Updated row with Video_ID: GfgcVOuHLAo
[2026-06-01T12:06:57.933+0000] {data_modification.py:75} INFO - Updated row with Video_ID: zi7tZ-2PhLk
[2026-06-01T12:06:57.935+0000] {data_modification.py:75} INFO - Updated row with Video_ID: TacjQmKCiZg
[2026-06-01T12:06:57.938+0000] {data_modification.py:75} INFO - Updated row with Video_ID: AIytwdufwW8
[2026-06-01T12:06:57.940+0000] {data_modification.py:75} INFO - Updated row with Video_ID: KLAI0c0Spog
[2026-06-01T12:06:57.942+0000] {data_modification.py:75} INFO - Updated row with Video_ID: UVin8WtE5eU
[2026-06-01T12:06:57.944+0000] {data_modification.py:75} INFO - Updated row with Video_ID: wNuxirsrwBk
[2026-06-01T12:06:57.947+0000] {data_modification.py:75} INFO - Updated row with Video_ID: 6bxZpS0cm5o
[2026-06-01T12:06:57.949+0000] {data_modification.py:75} INFO - Updated row with Video_ID: ajJbMGq9AS4
[2026-06-01T12:06:57.951+0000] {data_modification.py:75} INFO - Updated row with Video_ID: UXw9jqgJNNc
[2026-06-01T12:06:57.953+0000] {data_modification.py:75} INFO - Updated row with Video_ID: E3CqKvlzl-I
[2026-06-01T12:06:57.956+0000] {data_modification.py:75} INFO - Updated row with Video_ID: zfDr05ax0gM
[2026-06-01T12:06:57.958+0000] {data_modification.py:75} INFO - Updated row with Video_ID: 56OkH6ocYZU
[2026-06-01T12:06:57.960+0000] {data_modification.py:75} INFO - Updated row with Video_ID: w40Z8aT5fpQ
[2026-06-01T12:06:57.962+0000] {data_modification.py:75} INFO - Updated row with Video_ID: zgDezsMQyyU
[2026-06-01T12:06:57.965+0000] {data_modification.py:75} INFO - Updated row with Video_ID: UEwnitHoSDw
[2026-06-01T12:06:57.967+0000] {data_modification.py:75} INFO - Updated row with Video_ID: __SaaKSW9iE
[2026-06-01T12:06:57.969+0000] {data_modification.py:75} INFO - Updated row with Video_ID: qWnyJ55KBKo
[2026-06-01T12:06:57.971+0000] {data_modification.py:75} INFO - Updated row with Video_ID: 52awie9G00A
[2026-06-01T12:06:57.973+0000] {data_modification.py:75} INFO - Updated row with Video_ID: bB99NdUoxEQ
[2026-06-01T12:06:57.975+0000] {data_modification.py:75} INFO - Updated row with Video_ID: 7GjSaNi8Epg
[2026-06-01T12:06:57.977+0000] {data_modification.py:75} INFO - Updated row with Video_ID: h5uE4ERMiTk
[2026-06-01T12:06:57.980+0000] {data_modification.py:75} INFO - Updated row with Video_ID: umRLkCrmwcs
[2026-06-01T12:06:57.982+0000] {data_modification.py:75} INFO - Updated row with Video_ID: rHoLyltYDtQ
[2026-06-01T12:06:57.984+0000] {data_modification.py:75} INFO - Updated row with Video_ID: yeHjsYQ076A
[2026-06-01T12:06:57.986+0000] {data_modification.py:75} INFO - Updated row with Video_ID: pqrdPu2ESFo
[2026-06-01T12:06:57.988+0000] {data_modification.py:75} INFO - Updated row with Video_ID: ywZy_Fo2ydo
[2026-06-01T12:06:57.990+0000] {data_modification.py:75} INFO - Updated row with Video_ID: qr4v9pdfVlU
[2026-06-01T12:06:57.992+0000] {data_modification.py:75} INFO - Updated row with Video_ID: hgiPX33AHas
[2026-06-01T12:06:57.994+0000] {data_modification.py:75} INFO - Updated row with Video_ID: oZ-Mn5p1xMw
[2026-06-01T12:06:57.996+0000] {data_modification.py:75} INFO - Updated row with Video_ID: 5UPa_hu5opg
[2026-06-01T12:06:57.998+0000] {data_modification.py:75} INFO - Updated row with Video_ID: zv_oq5UNDAo
[2026-06-01T12:06:58.000+0000] {data_modification.py:75} INFO - Updated row with Video_ID: NiqkH7qVW0U
[2026-06-01T12:06:58.003+0000] {data_modification.py:75} INFO - Updated row with Video_ID: boBokLXe5o8
[2026-06-01T12:06:58.005+0000] {data_modification.py:75} INFO - Updated row with Video_ID: 7YOzgk-U4EU
[2026-06-01T12:06:58.007+0000] {data_modification.py:75} INFO - Updated row with Video_ID: prdSftLj9-g
[2026-06-01T12:06:58.009+0000] {data_modification.py:75} INFO - Updated row with Video_ID: pzlPJmNyepA
[2026-06-01T12:06:58.011+0000] {data_modification.py:75} INFO - Updated row with Video_ID: QNoqAnJOSqU
[2026-06-01T12:06:58.013+0000] {data_modification.py:75} INFO - Updated row with Video_ID: kzIA4vKyhRQ
[2026-06-01T12:06:58.015+0000] {data_modification.py:75} INFO - Updated row with Video_ID: DfonKqMENrg
[2026-06-01T12:06:58.017+0000] {data_modification.py:75} INFO - Updated row with Video_ID: MUQCwdkEbq0
[2026-06-01T12:06:58.020+0000] {data_modification.py:75} INFO - Updated row with Video_ID: JlUzoQN9FWw
[2026-06-01T12:06:58.022+0000] {data_modification.py:75} INFO - Updated row with Video_ID: 0VjLq-go1fg
[2026-06-01T12:06:58.024+0000] {data_modification.py:75} INFO - Updated row with Video_ID: uCIpW9zOmgI
[2026-06-01T12:06:58.026+0000] {data_modification.py:75} INFO - Updated row with Video_ID: Z0Poefgrs4w
[2026-06-01T12:06:58.028+0000] {data_modification.py:75} INFO - Updated row with Video_ID: MLN6TRB9Jxw
[2026-06-01T12:06:58.030+0000] {data_modification.py:75} INFO - Updated row with Video_ID: vZrL_FFITgs
[2026-06-01T12:06:58.032+0000] {data_modification.py:75} INFO - Updated row with Video_ID: L7lGD_anC00
[2026-06-01T12:06:58.034+0000] {data_modification.py:75} INFO - Updated row with Video_ID: xu1nhAfnMGA
[2026-06-01T12:06:58.036+0000] {data_modification.py:75} INFO - Updated row with Video_ID: D1livXdFGkQ
[2026-06-01T12:06:58.038+0000] {data_modification.py:75} INFO - Updated row with Video_ID: bwp_3qLgWpQ
[2026-06-01T12:06:58.040+0000] {data_modification.py:75} INFO - Updated row with Video_ID: tZpnfF0-7Ls
[2026-06-01T12:06:58.043+0000] {data_modification.py:75} INFO - Updated row with Video_ID: BwAMltY3-c0
[2026-06-01T12:06:58.045+0000] {data_modification.py:75} INFO - Updated row with Video_ID: 7HBR3Ea72CY
[2026-06-01T12:06:58.047+0000] {data_modification.py:75} INFO - Updated row with Video_ID: Ds9H2UnUHL0
[2026-06-01T12:06:58.049+0000] {data_modification.py:75} INFO - Updated row with Video_ID: iqUFeWAVp-0
[2026-06-01T12:06:58.051+0000] {data_modification.py:75} INFO - Updated row with Video_ID: W2skFWRk6qo
[2026-06-01T12:06:58.053+0000] {data_modification.py:75} INFO - Updated row with Video_ID: X_qd-1xSTFA
[2026-06-01T12:06:58.055+0000] {data_modification.py:75} INFO - Updated row with Video_ID: VWa0ImMY2bQ
[2026-06-01T12:06:58.057+0000] {data_modification.py:75} INFO - Updated row with Video_ID: fEcASr38n2E
[2026-06-01T12:06:58.060+0000] {data_modification.py:75} INFO - Updated row with Video_ID: udmf5MQLNGA
[2026-06-01T12:06:58.062+0000] {data_modification.py:75} INFO - Updated row with Video_ID: 0dg2eR2NSQ0
[2026-06-01T12:06:58.064+0000] {data_modification.py:75} INFO - Updated row with Video_ID: 6BNOWeYFyP8
[2026-06-01T12:06:58.066+0000] {data_modification.py:75} INFO - Updated row with Video_ID: LDegY-H60_U
[2026-06-01T12:06:58.069+0000] {data_modification.py:75} INFO - Updated row with Video_ID: D51HaR-XvgM
[2026-06-01T12:06:58.072+0000] {data_modification.py:75} INFO - Updated row with Video_ID: Rio7r_vLUEo
[2026-06-01T12:06:58.074+0000] {data_modification.py:75} INFO - Updated row with Video_ID: 8E5Ygl02wtM
[2026-06-01T12:06:58.076+0000] {data_modification.py:75} INFO - Updated row with Video_ID: moMJjt5KECc
[2026-06-01T12:06:58.078+0000] {data_modification.py:75} INFO - Updated row with Video_ID: OffgqPzDi7Q
[2026-06-01T12:06:58.080+0000] {data_modification.py:75} INFO - Updated row with Video_ID: B_7uD3B62MM
[2026-06-01T12:06:58.082+0000] {data_modification.py:75} INFO - Updated row with Video_ID: bA20RJcegOI
[2026-06-01T12:06:58.084+0000] {data_modification.py:75} INFO - Updated row with Video_ID: NbHwVDt9Rjk
[2026-06-01T12:06:58.086+0000] {data_modification.py:75} INFO - Updated row with Video_ID: VzsE09KjpKA
[2026-06-01T12:06:58.089+0000] {data_modification.py:75} INFO - Updated row with Video_ID: HduubRTdko4
[2026-06-01T12:06:58.091+0000] {data_modification.py:75} INFO - Updated row with Video_ID: qFOGv5zuTdw
[2026-06-01T12:06:58.093+0000] {data_modification.py:75} INFO - Updated row with Video_ID: u6t4jrhs56Q
[2026-06-01T12:06:58.095+0000] {data_modification.py:75} INFO - Updated row with Video_ID: 460GXJiGCEs
[2026-06-01T12:06:58.097+0000] {data_modification.py:75} INFO - Updated row with Video_ID: ZiuoOcj2eLY
[2026-06-01T12:06:58.099+0000] {data_modification.py:75} INFO - Updated row with Video_ID: LYK6SPMtJ_Y
[2026-06-01T12:06:58.101+0000] {data_modification.py:75} INFO - Updated row with Video_ID: 2ljWxaMvE_0
[2026-06-01T12:06:58.103+0000] {data_modification.py:75} INFO - Updated row with Video_ID: rSuuQ_s8gOw
[2026-06-01T12:06:58.106+0000] {data_modification.py:75} INFO - Updated row with Video_ID: vKKhX-Uyggw
[2026-06-01T12:06:58.108+0000] {data_modification.py:75} INFO - Updated row with Video_ID: EAwXH82m-6A
[2026-06-01T12:06:58.110+0000] {data_modification.py:75} INFO - Updated row with Video_ID: U_07AG_CR5A
[2026-06-01T12:06:58.112+0000] {data_modification.py:75} INFO - Updated row with Video_ID: Xe0AGtF5aNU
[2026-06-01T12:06:58.114+0000] {data_modification.py:75} INFO - Updated row with Video_ID: NCv0drAPm_M
[2026-06-01T12:06:58.116+0000] {data_modification.py:75} INFO - Updated row with Video_ID: HuLAAXZXIy0
[2026-06-01T12:06:58.118+0000] {data_modification.py:75} INFO - Updated row with Video_ID: pV7UcYW1OwA
[2026-06-01T12:06:58.120+0000] {data_modification.py:75} INFO - Updated row with Video_ID: x4IXCimma-s
[2026-06-01T12:06:58.122+0000] {data_modification.py:75} INFO - Updated row with Video_ID: anZbhN0Wh_4
[2026-06-01T12:06:58.124+0000] {data_modification.py:75} INFO - Updated row with Video_ID: 3Q3pQmzWyZM
[2026-06-01T12:06:58.126+0000] {data_modification.py:75} INFO - Updated row with Video_ID: BqS4iVHa-LU
[2026-06-01T12:06:58.128+0000] {data_modification.py:75} INFO - Updated row with Video_ID: zX04jQFKCpo
[2026-06-01T12:06:58.131+0000] {data_modification.py:75} INFO - Updated row with Video_ID: G7Y9ban7b0U
[2026-06-01T12:06:58.133+0000] {data_modification.py:75} INFO - Updated row with Video_ID: EMVvA5Cr0fY
[2026-06-01T12:06:58.135+0000] {data_modification.py:75} INFO - Updated row with Video_ID: e14MroQ5k_s
[2026-06-01T12:06:58.137+0000] {data_modification.py:75} INFO - Updated row with Video_ID: CuzdxsOXEZ8
[2026-06-01T12:06:58.140+0000] {data_modification.py:75} INFO - Updated row with Video_ID: 67Wj-0OyKOM
[2026-06-01T12:06:58.142+0000] {data_modification.py:75} INFO - Updated row with Video_ID: LWstCINhd8g
[2026-06-01T12:06:58.144+0000] {data_modification.py:75} INFO - Updated row with Video_ID: dg6iqLCPizs
[2026-06-01T12:06:58.146+0000] {data_modification.py:75} INFO - Updated row with Video_ID: cRPldarzw-M
[2026-06-01T12:06:58.148+0000] {data_modification.py:75} INFO - Updated row with Video_ID: -rdYtmUejSE
[2026-06-01T12:06:58.150+0000] {data_modification.py:75} INFO - Updated row with Video_ID: tusuuI7MEJU
[2026-06-01T12:06:58.152+0000] {data_modification.py:75} INFO - Updated row with Video_ID: XDe5f8BEvwY
[2026-06-01T12:06:58.154+0000] {data_modification.py:75} INFO - Updated row with Video_ID: BtCGABBPH9s
[2026-06-01T12:06:58.156+0000] {data_modification.py:75} INFO - Updated row with Video_ID: KJ_C_NSl0P8
[2026-06-01T12:06:58.158+0000] {data_modification.py:75} INFO - Updated row with Video_ID: LI8nWXeYtOs
[2026-06-01T12:06:58.160+0000] {data_modification.py:75} INFO - Updated row with Video_ID: LMe7k8I082w
[2026-06-01T12:06:58.162+0000] {data_modification.py:75} INFO - Updated row with Video_ID: h77pHTSPSiw
[2026-06-01T12:06:58.164+0000] {data_modification.py:75} INFO - Updated row with Video_ID: JUiijjJOInw
[2026-06-01T12:06:58.167+0000] {data_modification.py:75} INFO - Updated row with Video_ID: gpbY6zCEBv4
[2026-06-01T12:06:58.169+0000] {data_modification.py:75} INFO - Updated row with Video_ID: Kgu2ApayYvI
[2026-06-01T12:06:58.171+0000] {data_modification.py:75} INFO - Updated row with Video_ID: S9PIukDRcvk
[2026-06-01T12:06:58.173+0000] {data_modification.py:75} INFO - Updated row with Video_ID: lrw3zkGS9Vc
[2026-06-01T12:06:58.175+0000] {data_modification.py:75} INFO - Updated row with Video_ID: IQYW_lVBYGo
[2026-06-01T12:06:58.177+0000] {data_modification.py:75} INFO - Updated row with Video_ID: iOjxpow6jow
[2026-06-01T12:06:58.179+0000] {data_modification.py:75} INFO - Updated row with Video_ID: GdD2pqAdjXY
[2026-06-01T12:06:58.181+0000] {data_modification.py:75} INFO - Updated row with Video_ID: nmHCmLVLxcU
[2026-06-01T12:06:58.183+0000] {data_modification.py:75} INFO - Updated row with Video_ID: TZPlDuYrcDQ
[2026-06-01T12:06:58.185+0000] {data_modification.py:75} INFO - Updated row with Video_ID: Oub4nMrNTqQ
[2026-06-01T12:06:58.187+0000] {data_modification.py:75} INFO - Updated row with Video_ID: h5Z36IuyrKc
[2026-06-01T12:06:58.190+0000] {data_modification.py:75} INFO - Updated row with Video_ID: 2IGxSOfsBok
[2026-06-01T12:06:58.192+0000] {data_modification.py:75} INFO - Updated row with Video_ID: ZxkLCq49Tvk
[2026-06-01T12:06:58.194+0000] {data_modification.py:75} INFO - Updated row with Video_ID: smDPnIdlkhM
[2026-06-01T12:06:58.196+0000] {data_modification.py:75} INFO - Updated row with Video_ID: DjMYkWCEan8
[2026-06-01T12:06:58.198+0000] {data_modification.py:75} INFO - Updated row with Video_ID: 3nn_skHgkqI
[2026-06-01T12:06:58.200+0000] {data_modification.py:75} INFO - Updated row with Video_ID: A8IkOqb_7Yg
[2026-06-01T12:06:58.202+0000] {data_modification.py:75} INFO - Updated row with Video_ID: hHl_YMivv3c
[2026-06-01T12:06:58.204+0000] {data_modification.py:75} INFO - Updated row with Video_ID: 7mLSbgyjM0g
[2026-06-01T12:06:58.206+0000] {data_modification.py:75} INFO - Updated row with Video_ID: TGKkMl17Htg
[2026-06-01T12:06:58.208+0000] {data_modification.py:75} INFO - Updated row with Video_ID: Qw3eFnsSdlQ
[2026-06-01T12:06:58.211+0000] {data_modification.py:75} INFO - Updated row with Video_ID: KcNCJ1mgt14
[2026-06-01T12:06:58.213+0000] {data_modification.py:75} INFO - Updated row with Video_ID: A4lp4FRCo6o
[2026-06-01T12:06:58.215+0000] {data_modification.py:75} INFO - Updated row with Video_ID: WYKZz3Zygdc
[2026-06-01T12:06:58.218+0000] {data_modification.py:75} INFO - Updated row with Video_ID: 5U2fmvh9_Is
[2026-06-01T12:06:58.220+0000] {data_modification.py:75} INFO - Updated row with Video_ID: xvIpibLjs5k
[2026-06-01T12:06:58.222+0000] {data_modification.py:75} INFO - Updated row with Video_ID: jlpAON0ePME
[2026-06-01T12:06:58.224+0000] {data_modification.py:75} INFO - Updated row with Video_ID: sfp0a6zDoNQ
[2026-06-01T12:06:58.226+0000] {data_modification.py:75} INFO - Updated row with Video_ID: RaDRWNz3Al4
[2026-06-01T12:06:58.228+0000] {data_modification.py:75} INFO - Updated row with Video_ID: Ms9MGkEm4mg
[2026-06-01T12:06:58.231+0000] {data_modification.py:75} INFO - Updated row with Video_ID: 90wWStXJX5c
[2026-06-01T12:06:58.233+0000] {data_modification.py:75} INFO - Updated row with Video_ID: ruSVy-u2DzM
[2026-06-01T12:06:58.235+0000] {data_modification.py:75} INFO - Updated row with Video_ID: pP1KMQb51GA
[2026-06-01T12:06:58.237+0000] {data_modification.py:75} INFO - Updated row with Video_ID: dPxAFqs2eYE
[2026-06-01T12:06:58.239+0000] {data_modification.py:75} INFO - Updated row with Video_ID: p-KVD5rA_Cw
[2026-06-01T12:06:58.242+0000] {data_modification.py:75} INFO - Updated row with Video_ID: JdCgkcb1iwQ
[2026-06-01T12:06:58.244+0000] {data_modification.py:75} INFO - Updated row with Video_ID: 7anhkLPRk-A
[2026-06-01T12:06:58.246+0000] {data_modification.py:75} INFO - Updated row with Video_ID: XVMY7B3AzWM
[2026-06-01T12:06:58.248+0000] {data_modification.py:75} INFO - Updated row with Video_ID: QXag-irFHxE
[2026-06-01T12:06:58.250+0000] {data_modification.py:75} INFO - Updated row with Video_ID: vBEGODNmdas
[2026-06-01T12:06:58.252+0000] {data_modification.py:75} INFO - Updated row with Video_ID: v3tbnlc5cfo
[2026-06-01T12:06:58.254+0000] {data_modification.py:75} INFO - Updated row with Video_ID: ObYLL97-SBA
[2026-06-01T12:06:58.256+0000] {data_modification.py:75} INFO - Updated row with Video_ID: IaR7P4-wFK8
[2026-06-01T12:06:58.258+0000] {data_modification.py:75} INFO - Updated row with Video_ID: v1ELS84GQu8
[2026-06-01T12:06:58.261+0000] {data_modification.py:75} INFO - Updated row with Video_ID: ctJORnOjbrQ
[2026-06-01T12:06:58.263+0000] {data_modification.py:75} INFO - Updated row with Video_ID: -hrPQFaDVKQ
[2026-06-01T12:06:58.265+0000] {data_modification.py:75} INFO - Updated row with Video_ID: bIZ5_L1ru2w
[2026-06-01T12:06:58.267+0000] {data_modification.py:75} INFO - Updated row with Video_ID: yyssjJEJMt4
[2026-06-01T12:06:58.269+0000] {data_modification.py:75} INFO - Updated row with Video_ID: 2bwPntvb90U
[2026-06-01T12:06:58.272+0000] {data_modification.py:75} INFO - Updated row with Video_ID: Wz1VHTZq16c
[2026-06-01T12:06:58.274+0000] {data_modification.py:75} INFO - Updated row with Video_ID: Cs-kyTJso-A
[2026-06-01T12:06:58.276+0000] {data_modification.py:75} INFO - Updated row with Video_ID: jkqd-oc0F00
[2026-06-01T12:06:58.278+0000] {data_modification.py:75} INFO - Updated row with Video_ID: mVkT6Cd9SoI
[2026-06-01T12:06:58.280+0000] {data_modification.py:75} INFO - Updated row with Video_ID: rffyxTTNkyk
[2026-06-01T12:06:58.282+0000] {data_modification.py:75} INFO - Updated row with Video_ID: OOesLeO6-pc
[2026-06-01T12:06:58.285+0000] {data_modification.py:75} INFO - Updated row with Video_ID: Q5lcjP6XlHw
[2026-06-01T12:06:58.287+0000] {data_modification.py:75} INFO - Updated row with Video_ID: sE3ZZmYotSs
[2026-06-01T12:06:58.289+0000] {data_modification.py:75} INFO - Updated row with Video_ID: pUwUAtmBKxw
[2026-06-01T12:06:58.291+0000] {data_modification.py:75} INFO - Updated row with Video_ID: p5rGgPZtjDw
[2026-06-01T12:06:58.293+0000] {data_modification.py:75} INFO - Updated row with Video_ID: bWDmDsdvoBs
[2026-06-01T12:06:58.295+0000] {data_modification.py:75} INFO - Updated row with Video_ID: OJA1QK-j-Oo
[2026-06-01T12:06:58.299+0000] {data_modification.py:75} INFO - Updated row with Video_ID: KL1X8NsVGd0
[2026-06-01T12:06:58.301+0000] {data_modification.py:75} INFO - Updated row with Video_ID: q2HoSwCMcZw
[2026-06-01T12:06:58.303+0000] {data_modification.py:75} INFO - Updated row with Video_ID: RRknlgRqOds
[2026-06-01T12:06:58.305+0000] {data_modification.py:75} INFO - Updated row with Video_ID: j93M46a-W3U
[2026-06-01T12:06:58.307+0000] {data_modification.py:75} INFO - Updated row with Video_ID: uqjfMNEWNIg
[2026-06-01T12:06:58.309+0000] {data_modification.py:75} INFO - Updated row with Video_ID: X-g9aT2wFjM
[2026-06-01T12:06:58.311+0000] {data_modification.py:75} INFO - Updated row with Video_ID: pHKlrJeKmjA
[2026-06-01T12:06:58.313+0000] {data_modification.py:75} INFO - Updated row with Video_ID: C82suucz4i4
[2026-06-01T12:06:58.316+0000] {data_modification.py:75} INFO - Updated row with Video_ID: H_DYlka7QAQ
[2026-06-01T12:06:58.318+0000] {data_modification.py:75} INFO - Updated row with Video_ID: ov0KQthQ50U
[2026-06-01T12:06:58.320+0000] {data_modification.py:75} INFO - Updated row with Video_ID: MC-7ziNt_U4
[2026-06-01T12:06:58.322+0000] {data_modification.py:75} INFO - Updated row with Video_ID: PNsF1Uh5yP8
[2026-06-01T12:06:58.324+0000] {data_modification.py:75} INFO - Updated row with Video_ID: 9Y2sAtN5yRs
[2026-06-01T12:06:58.326+0000] {data_modification.py:75} INFO - Updated row with Video_ID: -z349CGAOXs
[2026-06-01T12:06:58.329+0000] {data_modification.py:75} INFO - Updated row with Video_ID: pl4xmh3RWfE
[2026-06-01T12:06:58.331+0000] {data_modification.py:75} INFO - Updated row with Video_ID: 6z5RwrvnH28
[2026-06-01T12:06:58.334+0000] {data_modification.py:75} INFO - Updated row with Video_ID: ivdQqobHDPc
[2026-06-01T12:06:58.336+0000] {data_modification.py:75} INFO - Updated row with Video_ID: uUIlb2rpIuY
[2026-06-01T12:06:58.338+0000] {data_modification.py:75} INFO - Updated row with Video_ID: Ros1PpcO5Js
[2026-06-01T12:06:58.340+0000] {data_modification.py:75} INFO - Updated row with Video_ID: KYv1nqutbK0
[2026-06-01T12:06:58.342+0000] {data_modification.py:75} INFO - Updated row with Video_ID: 7Yi-ctyTNU4
[2026-06-01T12:06:58.344+0000] {data_modification.py:75} INFO - Updated row with Video_ID: VN2-3OfUzd8
[2026-06-01T12:06:58.346+0000] {data_modification.py:75} INFO - Updated row with Video_ID: -2IFrMOM36w
[2026-06-01T12:06:58.348+0000] {data_modification.py:75} INFO - Updated row with Video_ID: 7dIFHQkrASM
[2026-06-01T12:06:58.351+0000] {data_modification.py:75} INFO - Updated row with Video_ID: QicO1Gd0kvU
[2026-06-01T12:06:58.353+0000] {data_modification.py:75} INFO - Updated row with Video_ID: yFfcsmK2TOA
[2026-06-01T12:06:58.355+0000] {data_modification.py:75} INFO - Updated row with Video_ID: Jl0-6tbNGBo
[2026-06-01T12:06:58.357+0000] {data_modification.py:75} INFO - Updated row with Video_ID: IAbX0FwX-GY
[2026-06-01T12:06:58.359+0000] {data_modification.py:75} INFO - Updated row with Video_ID: XKSJRulqDNA
[2026-06-01T12:06:58.361+0000] {data_modification.py:75} INFO - Updated row with Video_ID: jysfHFHNjYQ
[2026-06-01T12:06:58.363+0000] {data_modification.py:75} INFO - Updated row with Video_ID: Yox25V8Qsm4
[2026-06-01T12:06:58.365+0000] {data_modification.py:75} INFO - Updated row with Video_ID: clcN3OA8SNw
[2026-06-01T12:06:58.367+0000] {data_modification.py:75} INFO - Updated row with Video_ID: m3lTwO0aNyw
[2026-06-01T12:06:58.370+0000] {data_modification.py:75} INFO - Updated row with Video_ID: gchqnwXlxJw
[2026-06-01T12:06:58.372+0000] {data_modification.py:75} INFO - Updated row with Video_ID: atCPtw4dg7g
[2026-06-01T12:06:58.374+0000] {data_modification.py:75} INFO - Updated row with Video_ID: t8aM4HuVLrQ
[2026-06-01T12:06:58.376+0000] {data_modification.py:75} INFO - Updated row with Video_ID: M82VAcabSiA
[2026-06-01T12:06:58.378+0000] {data_modification.py:75} INFO - Updated row with Video_ID: 7qj3nuF9Dzw
[2026-06-01T12:06:58.380+0000] {data_modification.py:75} INFO - Updated row with Video_ID: Y74b7WlcEpk
[2026-06-01T12:06:58.382+0000] {data_modification.py:75} INFO - Updated row with Video_ID: Z8nEEdXTaX0
[2026-06-01T12:06:58.385+0000] {data_modification.py:75} INFO - Updated row with Video_ID: jP82d277Cc8
[2026-06-01T12:06:58.387+0000] {data_modification.py:75} INFO - Updated row with Video_ID: 2XVcLrB7B3Y
[2026-06-01T12:06:58.387+0000] {dwh.py:53} INFO - staging table update completed
[2026-06-01T12:06:58.388+0000] {python.py:237} INFO - Done. Returned value was: None
[2026-06-01T12:06:58.389+0000] {taskinstance.py:441} INFO - ::group::Post task execution logs
[2026-06-01T12:06:58.395+0000] {taskinstance.py:1206} INFO - Marking task as SUCCESS. dag_id=update_db, task_id=staging_table, run_id=manual__2026-06-01T12:06:55.671917+00:00, execution_date=20260601T120655, start_date=20260601T120656, end_date=20260601T120658
[2026-06-01T12:06:58.421+0000] {local_task_job_runner.py:240} INFO - Task exited with return code 0
[2026-06-01T12:06:58.434+0000] {taskinstance.py:3503} INFO - 1 downstream tasks scheduled from follow-on schedule check
[2026-06-01T12:06:58.438+0000] {local_task_job_runner.py:222} INFO - ::endgroup::
